order_id,customer_id,order_date,product_category,quantity,unit_price_usd,order_status,payment_method
STA-O6091,STA-C5180,29-11-2025,Coffee Beans (Retail),5,17.74,Delivered,Cash
STA-O11756,STA-C4456,13-03-2023,Tea,2,3.49,Delivered,Mobile App
STA-O5072,STA-C1994,14-09-2024,Sandwiches,2,7.18,Delivered,Credit Card
STA-O6150,STA-C4269,19-12-2025,Coffee Beans (Retail),4,18.44,Returned,Mobile App
STA-O11336,STA-C6366,22-09-2025,Tea,3,5.34,Cancelled,Mobile App
STA-O10414,STA-C10294,04-10-2024,Cold Coffee,3,5.06,Delivered,Starbucks Card
STA-O7561,STA-C3594,24-01-2023,Frappuccino,5,5.06,Unknown,Mobile App
STA-O10079,STA-C7493,16-08-2023,Hot Coffee,4,3.14,Pending,Cash
STA-O6481,STA-C9036,24-02-2025,Frappuccino,2,5.16,Delivered,Mobile App
STA-O9106,STA-C8982,28-12-2023,Coffee Beans (Retail),5,11.42,Delivered,Credit Card
STA-O5566,STA-C6109,16-04-2025,Bakery,2,2.14,Delivered,Credit Card
STA-O6509,STA-C6840,30-08-2023,Coffee Beans (Retail),4,16.44,Pending,Mobile App
STA-O9232,STA-C9740,23-02-2023,Coffee Beans (Retail),2,21.81,Delivered,Starbucks Card
STA-O5052,STA-C4206,20-07-2025,Sandwiches,1,5.01,Shipped,Cash
STA-O8236,STA-C6147,19-08-2024,Tea,3,4.03,Delivered,Cash
STA-O14581,STA-C8774,16-05-2024,Frappuccino,3,5.9,Shipped,Mobile App
STA-O7818,STA-C4899,30-06-2023,Cold Coffee,4,5.86,Delivered,Credit Card
STA-O7101,STA-C9262,25-11-2025,Coffee Beans (Retail),3,16.18,Delivered,Mobile App
STA-O8995,STA-C2534,14-07-2025,Coffee Beans (Retail),4,13.97,Delivered,Credit Card
STA-O14158,STA-C5273,30-10-2024,Tea,5,4.56,Returned,Credit Card
STA-O5279,STA-C8493,05-07-2024,Coffee Beans (Retail),2,18.32,Returned,Starbucks Card
STA-O9126,STA-C9050,02-12-2025,Tea,5,3.75,Returned,Credit Card
STA-O14774,STA-C2044,30-06-2023,Bakery,2,3.46,Cancelled,Credit Card
STA-O7790,STA-C1854,03-01-2023,Frappuccino,5,6.26,Cancelled,Credit Card
STA-O7035,STA-C2304,22-07-2024,Merchandise,2,36.16,Shipped,Mobile App
STA-O7236,STA-C5134,23-02-2024,Frappuccino,1,7.82,Cancelled,Cash
STA-O9108,STA-C3031,15-11-2024,Frappuccino,1,7.37,Returned,Credit Card
STA-O7878,STA-C5745,16-02-2025,Coffee Beans (Retail),3,24.6,Returned,Cash
STA-O11275,STA-C3653,05-06-2023,Hot Coffee,1,5.39,Returned,Cash
STA-O6414,STA-C8305,29-03-2024,Merchandise,5,23.13,Delivered,Mobile App
STA-O14164,STA-C10870,15-12-2023,Frappuccino,5,5.79,Delivered,Starbucks Card
STA-O14912,STA-C6373,08-02-2024,Frappuccino,1,5.24,Cancelled,Credit Card
STA-O5532,STA-C8911,04-02-2024,Tea,1,5.58,Delivered,Cash
STA-O11456,STA-C6094,10-06-2024,Cold Coffee,4,7.3,Delivered,Starbucks Card
STA-O7929,STA-C4560,02-07-2023,Hot Coffee,1,3.5,Delivered,Starbucks Card
STA-O11312,STA-C1373,26-10-2023,Coffee Beans (Retail),3,11.39,Pending,Starbucks Card
STA-O5267,STA-C5442,24-01-2023,Merchandise,2,22.16,Delivered,Starbucks Card
STA-O9269,STA-C1792,25-01-2023,Sandwiches,4,6.27,Delivered,Mobile App
STA-O11615,STA-C3357,24-08-2025,Tea,5,5.14,Shipped,Credit Card
STA-O6248,STA-C9386,06-08-2023,Bakery,1,5.97,Returned,Starbucks Card
STA-O10124,STA-C5947,22-12-2025,Hot Coffee,3,6.32,Shipped,Starbucks Card
STA-O8183,STA-C6325,10-03-2025,Frappuccino,3,6.88,Returned,Credit Card
STA-O14996,STA-C1519,04-05-2023,Merchandise,1,8.35,Shipped,Mobile App
STA-O11972,STA-C3350,24-01-2024,Sandwiches,4,8.29,Pending,Starbucks Card
STA-O11904,STA-C10802,01-11-2024,Hot Coffee,5,3.47,Unknown,Starbucks Card
STA-O13991,STA-C9554,30-06-2023,Cold Coffee,2,7.87,Unknown,Mobile App
STA-O9362,STA-C4701,05-01-2023,Coffee Beans (Retail),3,12.2,Shipped,Cash
STA-O12556,STA-C9895,25-08-2025,Cold Coffee,3,5.57,Returned,Starbucks Card
STA-O12468,STA-C2783,22-03-2025,Merchandise,5,36.36,Cancelled,Cash
STA-O6398,STA-C2399,03-03-2025,Coffee Beans (Retail),4,24.95,Cancelled,Cash
STA-O8850,STA-C8547,17-08-2024,Cold Coffee,4,5.8,Shipped,Starbucks Card
STA-O12266,STA-C3004,15-04-2024,Cold Coffee,2,7.87,Pending,Starbucks Card
STA-O9169,STA-C9920,16-05-2023,Cold Coffee,1,6.27,Pending,Credit Card
STA-O9744,STA-C1033,05-07-2025,Coffee Beans (Retail),1,22.3,Delivered,Cash
STA-O8960,STA-C6492,30-08-2025,Sandwiches,5,7.33,Cancelled,Cash
STA-O14150,STA-C2809,01-09-2023,Tea,2,4.16,Delivered,Mobile App
STA-O7796,STA-C10223,01-08-2024,Sandwiches,4,5.39,Returned,Starbucks Card
STA-O12665,STA-C6986,27-02-2023,Bakery,2,5.99,Shipped,Cash
STA-O5316,STA-C6854,28-10-2025,Coffee Beans (Retail),4,10.49,Delivered,Cash
STA-O13790,STA-C9999,12-04-2025,Tea,4,4.31,Shipped,Mobile App
STA-O12275,STA-C8742,17-10-2024,Coffee Beans (Retail),1,24.98,Returned,Mobile App
STA-O12006,STA-C7518,07-05-2023,Coffee Beans (Retail),4,14.83,Shipped,Cash
STA-O6906,STA-C9709,06-08-2025,Coffee Beans (Retail),2,11.9,Returned,Credit Card
STA-O8329,STA-C4735,14-10-2023,Cold Coffee,1,7.94,Delivered,Cash
STA-O14638,STA-C9596,31-10-2023,Bakery,3,5.19,Cancelled,Cash
STA-O9499,STA-C1091,30-01-2024,Bakery,2,2.61,Pending,Mobile App
STA-O7347,STA-C6568,11-04-2023,Tea,5,5.87,Shipped,Starbucks Card
STA-O10816,STA-C8623,28-09-2025,Tea,2,4.08,Cancelled,Credit Card
STA-O14415,STA-C1131,26-06-2023,Hot Coffee,4,3.14,Returned,Cash
STA-O9091,STA-C9461,21-02-2025,Frappuccino,4,7.19,Delivered,Cash
STA-O5152,STA-C2655,18-12-2024,Sandwiches,1,8.97,Delivered,Mobile App
STA-O8002,STA-C1840,01-05-2024,Merchandise,3,36.83,Delivered,Mobile App
STA-O9395,STA-C3782,18-04-2023,Coffee Beans (Retail),4,18.22,Shipped,Credit Card
STA-O7393,STA-C2106,02-10-2023,Hot Coffee,2,5.94,Shipped,Starbucks Card
STA-O10942,STA-C1660,01-02-2025,Bakery,2,2.49,Delivered,Cash
STA-O10337,STA-C5503,13-08-2025,Merchandise,3,18.65,Pending,Mobile App
STA-O11287,STA-C10681,16-11-2023,Coffee Beans (Retail),4,16.09,Shipped,Cash
STA-O5544,STA-C9169,08-05-2024,Tea,3,3.36,Delivered,Credit Card
STA-O11434,STA-C6315,16-01-2023,Frappuccino,4,7.41,Cancelled,Cash
STA-O13114,STA-C6172,01-05-2025,Frappuccino,1,7.47,Cancelled,Mobile App
STA-O9925,STA-C2440,04-01-2023,Sandwiches,2,5.37,Returned,Mobile App
STA-O13457,STA-C2816,11-02-2025,Coffee Beans (Retail),3,22.47,Pending,Cash
STA-O7722,STA-C3989,14-09-2024,Sandwiches,2,6.89,Pending,Credit Card
STA-O6474,STA-C1474,11-10-2024,Frappuccino,3,7.1,Delivered,Mobile App
STA-O7529,STA-C9325,02-06-2023,Merchandise,2,23.36,Unknown,Cash
STA-O10795,STA-C5062,10-05-2025,Coffee Beans (Retail),4,18.42,Delivered,Credit Card
STA-O11962,STA-C9744,29-04-2025,Cold Coffee,3,5.95,Delivered,Mobile App
STA-O11273,STA-C5964,08-02-2024,Hot Coffee,1,4.97,Delivered,Cash
STA-O11744,STA-C3246,11-01-2024,Hot Coffee,4,5.56,Shipped,Starbucks Card
STA-O13049,STA-C1848,17-06-2024,Sandwiches,2,6.21,Pending,Starbucks Card
STA-O13577,STA-C9606,18-06-2024,Bakery,2,3.63,Returned,Credit Card
STA-O14655,STA-C2095,04-06-2025,Coffee Beans (Retail),4,11.1,Shipped,Mobile App
STA-O8685,STA-C8032,13-11-2024,Tea,4,4.46,Shipped,Starbucks Card
STA-O6489,STA-C2038,15-05-2024,Bakery,5,4.09,Returned,Mobile App
STA-O8059,STA-C8798,25-11-2023,Tea,3,5.89,Returned,Mobile App
STA-O5648,STA-C1784,18-05-2024,Coffee Beans (Retail),2,19.74,Shipped,Credit Card
STA-O11881,STA-C2014,06-12-2024,Frappuccino,5,6.52,Shipped,Starbucks Card
STA-O7479,STA-C7112,02-03-2025,Tea,1,4.9,Cancelled,Mobile App
STA-O7949,STA-C1191,03-04-2024,Merchandise,2,31.98,Shipped,Starbucks Card
STA-O5400,STA-C8390,09-12-2023,Sandwiches,3,8.4,Unknown,Cash
STA-O13310,STA-C2827,01-07-2025,Sandwiches,4,7.27,Delivered,Credit Card
STA-O7780,STA-C9407,18-02-2023,Bakery,4,5.09,Shipped,Starbucks Card
STA-O10484,STA-C7711,28-11-2025,Tea,2,4.8,Returned,Cash
STA-O13944,STA-C3365,14-06-2025,Tea,4,4.96,Returned,Mobile App
STA-O8815,STA-C10552,21-07-2025,Cold Coffee,4,6.6,Returned,Mobile App
STA-O7072,STA-C1504,27-06-2023,Hot Coffee,1,3.86,Delivered,Starbucks Card
STA-O8382,STA-C3044,29-03-2024,Tea,5,3.07,Pending,Credit Card
STA-O5969,STA-C8245,21-12-2023,Cold Coffee,5,4.18,Returned,Mobile App
STA-O13354,STA-C5168,20-05-2023,Coffee Beans (Retail),1,21.34,Shipped,Cash
STA-O5216,STA-C7266,22-03-2024,Sandwiches,5,5.11,Delivered,Mobile App
STA-O12930,STA-C6466,08-09-2024,Bakery,2,3.45,Delivered,Starbucks Card
STA-O8928,STA-C3401,03-11-2023,Tea,1,4.54,Cancelled,Cash
STA-O11227,STA-C8343,07-09-2023,Merchandise,5,31.02,Returned,Credit Card
STA-O12169,STA-C8518,21-09-2023,Merchandise,1,29.04,Delivered,Mobile App
STA-O9361,STA-C5344,26-07-2025,Bakery,5,4.86,Delivered,Cash
STA-O9135,STA-C5725,23-03-2025,Tea,3,3.16,Shipped,Cash
STA-O7506,STA-C10508,22-09-2023,Bakery,2,3.09,Shipped,Mobile App
STA-O12732,STA-C5446,24-07-2025,Tea,1,5.09,Shipped,Starbucks Card
STA-O10249,STA-C5724,14-01-2024,Hot Coffee,2,6.48,Returned,Cash
STA-O9790,STA-C4187,11-12-2024,Bakery,2,2.65,Shipped,Credit Card
STA-O13705,STA-C3769,21-10-2025,Hot Coffee,4,3.76,Delivered,Credit Card
STA-O14802,STA-C2706,06-08-2023,Cold Coffee,4,5.44,Delivered,Credit Card
STA-O8489,STA-C6815,15-12-2023,Tea,2,3.22,Returned,Credit Card
STA-O13189,STA-C1259,26-04-2025,Hot Coffee,3,6.99,Returned,Mobile App
STA-O11341,STA-C8248,22-12-2023,Coffee Beans (Retail),1,17.38,Pending,Cash
STA-O8558,STA-C9119,21-06-2024,Bakery,5,4.82,Delivered,Cash
STA-O6663,STA-C8324,25-07-2024,Bakery,4,4.99,Delivered,Credit Card
STA-O13670,STA-C10769,18-07-2025,Bakery,4,4.45,Delivered,Mobile App
STA-O13374,STA-C6404,12-05-2025,Bakery,3,5.38,Cancelled,Credit Card
STA-O5031,STA-C1819,31-08-2024,Bakery,4,4.65,Delivered,Cash
STA-O11193,STA-C10017,06-10-2025,Merchandise,5,25.17,Pending,Credit Card
STA-O6867,STA-C7336,11-06-2025,Frappuccino,2,8.93,Cancelled,Starbucks Card
STA-O14775,STA-C5213,03-08-2024,Coffee Beans (Retail),4,12.76,Returned,Mobile App
STA-O5894,STA-C9352,12-02-2023,Hot Coffee,3,4.07,Cancelled,Credit Card
STA-O14344,STA-C7350,25-01-2025,Cold Coffee,1,7.8,Pending,Cash
STA-O8490,STA-C2204,26-10-2025,Coffee Beans (Retail),4,13.65,Pending,Starbucks Card
STA-O6949,STA-C1245,31-12-2023,Tea,2,4.35,Cancelled,Cash
STA-O5975,STA-C6483,11-09-2023,Tea,4,3.56,Delivered,Starbucks Card
STA-O5399,STA-C10380,16-06-2024,Tea,5,5.98,Delivered,Mobile App
STA-O10764,STA-C8725,12-12-2024,Bakery,4,5.89,Pending,Cash
STA-O7011,STA-C1945,04-09-2025,Tea,5,5.19,Returned,Cash
STA-O13489,STA-C2898,12-02-2024,Coffee Beans (Retail),4,16.47,Delivered,Starbucks Card
STA-O14252,STA-C10889,14-06-2023,Frappuccino,5,8.32,Cancelled,Mobile App
STA-O6225,STA-C6387,19-04-2024,Hot Coffee,2,5.11,Shipped,Starbucks Card
STA-O8782,STA-C2229,01-03-2024,Merchandise,4,37.71,Delivered,Credit Card
STA-O5741,STA-C9260,23-01-2023,Coffee Beans (Retail),3,10.86,Cancelled,Mobile App
STA-O10014,STA-C4557,13-12-2024,Cold Coffee,3,5.77,Cancelled,Cash
STA-O6682,STA-C5334,04-09-2024,Frappuccino,1,6.08,Delivered,Mobile App
STA-O6467,STA-C10074,04-05-2024,Frappuccino,1,6.23,Returned,Cash
STA-O13961,STA-C5499,17-01-2024,Hot Coffee,5,3.38,Pending,Cash
STA-O14095,STA-C1487,17-03-2025,Frappuccino,5,7.26,Returned,Cash
STA-O6335,STA-C8236,22-12-2025,Frappuccino,1,5.61,Delivered,Starbucks Card
STA-O14464,STA-C2556,05-09-2024,Sandwiches,5,8.64,Delivered,Credit Card
STA-O6195,STA-C7429,30-11-2024,Frappuccino,1,7.03,Delivered,Starbucks Card
STA-O10192,STA-C2886,20-08-2023,Merchandise,4,35.23,Delivered,Mobile App
STA-O14395,STA-C9810,30-03-2023,Bakery,1,3.07,Delivered,Cash
STA-O7861,STA-C4044,26-05-2024,Bakery,1,2.3,Pending,Cash
STA-O11871,STA-C6423,25-04-2025,Sandwiches,5,5.53,Delivered,Mobile App
STA-O13430,STA-C4738,22-04-2025,Sandwiches,2,6.18,Shipped,Mobile App
STA-O10062,STA-C1010,14-08-2023,Tea,2,3.72,Returned,Cash
STA-O14116,STA-C10964,02-07-2025,Tea,1,5.97,Returned,Cash
STA-O11737,STA-C8396,21-06-2023,Hot Coffee,2,6.42,Delivered,Starbucks Card
STA-O7295,STA-C3296,12-10-2025,Sandwiches,4,6.69,Pending,Starbucks Card
STA-O6745,STA-C7749,31-01-2025,Coffee Beans (Retail),4,13.61,Shipped,Credit Card
STA-O12754,STA-C1277,19-06-2023,Cold Coffee,3,6.58,Cancelled,Cash
STA-O10801,STA-C10229,30-01-2024,Frappuccino,1,7.42,Delivered,Cash
STA-O14501,STA-C10224,04-07-2024,Bakery,5,2.99,Delivered,Starbucks Card
STA-O8844,STA-C2983,25-11-2025,Frappuccino,5,8.33,Delivered,Starbucks Card
STA-O8778,STA-C6814,02-03-2023,Coffee Beans (Retail),4,22.77,Delivered,Cash
STA-O14795,STA-C2906,20-11-2024,Coffee Beans (Retail),2,13.91,Unknown,Mobile App
STA-O5344,STA-C1247,11-04-2024,Tea,2,5.58,Delivered,Cash
STA-O8374,STA-C7279,29-01-2024,Sandwiches,1,6.84,Returned,Credit Card
STA-O8679,STA-C5908,16-04-2025,Frappuccino,4,6.11,Returned,Mobile App
STA-O13205,STA-C4606,13-05-2025,Frappuccino,4,7.17,Delivered,Cash
STA-O11005,STA-C7974,24-09-2024,Tea,2,5.14,Delivered,Mobile App
STA-O12251,STA-C1705,02-06-2023,Tea,4,5.93,Returned,Credit Card
STA-O8964,STA-C6609,05-11-2025,Cold Coffee,3,4.62,Delivered,Starbucks Card
STA-O14167,STA-C1033,02-12-2025,Sandwiches,1,8.73,Delivered,Starbucks Card
STA-O8229,STA-C3461,10-08-2023,Cold Coffee,5,4.18,Pending,Credit Card
STA-O11693,STA-C2441,15-09-2023,Sandwiches,3,7.76,Cancelled,Cash
STA-O11778,STA-C10040,03-01-2025,Merchandise,1,12.23,Delivered,Cash
STA-O13637,STA-C10350,19-07-2023,Coffee Beans (Retail),5,11.48,Shipped,Cash
STA-O5155,STA-C4729,11-10-2024,Frappuccino,5,6.61,Delivered,Cash
STA-O6300,STA-C3386,29-08-2024,Merchandise,5,19.26,Cancelled,Mobile App
STA-O5586,STA-C4930,02-02-2025,Bakery,3,5.43,Delivered,Cash
STA-O6672,STA-C6501,13-11-2025,Sandwiches,3,6.79,Delivered,Cash
STA-O11825,STA-C10372,03-01-2025,Bakery,2,4.19,Delivered,Cash
STA-O13421,STA-C3641,27-10-2024,Bakery,3,4.71,Delivered,Cash
STA-O10468,STA-C9190,31-05-2024,Sandwiches,2,6.26,Delivered,Credit Card
STA-O13564,STA-C7184,24-12-2023,Bakery,5,5.36,Shipped,Starbucks Card
STA-O8318,STA-C1681,13-08-2024,Hot Coffee,4,6.72,Delivered,Starbucks Card
STA-O10675,STA-C9058,06-10-2023,Bakery,2,5.67,Delivered,Cash
STA-O11489,STA-C3119,24-04-2023,Coffee Beans (Retail),3,10.01,Delivered,Credit Card
STA-O8428,STA-C1702,04-06-2024,Frappuccino,2,5.64,Delivered,Starbucks Card
STA-O7400,STA-C10326,08-12-2024,Frappuccino,4,7.98,Delivered,Starbucks Card
STA-O14710,STA-C5891,31-08-2023,Frappuccino,5,7.02,Cancelled,Starbucks Card
STA-O12425,STA-C6128,04-12-2025,Cold Coffee,1,5.1,Delivered,Credit Card
STA-O5611,STA-C5033,17-01-2024,Bakery,2,2.09,Pending,Cash
STA-O9494,STA-C10755,04-12-2023,Tea,2,5.03,Pending,Starbucks Card
STA-O12257,STA-C2169,29-06-2025,Merchandise,3,15.85,Delivered,Cash
STA-O9156,STA-C4563,03-01-2025,Merchandise,2,22.33,Returned,Starbucks Card
STA-O13241,STA-C3628,24-08-2025,Cold Coffee,4,6.86,Delivered,Mobile App
STA-O8873,STA-C2285,15-12-2025,Tea,2,5.72,Delivered,Cash
STA-O10707,STA-C4408,12-05-2025,Merchandise,1,9.66,Pending,Mobile App
STA-O10219,STA-C8872,03-07-2023,Sandwiches,4,8.91,Delivered,Credit Card
STA-O6659,STA-C5223,13-07-2024,Sandwiches,2,8.59,Returned,Cash
STA-O9194,STA-C3787,08-08-2024,Merchandise,1,15.24,Pending,Cash
STA-O7985,STA-C7944,18-10-2024,Coffee Beans (Retail),1,22.18,Pending,Starbucks Card
STA-O6812,STA-C8574,03-04-2025,Tea,4,4.26,Returned,Cash
STA-O9989,STA-C7446,22-05-2023,Cold Coffee,2,7.04,Delivered,Credit Card
STA-O7078,STA-C1431,23-09-2023,Frappuccino,4,6.63,Delivered,Cash
STA-O13195,STA-C8919,25-04-2024,Bakery,4,3.22,Pending,Starbucks Card
STA-O10566,STA-C9443,09-08-2024,Sandwiches,5,6.18,Delivered,Cash
STA-O10772,STA-C4613,23-11-2023,Bakery,2,2.54,Returned,Cash
STA-O7719,STA-C9959,07-01-2025,Frappuccino,2,5.11,Returned,Cash
STA-O9585,STA-C2184,27-11-2024,Frappuccino,5,8.99,Returned,Credit Card
STA-O10320,STA-C6268,26-01-2024,Frappuccino,5,5.73,Returned,Cash
STA-O14938,STA-C9534,22-06-2025,Cold Coffee,5,4.84,Delivered,Mobile App
STA-O6380,STA-C1944,15-12-2024,Cold Coffee,4,5.66,Delivered,Mobile App
STA-O6645,STA-C6680,22-01-2023,Hot Coffee,2,4.39,Delivered,Mobile App
STA-O13482,STA-C7968,31-05-2023,Tea,4,5.21,Unknown,Starbucks Card
STA-O7139,STA-C4640,26-12-2024,Merchandise,1,21.16,Delivered,Credit Card
STA-O11375,STA-C8275,26-11-2025,Tea,2,4.78,Delivered,Cash
STA-O10205,STA-C2859,27-03-2025,Sandwiches,1,5.62,Delivered,Starbucks Card
STA-O10355,STA-C10289,13-07-2023,Hot Coffee,1,3.27,Unknown,Credit Card
STA-O6499,STA-C2742,19-09-2024,Frappuccino,1,8.96,Shipped,Cash
STA-O6692,STA-C2118,19-08-2025,Sandwiches,3,8.15,Cancelled,Credit Card
STA-O13259,STA-C6499,02-08-2025,Hot Coffee,3,6.41,Pending,Starbucks Card
STA-O7737,STA-C6197,23-04-2023,Sandwiches,1,8.48,Returned,Mobile App
STA-O12335,STA-C1095,20-03-2024,Frappuccino,3,5.07,Delivered,Cash
STA-O6277,STA-C7392,25-03-2023,Bakery,1,3.7,Unknown,Starbucks Card
STA-O10940,STA-C5610,26-09-2024,Coffee Beans (Retail),3,10.55,Delivered,Starbucks Card
STA-O8728,STA-C8249,23-09-2024,Hot Coffee,4,6.61,Cancelled,Mobile App
STA-O14788,STA-C4498,11-10-2024,Bakery,1,2.14,Delivered,Cash
STA-O6548,STA-C10067,02-03-2025,Coffee Beans (Retail),4,10.26,Delivered,Mobile App
STA-O13456,STA-C7908,15-10-2024,Frappuccino,1,6.65,Shipped,Cash
STA-O9278,STA-C10388,20-02-2024,Frappuccino,3,7.78,Delivered,Cash
STA-O12544,STA-C2632,01-04-2025,Hot Coffee,1,6.94,Delivered,Starbucks Card
STA-O5440,STA-C2193,02-07-2024,Tea,3,4.35,Delivered,Mobile App
STA-O6494,STA-C6793,20-03-2025,Bakery,1,5.9,Delivered,Starbucks Card
STA-O13649,STA-C1746,13-01-2023,Coffee Beans (Retail),3,19.57,Returned,Credit Card
STA-O12162,STA-C1960,07-01-2025,Hot Coffee,2,3.14,Delivered,Cash
STA-O14683,STA-C10660,13-08-2024,Merchandise,1,11.35,Delivered,Starbucks Card
STA-O10201,STA-C5510,29-11-2023,Sandwiches,5,6.81,Shipped,Starbucks Card
STA-O7710,STA-C9272,27-01-2024,Tea,5,4.8,Delivered,Mobile App
STA-O8025,STA-C1902,09-04-2024,Coffee Beans (Retail),3,20.34,Shipped,Credit Card
STA-O14064,STA-C8242,18-01-2023,Cold Coffee,2,6.07,Pending,Cash
STA-O10183,STA-C2761,01-11-2023,Coffee Beans (Retail),4,14.84,Delivered,Cash
STA-O5769,STA-C6918,05-02-2023,Sandwiches,5,5.91,Delivered,Starbucks Card
STA-O7352,STA-C3071,11-11-2024,Cold Coffee,1,7.13,Delivered,Cash
STA-O7002,STA-C7198,29-11-2025,Bakery,1,4.7,Delivered,Cash
STA-O10210,STA-C6459,03-06-2023,Bakery,2,5.21,Delivered,Starbucks Card
STA-O10449,STA-C3133,25-09-2023,Frappuccino,4,7.86,Delivered,Cash
STA-O11595,STA-C10639,30-07-2025,Hot Coffee,4,3.45,Pending,Cash
STA-O14453,STA-C9982,16-04-2023,Frappuccino,5,6.26,Delivered,Mobile App
STA-O11142,STA-C7661,22-03-2023,Coffee Beans (Retail),5,13.45,Pending,Mobile App
STA-O13298,STA-C1658,15-10-2023,Merchandise,2,28.89,Pending,Mobile App
STA-O14486,STA-C4837,15-11-2023,Hot Coffee,1,4.41,Cancelled,Starbucks Card
STA-O7791,STA-C2221,07-06-2025,Sandwiches,3,6.06,Delivered,Mobile App
STA-O13838,STA-C7464,06-10-2023,Coffee Beans (Retail),4,13.68,Delivered,Cash
STA-O13079,STA-C6327,02-04-2023,Frappuccino,4,8.29,Delivered,Starbucks Card
STA-O14442,STA-C8263,13-11-2023,Cold Coffee,3,5.02,Shipped,Cash
STA-O6461,STA-C1931,12-11-2025,Coffee Beans (Retail),3,15.5,Delivered,Credit Card
STA-O5048,STA-C10478,17-02-2025,Merchandise,1,19.45,Pending,Mobile App
STA-O7572,STA-C3781,08-02-2025,Tea,1,4.38,Cancelled,Starbucks Card
STA-O7330,STA-C5846,31-07-2024,Cold Coffee,3,6.88,Cancelled,Cash
STA-O6460,STA-C3426,07-02-2023,Hot Coffee,1,3.08,Delivered,Starbucks Card
STA-O8803,STA-C2979,16-01-2023,Bakery,4,4.19,Cancelled,Mobile App
STA-O12585,STA-C5383,19-11-2024,Tea,1,4.18,Delivered,Starbucks Card
STA-O5186,STA-C10121,11-10-2025,Tea,5,5.03,Delivered,Starbucks Card
STA-O10860,STA-C2026,12-11-2025,Sandwiches,4,8.99,Delivered,Cash
STA-O14612,STA-C6781,22-06-2024,Sandwiches,2,7.02,Returned,Cash
STA-O7876,STA-C4025,06-05-2024,Cold Coffee,2,6.52,Delivered,Credit Card
STA-O7257,STA-C8968,08-04-2025,Hot Coffee,2,4.39,Cancelled,Cash
STA-O14781,STA-C6095,05-02-2023,Cold Coffee,3,4.75,Delivered,Starbucks Card
STA-O11784,STA-C8879,29-11-2025,Sandwiches,4,7.21,Shipped,Credit Card
STA-O8496,STA-C10130,13-12-2023,Coffee Beans (Retail),3,15.26,Pending,Starbucks Card
STA-O13251,STA-C3320,25-06-2024,Hot Coffee,4,3.75,Delivered,Starbucks Card
STA-O8882,STA-C8716,26-11-2025,Hot Coffee,5,5.9,Cancelled,Cash
STA-O11153,STA-C4580,15-05-2024,Hot Coffee,3,5.39,Delivered,Credit Card
STA-O12164,STA-C3559,12-03-2025,Hot Coffee,2,3.42,Delivered,Starbucks Card
STA-O14132,STA-C10784,24-07-2024,Bakery,1,3.81,Delivered,Mobile App
STA-O10482,STA-C2910,01-12-2023,Cold Coffee,4,7.19,Delivered,Cash
STA-O11704,STA-C10257,18-12-2025,Merchandise,5,29.24,Delivered,Credit Card
STA-O13108,STA-C6709,20-06-2025,Merchandise,2,10.2,Pending,Cash
STA-O11397,STA-C5710,13-01-2025,Hot Coffee,2,4.52,Shipped,Mobile App
STA-O14707,STA-C5054,21-09-2024,Sandwiches,4,7,Delivered,Cash
STA-O12797,STA-C4201,14-12-2023,Coffee Beans (Retail),3,21.05,Pending,Credit Card
STA-O8561,STA-C8685,07-01-2025,Cold Coffee,5,6.16,Unknown,Mobile App
STA-O8427,STA-C9687,09-08-2023,Sandwiches,4,8.03,Shipped,Credit Card
STA-O11956,STA-C4321,04-05-2025,Tea,4,3.97,Shipped,Mobile App
STA-O6384,STA-C4810,03-08-2023,Merchandise,5,27.87,Delivered,Mobile App
STA-O6832,STA-C3571,16-10-2025,Bakery,4,3.46,Shipped,Starbucks Card
STA-O5524,STA-C5872,18-02-2025,Bakery,2,4.11,Returned,Starbucks Card
STA-O10012,STA-C7282,29-03-2025,Cold Coffee,5,4.24,Delivered,Cash
STA-O13647,STA-C2282,17-01-2024,Merchandise,1,9.01,Pending,Credit Card
STA-O11954,STA-C4735,11-09-2024,Tea,1,5.65,Pending,Credit Card
STA-O10037,STA-C9999,24-07-2024,Coffee Beans (Retail),4,20.35,Cancelled,Mobile App
STA-O11923,STA-C8618,04-12-2023,Tea,1,3.12,Delivered,Starbucks Card
STA-O8500,STA-C10343,20-10-2025,Cold Coffee,4,4.77,Cancelled,Cash
STA-O13345,STA-C6268,24-03-2024,Sandwiches,3,5.45,Delivered,Credit Card
STA-O11821,STA-C6496,24-01-2023,Tea,1,3.23,Delivered,Mobile App
STA-O5734,STA-C3833,02-01-2024,Frappuccino,5,8.8,Cancelled,Mobile App
STA-O5037,STA-C6459,17-09-2024,Tea,1,5.47,Shipped,Credit Card
STA-O9095,STA-C9984,01-10-2023,Frappuccino,5,7.94,Delivered,Credit Card
STA-O11401,STA-C7640,20-01-2023,Cold Coffee,3,7.1,Cancelled,Mobile App
STA-O12514,STA-C6155,05-07-2025,Sandwiches,4,6.08,Cancelled,Starbucks Card
STA-O8876,STA-C8001,23-08-2025,Sandwiches,3,6.6,Returned,Credit Card
STA-O12110,STA-C7033,04-03-2023,Sandwiches,5,5.81,Delivered,Cash
STA-O13510,STA-C5542,15-03-2023,Sandwiches,1,6.02,Delivered,Cash
STA-O10925,STA-C5540,27-10-2023,Hot Coffee,2,6.53,Delivered,Mobile App
STA-O8999,STA-C7677,10-07-2023,Tea,5,4.68,Cancelled,Cash
STA-O9975,STA-C1051,26-03-2025,Frappuccino,1,5.34,Delivered,Credit Card
STA-O9879,STA-C1376,24-07-2025,Hot Coffee,5,4.85,Shipped,Mobile App
STA-O12144,STA-C1541,17-10-2024,Frappuccino,3,6.27,Delivered,Credit Card
STA-O8000,STA-C3712,12-07-2024,Sandwiches,5,6.48,Delivered,Cash
STA-O5239,STA-C1492,10-05-2024,Tea,3,5.32,Cancelled,Credit Card
STA-O5723,STA-C3812,07-02-2024,Frappuccino,1,5.8,Shipped,Mobile App
STA-O10621,STA-C3319,31-10-2024,Merchandise,3,12.78,Returned,Starbucks Card
STA-O7255,STA-C4694,19-09-2024,Coffee Beans (Retail),5,14.01,Shipped,Starbucks Card
STA-O6924,STA-C6680,31-10-2024,Frappuccino,5,5.44,Delivered,Mobile App
STA-O11722,STA-C9176,24-07-2024,Frappuccino,4,8.04,Delivered,Cash
STA-O14827,STA-C2910,15-10-2025,Hot Coffee,2,4.5,Returned,Mobile App
STA-O8018,STA-C9978,01-07-2025,Bakery,3,4.03,Delivered,Mobile App
STA-O10741,STA-C1111,08-01-2023,Frappuccino,4,8.27,Delivered,Cash
STA-O13946,STA-C4687,15-08-2024,Cold Coffee,3,6.01,Delivered,Cash
STA-O11087,STA-C9999,14-01-2023,Merchandise,1,33.85,Delivered,Mobile App
STA-O8396,STA-C8037,29-10-2025,Sandwiches,5,6.07,Pending,Mobile App
STA-O9954,STA-C8028,22-09-2025,Frappuccino,2,6.73,Pending,Mobile App
STA-O12379,STA-C10333,18-05-2025,Tea,2,3.45,Cancelled,Starbucks Card
STA-O10382,STA-C1714,30-04-2023,Cold Coffee,3,6.05,Pending,Mobile App
STA-O6675,STA-C9015,26-02-2024,Tea,4,4.22,Cancelled,Starbucks Card
STA-O7441,STA-C6060,30-07-2025,Frappuccino,4,8.64,Delivered,Credit Card
STA-O5441,STA-C5793,09-10-2024,Sandwiches,5,5.39,Cancelled,Cash
STA-O13451,STA-C8803,16-02-2023,Tea,4,3.65,Returned,Cash
STA-O8414,STA-C5002,02-01-2024,Tea,2,5.01,Pending,Credit Card
STA-O12020,STA-C4752,11-02-2024,Cold Coffee,2,7.1,Pending,Cash
STA-O7729,STA-C4469,15-09-2024,Bakery,3,3.13,Delivered,Cash
STA-O12923,STA-C4076,25-03-2023,Bakery,2,4.16,Cancelled,Starbucks Card
STA-O8852,STA-C3165,01-10-2023,Bakery,4,4.89,Returned,Mobile App
STA-O10598,STA-C8689,26-11-2024,Coffee Beans (Retail),1,11.62,Delivered,Credit Card
STA-O11745,STA-C3758,05-07-2023,Cold Coffee,1,5.11,Delivered,Starbucks Card
STA-O7783,STA-C7056,08-12-2025,Bakery,1,5.68,Delivered,Starbucks Card
STA-O7345,STA-C3700,27-05-2023,Sandwiches,3,8.32,Delivered,Cash
STA-O6033,STA-C8985,09-08-2025,Coffee Beans (Retail),4,17.1,Returned,Cash
STA-O10577,STA-C10435,03-05-2025,Sandwiches,2,7.49,Delivered,Credit Card
STA-O6256,STA-C2106,09-12-2024,Sandwiches,2,8.42,Shipped,Credit Card
STA-O12554,STA-C4784,29-03-2023,Sandwiches,2,7.63,Delivered,Mobile App
STA-O7760,STA-C1167,14-06-2024,Frappuccino,2,6.21,Pending,Credit Card
STA-O7160,STA-C10850,23-02-2023,Coffee Beans (Retail),5,13.74,Shipped,Credit Card
STA-O7594,STA-C1861,30-08-2024,Cold Coffee,2,5.54,Delivered,Credit Card
STA-O5306,STA-C4696,28-03-2023,Cold Coffee,2,5.79,Returned,Mobile App
STA-O9455,STA-C10654,16-03-2023,Frappuccino,2,5.07,Returned,Credit Card
STA-O12215,STA-C6034,02-02-2023,Hot Coffee,3,3.14,Delivered,Cash
STA-O6894,STA-C6807,23-03-2025,Coffee Beans (Retail),5,13.29,Pending,Credit Card
STA-O7557,STA-C4180,03-04-2025,Coffee Beans (Retail),2,14.69,Pending,Credit Card
STA-O8178,STA-C7001,06-03-2024,Frappuccino,2,8.72,Returned,Starbucks Card
STA-O7712,STA-C8819,14-04-2024,Cold Coffee,5,6.94,Pending,Credit Card
STA-O12489,STA-C10247,03-07-2025,Hot Coffee,4,4.65,Delivered,Cash
STA-O7913,STA-C5118,30-07-2024,Bakery,4,2.51,Delivered,Mobile App
STA-O8052,STA-C1715,28-04-2025,Merchandise,5,16.51,Delivered,Starbucks Card
STA-O13958,STA-C9059,15-02-2023,Merchandise,2,26.95,Pending,Credit Card
STA-O14792,STA-C4491,11-10-2024,Cold Coffee,5,7.27,Shipped,Mobile App
STA-O5867,STA-C7190,15-06-2023,Bakery,2,3.92,Delivered,Starbucks Card
STA-O11993,STA-C6007,22-04-2023,Sandwiches,3,8.55,Pending,Starbucks Card
STA-O14184,STA-C5608,28-07-2023,Cold Coffee,4,7.23,Pending,Cash
STA-O8539,STA-C5716,21-01-2025,Bakery,5,2.95,Delivered,Cash
STA-O11409,STA-C4524,24-03-2024,Frappuccino,1,7.17,Delivered,Mobile App
STA-O11846,STA-C6094,30-07-2025,Tea,1,5.04,Delivered,Cash
STA-O6259,STA-C1173,14-11-2023,Hot Coffee,4,4.39,Delivered,Starbucks Card
STA-O11963,STA-C7143,26-08-2025,Hot Coffee,2,6.09,Delivered,Mobile App
STA-O12820,STA-C3233,25-06-2023,Bakery,3,3.27,Delivered,Cash
STA-O10514,STA-C2481,09-11-2023,Merchandise,4,21.47,Delivered,Cash
STA-O5064,STA-C3801,24-04-2024,Merchandise,4,38.92,Delivered,Cash
STA-O5883,STA-C8551,23-09-2023,Coffee Beans (Retail),5,14.22,Shipped,Mobile App
STA-O13416,STA-C1153,05-12-2024,Tea,3,3.42,Returned,Starbucks Card
STA-O11470,STA-C7251,29-06-2023,Hot Coffee,4,5,Returned,Mobile App
STA-O13722,STA-C1625,23-05-2024,Coffee Beans (Retail),3,15.39,Shipped,Starbucks Card
STA-O13972,STA-C9119,11-01-2023,Sandwiches,1,6.53,Delivered,Starbucks Card
STA-O8532,STA-C5634,25-12-2025,Sandwiches,1,7.05,Delivered,Cash
STA-O11457,STA-C10477,09-11-2024,Frappuccino,2,8.36,Shipped,Credit Card
STA-O7435,STA-C7960,16-04-2024,Bakery,1,3.22,Pending,Mobile App
STA-O10880,STA-C6643,02-10-2024,Hot Coffee,1,4.6,Delivered,Cash
STA-O5060,STA-C10553,28-08-2023,Merchandise,4,10.44,Pending,Credit Card
STA-O14746,STA-C1069,18-08-2024,Bakery,1,4.36,Cancelled,Cash
STA-O9031,STA-C1598,10-10-2023,Hot Coffee,2,6.36,Cancelled,Cash
STA-O12535,STA-C5042,02-12-2024,Sandwiches,4,7.87,Returned,Mobile App
STA-O12587,STA-C5137,10-06-2025,Coffee Beans (Retail),2,17.39,Delivered,Cash
STA-O11018,STA-C10306,21-08-2024,Bakery,5,4.26,Delivered,Starbucks Card
STA-O7809,STA-C2922,11-12-2024,Coffee Beans (Retail),5,14.54,Delivered,Mobile App
STA-O7590,STA-C1241,08-12-2023,Coffee Beans (Retail),2,22.05,Shipped,Mobile App
STA-O10052,STA-C7464,29-01-2024,Hot Coffee,3,5.85,Delivered,Cash
STA-O8278,STA-C2912,05-02-2024,Coffee Beans (Retail),4,16.18,Delivered,Credit Card
STA-O9780,STA-C2368,12-10-2025,Merchandise,4,33.64,Delivered,Mobile App
STA-O7140,STA-C6222,21-10-2025,Tea,4,4.51,Delivered,Cash
STA-O12488,STA-C5828,17-09-2023,Sandwiches,4,6.68,Delivered,Mobile App
STA-O12946,STA-C8413,07-10-2024,Cold Coffee,1,7.25,Returned,Mobile App
STA-O10464,STA-C5159,12-02-2023,Frappuccino,2,6.98,Pending,Credit Card
STA-O7157,STA-C8250,24-04-2023,Sandwiches,2,6.67,Returned,Mobile App
STA-O13788,STA-C8842,16-12-2023,Frappuccino,1,5.27,Returned,Starbucks Card
STA-O13380,STA-C1575,26-10-2025,Coffee Beans (Retail),4,12.86,Shipped,Cash
STA-O7860,STA-C9895,31-12-2024,Cold Coffee,2,4.8,Delivered,Mobile App
STA-O9272,STA-C1370,14-06-2023,Merchandise,1,12.1,Pending,Credit Card
STA-O6124,STA-C6177,14-04-2023,Tea,2,4.14,Returned,Starbucks Card
STA-O10688,STA-C1886,08-08-2025,Hot Coffee,4,6.12,Shipped,Starbucks Card
STA-O7403,STA-C8154,28-07-2023,Bakery,1,5.61,Shipped,Starbucks Card
STA-O12363,STA-C9745,21-12-2023,Coffee Beans (Retail),4,24.35,Unknown,Mobile App
STA-O14422,STA-C2168,30-03-2024,Frappuccino,4,6.35,Unknown,Cash
STA-O6974,STA-C2131,21-08-2023,Bakery,5,3.3,Returned,Cash
STA-O6549,STA-C10075,27-10-2023,Bakery,2,4.75,Delivered,Starbucks Card
STA-O12601,STA-C2637,29-01-2023,Sandwiches,1,6.6,Delivered,Starbucks Card
STA-O11460,STA-C7920,07-12-2023,Merchandise,1,21.12,Shipped,Mobile App
STA-O11948,STA-C6928,07-01-2023,Hot Coffee,4,5.74,Delivered,Credit Card
STA-O14277,STA-C6118,11-08-2023,Bakery,1,3.37,Delivered,Credit Card
STA-O10745,STA-C9126,27-04-2024,Hot Coffee,5,4.16,Cancelled,Cash
STA-O7105,STA-C9948,09-12-2024,Tea,2,3.65,Cancelled,Mobile App
STA-O10252,STA-C3974,12-05-2023,Bakery,5,5.4,Shipped,Mobile App
STA-O11051,STA-C3253,28-11-2025,Coffee Beans (Retail),1,24.89,Pending,Cash
STA-O9202,STA-C5330,15-08-2024,Coffee Beans (Retail),4,22.9,Pending,Cash
STA-O9136,STA-C3661,17-02-2023,Frappuccino,2,8.12,Returned,Credit Card
STA-O5713,STA-C3433,14-10-2023,Bakery,1,5.36,Pending,Starbucks Card
STA-O11860,STA-C10055,30-10-2024,Frappuccino,5,6.93,Delivered,Credit Card
STA-O5810,STA-C3808,22-06-2023,Coffee Beans (Retail),3,11.32,Returned,Cash
STA-O6585,STA-C9176,08-12-2023,Tea,1,4.71,Shipped,Cash
STA-O5683,STA-C2687,10-10-2025,Bakery,1,5.1,Pending,Cash
STA-O5170,STA-C8193,11-12-2024,Tea,5,5.95,Shipped,Cash
STA-O9035,STA-C10215,20-07-2025,Tea,4,4.99,Returned,Cash
STA-O7832,STA-C2644,18-04-2025,Tea,3,5.94,Cancelled,Mobile App
STA-O5672,STA-C8475,14-12-2023,Bakery,1,4.38,Cancelled,Credit Card
STA-O13030,STA-C7887,18-03-2024,Bakery,3,2.47,Pending,Credit Card
STA-O9162,STA-C5834,06-11-2025,Merchandise,1,14.32,Returned,Credit Card
STA-O7742,STA-C6513,07-03-2023,Bakery,1,3.87,Returned,Credit Card
STA-O13978,STA-C3422,15-10-2023,Merchandise,4,37.13,Delivered,Mobile App
STA-O9528,STA-C4782,07-03-2023,Frappuccino,1,8.99,Unknown,Mobile App
STA-O13714,STA-C10698,11-04-2024,Merchandise,1,18.6,Unknown,Credit Card
STA-O5921,STA-C3022,30-01-2023,Cold Coffee,5,7.6,Returned,Starbucks Card
STA-O9611,STA-C10076,06-11-2023,Merchandise,1,21.95,Delivered,Credit Card
STA-O9621,STA-C2714,10-03-2023,Coffee Beans (Retail),4,14.22,Delivered,Mobile App
STA-O10008,STA-C3004,04-05-2025,Bakery,3,2.04,Cancelled,Credit Card
STA-O12417,STA-C7223,06-06-2024,Merchandise,1,10.93,Delivered,Mobile App
STA-O10028,STA-C4998,19-04-2025,Sandwiches,2,6.51,Cancelled,Cash
STA-O10170,STA-C10365,17-12-2025,Sandwiches,5,6.08,Delivered,Cash
STA-O13293,STA-C6920,18-10-2025,Bakery,2,2.52,Cancelled,Starbucks Card
STA-O14125,STA-C6572,15-11-2023,Tea,3,3.98,Pending,Starbucks Card
STA-O11546,STA-C1928,21-01-2024,Bakery,1,2.36,Pending,Credit Card
STA-O6330,STA-C5610,31-08-2023,Sandwiches,3,8.96,Returned,Cash
STA-O6582,STA-C4000,09-08-2025,Bakery,4,2.1,Delivered,Starbucks Card
STA-O9057,STA-C9999,06-04-2023,Merchandise,5,33.91,Returned,Mobile App
STA-O13338,STA-C1123,07-06-2024,Coffee Beans (Retail),1,19.58,Cancelled,Mobile App
STA-O14261,STA-C4582,13-03-2023,Hot Coffee,3,3.73,Delivered,Credit Card
STA-O14787,STA-C3990,13-02-2023,Frappuccino,2,7.21,Unknown,Mobile App
STA-O12988,STA-C1106,30-09-2023,Coffee Beans (Retail),4,12.14,Pending,Credit Card
STA-O5303,STA-C7706,13-04-2023,Frappuccino,1,8.99,Returned,Mobile App
STA-O8869,STA-C4308,23-08-2023,Coffee Beans (Retail),1,17.69,Delivered,Credit Card
STA-O8828,STA-C3418,28-01-2024,Frappuccino,2,7.43,Unknown,Starbucks Card
STA-O14910,STA-C5582,29-03-2024,Tea,5,5.19,Cancelled,Credit Card
STA-O5036,STA-C7248,17-03-2025,Coffee Beans (Retail),2,20.48,Shipped,Mobile App
STA-O14113,STA-C4984,03-10-2024,Hot Coffee,3,5.96,Delivered,Cash
STA-O12530,STA-C6820,28-05-2023,Tea,5,5.09,Unknown,Starbucks Card
STA-O7601,STA-C8195,06-07-2025,Hot Coffee,3,3.28,Delivered,Credit Card
STA-O5716,STA-C10204,28-03-2023,Cold Coffee,5,7.95,Delivered,Cash
STA-O10733,STA-C1345,28-09-2024,Tea,2,3.11,Returned,Credit Card
STA-O13759,STA-C3226,21-07-2024,Sandwiches,1,6.35,Cancelled,Mobile App
STA-O6332,STA-C10767,25-09-2024,Coffee Beans (Retail),5,12.97,Delivered,Cash
STA-O7770,STA-C1516,13-04-2023,Merchandise,4,8.34,Pending,Cash
STA-O14984,STA-C3333,03-01-2023,Cold Coffee,4,6.69,Returned,Cash
STA-O12433,STA-C10472,29-04-2025,Bakery,1,4.99,Delivered,Cash
STA-O12208,STA-C9541,28-06-2025,Tea,5,4.1,Returned,Starbucks Card
STA-O9851,STA-C4335,14-04-2025,Tea,5,4.86,Cancelled,Starbucks Card
STA-O9980,STA-C2261,11-03-2023,Merchandise,2,13.31,Cancelled,Cash
STA-O11191,STA-C10392,30-08-2024,Sandwiches,5,7.85,Delivered,Credit Card
STA-O5709,STA-C9999,11-08-2025,Frappuccino,5,5.17,Shipped,Credit Card
STA-O13262,STA-C2685,07-04-2025,Tea,3,4.34,Shipped,Mobile App
STA-O10187,STA-C10398,22-06-2023,Frappuccino,2,8.97,Delivered,Cash
STA-O13995,STA-C7670,04-07-2024,Merchandise,2,11.24,Delivered,Starbucks Card
STA-O12018,STA-C1826,27-01-2024,Coffee Beans (Retail),3,17.67,Pending,Credit Card
STA-O7116,STA-C10790,08-07-2024,Frappuccino,1,8.87,Delivered,Starbucks Card
STA-O5674,STA-C9999,03-11-2023,Cold Coffee,3,7.98,Pending,Mobile App
STA-O10269,STA-C9343,10-11-2023,Tea,1,5.96,Shipped,Credit Card
STA-O11893,STA-C10771,15-04-2024,Tea,5,4.96,Shipped,Credit Card
STA-O9391,STA-C1332,02-03-2024,Merchandise,4,30.11,Pending,Mobile App
STA-O6387,STA-C6251,05-12-2023,Hot Coffee,1,5.44,Returned,Starbucks Card
STA-O10311,STA-C6090,24-03-2023,Bakery,3,4.76,Returned,Credit Card
STA-O6364,STA-C8241,27-01-2025,Hot Coffee,4,5.48,Delivered,Cash
STA-O8453,STA-C4773,21-03-2023,Sandwiches,3,6.33,Cancelled,Mobile App
STA-O8823,STA-C5369,15-03-2023,Merchandise,2,20.99,Cancelled,Mobile App
STA-O9625,STA-C10511,31-12-2025,Merchandise,1,26.39,Pending,Cash
STA-O12729,STA-C5500,12-06-2024,Cold Coffee,2,7.95,Delivered,Credit Card
STA-O12195,STA-C9999,03-04-2025,Frappuccino,2,5.68,Returned,Cash
STA-O11440,STA-C8016,10-11-2024,Sandwiches,1,7.65,Cancelled,Mobile App
STA-O5391,STA-C3167,13-03-2024,Cold Coffee,2,4.7,Shipped,Cash
STA-O10607,STA-C6933,20-06-2024,Hot Coffee,3,3.81,Shipped,Credit Card
STA-O12228,STA-C4488,28-04-2025,Bakery,3,2.61,Delivered,Starbucks Card
STA-O9928,STA-C6209,01-05-2024,Sandwiches,1,6.71,Shipped,Starbucks Card
STA-O8342,STA-C1454,03-01-2025,Bakery,5,3.3,Cancelled,Credit Card
STA-O11100,STA-C6958,14-03-2025,Hot Coffee,1,3.94,Pending,Credit Card
STA-O7765,STA-C8021,12-12-2024,Cold Coffee,1,7.25,Pending,Mobile App
STA-O13437,STA-C6198,05-12-2023,Merchandise,1,9.36,Cancelled,Mobile App
STA-O12216,STA-C5283,02-02-2023,Merchandise,5,38.36,Delivered,Starbucks Card
STA-O13655,STA-C6136,14-01-2024,Merchandise,1,35.76,Delivered,Mobile App
STA-O5635,STA-C2271,02-11-2023,Merchandise,5,32.38,Delivered,Starbucks Card
STA-O12630,STA-C8018,30-01-2024,Frappuccino,2,8.99,Pending,Mobile App
STA-O5338,STA-C2606,01-04-2024,Bakery,4,4.59,Delivered,Starbucks Card
STA-O8631,STA-C5625,12-08-2024,Hot Coffee,2,4.37,Delivered,Cash
STA-O9671,STA-C5053,11-05-2024,Bakery,5,3.17,Delivered,Mobile App
STA-O6571,STA-C10511,16-04-2024,Bakery,2,2.9,Shipped,Cash
STA-O7210,STA-C8215,12-02-2023,Sandwiches,4,8.04,Delivered,Credit Card
STA-O13036,STA-C7605,18-09-2023,Hot Coffee,3,5.74,Delivered,Cash
STA-O9763,STA-C1532,11-08-2024,Coffee Beans (Retail),4,16.78,Delivered,Credit Card
STA-O9381,STA-C2985,25-10-2024,Frappuccino,1,6.24,Delivered,Starbucks Card
STA-O7132,STA-C6080,03-01-2025,Frappuccino,1,7.31,Shipped,Mobile App
STA-O10289,STA-C3723,17-04-2024,Bakery,4,3.7,Delivered,Starbucks Card
STA-O9703,STA-C8885,30-11-2023,Merchandise,1,18.22,Pending,Credit Card
STA-O13270,STA-C4468,21-06-2024,Hot Coffee,3,4.83,Cancelled,Starbucks Card
STA-O11321,STA-C2526,09-03-2025,Cold Coffee,3,6.43,Delivered,Mobile App
STA-O8385,STA-C1845,15-10-2025,Frappuccino,2,6.02,Delivered,Mobile App
STA-O9689,STA-C3988,27-10-2025,Cold Coffee,1,6.38,Cancelled,Credit Card
STA-O7538,STA-C5889,06-07-2023,Coffee Beans (Retail),5,12.24,Cancelled,Credit Card
STA-O7167,STA-C7462,27-03-2024,Bakery,1,5.73,Cancelled,Cash
STA-O14452,STA-C9606,28-12-2025,Sandwiches,2,7.08,Pending,Cash
STA-O10822,STA-C7855,06-05-2023,Tea,4,5.15,Delivered,Starbucks Card
STA-O10980,STA-C6252,20-06-2025,Cold Coffee,4,6.38,Delivered,Mobile App
STA-O11131,STA-C5576,29-06-2025,Sandwiches,4,7.59,Delivered,Starbucks Card
STA-O11601,STA-C6412,02-08-2025,Frappuccino,2,6.82,Delivered,Credit Card
STA-O14756,STA-C9999,13-09-2024,Sandwiches,1,6.89,Returned,Cash
STA-O14253,STA-C5002,27-08-2025,Tea,1,5.37,Shipped,Credit Card
STA-O10528,STA-C6413,03-06-2023,Sandwiches,3,5.74,Delivered,Cash
STA-O8619,STA-C5816,19-01-2024,Merchandise,3,17.57,Returned,Mobile App
STA-O11959,STA-C4344,02-11-2023,Bakery,2,4.57,Delivered,Mobile App
STA-O9390,STA-C7211,27-04-2025,Frappuccino,1,7.28,Returned,Starbucks Card
STA-O5583,STA-C1230,05-10-2024,Hot Coffee,1,5.48,Delivered,Cash
STA-O13628,STA-C2440,13-12-2023,Tea,2,3.78,Delivered,Mobile App
STA-O11279,STA-C4361,14-06-2023,Bakery,5,5.64,Cancelled,Credit Card
STA-O12885,STA-C6892,16-02-2025,Frappuccino,1,7.39,Shipped,Starbucks Card
STA-O9297,STA-C2599,21-08-2024,Hot Coffee,1,4.86,Delivered,Cash
STA-O12619,STA-C10507,19-11-2025,Tea,4,4.23,Cancelled,Mobile App
STA-O5383,STA-C10870,25-07-2024,Frappuccino,3,6.58,Shipped,Mobile App
STA-O13601,STA-C1776,21-08-2025,Sandwiches,1,5.36,Cancelled,Cash
STA-O10373,STA-C8591,14-07-2023,Merchandise,5,18.47,Shipped,Cash
STA-O10478,STA-C2677,24-02-2024,Frappuccino,5,5.4,Unknown,Mobile App
STA-O11880,STA-C6523,09-04-2025,Coffee Beans (Retail),1,16.87,Cancelled,Starbucks Card
STA-O12932,STA-C9365,21-03-2023,Tea,2,4.36,Shipped,Mobile App
STA-O13673,STA-C6991,07-04-2025,Coffee Beans (Retail),2,15.2,Delivered,Mobile App
STA-O13636,STA-C10857,06-02-2024,Sandwiches,2,6.1,Delivered,Credit Card
STA-O13795,STA-C6736,10-05-2025,Frappuccino,5,7.54,Pending,Starbucks Card
STA-O13742,STA-C1402,07-04-2024,Coffee Beans (Retail),4,12.1,Shipped,Credit Card
STA-O8970,STA-C4634,24-03-2023,Coffee Beans (Retail),1,11.86,Shipped,Mobile App
STA-O14674,STA-C2023,07-03-2023,Bakery,4,5.56,Delivered,Cash
STA-O11685,STA-C10109,24-12-2025,Bakery,4,3.56,Delivered,Credit Card
STA-O14672,STA-C10017,18-12-2024,Bakery,4,5.53,Pending,Credit Card
STA-O14563,STA-C4819,13-03-2025,Merchandise,2,8.21,Returned,Mobile App
STA-O8187,STA-C4760,01-06-2024,Tea,5,5.06,Delivered,Credit Card
STA-O5516,STA-C3580,29-01-2023,Frappuccino,2,8.14,Returned,Starbucks Card
STA-O12815,STA-C3504,03-06-2024,Hot Coffee,2,5.05,Delivered,Starbucks Card
STA-O8495,STA-C8955,01-09-2024,Tea,1,5.19,Delivered,Cash
STA-O9444,STA-C9868,24-10-2024,Merchandise,1,28.06,Delivered,Mobile App
STA-O5408,STA-C3530,03-10-2025,Coffee Beans (Retail),5,12.33,Delivered,Cash
STA-O9248,STA-C5628,05-08-2023,Bakery,1,5.3,Cancelled,Starbucks Card
STA-O10151,STA-C7745,20-10-2025,Merchandise,5,9.41,Pending,Credit Card
STA-O11338,STA-C5788,01-10-2024,Hot Coffee,3,6.83,Pending,Starbucks Card
STA-O13703,STA-C9817,29-08-2025,Sandwiches,4,7.94,Delivered,Credit Card
STA-O12388,STA-C2222,01-01-2024,Cold Coffee,4,6.5,Pending,Cash
STA-O14129,STA-C6871,16-04-2024,Tea,3,3.01,Pending,Credit Card
STA-O12116,STA-C4966,03-05-2025,Frappuccino,4,6.01,Cancelled,Starbucks Card
STA-O11196,STA-C5561,28-04-2025,Cold Coffee,3,7.94,Delivered,Cash
STA-O12965,STA-C6094,12-06-2024,Sandwiches,2,7.51,Pending,Credit Card
STA-O7848,STA-C9135,17-05-2024,Sandwiches,2,5.88,Delivered,Credit Card
STA-O8830,STA-C10303,24-10-2023,Tea,3,3.58,Cancelled,Credit Card
STA-O14765,STA-C4724,11-07-2024,Bakery,2,3.66,Delivered,Starbucks Card
STA-O7233,STA-C4103,05-07-2023,Merchandise,5,32.32,Returned,Cash
STA-O9428,STA-C7632,04-11-2024,Cold Coffee,3,5.07,Returned,Mobile App
STA-O5002,STA-C1881,23-06-2024,Tea,5,5.1,Pending,Starbucks Card
STA-O7931,STA-C1811,18-03-2025,Frappuccino,1,6.06,Shipped,Cash
STA-O13219,STA-C8196,28-02-2025,Cold Coffee,3,5.14,Delivered,Starbucks Card
STA-O10608,STA-C10755,19-12-2025,Cold Coffee,5,4.21,Delivered,Mobile App
STA-O11423,STA-C9090,16-11-2024,Bakery,5,5.7,Pending,Starbucks Card
STA-O7015,STA-C8008,19-07-2023,Frappuccino,3,7.54,Cancelled,Starbucks Card
STA-O10489,STA-C10980,10-05-2024,Cold Coffee,3,7.56,Cancelled,Mobile App
STA-O6975,STA-C1004,20-12-2024,Hot Coffee,2,5.07,Pending,Cash
STA-O9930,STA-C9816,06-06-2024,Merchandise,3,35.06,Delivered,Cash
STA-O6322,STA-C2829,19-07-2025,Sandwiches,1,7.48,Shipped,Starbucks Card
STA-O9755,STA-C7463,26-03-2023,Merchandise,4,28.1,Cancelled,Mobile App
STA-O9450,STA-C10759,21-04-2023,Cold Coffee,5,6.97,Delivered,Cash
STA-O11098,STA-C6108,24-12-2024,Cold Coffee,5,4.79,Delivered,Starbucks Card
STA-O5059,STA-C9999,10-10-2023,Sandwiches,4,7.46,Delivered,Credit Card
STA-O13877,STA-C4427,09-10-2024,Frappuccino,3,8.15,Cancelled,Cash
STA-O8920,STA-C3349,10-08-2024,Merchandise,1,8.09,Delivered,Credit Card
STA-O6085,STA-C7875,30-11-2024,Frappuccino,4,7.6,Delivered,Cash
STA-O9548,STA-C8815,11-12-2025,Tea,5,3.34,Delivered,Mobile App
STA-O11890,STA-C3136,24-02-2023,Bakery,3,5.02,Delivered,Credit Card
STA-O9923,STA-C1148,18-05-2025,Sandwiches,3,6.68,Delivered,Starbucks Card
STA-O8804,STA-C6078,18-10-2023,Cold Coffee,5,7.71,Delivered,Cash
STA-O11522,STA-C6789,14-04-2024,Cold Coffee,3,7.71,Cancelled,Mobile App
STA-O11944,STA-C2858,05-01-2024,Frappuccino,2,5.5,Delivered,Credit Card
STA-O12511,STA-C5490,05-11-2023,Sandwiches,1,6.36,Cancelled,Cash
STA-O14428,STA-C4506,26-11-2023,Cold Coffee,3,4.43,Returned,Mobile App
STA-O13841,STA-C3140,26-05-2023,Cold Coffee,1,4.95,Pending,Cash
STA-O5813,STA-C7287,05-09-2024,Merchandise,5,38.62,Delivered,Credit Card
STA-O11437,STA-C4569,19-03-2024,Coffee Beans (Retail),1,18.22,Delivered,Mobile App
STA-O14137,STA-C1011,22-05-2024,Coffee Beans (Retail),2,23.21,Delivered,Mobile App
STA-O7945,STA-C1441,21-09-2025,Cold Coffee,1,4.09,Pending,Credit Card
STA-O7422,STA-C8285,19-10-2023,Merchandise,1,13.81,Delivered,Mobile App
STA-O6971,STA-C9359,01-10-2023,Coffee Beans (Retail),5,12.02,Shipped,Starbucks Card
STA-O8639,STA-C7570,03-02-2024,Bakery,2,3.69,Unknown,Mobile App
STA-O7138,STA-C9213,22-01-2023,Coffee Beans (Retail),4,11.06,Returned,Starbucks Card
STA-O8955,STA-C5133,10-12-2023,Coffee Beans (Retail),3,23.88,Delivered,Mobile App
STA-O10845,STA-C4544,29-04-2025,Frappuccino,4,8.99,Cancelled,Credit Card
STA-O8717,STA-C6534,03-03-2025,Bakery,2,2.68,Delivered,Mobile App
STA-O11910,STA-C9156,22-12-2024,Sandwiches,4,8.23,Delivered,Credit Card
STA-O6734,STA-C7325,03-08-2025,Cold Coffee,1,5.71,Returned,Starbucks Card
STA-O13033,STA-C5747,01-09-2025,Tea,1,3.49,Delivered,Credit Card
STA-O10274,STA-C5032,18-09-2025,Coffee Beans (Retail),3,24.9,Delivered,Starbucks Card
STA-O14405,STA-C8182,26-12-2024,Merchandise,4,37.24,Returned,Mobile App
STA-O12613,STA-C3539,27-07-2023,Frappuccino,1,8.72,Cancelled,Credit Card
STA-O8376,STA-C10033,14-01-2025,Merchandise,3,33.72,Shipped,Credit Card
STA-O8935,STA-C9999,07-07-2023,Sandwiches,2,6.1,Delivered,Mobile App
STA-O14679,STA-C8684,03-02-2024,Coffee Beans (Retail),4,14.06,Cancelled,Mobile App
STA-O11442,STA-C7867,01-03-2023,Hot Coffee,5,3.97,Shipped,Starbucks Card
STA-O11519,STA-C1388,01-10-2025,Merchandise,5,37.08,Delivered,Mobile App
STA-O5107,STA-C4288,06-12-2024,Cold Coffee,1,6.24,Delivered,Cash
STA-O9814,STA-C2293,21-01-2023,Sandwiches,2,5.15,Delivered,Credit Card
STA-O10259,STA-C5439,06-10-2025,Cold Coffee,1,7.09,Returned,Starbucks Card
STA-O11305,STA-C7590,07-11-2025,Coffee Beans (Retail),2,23.64,Cancelled,Credit Card
STA-O12584,STA-C4817,30-06-2023,Sandwiches,4,5.77,Cancelled,Mobile App
STA-O12066,STA-C6882,15-10-2025,Sandwiches,4,5.95,Cancelled,Cash
STA-O5260,STA-C6774,07-01-2024,Hot Coffee,5,4.67,Delivered,Mobile App
STA-O5132,STA-C7507,22-08-2025,Frappuccino,3,6.24,Delivered,Mobile App
STA-O6053,STA-C7553,27-11-2023,Cold Coffee,1,5.58,Delivered,Mobile App
STA-O8154,STA-C8892,24-02-2025,Cold Coffee,1,6.96,Shipped,Cash
STA-O10133,STA-C2458,27-04-2023,Bakery,2,2.54,Cancelled,Mobile App
STA-O9736,STA-C3724,19-03-2024,Bakery,4,3.64,Delivered,Credit Card
STA-O12862,STA-C6633,01-09-2023,Merchandise,3,26.51,Shipped,Credit Card
STA-O7716,STA-C10850,31-10-2023,Sandwiches,2,6.58,Returned,Cash
STA-O12201,STA-C9497,09-11-2024,Bakery,3,5.74,Delivered,Mobile App
STA-O7958,STA-C5162,07-05-2024,Frappuccino,1,6.91,Delivered,Credit Card
STA-O13111,STA-C1762,04-09-2025,Coffee Beans (Retail),4,18.12,Shipped,Cash
STA-O8795,STA-C9392,11-05-2025,Cold Coffee,3,7.33,Delivered,Credit Card
STA-O10678,STA-C3270,03-09-2025,Cold Coffee,5,7.14,Shipped,Credit Card
STA-O7975,STA-C3877,30-11-2024,Coffee Beans (Retail),1,11.31,Returned,Mobile App
STA-O12016,STA-C5322,21-01-2024,Merchandise,1,13.77,Returned,Credit Card
STA-O5576,STA-C9161,22-08-2024,Hot Coffee,4,6.17,Delivered,Cash
STA-O13372,STA-C5041,06-07-2025,Merchandise,1,38.63,Returned,Credit Card
STA-O7969,STA-C9365,13-01-2024,Frappuccino,1,8.74,Delivered,Cash
STA-O7644,STA-C5460,03-08-2023,Hot Coffee,2,4.52,Returned,Credit Card
STA-O6243,STA-C4631,18-11-2024,Coffee Beans (Retail),5,15.34,Returned,Cash
STA-O13276,STA-C6763,14-08-2024,Bakery,5,2.93,Cancelled,Mobile App
STA-O10636,STA-C7785,21-02-2023,Frappuccino,3,6.31,Delivered,Cash
STA-O7833,STA-C2092,31-01-2025,Frappuccino,3,6.13,Cancelled,Starbucks Card
STA-O8762,STA-C8630,21-04-2024,Tea,4,4.98,Delivered,Starbucks Card
STA-O13350,STA-C2619,30-05-2025,Coffee Beans (Retail),4,23,Unknown,Cash
STA-O8078,STA-C5224,01-01-2023,Cold Coffee,4,7.97,Delivered,Starbucks Card
STA-O8673,STA-C2928,17-11-2023,Bakery,2,4.69,Shipped,Starbucks Card
STA-O10963,STA-C3860,25-04-2024,Sandwiches,3,5.58,Returned,Starbucks Card
STA-O11976,STA-C9288,07-10-2023,Hot Coffee,2,6.23,Delivered,Cash
STA-O11646,STA-C6728,08-03-2023,Merchandise,5,17.6,Pending,Mobile App
STA-O8273,STA-C7086,23-11-2024,Cold Coffee,3,4.62,Delivered,Mobile App
STA-O14263,STA-C9863,13-10-2023,Merchandise,4,17.91,Shipped,Cash
STA-O7340,STA-C10246,18-01-2023,Cold Coffee,2,7.3,Cancelled,Starbucks Card
STA-O9979,STA-C2801,12-11-2023,Merchandise,2,10.2,Shipped,Credit Card
STA-O8530,STA-C3348,12-05-2023,Frappuccino,5,5.01,Pending,Cash
STA-O13325,STA-C5151,21-07-2023,Bakery,5,5.79,Delivered,Cash
STA-O13896,STA-C10189,08-11-2024,Frappuccino,2,8.03,Delivered,Starbucks Card
STA-O8162,STA-C7578,13-07-2024,Cold Coffee,5,4.93,Delivered,Starbucks Card
STA-O5142,STA-C5791,20-01-2023,Bakery,4,5.03,Returned,Mobile App
STA-O14115,STA-C9129,08-12-2023,Bakery,1,5.43,Delivered,Credit Card
STA-O5933,STA-C9144,05-05-2025,Sandwiches,4,5.61,Pending,Credit Card
STA-O9707,STA-C7549,27-07-2023,Cold Coffee,3,6.48,Pending,Credit Card
STA-O13638,STA-C5267,19-04-2024,Hot Coffee,2,5.73,Cancelled,Cash
STA-O8194,STA-C8864,25-10-2023,Tea,1,4.43,Unknown,Mobile App
STA-O11244,STA-C9125,13-09-2023,Tea,4,3.29,Delivered,Credit Card
STA-O13828,STA-C2196,12-06-2023,Tea,4,3.91,Delivered,Cash
STA-O12261,STA-C5385,22-07-2025,Sandwiches,3,6.23,Delivered,Credit Card
STA-O8214,STA-C3828,27-02-2025,Bakery,5,4.4,Delivered,Mobile App
STA-O8712,STA-C4826,06-05-2024,Cold Coffee,5,5.78,Cancelled,Cash
STA-O8112,STA-C10422,30-03-2025,Tea,3,4.96,Delivered,Cash
STA-O13386,STA-C10669,01-08-2024,Frappuccino,2,7.12,Delivered,Mobile App
STA-O11767,STA-C2113,13-09-2025,Bakery,2,2.25,Returned,Credit Card
STA-O11560,STA-C3419,18-01-2023,Tea,1,3.15,Shipped,Cash
STA-O12984,STA-C4570,23-09-2023,Tea,1,5.61,Delivered,Cash
STA-O14203,STA-C9181,22-03-2023,Bakery,2,5.74,Pending,Cash
STA-O8806,STA-C7750,19-07-2023,Coffee Beans (Retail),3,21.09,Shipped,Mobile App
STA-O9081,STA-C1925,13-05-2023,Tea,5,3.55,Pending,Mobile App
STA-O14613,STA-C8123,24-05-2024,Merchandise,5,25.74,Pending,Starbucks Card
STA-O11108,STA-C7937,06-04-2024,Coffee Beans (Retail),3,24.94,Shipped,Mobile App
STA-O13720,STA-C9886,17-02-2023,Tea,4,4.19,Returned,Mobile App
STA-O11197,STA-C6733,08-09-2023,Hot Coffee,2,7,Unknown,Credit Card
STA-O14517,STA-C6021,18-07-2025,Tea,3,3.48,Returned,Credit Card
STA-O14556,STA-C7236,13-06-2025,Merchandise,4,22.1,Pending,Mobile App
STA-O13801,STA-C6072,06-04-2025,Bakery,1,2.41,Delivered,Mobile App
STA-O8851,STA-C6202,10-05-2023,Coffee Beans (Retail),4,23.02,Cancelled,Starbucks Card
STA-O13549,STA-C4807,03-10-2025,Bakery,2,2.68,Shipped,Mobile App
STA-O7099,STA-C4754,01-02-2025,Merchandise,2,10.25,Delivered,Credit Card
STA-O13208,STA-C7918,23-01-2025,Sandwiches,2,8.46,Delivered,Cash
STA-O12961,STA-C7009,04-01-2023,Merchandise,1,18.39,Shipped,Mobile App
STA-O11509,STA-C6257,13-06-2024,Tea,1,4.71,Returned,Credit Card
STA-O6891,STA-C1563,03-07-2023,Merchandise,5,22.37,Returned,Starbucks Card
STA-O10507,STA-C6266,17-08-2024,Cold Coffee,4,7.86,Cancelled,Cash
STA-O13353,STA-C10840,13-11-2024,Sandwiches,2,5.71,Cancelled,Starbucks Card
STA-O14446,STA-C4416,02-10-2023,Coffee Beans (Retail),3,19.46,Shipped,Cash
STA-O13192,STA-C4767,20-05-2023,Coffee Beans (Retail),1,19.91,Delivered,Credit Card
STA-O9775,STA-C9999,22-10-2024,Merchandise,1,22.61,Delivered,Credit Card
STA-O11474,STA-C7813,09-07-2023,Merchandise,5,20.12,Shipped,Cash
STA-O13548,STA-C2758,17-03-2024,Sandwiches,2,8.85,Delivered,Mobile App
STA-O14805,STA-C7167,12-10-2023,Tea,2,3.11,Pending,Starbucks Card
STA-O7888,STA-C5196,11-08-2024,Merchandise,5,30.6,Delivered,Cash
STA-O13879,STA-C2971,06-12-2023,Merchandise,1,12.85,Returned,Starbucks Card
STA-O6709,STA-C2553,01-07-2025,Sandwiches,4,8.27,Shipped,Credit Card
STA-O9866,STA-C9999,11-05-2024,Coffee Beans (Retail),1,13.74,Delivered,Mobile App
STA-O6847,STA-C5664,26-05-2023,Hot Coffee,3,3.03,Delivered,Mobile App
STA-O11713,STA-C7392,11-03-2024,Sandwiches,2,8.43,Returned,Mobile App
STA-O9088,STA-C5375,26-04-2024,Hot Coffee,3,5.83,Delivered,Credit Card
STA-O9643,STA-C3319,14-11-2023,Cold Coffee,1,5.68,Shipped,Starbucks Card
STA-O14128,STA-C6574,10-01-2025,Frappuccino,5,5.32,Delivered,Starbucks Card
STA-O12283,STA-C5945,20-06-2023,Hot Coffee,2,5.79,Cancelled,Credit Card
STA-O8098,STA-C7262,07-07-2024,Merchandise,2,25.11,Cancelled,Cash
STA-O10644,STA-C10265,30-08-2024,Bakery,5,3.12,Delivered,Credit Card
STA-O13504,STA-C8014,18-11-2023,Cold Coffee,3,4.97,Shipped,Cash
STA-O7579,STA-C6759,25-05-2024,Frappuccino,2,6.6,Delivered,Credit Card
STA-O11348,STA-C9136,27-11-2024,Hot Coffee,3,6.76,Returned,Cash
STA-O14941,STA-C5171,04-04-2023,Hot Coffee,2,5.13,Delivered,Cash
STA-O11818,STA-C2458,30-05-2023,Tea,2,3.81,Shipped,Mobile App
STA-O9055,STA-C6424,08-03-2023,Tea,5,4.79,Delivered,Cash
STA-O13045,STA-C1548,02-10-2024,Tea,2,4.83,Delivered,Credit Card
STA-O6953,STA-C8723,31-08-2025,Cold Coffee,1,6.82,Delivered,Starbucks Card
STA-O6596,STA-C8774,19-03-2025,Coffee Beans (Retail),3,12.93,Delivered,Mobile App
STA-O9768,STA-C9756,26-06-2025,Tea,3,5.38,Delivered,Cash
STA-O13126,STA-C8489,29-06-2024,Hot Coffee,4,6.48,Returned,Cash
STA-O6706,STA-C9320,24-11-2024,Tea,4,5.57,Delivered,Starbucks Card
STA-O7891,STA-C8432,16-07-2025,Sandwiches,4,8.88,Delivered,Starbucks Card
STA-O7885,STA-C8325,27-08-2024,Frappuccino,5,7.07,Shipped,Mobile App
STA-O11957,STA-C6221,17-02-2024,Coffee Beans (Retail),3,20.52,Delivered,Starbucks Card
STA-O8393,STA-C10391,28-12-2023,Frappuccino,2,7.41,Cancelled,Cash
STA-O8841,STA-C2154,29-10-2025,Cold Coffee,2,4.78,Pending,Starbucks Card
STA-O9765,STA-C5921,09-07-2025,Hot Coffee,2,5.28,Shipped,Mobile App
STA-O11246,STA-C6825,25-03-2023,Tea,5,5.84,Pending,Mobile App
STA-O6165,STA-C5946,07-06-2023,Merchandise,3,19.65,Pending,Cash
STA-O8906,STA-C9701,15-11-2025,Tea,2,5,Delivered,Starbucks Card
STA-O9225,STA-C2608,25-12-2023,Hot Coffee,5,4.6,Delivered,Credit Card
STA-O8907,STA-C3406,18-12-2023,Merchandise,2,12.53,Delivered,Cash
STA-O12328,STA-C4278,17-07-2024,Hot Coffee,1,4.14,Pending,Credit Card
STA-O14879,STA-C2035,04-10-2025,Hot Coffee,1,6.01,Cancelled,Cash
STA-O11643,STA-C10707,01-07-2025,Bakery,2,2.3,Delivered,Mobile App
STA-O7766,STA-C8979,31-05-2024,Hot Coffee,5,3.69,Cancelled,Mobile App
STA-O8438,STA-C6372,13-09-2023,Coffee Beans (Retail),3,20.54,Delivered,Mobile App
STA-O12179,STA-C9056,09-01-2025,Hot Coffee,1,6.51,Shipped,Mobile App
STA-O13197,STA-C8714,18-04-2024,Bakery,5,5.41,Cancelled,Mobile App
STA-O8106,STA-C2174,10-06-2024,Coffee Beans (Retail),1,22.25,Delivered,Cash
STA-O10755,STA-C1726,05-01-2025,Merchandise,2,27.92,Returned,Cash
STA-O6241,STA-C5040,20-11-2023,Frappuccino,2,6.42,Delivered,Credit Card
STA-O6113,STA-C4024,19-07-2024,Bakery,1,2.95,Pending,Starbucks Card
STA-O10905,STA-C8500,26-10-2025,Sandwiches,2,7.46,Delivered,Starbucks Card
STA-O8622,STA-C2334,06-10-2025,Bakery,2,2.81,Shipped,Starbucks Card
STA-O5529,STA-C10256,17-02-2024,Sandwiches,5,8.83,Delivered,Mobile App
STA-O11705,STA-C4236,21-09-2024,Sandwiches,1,5.74,Cancelled,Credit Card
STA-O7249,STA-C4574,14-05-2023,Cold Coffee,5,4.07,Shipped,Mobile App
STA-O9111,STA-C4553,20-06-2025,Sandwiches,5,6.91,Shipped,Starbucks Card
STA-O7517,STA-C7876,04-03-2025,Cold Coffee,1,4.96,Delivered,Credit Card
STA-O11602,STA-C6527,05-07-2025,Sandwiches,4,6.07,Returned,Mobile App
STA-O12229,STA-C9999,29-08-2023,Merchandise,5,20.45,Delivered,Mobile App
STA-O13076,STA-C1845,26-10-2024,Coffee Beans (Retail),5,19.63,Delivered,Starbucks Card
STA-O11324,STA-C7361,14-12-2024,Coffee Beans (Retail),4,24.58,Cancelled,Starbucks Card
STA-O11950,STA-C8991,01-09-2023,Bakery,2,4.81,Cancelled,Cash
STA-O14782,STA-C9405,26-08-2023,Tea,2,5.39,Pending,Mobile App
STA-O9041,STA-C9170,07-10-2023,Frappuccino,2,5.97,Delivered,Mobile App
STA-O5605,STA-C6732,19-01-2023,Coffee Beans (Retail),4,10.07,Cancelled,Cash
STA-O11402,STA-C7939,19-01-2025,Merchandise,3,15.13,Pending,Credit Card
STA-O6539,STA-C2236,11-09-2025,Tea,2,3.05,Delivered,Mobile App
STA-O8193,STA-C1310,24-08-2023,Bakery,3,3.89,Delivered,Cash
STA-O10097,STA-C2843,08-09-2025,Tea,3,4.52,Delivered,Starbucks Card
STA-O11578,STA-C9999,06-06-2025,Coffee Beans (Retail),3,22.79,Delivered,Starbucks Card
STA-O10915,STA-C2737,06-04-2025,Bakery,2,4.19,Unknown,Credit Card
STA-O5640,STA-C9130,18-12-2025,Hot Coffee,2,6.77,Delivered,Starbucks Card
STA-O7930,STA-C4004,20-09-2025,Hot Coffee,4,6.16,Pending,Starbucks Card
STA-O11322,STA-C6496,22-01-2024,Cold Coffee,5,6.72,Delivered,Mobile App
STA-O13038,STA-C1384,01-06-2023,Merchandise,4,10.41,Delivered,Mobile App
STA-O5675,STA-C9162,27-04-2025,Bakery,2,4.97,Returned,Credit Card
STA-O5000,STA-C1617,26-11-2023,Frappuccino,2,5.76,Delivered,Credit Card
STA-O9732,STA-C9287,04-02-2024,Coffee Beans (Retail),2,10.69,Returned,Starbucks Card
STA-O9737,STA-C6232,02-05-2025,Merchandise,2,20.77,Pending,Cash
STA-O8985,STA-C1581,25-01-2025,Hot Coffee,5,3.5,Cancelled,Starbucks Card
STA-O12056,STA-C6289,12-07-2023,Merchandise,2,35.37,Returned,Credit Card
STA-O10901,STA-C1898,01-12-2023,Coffee Beans (Retail),4,16.76,Delivered,Credit Card
STA-O12481,STA-C7686,27-08-2025,Merchandise,5,28.19,Returned,Mobile App
STA-O9972,STA-C10163,08-01-2023,Coffee Beans (Retail),2,12.87,Delivered,Credit Card
STA-O5960,STA-C4221,12-01-2024,Frappuccino,5,5.24,Delivered,Credit Card
STA-O11630,STA-C5179,28-10-2024,Frappuccino,4,8.58,Delivered,Cash
STA-O13465,STA-C3984,04-10-2024,Coffee Beans (Retail),2,21.36,Cancelled,Starbucks Card
STA-O13568,STA-C7537,26-06-2023,Bakery,1,2.89,Delivered,Starbucks Card
STA-O11133,STA-C8797,16-03-2023,Cold Coffee,1,6.7,Returned,Cash
STA-O13364,STA-C7334,18-09-2023,Cold Coffee,5,7.06,Shipped,Mobile App
STA-O9738,STA-C4298,13-01-2023,Bakery,1,4.02,Delivered,Mobile App
STA-O13803,STA-C10567,29-05-2024,Cold Coffee,4,5.64,Pending,Credit Card
STA-O9468,STA-C5332,02-01-2025,Bakery,1,5.67,Delivered,Mobile App
STA-O7148,STA-C9401,29-08-2024,Frappuccino,4,8.61,Pending,Starbucks Card
STA-O5732,STA-C9265,09-08-2023,Coffee Beans (Retail),3,19.7,Delivered,Starbucks Card
STA-O9576,STA-C10361,28-12-2025,Hot Coffee,5,4.41,Shipped,Mobile App
STA-O9323,STA-C4947,03-02-2025,Coffee Beans (Retail),1,14.32,Pending,Cash
STA-O5740,STA-C9999,05-05-2023,Tea,3,3.73,Pending,Cash
STA-O7788,STA-C5777,13-02-2024,Hot Coffee,4,4.51,Delivered,Mobile App
STA-O9560,STA-C4128,03-06-2024,Sandwiches,1,8.65,Cancelled,Credit Card
STA-O10466,STA-C7775,20-11-2025,Frappuccino,2,7.5,Delivered,Cash
STA-O14773,STA-C6991,02-02-2024,Frappuccino,3,7.02,Delivered,Credit Card
STA-O8993,STA-C9820,27-09-2024,Sandwiches,4,8.24,Cancelled,Mobile App
STA-O10149,STA-C10720,26-10-2024,Bakery,2,5.88,Delivered,Mobile App
STA-O12230,STA-C4580,11-04-2023,Bakery,5,2.96,Pending,Mobile App
STA-O13901,STA-C6122,19-10-2023,Tea,3,5.05,Delivered,Mobile App
STA-O12225,STA-C6062,13-02-2024,Sandwiches,4,5.35,Shipped,Starbucks Card
STA-O14881,STA-C5576,31-03-2023,Frappuccino,3,6.56,Shipped,Mobile App
STA-O9945,STA-C6184,30-05-2025,Tea,5,3.43,Pending,Cash
STA-O13903,STA-C2729,22-02-2024,Cold Coffee,4,4.68,Delivered,Cash
STA-O10532,STA-C7442,24-09-2024,Bakery,4,3.89,Delivered,Mobile App
STA-O9037,STA-C8458,19-03-2023,Frappuccino,4,6.2,Delivered,Mobile App
STA-O12845,STA-C9965,28-10-2024,Cold Coffee,2,6.11,Delivered,Credit Card
STA-O6578,STA-C4281,06-07-2023,Frappuccino,5,8.75,Delivered,Mobile App
STA-O7274,STA-C8046,26-01-2025,Hot Coffee,1,6.29,Delivered,Mobile App
STA-O9557,STA-C9464,16-11-2023,Bakery,5,3.5,Pending,Mobile App
STA-O14475,STA-C8104,01-06-2025,Bakery,1,5.58,Delivered,Cash
STA-O12927,STA-C1047,15-09-2024,Coffee Beans (Retail),3,11.01,Delivered,Cash
STA-O11717,STA-C8816,14-10-2025,Cold Coffee,4,6.75,Cancelled,Cash
STA-O9873,STA-C6833,02-10-2024,Merchandise,3,18.58,Delivered,Credit Card
STA-O10231,STA-C6881,19-08-2025,Coffee Beans (Retail),5,15.72,Delivered,Starbucks Card
STA-O8468,STA-C8671,09-05-2025,Bakery,4,2.97,Delivered,Cash
STA-O12479,STA-C8016,20-12-2025,Coffee Beans (Retail),1,22.36,Returned,Credit Card
STA-O8344,STA-C4072,12-07-2025,Sandwiches,1,7.32,Cancelled,Cash
STA-O10984,STA-C8039,19-05-2024,Tea,1,5.95,Cancelled,Mobile App
STA-O13729,STA-C2089,02-03-2024,Bakery,5,3.4,Cancelled,Mobile App
STA-O5195,STA-C1835,19-06-2024,Frappuccino,5,7.33,Shipped,Starbucks Card
STA-O8079,STA-C8877,20-07-2023,Coffee Beans (Retail),2,19.9,Cancelled,Starbucks Card
STA-O6777,STA-C1498,05-08-2023,Hot Coffee,1,3.12,Delivered,Starbucks Card
STA-O7739,STA-C1571,14-02-2025,Merchandise,3,39.84,Returned,Mobile App
STA-O8861,STA-C9550,31-05-2024,Tea,5,4.65,Delivered,Cash
STA-O8620,STA-C1166,21-03-2023,Frappuccino,1,6.72,Pending,Starbucks Card
STA-O12819,STA-C9821,12-02-2024,Frappuccino,5,5.39,Delivered,Starbucks Card
STA-O5645,STA-C7455,05-03-2024,Sandwiches,1,6.17,Cancelled,Cash
STA-O7696,STA-C1550,11-08-2023,Bakery,4,5.1,Delivered,Credit Card
STA-O9234,STA-C1144,17-11-2023,Hot Coffee,2,4.86,Delivered,Credit Card
STA-O5322,STA-C9700,03-06-2023,Coffee Beans (Retail),3,17.89,Cancelled,Starbucks Card
STA-O9819,STA-C3163,16-12-2024,Hot Coffee,5,6.71,Pending,Starbucks Card
STA-O7808,STA-C6898,08-04-2025,Tea,5,3.92,Delivered,Cash
STA-O8092,STA-C9820,27-05-2023,Coffee Beans (Retail),3,14.9,Cancelled,Starbucks Card
STA-O6271,STA-C3465,27-09-2023,Sandwiches,5,5.85,Unknown,Credit Card
STA-O8847,STA-C9190,01-01-2025,Bakery,2,4.84,Delivered,Credit Card
STA-O8708,STA-C9415,10-05-2023,Hot Coffee,1,4.69,Returned,Credit Card
STA-O13366,STA-C4986,20-08-2025,Hot Coffee,1,5.29,Returned,Credit Card
STA-O8874,STA-C8739,25-03-2024,Hot Coffee,5,4.89,Pending,Credit Card
STA-O9688,STA-C10428,22-05-2024,Coffee Beans (Retail),4,19.61,Pending,Credit Card
STA-O7106,STA-C7222,17-09-2025,Merchandise,5,25.85,Returned,Cash
STA-O9209,STA-C5415,15-08-2023,Frappuccino,4,7.04,Delivered,Starbucks Card
STA-O12313,STA-C6572,17-12-2025,Coffee Beans (Retail),3,22.57,Delivered,Cash
STA-O14769,STA-C2782,30-09-2025,Merchandise,3,21.62,Cancelled,Credit Card
STA-O9485,STA-C2273,19-01-2023,Cold Coffee,5,4.8,Cancelled,Cash
STA-O5802,STA-C8431,23-12-2023,Hot Coffee,5,5.58,Shipped,Starbucks Card
STA-O10448,STA-C9105,13-09-2024,Coffee Beans (Retail),4,14.26,Delivered,Credit Card
STA-O10451,STA-C3050,01-12-2024,Hot Coffee,3,5.65,Returned,Starbucks Card
STA-O13884,STA-C9999,09-11-2024,Cold Coffee,2,4.4,Delivered,Mobile App
STA-O10408,STA-C8651,06-07-2023,Cold Coffee,1,5.25,Shipped,Starbucks Card
STA-O7670,STA-C2535,05-11-2025,Frappuccino,1,5.19,Delivered,Cash
STA-O5332,STA-C4807,14-09-2025,Hot Coffee,1,4.64,Delivered,Starbucks Card
STA-O8587,STA-C5270,14-06-2025,Tea,5,5.96,Shipped,Mobile App
STA-O10712,STA-C10842,27-11-2024,Tea,4,5.46,Pending,Mobile App
STA-O10698,STA-C4636,15-10-2025,Coffee Beans (Retail),3,21.43,Delivered,Starbucks Card
STA-O5080,STA-C6811,04-03-2023,Cold Coffee,4,7.19,Shipped,Cash
STA-O8245,STA-C2710,11-04-2024,Tea,1,4.29,Returned,Starbucks Card
STA-O6731,STA-C7217,06-12-2024,Coffee Beans (Retail),2,18.91,Delivered,Credit Card
STA-O10906,STA-C10177,05-03-2025,Merchandise,4,37.94,Cancelled,Credit Card
STA-O13688,STA-C5543,09-03-2023,Coffee Beans (Retail),1,14.14,Shipped,Credit Card
STA-O13558,STA-C1737,16-01-2025,Sandwiches,1,8.56,Delivered,Mobile App
STA-O5719,STA-C2239,26-10-2023,Sandwiches,1,7,Shipped,Cash
STA-O10517,STA-C5439,31-05-2023,Cold Coffee,3,7.49,Delivered,Mobile App
STA-O13594,STA-C5866,21-10-2024,Coffee Beans (Retail),4,15.99,Shipped,Starbucks Card
STA-O12184,STA-C9802,28-06-2024,Bakery,2,4.76,Delivered,Starbucks Card
STA-O7554,STA-C8188,21-03-2023,Coffee Beans (Retail),1,12.29,Pending,Mobile App
STA-O8856,STA-C8972,11-05-2024,Sandwiches,5,7.29,Delivered,Credit Card
STA-O6371,STA-C7288,24-09-2024,Frappuccino,5,5.44,Shipped,Credit Card
STA-O7205,STA-C4954,27-11-2025,Cold Coffee,3,5.08,Delivered,Cash
STA-O12051,STA-C10053,16-03-2024,Coffee Beans (Retail),1,15.18,Delivered,Credit Card
STA-O9515,STA-C8130,29-06-2025,Merchandise,1,17.3,Cancelled,Mobile App
STA-O11663,STA-C7460,29-04-2024,Hot Coffee,3,5.75,Shipped,Credit Card
STA-O8347,STA-C2688,20-11-2024,Bakery,5,2.62,Shipped,Mobile App
STA-O9213,STA-C9174,15-11-2025,Hot Coffee,4,3.09,Delivered,Mobile App
STA-O13629,STA-C8543,25-05-2023,Tea,4,3.44,Shipped,Cash
STA-O9054,STA-C6960,24-01-2023,Tea,4,4.18,Delivered,Cash
STA-O7321,STA-C1821,11-05-2023,Sandwiches,3,8.28,Pending,Starbucks Card
STA-O12271,STA-C5732,10-04-2024,Hot Coffee,4,6.24,Delivered,Cash
STA-O5224,STA-C3158,04-05-2024,Sandwiches,2,6.73,Delivered,Mobile App
STA-O13278,STA-C3871,02-07-2025,Coffee Beans (Retail),5,13.07,Pending,Credit Card
STA-O9554,STA-C5064,20-12-2023,Merchandise,1,30.07,Returned,Cash
STA-O5397,STA-C1461,30-04-2023,Merchandise,4,30.63,Shipped,Credit Card
STA-O14963,STA-C4055,08-10-2024,Sandwiches,1,6.75,Unknown,Cash
STA-O14537,STA-C8029,10-03-2023,Merchandise,5,15.22,Shipped,Mobile App
STA-O6806,STA-C1460,27-02-2024,Hot Coffee,5,3.38,Unknown,Mobile App
STA-O11491,STA-C8513,20-01-2025,Sandwiches,4,8.25,Pending,Mobile App
STA-O8812,STA-C1303,02-05-2025,Hot Coffee,3,4.7,Delivered,Mobile App
STA-O12771,STA-C1960,17-11-2025,Tea,2,5.8,Shipped,Mobile App
STA-O11358,STA-C8483,28-04-2025,Coffee Beans (Retail),3,13.79,Delivered,Cash
STA-O10817,STA-C8458,10-09-2023,Coffee Beans (Retail),5,12.15,Cancelled,Starbucks Card
STA-O8493,STA-C5042,02-04-2024,Tea,3,4.85,Delivered,Credit Card
STA-O7036,STA-C3290,26-07-2023,Sandwiches,1,5.28,Delivered,Cash
STA-O11270,STA-C2370,03-09-2025,Cold Coffee,5,4.11,Delivered,Mobile App
STA-O9048,STA-C10319,02-03-2024,Sandwiches,3,8.15,Delivered,Cash
STA-O11452,STA-C1402,24-06-2023,Tea,4,5.25,Cancelled,Cash
STA-O7522,STA-C3706,19-09-2023,Frappuccino,3,5.51,Returned,Starbucks Card
STA-O11451,STA-C7675,21-12-2025,Tea,5,3.2,Delivered,Mobile App
STA-O9182,STA-C3574,20-06-2024,Sandwiches,4,5.4,Delivered,Starbucks Card
STA-O10314,STA-C10796,07-09-2024,Bakery,2,3.57,Delivered,Starbucks Card
STA-O9781,STA-C4479,07-08-2025,Cold Coffee,5,6.16,Delivered,Cash
STA-O12866,STA-C2078,01-07-2025,Coffee Beans (Retail),2,19.74,Delivered,Mobile App
STA-O11681,STA-C1404,23-11-2025,Frappuccino,5,6.85,Returned,Cash
STA-O7977,STA-C6157,16-10-2023,Sandwiches,1,6.81,Delivered,Starbucks Card
STA-O7718,STA-C8915,18-12-2025,Coffee Beans (Retail),1,16.42,Delivered,Starbucks Card
STA-O12738,STA-C4348,06-06-2025,Sandwiches,1,6.53,Delivered,Mobile App
STA-O11842,STA-C6936,20-12-2025,Merchandise,5,34.96,Returned,Starbucks Card
STA-O7130,STA-C5448,29-12-2025,Hot Coffee,4,3.66,Delivered,Cash
STA-O7142,STA-C2926,16-05-2025,Hot Coffee,2,4.02,Unknown,Cash
STA-O11119,STA-C8140,26-05-2023,Hot Coffee,5,4.97,Delivered,Mobile App
STA-O14810,STA-C10155,26-12-2024,Merchandise,1,36.45,Delivered,Cash
STA-O5875,STA-C7583,16-04-2025,Merchandise,1,16.56,Unknown,Credit Card
STA-O6877,STA-C4368,03-10-2023,Merchandise,3,8.12,Pending,Mobile App
STA-O5148,STA-C5827,02-07-2023,Merchandise,5,25.36,Delivered,Cash
STA-O9551,STA-C6395,16-08-2023,Coffee Beans (Retail),2,10.7,Cancelled,Cash
STA-O13976,STA-C10447,27-06-2025,Merchandise,1,25.47,Delivered,Credit Card
STA-O14715,STA-C3170,12-07-2025,Tea,4,5.09,Pending,Mobile App
STA-O7756,STA-C4211,12-11-2023,Hot Coffee,4,6.43,Pending,Cash
STA-O9761,STA-C8407,13-04-2023,Frappuccino,2,5.89,Unknown,Mobile App
STA-O9215,STA-C5776,25-06-2024,Tea,3,3.49,Shipped,Starbucks Card
STA-O10848,STA-C1360,22-11-2023,Hot Coffee,1,5.98,Delivered,Cash
STA-O11260,STA-C10964,05-11-2025,Frappuccino,3,8.21,Shipped,Credit Card
STA-O7752,STA-C7903,02-10-2025,Bakery,1,4.84,Shipped,Mobile App
STA-O13848,STA-C10948,18-01-2023,Tea,4,3.18,Returned,Cash
STA-O9467,STA-C10679,20-09-2023,Cold Coffee,2,5.28,Delivered,Credit Card
STA-O8773,STA-C3431,20-04-2024,Coffee Beans (Retail),5,18.67,Shipped,Credit Card
STA-O9139,STA-C6301,19-02-2025,Frappuccino,2,5.78,Delivered,Credit Card
STA-O12616,STA-C6267,13-04-2023,Cold Coffee,5,6.97,Delivered,Mobile App
STA-O12674,STA-C2764,28-01-2024,Coffee Beans (Retail),1,16.79,Shipped,Cash
STA-O6156,STA-C10526,12-01-2024,Sandwiches,5,6.04,Returned,Mobile App
STA-O13733,STA-C8154,15-07-2025,Tea,3,5.05,Delivered,Credit Card
STA-O7773,STA-C6607,29-06-2023,Sandwiches,1,7.62,Returned,Mobile App
STA-O6671,STA-C6186,08-10-2023,Tea,2,3.2,Delivered,Mobile App
STA-O13827,STA-C7928,13-05-2023,Frappuccino,1,6.89,Shipped,Starbucks Card
STA-O10918,STA-C6085,21-07-2023,Cold Coffee,3,7.48,Cancelled,Credit Card
STA-O13544,STA-C3394,22-04-2024,Coffee Beans (Retail),5,19.12,Delivered,Starbucks Card
STA-O14454,STA-C6547,04-05-2024,Merchandise,1,20.87,Shipped,Starbucks Card
STA-O6624,STA-C7412,26-10-2023,Hot Coffee,1,6.33,Delivered,Mobile App
STA-O10500,STA-C9144,29-09-2024,Hot Coffee,3,6.91,Shipped,Cash
STA-O9011,STA-C1034,21-11-2024,Hot Coffee,4,5.02,Pending,Starbucks Card
STA-O6765,STA-C4414,15-11-2023,Bakery,2,3.88,Cancelled,Credit Card
STA-O11715,STA-C4163,14-12-2025,Merchandise,3,28.74,Delivered,Credit Card
STA-O5118,STA-C2893,06-05-2025,Tea,4,3.91,Pending,Mobile App
STA-O14213,STA-C4437,13-12-2024,Bakery,4,2.51,Returned,Starbucks Card
STA-O12503,STA-C6565,18-01-2025,Frappuccino,3,5.69,Shipped,Starbucks Card
STA-O7279,STA-C10854,03-01-2024,Frappuccino,3,6.13,Cancelled,Cash
STA-O8794,STA-C4358,26-12-2023,Hot Coffee,4,4.05,Shipped,Mobile App
STA-O6463,STA-C7633,10-11-2025,Coffee Beans (Retail),5,16.2,Cancelled,Credit Card
STA-O6194,STA-C5898,15-10-2024,Frappuccino,5,7.67,Delivered,Starbucks Card
STA-O8661,STA-C8230,21-03-2024,Merchandise,4,16.72,Cancelled,Mobile App
STA-O11797,STA-C6481,11-09-2023,Merchandise,4,10.13,Shipped,Starbucks Card
STA-O11363,STA-C3451,08-04-2024,Tea,5,5.06,Pending,Cash
STA-O7853,STA-C1262,13-01-2025,Bakery,5,3.72,Cancelled,Mobile App
STA-O14099,STA-C1385,05-01-2025,Coffee Beans (Retail),2,21.81,Delivered,Mobile App
STA-O12952,STA-C10976,11-12-2023,Tea,4,4.88,Delivered,Cash
STA-O8277,STA-C7001,09-05-2023,Hot Coffee,5,6.95,Pending,Cash
STA-O5016,STA-C1904,24-11-2025,Cold Coffee,3,7.65,Delivered,Cash
STA-O7232,STA-C10812,06-05-2023,Hot Coffee,1,5.44,Shipped,Starbucks Card
STA-O14740,STA-C8213,27-03-2024,Hot Coffee,5,4.05,Delivered,Cash
STA-O7734,STA-C7530,22-11-2025,Bakery,3,3.28,Shipped,Credit Card
STA-O10146,STA-C8727,29-06-2023,Cold Coffee,1,6.49,Delivered,Cash
STA-O11743,STA-C5883,23-03-2025,Frappuccino,2,8.23,Delivered,Credit Card
STA-O13257,STA-C7631,24-08-2025,Bakery,3,4.55,Returned,Starbucks Card
STA-O13344,STA-C4571,24-03-2023,Sandwiches,4,8.02,Pending,Mobile App
STA-O14518,STA-C10597,24-06-2023,Cold Coffee,5,5.62,Returned,Cash
STA-O5780,STA-C10086,14-10-2024,Frappuccino,4,5.87,Cancelled,Credit Card
STA-O11832,STA-C4756,24-06-2023,Bakery,2,3.95,Delivered,Cash
STA-O12900,STA-C3847,14-12-2023,Sandwiches,5,6.49,Shipped,Cash
STA-O12529,STA-C3198,13-07-2025,Frappuccino,4,6.97,Shipped,Cash
STA-O8218,STA-C5504,31-01-2024,Hot Coffee,3,4.81,Pending,Mobile App
STA-O14417,STA-C9472,29-05-2024,Hot Coffee,1,4.35,Pending,Starbucks Card
STA-O11158,STA-C9999,04-07-2025,Cold Coffee,2,7.53,Delivered,Cash
STA-O5880,STA-C9999,02-12-2025,Frappuccino,1,6.95,Shipped,Credit Card
STA-O9938,STA-C5336,25-07-2025,Merchandise,2,12.11,Cancelled,Starbucks Card
STA-O5941,STA-C3643,25-09-2025,Frappuccino,1,8.07,Delivered,Cash
STA-O14686,STA-C9637,07-08-2023,Cold Coffee,1,7.46,Returned,Starbucks Card
STA-O14602,STA-C2467,08-04-2023,Hot Coffee,4,5.14,Cancelled,Mobile App
STA-O5796,STA-C2220,09-01-2024,Sandwiches,3,7.69,Shipped,Cash
STA-O14466,STA-C9209,28-05-2024,Coffee Beans (Retail),2,14.58,Cancelled,Starbucks Card
STA-O14154,STA-C6573,20-08-2025,Frappuccino,1,5.28,Delivered,Starbucks Card
STA-O13664,STA-C6803,26-12-2025,Coffee Beans (Retail),2,14.66,Cancelled,Starbucks Card
STA-O14922,STA-C8467,03-11-2025,Bakery,4,3.33,Delivered,Credit Card
STA-O7988,STA-C9999,29-05-2025,Sandwiches,3,8.8,Delivered,Credit Card
STA-O11462,STA-C6784,18-12-2024,Frappuccino,4,6.16,Delivered,Mobile App
STA-O9787,STA-C8676,23-11-2023,Frappuccino,5,8.61,Delivered,Mobile App
STA-O8669,STA-C5956,01-01-2023,Cold Coffee,3,4.8,Delivered,Cash
STA-O11605,STA-C7541,12-07-2025,Hot Coffee,5,6.49,Shipped,Cash
STA-O10324,STA-C8545,06-06-2025,Sandwiches,1,8.22,Delivered,Starbucks Card
STA-O12734,STA-C1242,07-08-2025,Sandwiches,4,8.26,Shipped,Mobile App
STA-O8790,STA-C8139,20-02-2024,Sandwiches,3,5.15,Delivered,Mobile App
STA-O14600,STA-C4623,14-12-2024,Coffee Beans (Retail),3,11.92,Delivered,Cash
STA-O10709,STA-C3177,05-06-2023,Merchandise,1,33.36,Pending,Cash
STA-O5476,STA-C6890,17-02-2023,Sandwiches,4,6.86,Delivered,Credit Card
STA-O6406,STA-C8057,04-06-2024,Sandwiches,4,6.53,Returned,Credit Card
STA-O6142,STA-C3635,30-06-2025,Merchandise,4,38.35,Returned,Credit Card
STA-O9053,STA-C1502,04-05-2023,Frappuccino,1,7.88,Delivered,Mobile App
STA-O12991,STA-C6613,27-12-2024,Frappuccino,4,6.48,Delivered,Starbucks Card
STA-O11724,STA-C7111,10-04-2025,Merchandise,2,37.86,Delivered,Cash
STA-O9043,STA-C10167,29-10-2025,Sandwiches,3,8.07,Delivered,Mobile App
STA-O8698,STA-C4999,10-03-2025,Coffee Beans (Retail),1,21.26,Cancelled,Mobile App
STA-O10526,STA-C9470,21-07-2024,Hot Coffee,1,6.81,Returned,Starbucks Card
STA-O14166,STA-C6179,09-07-2023,Bakery,4,3.33,Delivered,Starbucks Card
STA-O10726,STA-C4232,18-11-2024,Cold Coffee,5,4.29,Pending,Cash
STA-O6808,STA-C7222,12-10-2024,Frappuccino,5,6.41,Shipped,Starbucks Card
STA-O9911,STA-C6285,05-11-2025,Hot Coffee,1,3.71,Pending,Cash
STA-O14240,STA-C9805,11-02-2025,Merchandise,3,29.99,Shipped,Mobile App
STA-O12649,STA-C4649,02-02-2023,Merchandise,3,24.67,Delivered,Starbucks Card
STA-O8700,STA-C10580,30-07-2023,Sandwiches,2,7.23,Returned,Credit Card
STA-O10310,STA-C8328,06-05-2025,Bakery,4,5.54,Unknown,Cash
STA-O8618,STA-C7259,25-10-2025,Cold Coffee,2,5.52,Delivered,Cash
STA-O11592,STA-C3163,11-10-2024,Frappuccino,2,8.85,Delivered,Mobile App
STA-O14977,STA-C3205,16-11-2023,Bakery,4,5.1,Delivered,Cash
STA-O10844,STA-C4689,27-11-2024,Coffee Beans (Retail),2,20.46,Shipped,Credit Card
STA-O12336,STA-C6475,24-05-2023,Coffee Beans (Retail),4,13.18,Delivered,Cash
STA-O12963,STA-C9622,21-07-2024,Tea,3,3.94,Delivered,Credit Card
STA-O6212,STA-C3693,27-01-2023,Frappuccino,4,6.72,Delivered,Mobile App
STA-O7290,STA-C2755,18-01-2023,Merchandise,3,19.73,Delivered,Starbucks Card
STA-O6182,STA-C3477,15-02-2023,Hot Coffee,2,3.4,Delivered,Mobile App
STA-O9850,STA-C9751,20-09-2025,Hot Coffee,5,5.04,Unknown,Mobile App
STA-O10024,STA-C2912,22-04-2024,Sandwiches,5,8.55,Returned,Credit Card
STA-O9937,STA-C1811,12-09-2024,Coffee Beans (Retail),5,16.15,Pending,Starbucks Card
STA-O10892,STA-C5608,27-04-2023,Merchandise,2,30.79,Delivered,Cash
STA-O12276,STA-C6383,30-06-2023,Merchandise,3,39.77,Delivered,Cash
STA-O6579,STA-C2821,25-07-2024,Hot Coffee,5,6.45,Cancelled,Credit Card
STA-O13507,STA-C9644,05-02-2023,Sandwiches,5,7.12,Pending,Cash
STA-O6613,STA-C10079,01-02-2023,Merchandise,4,38.93,Unknown,Cash
STA-O8982,STA-C3961,11-09-2024,Merchandise,2,39.23,Cancelled,Mobile App
STA-O6505,STA-C4685,24-03-2024,Tea,2,5.5,Delivered,Starbucks Card
STA-O11512,STA-C1420,11-08-2023,Frappuccino,2,6.87,Delivered,Cash
STA-O8238,STA-C10205,16-01-2025,Tea,5,3.04,Unknown,Cash
STA-O6915,STA-C9342,23-04-2023,Cold Coffee,3,7.75,Returned,Mobile App
STA-O14239,STA-C2681,31-08-2024,Frappuccino,1,6.48,Delivered,Starbucks Card
STA-O9636,STA-C8176,19-09-2025,Cold Coffee,3,6.3,Delivered,Starbucks Card
STA-O9148,STA-C1639,27-11-2025,Hot Coffee,2,6.99,Cancelled,Starbucks Card
STA-O12735,STA-C4424,28-03-2023,Tea,1,5.74,Pending,Mobile App
STA-O6362,STA-C10892,21-12-2025,Coffee Beans (Retail),1,14.39,Pending,Mobile App
STA-O14630,STA-C1420,11-02-2024,Coffee Beans (Retail),3,15.72,Pending,Mobile App
STA-O14196,STA-C1349,06-11-2024,Cold Coffee,3,4.89,Shipped,Mobile App
STA-O14109,STA-C9359,10-04-2023,Coffee Beans (Retail),1,19.88,Pending,Starbucks Card
STA-O11665,STA-C3421,29-01-2023,Cold Coffee,3,7.32,Delivered,Starbucks Card
STA-O8726,STA-C5822,14-05-2025,Cold Coffee,4,6.67,Cancelled,Mobile App
STA-O9207,STA-C7807,18-05-2025,Tea,2,4.07,Delivered,Cash
STA-O9542,STA-C6173,12-04-2023,Merchandise,3,10.95,Cancelled,Credit Card
STA-O9164,STA-C10216,20-06-2024,Tea,4,4.06,Pending,Cash
STA-O9926,STA-C4660,25-04-2024,Hot Coffee,2,5.02,Delivered,Starbucks Card
STA-O10019,STA-C9771,11-10-2023,Tea,4,3.33,Delivered,Cash
STA-O8009,STA-C6419,28-09-2024,Bakery,1,2.5,Returned,Starbucks Card
STA-O14072,STA-C6529,04-02-2025,Tea,2,3.9,Cancelled,Credit Card
STA-O11896,STA-C6998,22-05-2024,Tea,2,4.26,Delivered,Mobile App
STA-O12135,STA-C1757,27-01-2025,Bakery,3,5.63,Delivered,Starbucks Card
STA-O7443,STA-C5191,15-01-2024,Cold Coffee,3,5.78,Returned,Cash
STA-O10200,STA-C5059,02-07-2023,Frappuccino,4,6.45,Delivered,Cash
STA-O8095,STA-C5011,29-12-2025,Cold Coffee,4,7.17,Cancelled,Credit Card
STA-O14145,STA-C4197,04-09-2023,Frappuccino,4,5.87,Delivered,Starbucks Card
STA-O8929,STA-C9873,29-06-2024,Hot Coffee,1,3.63,Pending,Mobile App
STA-O13434,STA-C8347,31-01-2025,Cold Coffee,4,7.03,Delivered,Mobile App
STA-O5141,STA-C8391,26-07-2024,Sandwiches,4,6.38,Delivered,Starbucks Card
STA-O14863,STA-C3864,08-07-2024,Tea,1,6,Returned,Mobile App
STA-O7095,STA-C9736,18-12-2025,Merchandise,1,14.35,Delivered,Starbucks Card
STA-O14783,STA-C6247,11-09-2023,Bakery,5,3.19,Cancelled,Mobile App
STA-O14801,STA-C5405,01-12-2023,Hot Coffee,3,3.33,Pending,Cash
STA-O5044,STA-C1039,10-02-2023,Sandwiches,2,7.59,Pending,Mobile App
STA-O7211,STA-C6910,04-12-2025,Frappuccino,5,5.98,Delivered,Mobile App
STA-O7030,STA-C6610,04-11-2025,Sandwiches,5,5.97,Shipped,Starbucks Card
STA-O11399,STA-C6140,11-11-2023,Coffee Beans (Retail),2,20.15,Delivered,Credit Card
STA-O7415,STA-C3207,06-09-2024,Sandwiches,2,8.93,Delivered,Mobile App
STA-O12248,STA-C2833,20-10-2024,Cold Coffee,3,5.45,Delivered,Mobile App
STA-O7576,STA-C7118,12-07-2025,Cold Coffee,5,5.81,Delivered,Mobile App
STA-O14815,STA-C5034,25-09-2025,Hot Coffee,5,4.86,Cancelled,Credit Card
STA-O9458,STA-C8562,30-03-2025,Hot Coffee,2,6.59,Pending,Credit Card
STA-O9566,STA-C7101,28-10-2023,Frappuccino,3,7.93,Unknown,Mobile App
STA-O9692,STA-C1604,11-12-2023,Sandwiches,4,5.03,Cancelled,Cash
STA-O12765,STA-C7398,25-04-2023,Coffee Beans (Retail),3,14.29,Shipped,Cash
STA-O7903,STA-C6452,25-01-2023,Frappuccino,2,6.64,Pending,Mobile App
STA-O5215,STA-C9272,18-04-2025,Bakery,3,3.64,Pending,Mobile App
STA-O14916,STA-C9373,24-07-2025,Frappuccino,1,6.83,Pending,Mobile App
STA-O14309,STA-C4542,25-06-2023,Hot Coffee,2,4.27,Delivered,Starbucks Card
STA-O14587,STA-C1611,13-02-2025,Cold Coffee,5,7.32,Delivered,Cash
STA-O7514,STA-C6772,05-09-2025,Hot Coffee,2,5.34,Shipped,Credit Card
STA-O7446,STA-C1424,30-05-2025,Sandwiches,1,7.36,Delivered,Mobile App
STA-O14516,STA-C3946,14-12-2024,Merchandise,2,26.74,Delivered,Credit Card
STA-O5419,STA-C2812,13-07-2025,Bakery,1,4.39,Delivered,Mobile App
STA-O12902,STA-C3687,16-02-2025,Merchandise,1,16.52,Delivered,Mobile App
STA-O11386,STA-C7663,14-04-2023,Cold Coffee,3,5.16,Returned,Mobile App
STA-O6697,STA-C8720,29-06-2023,Bakery,1,3.34,Delivered,Starbucks Card
STA-O7401,STA-C3748,22-02-2024,Bakery,5,4.09,Returned,Starbucks Card
STA-O12106,STA-C3014,06-05-2025,Merchandise,3,18.62,Cancelled,Starbucks Card
STA-O11309,STA-C9329,04-03-2024,Hot Coffee,4,5.32,Delivered,Cash
STA-O6603,STA-C9998,05-02-2023,Tea,4,5.51,Cancelled,Cash
STA-O9085,STA-C7738,31-12-2024,Coffee Beans (Retail),1,13.77,Shipped,Mobile App
STA-O10620,STA-C1439,01-10-2023,Coffee Beans (Retail),5,22.14,Shipped,Starbucks Card
STA-O12226,STA-C7167,14-08-2025,Merchandise,1,14.73,Pending,Starbucks Card
STA-O5831,STA-C1668,29-04-2023,Frappuccino,1,6.7,Returned,Starbucks Card
STA-O10459,STA-C9999,07-05-2023,Frappuccino,3,5.19,Cancelled,Starbucks Card
STA-O9971,STA-C2663,15-12-2023,Coffee Beans (Retail),1,13.4,Cancelled,Starbucks Card
STA-O9187,STA-C7648,25-02-2024,Sandwiches,1,6.53,Pending,Mobile App
STA-O14513,STA-C7043,25-08-2024,Tea,2,3.94,Returned,Cash
STA-O7950,STA-C2652,09-06-2025,Tea,4,3.84,Delivered,Starbucks Card
STA-O10083,STA-C9315,27-05-2024,Cold Coffee,1,4.17,Cancelled,Cash
STA-O13221,STA-C2394,12-10-2025,Coffee Beans (Retail),5,13.8,Unknown,Credit Card
STA-O6251,STA-C3433,22-02-2024,Tea,5,4.19,Delivered,Mobile App
STA-O11769,STA-C2717,10-01-2023,Coffee Beans (Retail),3,22.88,Returned,Cash
STA-O14925,STA-C5603,12-02-2025,Bakery,3,5.58,Returned,Starbucks Card
STA-O7149,STA-C7701,13-09-2025,Coffee Beans (Retail),3,23.75,Shipped,Starbucks Card
STA-O13028,STA-C8203,16-06-2024,Hot Coffee,5,3.01,Delivered,Starbucks Card
STA-O12701,STA-C2291,08-01-2024,Bakery,5,5.35,Delivered,Cash
STA-O11897,STA-C5304,11-08-2023,Bakery,4,5.99,Pending,Cash
STA-O6421,STA-C9821,09-03-2024,Coffee Beans (Retail),4,13.1,Cancelled,Mobile App
STA-O6280,STA-C4246,14-11-2024,Frappuccino,2,6.78,Delivered,Starbucks Card
STA-O5208,STA-C7700,24-08-2023,Tea,3,3.68,Returned,Cash
STA-O9681,STA-C2881,07-05-2024,Cold Coffee,3,6.17,Cancelled,Credit Card
STA-O13362,STA-C7508,15-09-2025,Tea,3,4.2,Delivered,Cash
STA-O6407,STA-C2361,06-03-2023,Sandwiches,1,8.92,Cancelled,Cash
STA-O5665,STA-C5715,18-01-2023,Bakery,3,5.4,Delivered,Credit Card
STA-O9191,STA-C9999,08-05-2024,Merchandise,1,21.15,Returned,Mobile App
STA-O11000,STA-C1522,09-01-2023,Sandwiches,1,7.66,Delivered,Cash
STA-O9479,STA-C3927,27-10-2025,Tea,2,5.93,Pending,Mobile App
STA-O14872,STA-C4999,29-01-2024,Bakery,1,4.93,Returned,Starbucks Card
STA-O5651,STA-C2412,01-11-2023,Merchandise,1,32.19,Delivered,Cash
STA-O12007,STA-C8305,12-08-2024,Cold Coffee,1,5.33,Unknown,Credit Card
STA-O12442,STA-C5732,15-01-2024,Bakery,1,4.16,Cancelled,Credit Card
STA-O8758,STA-C3624,25-07-2023,Sandwiches,2,6.96,Returned,Credit Card
STA-O7761,STA-C2684,29-06-2025,Merchandise,3,24.79,Delivered,Credit Card
STA-O6279,STA-C3136,20-08-2023,Bakery,3,3.37,Delivered,Cash
STA-O13443,STA-C3931,18-02-2025,Sandwiches,1,7.94,Delivered,Credit Card
STA-O12068,STA-C1861,13-03-2025,Coffee Beans (Retail),4,19.89,Shipped,Starbucks Card
STA-O12306,STA-C3864,06-08-2025,Bakery,4,3.12,Delivered,Cash
STA-O13236,STA-C3614,05-01-2023,Bakery,4,2.24,Delivered,Starbucks Card
STA-O11208,STA-C6132,24-01-2023,Coffee Beans (Retail),4,11.05,Delivered,Credit Card
STA-O6153,STA-C7983,13-12-2023,Hot Coffee,2,6.79,Shipped,Mobile App
STA-O10247,STA-C7698,11-08-2023,Tea,1,4.61,Returned,Starbucks Card
STA-O8037,STA-C4307,21-03-2025,Cold Coffee,1,4.71,Pending,Mobile App
STA-O14536,STA-C1491,11-02-2025,Hot Coffee,1,4.68,Unknown,Mobile App
STA-O12402,STA-C9823,12-10-2023,Tea,3,3.19,Pending,Starbucks Card
STA-O11449,STA-C10233,18-08-2023,Merchandise,1,39.68,Unknown,Credit Card
STA-O10102,STA-C7009,23-05-2025,Sandwiches,5,5.51,Returned,Mobile App
STA-O6604,STA-C9999,08-05-2023,Cold Coffee,3,7.56,Delivered,Credit Card
STA-O8210,STA-C3818,01-06-2023,Hot Coffee,4,3.7,Cancelled,Cash
STA-O6794,STA-C8304,14-10-2024,Frappuccino,4,8.91,Cancelled,Starbucks Card
STA-O9478,STA-C6604,17-11-2024,Cold Coffee,4,6.21,Delivered,Starbucks Card
STA-O5377,STA-C1538,01-11-2023,Tea,1,5.61,Returned,Cash
STA-O7964,STA-C9295,16-06-2024,Frappuccino,1,5.5,Returned,Starbucks Card
STA-O6066,STA-C4456,19-03-2024,Cold Coffee,1,7.12,Shipped,Mobile App
STA-O13792,STA-C10915,08-04-2023,Sandwiches,5,5.36,Shipped,Cash
STA-O8010,STA-C2226,15-04-2024,Coffee Beans (Retail),3,21.31,Pending,Cash
STA-O9431,STA-C9001,01-08-2023,Tea,4,3.88,Pending,Mobile App
STA-O6553,STA-C2095,30-10-2024,Hot Coffee,3,6.63,Shipped,Cash
STA-O6900,STA-C5461,24-03-2025,Sandwiches,4,6.49,Pending,Starbucks Card
STA-O7863,STA-C5156,25-04-2024,Cold Coffee,2,6.05,Pending,Starbucks Card
STA-O7981,STA-C8823,05-11-2024,Frappuccino,2,6.96,Shipped,Mobile App
STA-O9569,STA-C3721,30-12-2024,Frappuccino,1,7.34,Unknown,Credit Card
STA-O14873,STA-C6652,20-10-2024,Coffee Beans (Retail),3,17.36,Pending,Mobile App
STA-O11352,STA-C5887,12-02-2025,Frappuccino,1,8.26,Shipped,Starbucks Card
STA-O11929,STA-C5305,25-12-2024,Merchandise,5,18.07,Cancelled,Mobile App
STA-O12906,STA-C9999,28-03-2024,Sandwiches,3,6.73,Cancelled,Cash
STA-O7031,STA-C2394,30-06-2023,Hot Coffee,1,4.72,Delivered,Starbucks Card
STA-O12259,STA-C6757,10-10-2025,Cold Coffee,5,5.41,Shipped,Credit Card
STA-O11583,STA-C9229,05-08-2024,Cold Coffee,3,5.43,Delivered,Starbucks Card
STA-O13090,STA-C8952,01-02-2023,Coffee Beans (Retail),4,15.72,Cancelled,Starbucks Card
STA-O8854,STA-C7817,13-10-2024,Frappuccino,3,6.86,Returned,Starbucks Card
STA-O5496,STA-C1393,29-09-2024,Tea,4,5.11,Returned,Mobile App
STA-O14140,STA-C5499,20-03-2023,Merchandise,2,29.15,Pending,Mobile App
STA-O14340,STA-C4972,25-04-2024,Coffee Beans (Retail),2,19.09,Delivered,Credit Card
STA-O8012,STA-C5400,07-10-2023,Coffee Beans (Retail),3,24.84,Delivered,Credit Card
STA-O14320,STA-C10716,22-06-2023,Tea,5,5.22,Pending,Starbucks Card
STA-O11654,STA-C10488,26-03-2025,Hot Coffee,1,6.94,Cancelled,Credit Card
STA-O12304,STA-C5875,19-09-2025,Frappuccino,1,6,Delivered,Starbucks Card
STA-O7044,STA-C1877,10-10-2024,Frappuccino,4,6.15,Pending,Cash
STA-O7768,STA-C4089,07-03-2025,Coffee Beans (Retail),5,22.64,Shipped,Credit Card
STA-O12394,STA-C3146,25-07-2023,Cold Coffee,2,5.11,Delivered,Cash
STA-O9470,STA-C4808,21-07-2024,Hot Coffee,5,6.75,Delivered,Mobile App
STA-O8358,STA-C1156,05-07-2023,Coffee Beans (Retail),2,17.93,Pending,Mobile App
STA-O8125,STA-C4491,28-09-2024,Frappuccino,4,7.69,Returned,Starbucks Card
STA-O8541,STA-C7877,30-10-2024,Coffee Beans (Retail),1,20.06,Delivered,Credit Card
STA-O11537,STA-C6099,19-10-2024,Hot Coffee,3,5.76,Delivered,Mobile App
STA-O7090,STA-C3985,21-06-2024,Bakery,1,4.01,Returned,Mobile App
STA-O11494,STA-C7495,09-12-2023,Cold Coffee,4,6.16,Returned,Cash
STA-O5892,STA-C3761,18-04-2025,Sandwiches,3,6.61,Returned,Cash
STA-O11848,STA-C9401,22-11-2025,Sandwiches,2,8.64,Delivered,Mobile App
STA-O5753,STA-C1531,25-02-2025,Cold Coffee,2,5.09,Delivered,Starbucks Card
STA-O12967,STA-C4363,06-09-2024,Hot Coffee,5,4.91,Unknown,Credit Card
STA-O7634,STA-C2657,12-04-2023,Frappuccino,4,8.82,Delivered,Mobile App
STA-O8508,STA-C1449,07-05-2024,Bakery,1,4.23,Returned,Credit Card
STA-O9396,STA-C4015,12-04-2025,Hot Coffee,5,4.91,Delivered,Cash
STA-O7442,STA-C7862,05-05-2024,Frappuccino,4,7.56,Shipped,Credit Card
STA-O12916,STA-C2849,24-02-2024,Hot Coffee,4,3.42,Delivered,Starbucks Card
STA-O14195,STA-C3759,16-03-2024,Merchandise,4,17.19,Returned,Cash
STA-O7745,STA-C1088,29-01-2023,Tea,2,3.88,Cancelled,Cash
STA-O13235,STA-C7146,20-03-2024,Merchandise,3,37.63,Returned,Mobile App
STA-O11755,STA-C3738,21-01-2023,Cold Coffee,4,5.03,Shipped,Cash
STA-O9027,STA-C10910,30-09-2024,Tea,5,5.54,Delivered,Mobile App
STA-O6164,STA-C3846,20-05-2024,Coffee Beans (Retail),5,21.93,Cancelled,Starbucks Card
STA-O10145,STA-C9192,13-08-2023,Bakery,5,3.62,Delivered,Cash
STA-O7838,STA-C6840,20-05-2023,Merchandise,4,13.43,Returned,Starbucks Card
STA-O7198,STA-C5664,11-06-2024,Hot Coffee,2,4.54,Delivered,Starbucks Card
STA-O13810,STA-C4145,03-06-2023,Sandwiches,4,8.95,Delivered,Starbucks Card
STA-O6045,STA-C9679,20-07-2024,Merchandise,1,22.96,Delivered,Credit Card
STA-O13753,STA-C9952,26-10-2024,Bakery,4,4,Delivered,Cash
STA-O11969,STA-C1464,20-07-2025,Tea,1,3.31,Pending,Credit Card
STA-O5125,STA-C5785,11-04-2024,Sandwiches,2,8.23,Delivered,Starbucks Card
STA-O12527,STA-C10626,13-01-2023,Merchandise,3,34.03,Returned,Cash
STA-O5269,STA-C8812,14-08-2023,Merchandise,1,20.08,Delivered,Cash
STA-O9667,STA-C1830,05-03-2024,Coffee Beans (Retail),2,13.75,Delivered,Mobile App
STA-O9484,STA-C9485,22-01-2025,Merchandise,2,35.51,Shipped,Starbucks Card
STA-O5431,STA-C6550,24-12-2025,Merchandise,3,29.62,Delivered,Starbucks Card
STA-O8352,STA-C7781,26-09-2025,Hot Coffee,3,3.16,Delivered,Mobile App
STA-O9138,STA-C5372,20-07-2025,Frappuccino,4,6.4,Delivered,Mobile App
STA-O5513,STA-C8436,29-08-2025,Frappuccino,5,7.08,Shipped,Starbucks Card
STA-O6612,STA-C9253,19-05-2023,Coffee Beans (Retail),1,10.36,Delivered,Starbucks Card
STA-O10321,STA-C1090,13-09-2025,Sandwiches,5,7.15,Delivered,Credit Card
STA-O9337,STA-C8605,02-10-2023,Bakery,5,5.53,Pending,Mobile App
STA-O8115,STA-C8730,08-10-2023,Sandwiches,2,8.27,Shipped,Credit Card
STA-O6004,STA-C8629,17-07-2023,Bakery,1,3.41,Shipped,Credit Card
STA-O8434,STA-C7381,05-11-2025,Sandwiches,4,6.98,Delivered,Cash
STA-O11166,STA-C5223,19-08-2024,Coffee Beans (Retail),4,10.72,Pending,Mobile App
STA-O11964,STA-C8325,15-04-2025,Hot Coffee,5,3.52,Delivered,Cash
STA-O14354,STA-C7775,04-03-2024,Coffee Beans (Retail),5,23.61,Delivered,Mobile App
STA-O8432,STA-C5925,13-02-2025,Coffee Beans (Retail),5,22.64,Delivered,Credit Card
STA-O5443,STA-C1202,06-08-2025,Cold Coffee,1,7.08,Returned,Credit Card
STA-O14745,STA-C10338,03-10-2025,Cold Coffee,5,4.8,Returned,Credit Card
STA-O9670,STA-C5379,12-03-2023,Merchandise,1,21.14,Delivered,Mobile App
STA-O13427,STA-C3104,15-02-2023,Frappuccino,4,8.25,Delivered,Mobile App
STA-O12253,STA-C3249,13-01-2025,Tea,4,3.77,Returned,Credit Card
STA-O9741,STA-C3637,27-05-2023,Coffee Beans (Retail),1,21.09,Pending,Credit Card
STA-O12081,STA-C1135,27-12-2023,Bakery,2,3.76,Shipped,Starbucks Card
STA-O14490,STA-C8197,25-09-2024,Hot Coffee,2,3.77,Pending,Starbucks Card
STA-O8720,STA-C3557,01-01-2023,Hot Coffee,4,4.71,Pending,Cash
STA-O11596,STA-C2038,17-12-2025,Bakery,3,5.74,Shipped,Starbucks Card
STA-O7165,STA-C5358,18-04-2023,Bakery,2,4.85,Delivered,Mobile App
STA-O5799,STA-C1900,01-05-2023,Bakery,2,5.68,Delivered,Credit Card
STA-O6354,STA-C4131,09-10-2024,Hot Coffee,4,5.08,Pending,Mobile App
STA-O14812,STA-C1322,05-08-2024,Coffee Beans (Retail),2,23.43,Returned,Mobile App
STA-O10206,STA-C8085,22-04-2024,Cold Coffee,4,4.14,Cancelled,Starbucks Card
STA-O5968,STA-C9310,23-09-2024,Bakery,5,3.31,Delivered,Mobile App
STA-O14936,STA-C2360,01-08-2024,Merchandise,5,31.81,Pending,Cash
STA-O14926,STA-C4173,22-03-2024,Frappuccino,2,5.67,Cancelled,Credit Card
STA-O11650,STA-C3489,01-01-2024,Sandwiches,1,7.56,Returned,Cash
STA-O9193,STA-C10920,19-01-2024,Frappuccino,3,8.45,Shipped,Credit Card
STA-O10050,STA-C3786,19-11-2025,Sandwiches,5,7.37,Shipped,Starbucks Card
STA-O14456,STA-C5679,05-12-2024,Sandwiches,5,8.76,Pending,Cash
STA-O6437,STA-C6530,19-05-2024,Coffee Beans (Retail),4,23.55,Delivered,Credit Card
STA-O8519,STA-C7040,07-05-2024,Sandwiches,3,6.26,Returned,Starbucks Card
STA-O12337,STA-C1791,28-05-2024,Coffee Beans (Retail),2,20.42,Cancelled,Cash
STA-O14742,STA-C9824,17-05-2025,Tea,5,4.95,Returned,Starbucks Card
STA-O9237,STA-C7987,19-09-2025,Merchandise,1,25.79,Delivered,Starbucks Card
STA-O8149,STA-C8406,05-03-2025,Hot Coffee,4,3.98,Delivered,Mobile App
STA-O11961,STA-C8562,26-10-2025,Merchandise,2,34.76,Cancelled,Cash
STA-O6694,STA-C2392,21-11-2023,Sandwiches,5,7.63,Pending,Starbucks Card
STA-O10172,STA-C4894,03-04-2024,Merchandise,1,13.61,Shipped,Starbucks Card
STA-O5200,STA-C5809,17-10-2025,Merchandise,4,34.25,Delivered,Credit Card
STA-O6245,STA-C9293,05-03-2024,Merchandise,1,12.76,Returned,Starbucks Card
STA-O10085,STA-C10974,16-05-2025,Cold Coffee,4,4.96,Pending,Starbucks Card
STA-O7269,STA-C7029,29-05-2023,Sandwiches,2,7.66,Delivered,Cash
STA-O13187,STA-C9325,24-07-2025,Tea,4,3.15,Delivered,Cash
STA-O9287,STA-C2965,09-05-2024,Hot Coffee,1,4.32,Cancelled,Starbucks Card
STA-O8805,STA-C3602,07-08-2025,Cold Coffee,1,5.38,Delivered,Cash
STA-O6919,STA-C1588,09-08-2023,Tea,1,5.89,Delivered,Credit Card
STA-O5706,STA-C10792,29-01-2024,Cold Coffee,4,6.3,Shipped,Cash
STA-O6439,STA-C2747,02-07-2023,Merchandise,2,14.98,Delivered,Cash
STA-O6255,STA-C1942,19-04-2023,Coffee Beans (Retail),4,19.75,Delivered,Starbucks Card
STA-O10753,STA-C7403,17-06-2025,Tea,4,3.34,Unknown,Starbucks Card
STA-O7247,STA-C8323,22-03-2023,Sandwiches,2,5.49,Cancelled,Credit Card
STA-O13467,STA-C6869,13-02-2025,Tea,3,3.23,Shipped,Cash
STA-O14391,STA-C2931,08-07-2025,Merchandise,5,34.06,Delivered,Mobile App
STA-O14997,STA-C4469,27-03-2023,Coffee Beans (Retail),2,12.87,Returned,Starbucks Card
STA-O7256,STA-C6110,10-08-2025,Frappuccino,4,8.1,Delivered,Mobile App
STA-O9632,STA-C6312,10-08-2023,Coffee Beans (Retail),2,24.48,Delivered,Starbucks Card
STA-O13849,STA-C7474,21-05-2025,Bakery,4,4.77,Delivered,Mobile App
STA-O7411,STA-C9681,02-03-2024,Tea,5,5.27,Delivered,Cash
STA-O11854,STA-C3326,08-09-2024,Hot Coffee,2,3.39,Delivered,Starbucks Card
STA-O7145,STA-C3348,26-06-2025,Sandwiches,2,8.23,Cancelled,Credit Card
STA-O5783,STA-C6590,01-01-2024,Bakery,5,2.83,Returned,Mobile App
STA-O10989,STA-C5170,23-05-2024,Merchandise,3,29.54,Cancelled,Mobile App
STA-O13334,STA-C9999,09-04-2024,Hot Coffee,4,5.52,Delivered,Credit Card
STA-O7200,STA-C9515,21-10-2024,Cold Coffee,5,4.74,Delivered,Mobile App
STA-O9454,STA-C9999,03-04-2025,Bakery,4,3.97,Delivered,Credit Card
STA-O11328,STA-C9653,25-05-2023,Tea,3,4.05,Shipped,Cash
STA-O14476,STA-C8877,04-09-2023,Coffee Beans (Retail),3,18.05,Shipped,Cash
STA-O5762,STA-C7165,14-10-2023,Sandwiches,1,8.75,Shipped,Starbucks Card
STA-O6521,STA-C4378,14-12-2025,Tea,3,5.85,Cancelled,Mobile App
STA-O11636,STA-C5384,11-10-2025,Cold Coffee,2,5.77,Delivered,Mobile App
STA-O10840,STA-C9253,15-08-2024,Bakery,2,5.69,Delivered,Mobile App
STA-O11261,STA-C2478,27-02-2025,Cold Coffee,2,5.33,Pending,Starbucks Card
STA-O13528,STA-C6324,22-08-2025,Tea,5,3.06,Pending,Credit Card
STA-O11145,STA-C9173,18-02-2023,Frappuccino,2,8.42,Delivered,Starbucks Card
STA-O11870,STA-C8327,08-07-2024,Bakery,1,2.84,Returned,Cash
STA-O10440,STA-C4586,28-02-2025,Coffee Beans (Retail),1,10.5,Delivered,Mobile App
STA-O11485,STA-C6294,24-04-2025,Tea,5,4.54,Delivered,Starbucks Card
STA-O7589,STA-C2630,31-07-2025,Frappuccino,3,8.99,Delivered,Credit Card
STA-O11709,STA-C7071,05-06-2024,Merchandise,5,20.99,Cancelled,Cash
STA-O5607,STA-C1281,24-10-2024,Cold Coffee,1,4.08,Delivered,Mobile App
STA-O8513,STA-C2879,23-03-2025,Cold Coffee,4,7.97,Cancelled,Cash
STA-O6838,STA-C6250,16-12-2024,Merchandise,1,29.93,Delivered,Cash
STA-O14760,STA-C6618,05-06-2023,Coffee Beans (Retail),2,16.39,Delivered,Cash
STA-O13736,STA-C9448,18-08-2024,Frappuccino,1,5.8,Delivered,Mobile App
STA-O8152,STA-C6684,02-08-2025,Cold Coffee,5,7.74,Returned,Mobile App
STA-O6464,STA-C7408,18-11-2024,Hot Coffee,3,3.19,Returned,Cash
STA-O10796,STA-C1338,04-05-2024,Tea,4,5.79,Shipped,Starbucks Card
STA-O8735,STA-C7540,23-04-2024,Tea,1,4.07,Cancelled,Mobile App
STA-O6552,STA-C2216,15-06-2023,Sandwiches,3,7.71,Delivered,Starbucks Card
STA-O14295,STA-C7093,20-02-2024,Coffee Beans (Retail),1,23.27,Delivered,Cash
STA-O8633,STA-C9315,03-12-2024,Hot Coffee,2,4.85,Delivered,Starbucks Card
STA-O11346,STA-C9748,05-12-2023,Merchandise,2,39.83,Cancelled,Credit Card
STA-O7318,STA-C6635,10-10-2024,Frappuccino,5,5.49,Delivered,Credit Card
STA-O12882,STA-C10114,03-12-2025,Cold Coffee,3,6.88,Returned,Credit Card
STA-O7412,STA-C9424,31-03-2023,Cold Coffee,1,7.7,Delivered,Starbucks Card
STA-O6059,STA-C9777,30-08-2023,Frappuccino,3,8.38,Pending,Starbucks Card
STA-O8305,STA-C10467,14-12-2025,Bakery,2,5.58,Delivered,Mobile App
STA-O6565,STA-C9382,10-10-2025,Tea,5,5.96,Delivered,Cash
STA-O12839,STA-C1575,01-04-2024,Bakery,2,5.49,Cancelled,Mobile App
STA-O8250,STA-C2987,10-12-2023,Cold Coffee,5,6.01,Delivered,Cash
STA-O11996,STA-C5619,12-02-2023,Hot Coffee,3,3.25,Delivered,Starbucks Card
STA-O8061,STA-C2369,09-11-2025,Sandwiches,4,8.91,Pending,Mobile App
STA-O5226,STA-C5276,14-05-2024,Cold Coffee,4,7.74,Returned,Cash
STA-O12399,STA-C10948,01-12-2025,Bakery,2,2.12,Pending,Cash
STA-O6752,STA-C8402,10-09-2024,Cold Coffee,3,7.9,Cancelled,Mobile App
STA-O11498,STA-C6693,10-02-2024,Merchandise,5,23.53,Shipped,Starbucks Card
STA-O11637,STA-C1125,15-05-2024,Bakery,2,3.42,Delivered,Cash
STA-O7219,STA-C4585,19-06-2024,Frappuccino,4,8.46,Pending,Mobile App
STA-O5474,STA-C1407,22-02-2024,Tea,2,4.35,Delivered,Credit Card
STA-O13428,STA-C10924,10-11-2025,Merchandise,5,17.65,Returned,Starbucks Card
STA-O8827,STA-C2866,07-08-2025,Cold Coffee,1,6.31,Delivered,Mobile App
STA-O13894,STA-C9541,18-07-2023,Frappuccino,5,6.97,Unknown,Starbucks Card
STA-O8377,STA-C5059,16-10-2023,Cold Coffee,2,6.46,Pending,Cash
STA-O6950,STA-C5861,02-01-2025,Merchandise,2,15.53,Pending,Starbucks Card
STA-O10141,STA-C9878,05-06-2024,Cold Coffee,2,7.55,Delivered,Credit Card
STA-O14607,STA-C7570,24-06-2023,Bakery,4,5.23,Delivered,Starbucks Card
STA-O6316,STA-C6627,09-01-2025,Hot Coffee,4,4.26,Delivered,Cash
STA-O9960,STA-C6356,26-08-2023,Frappuccino,1,7.7,Returned,Mobile App
STA-O8276,STA-C7096,09-08-2025,Cold Coffee,3,7.4,Delivered,Starbucks Card
STA-O14392,STA-C2909,17-01-2023,Hot Coffee,4,3.97,Shipped,Credit Card
STA-O10245,STA-C7226,27-09-2024,Hot Coffee,5,3.51,Unknown,Mobile App
STA-O5724,STA-C1498,10-01-2025,Merchandise,1,39.65,Shipped,Starbucks Card
STA-O8824,STA-C4973,21-09-2024,Frappuccino,4,7.16,Delivered,Cash
STA-O5646,STA-C8482,18-10-2023,Merchandise,4,16.02,Delivered,Cash
STA-O12881,STA-C1066,03-01-2023,Sandwiches,1,5.84,Shipped,Mobile App
STA-O13050,STA-C2347,02-06-2023,Cold Coffee,4,4.39,Delivered,Cash
STA-O8968,STA-C3127,19-11-2024,Frappuccino,2,7.03,Delivered,Starbucks Card
STA-O7459,STA-C2188,07-12-2025,Sandwiches,2,6.52,Delivered,Mobile App
STA-O8796,STA-C9524,09-07-2023,Sandwiches,4,7.62,Delivered,Starbucks Card
STA-O7444,STA-C6041,15-04-2024,Cold Coffee,5,5.65,Returned,Cash
STA-O9827,STA-C6546,25-08-2023,Coffee Beans (Retail),3,12.69,Pending,Mobile App
STA-O10329,STA-C6038,12-04-2025,Frappuccino,4,6.88,Pending,Credit Card
STA-O6764,STA-C7948,28-04-2023,Tea,5,5.92,Delivered,Starbucks Card
STA-O6807,STA-C1918,13-06-2025,Tea,2,3.2,Delivered,Cash
STA-O8820,STA-C3879,05-09-2023,Tea,2,3.78,Pending,Cash
STA-O14202,STA-C9999,05-04-2025,Sandwiches,1,6.05,Delivered,Cash
STA-O5613,STA-C1736,26-08-2025,Cold Coffee,1,5.71,Returned,Mobile App
STA-O9304,STA-C9004,22-10-2024,Coffee Beans (Retail),1,15.77,Delivered,Starbucks Card
STA-O8893,STA-C4681,05-09-2025,Cold Coffee,5,6.07,Returned,Mobile App
STA-O14806,STA-C8175,26-08-2023,Cold Coffee,5,7.77,Pending,Starbucks Card
STA-O11946,STA-C8751,09-01-2025,Frappuccino,1,8.14,Delivered,Mobile App
STA-O9113,STA-C1192,19-11-2025,Frappuccino,5,8.84,Shipped,Cash
STA-O12025,STA-C4770,04-06-2024,Cold Coffee,4,4.88,Pending,Starbucks Card
STA-O13047,STA-C4743,07-02-2024,Frappuccino,3,5.75,Delivered,Starbucks Card
STA-O6350,STA-C8061,25-11-2023,Frappuccino,2,5.68,Pending,Starbucks Card
STA-O8253,STA-C2820,04-08-2025,Bakery,5,2.17,Shipped,Mobile App
STA-O10751,STA-C2225,12-03-2025,Merchandise,2,28.56,Cancelled,Credit Card
STA-O13373,STA-C3574,10-01-2025,Sandwiches,3,7.5,Pending,Starbucks Card
STA-O12370,STA-C8517,11-11-2023,Tea,1,5.9,Returned,Credit Card
STA-O5161,STA-C1862,06-03-2025,Sandwiches,4,6.34,Cancelled,Cash
STA-O10684,STA-C9372,08-01-2023,Tea,2,5.06,Cancelled,Credit Card
STA-O8765,STA-C9999,01-12-2024,Cold Coffee,2,5.88,Pending,Starbucks Card
STA-O5588,STA-C7311,01-05-2025,Tea,4,5.03,Returned,Mobile App
STA-O5128,STA-C7182,31-03-2025,Merchandise,2,31.38,Returned,Starbucks Card
STA-O6393,STA-C1101,06-06-2023,Bakery,3,4.13,Delivered,Starbucks Card
STA-O13552,STA-C5720,05-06-2024,Hot Coffee,2,3.53,Pending,Mobile App
STA-O5204,STA-C10302,14-05-2025,Merchandise,5,36.05,Shipped,Credit Card
STA-O7017,STA-C7208,31-01-2024,Cold Coffee,3,4.31,Returned,Starbucks Card
STA-O6449,STA-C3157,12-06-2023,Coffee Beans (Retail),3,13.27,Delivered,Starbucks Card
STA-O14163,STA-C5166,24-12-2024,Tea,3,5.69,Delivered,Cash
STA-O13329,STA-C2135,18-11-2024,Bakery,3,2.26,Pending,Credit Card
STA-O10412,STA-C4711,31-12-2025,Merchandise,3,22.26,Pending,Starbucks Card
STA-O10947,STA-C8246,29-07-2024,Coffee Beans (Retail),2,11.19,Returned,Starbucks Card
STA-O7881,STA-C2374,19-03-2024,Sandwiches,4,5.59,Shipped,Mobile App
STA-O10129,STA-C9244,02-04-2023,Hot Coffee,4,4.65,Cancelled,Credit Card
STA-O8044,STA-C4129,04-09-2024,Tea,5,5.8,Returned,Mobile App
STA-O8524,STA-C5803,16-06-2023,Tea,4,4.45,Delivered,Starbucks Card
STA-O13850,STA-C10862,12-05-2024,Hot Coffee,5,6.64,Cancelled,Cash
STA-O9562,STA-C4032,01-05-2024,Hot Coffee,1,4.51,Shipped,Cash
STA-O6668,STA-C9228,21-03-2025,Frappuccino,1,5.25,Delivered,Credit Card
STA-O12831,STA-C5011,03-11-2023,Hot Coffee,5,3.48,Delivered,Starbucks Card
STA-O13032,STA-C2546,17-12-2024,Frappuccino,3,8.98,Delivered,Credit Card
STA-O11504,STA-C9723,03-08-2023,Hot Coffee,3,6.14,Cancelled,Starbucks Card
STA-O8128,STA-C10525,15-01-2025,Sandwiches,5,5.88,Delivered,Mobile App
STA-O13797,STA-C6532,28-10-2023,Cold Coffee,1,7.34,Delivered,Cash
STA-O6320,STA-C3031,01-01-2024,Merchandise,1,32.92,Delivered,Credit Card
STA-O10402,STA-C6839,27-11-2024,Sandwiches,4,7.24,Shipped,Credit Card
STA-O5310,STA-C5963,28-12-2024,Tea,1,3.66,Returned,Cash
STA-O8516,STA-C3505,13-05-2024,Tea,1,5.13,Delivered,Mobile App
STA-O12938,STA-C5272,28-01-2025,Tea,5,5.15,Returned,Cash
STA-O7499,STA-C8525,28-09-2025,Hot Coffee,3,5.66,Returned,Cash
STA-O13515,STA-C10962,06-08-2025,Tea,5,5.81,Cancelled,Credit Card
STA-O5825,STA-C2456,06-05-2024,Frappuccino,5,8.26,Delivered,Credit Card
STA-O9015,STA-C6527,22-02-2024,Sandwiches,1,7.6,Returned,Credit Card
STA-O6247,STA-C5013,24-05-2024,Bakery,3,5.89,Delivered,Credit Card
STA-O9874,STA-C3714,23-05-2024,Bakery,1,5.16,Shipped,Cash
STA-O5074,STA-C2353,26-01-2025,Cold Coffee,4,5.78,Returned,Cash
STA-O13704,STA-C8160,20-08-2023,Cold Coffee,3,6.05,Delivered,Cash
STA-O5534,STA-C6292,15-06-2023,Frappuccino,1,5.47,Shipped,Cash
STA-O11199,STA-C1119,06-02-2025,Coffee Beans (Retail),3,11.41,Delivered,Mobile App
STA-O7262,STA-C3851,31-12-2024,Frappuccino,3,6.12,Delivered,Cash
STA-O5030,STA-C2854,06-05-2023,Coffee Beans (Retail),1,15.35,Cancelled,Credit Card
STA-O5761,STA-C6751,25-08-2023,Sandwiches,1,7.1,Pending,Cash
STA-O10950,STA-C8809,04-02-2023,Sandwiches,2,7.08,Delivered,Credit Card
STA-O5935,STA-C5457,01-10-2023,Tea,5,3.49,Returned,Cash
STA-O9286,STA-C3589,17-12-2025,Merchandise,2,25.13,Delivered,Mobile App
STA-O11995,STA-C8329,28-07-2023,Tea,4,3.2,Pending,Credit Card
STA-O9199,STA-C4639,19-08-2023,Bakery,1,5.45,Shipped,Mobile App
STA-O11864,STA-C9748,18-12-2024,Cold Coffee,5,5.24,Cancelled,Credit Card
STA-O14057,STA-C5511,09-10-2025,Merchandise,5,31.95,Cancelled,Credit Card
STA-O5458,STA-C4393,20-04-2024,Bakery,2,2.42,Shipped,Cash
STA-O6378,STA-C10927,30-11-2024,Cold Coffee,3,7.43,Returned,Cash
STA-O10876,STA-C4289,20-06-2023,Bakery,2,2.89,Returned,Credit Card
STA-O12968,STA-C4640,29-05-2023,Hot Coffee,1,3.82,Delivered,Cash
STA-O5615,STA-C4539,07-06-2024,Merchandise,1,36.09,Returned,Credit Card
STA-O5081,STA-C1731,16-03-2024,Bakery,1,2.97,Cancelled,Mobile App
STA-O12030,STA-C5289,11-12-2024,Frappuccino,3,6.36,Delivered,Cash
STA-O5673,STA-C9720,03-03-2025,Frappuccino,1,5.47,Delivered,Credit Card
STA-O12163,STA-C2395,30-09-2025,Frappuccino,1,8.86,Delivered,Cash
STA-O8538,STA-C4513,15-01-2023,Frappuccino,1,7.18,Returned,Credit Card
STA-O9172,STA-C7627,23-09-2023,Sandwiches,4,5.53,Delivered,Starbucks Card
STA-O12405,STA-C9481,21-05-2023,Frappuccino,5,8.43,Delivered,Mobile App
STA-O14294,STA-C9999,14-12-2024,Bakery,3,4.82,Unknown,Mobile App
STA-O7250,STA-C9965,01-01-2024,Bakery,3,2.47,Shipped,Credit Card
STA-O8381,STA-C10900,17-05-2024,Frappuccino,4,8.16,Returned,Mobile App
STA-O10699,STA-C10426,24-07-2023,Merchandise,4,15.11,Delivered,Starbucks Card
STA-O11487,STA-C10271,10-07-2023,Bakery,2,4.83,Delivered,Mobile App
STA-O13199,STA-C10508,03-03-2023,Frappuccino,4,8.39,Delivered,Starbucks Card
STA-O14317,STA-C4190,05-11-2023,Hot Coffee,3,3.33,Returned,Mobile App
STA-O13086,STA-C9401,23-10-2024,Frappuccino,3,5.46,Delivered,Starbucks Card
STA-O5550,STA-C7221,07-12-2025,Hot Coffee,2,3.23,Returned,Credit Card
STA-O12691,STA-C9018,29-01-2024,Bakery,3,4.24,Delivered,Starbucks Card
STA-O7703,STA-C9619,21-07-2023,Sandwiches,3,5.97,Returned,Starbucks Card
STA-O12294,STA-C3209,25-01-2025,Coffee Beans (Retail),4,21.04,Shipped,Cash
STA-O5725,STA-C10094,28-12-2025,Bakery,5,4.05,Delivered,Starbucks Card
STA-O13782,STA-C8318,29-04-2024,Sandwiches,4,6.27,Returned,Cash
STA-O10273,STA-C6037,27-10-2025,Hot Coffee,4,3.12,Cancelled,Cash
STA-O6425,STA-C9754,25-02-2025,Sandwiches,5,5.08,Unknown,Cash
STA-O5181,STA-C4013,06-01-2023,Frappuccino,3,6.83,Delivered,Starbucks Card
STA-O9598,STA-C1363,03-06-2025,Hot Coffee,3,5.82,Delivered,Mobile App
STA-O11794,STA-C4537,02-08-2025,Coffee Beans (Retail),4,23.69,Returned,Starbucks Card
STA-O9754,STA-C2314,03-05-2024,Coffee Beans (Retail),1,21.19,Shipped,Credit Card
STA-O7107,STA-C6356,21-02-2023,Bakery,2,5.24,Delivered,Credit Card
STA-O9339,STA-C8315,13-02-2023,Hot Coffee,5,3.46,Shipped,Mobile App
STA-O7001,STA-C2255,02-03-2024,Tea,5,5.49,Pending,Credit Card
STA-O10902,STA-C5304,13-03-2024,Cold Coffee,3,5.19,Delivered,Starbucks Card
STA-O6934,STA-C1397,01-02-2024,Coffee Beans (Retail),3,13.54,Returned,Cash
STA-O12793,STA-C6334,20-01-2024,Tea,2,5.45,Pending,Mobile App
STA-O11543,STA-C3345,16-11-2023,Coffee Beans (Retail),4,16.71,Cancelled,Cash
STA-O5212,STA-C1140,18-02-2023,Tea,1,4.7,Delivered,Starbucks Card
STA-O5630,STA-C3501,20-11-2025,Bakery,3,4.23,Returned,Starbucks Card
STA-O6700,STA-C9383,29-03-2023,Hot Coffee,3,4.99,Delivered,Starbucks Card
STA-O10366,STA-C10496,06-07-2023,Hot Coffee,4,6.66,Delivered,Starbucks Card
STA-O5062,STA-C2443,29-07-2023,Sandwiches,2,8.69,Cancelled,Cash
STA-O10203,STA-C3399,08-02-2025,Merchandise,4,32.67,Cancelled,Mobile App
STA-O8693,STA-C5615,20-07-2025,Tea,5,4.81,Delivered,Starbucks Card
STA-O11579,STA-C5321,07-04-2025,Coffee Beans (Retail),5,12.55,Returned,Credit Card
STA-O8341,STA-C6318,13-12-2024,Frappuccino,1,7.61,Delivered,Cash
STA-O5658,STA-C1032,29-10-2024,Sandwiches,2,7.53,Shipped,Starbucks Card
STA-O13091,STA-C10078,08-08-2024,Frappuccino,5,6.17,Delivered,Mobile App
STA-O14634,STA-C6418,12-05-2025,Hot Coffee,5,4.56,Shipped,Mobile App
STA-O5743,STA-C1201,20-04-2024,Coffee Beans (Retail),1,18.06,Cancelled,Cash
STA-O13635,STA-C3689,12-11-2023,Frappuccino,1,7.21,Returned,Credit Card
STA-O10494,STA-C3528,22-10-2023,Cold Coffee,3,4.22,Pending,Mobile App
STA-O8965,STA-C2227,09-01-2024,Bakery,4,3.11,Delivered,Cash
STA-O10505,STA-C7285,11-07-2025,Hot Coffee,5,6.75,Delivered,Cash
STA-O14375,STA-C5989,19-06-2023,Frappuccino,4,7.26,Delivered,Mobile App
STA-O14241,STA-C6073,07-04-2025,Merchandise,2,11.39,Returned,Credit Card
STA-O6728,STA-C7309,08-08-2025,Bakery,3,3.49,Pending,Credit Card
STA-O6400,STA-C3932,05-09-2023,Coffee Beans (Retail),3,24.1,Returned,Credit Card
STA-O11144,STA-C4852,03-03-2023,Coffee Beans (Retail),3,22.79,Delivered,Mobile App
STA-O12875,STA-C10567,10-04-2023,Sandwiches,1,5.3,Pending,Credit Card
STA-O10227,STA-C9908,09-11-2024,Merchandise,2,12.57,Cancelled,Cash
STA-O13868,STA-C9354,03-02-2025,Tea,4,3.93,Delivered,Mobile App
STA-O5205,STA-C5162,10-12-2024,Cold Coffee,4,4.79,Delivered,Mobile App
STA-O8829,STA-C6831,30-06-2024,Frappuccino,5,7.13,Delivered,Credit Card
STA-O6617,STA-C9000,04-06-2023,Frappuccino,2,6.18,Unknown,Starbucks Card
STA-O6065,STA-C2311,18-12-2023,Tea,5,3.85,Delivered,Credit Card
STA-O12577,STA-C5302,07-10-2024,Coffee Beans (Retail),3,12.68,Cancelled,Mobile App
STA-O14110,STA-C9492,21-06-2025,Cold Coffee,5,6.8,Pending,Mobile App
STA-O9360,STA-C8643,19-07-2025,Hot Coffee,2,5.12,Returned,Credit Card
STA-O12816,STA-C5232,04-01-2025,Bakery,3,4.44,Delivered,Mobile App
STA-O11148,STA-C7734,25-01-2025,Frappuccino,2,6.26,Delivered,Starbucks Card
STA-O12551,STA-C5357,02-10-2023,Sandwiches,4,8.95,Returned,Cash
STA-O13916,STA-C8464,27-06-2023,Cold Coffee,4,7.1,Cancelled,Starbucks Card
STA-O7686,STA-C8806,02-02-2024,Frappuccino,2,7.64,Shipped,Credit Card
STA-O7025,STA-C4981,02-12-2024,Sandwiches,2,7.2,Shipped,Starbucks Card
STA-O11495,STA-C8826,30-09-2023,Hot Coffee,1,4.84,Delivered,Starbucks Card
STA-O6954,STA-C7339,02-04-2025,Frappuccino,4,5.86,Pending,Mobile App
STA-O5086,STA-C2553,09-12-2024,Sandwiches,3,8.21,Pending,Starbucks Card
STA-O14771,STA-C6092,27-04-2023,Tea,3,4.26,Delivered,Credit Card
STA-O12589,STA-C2666,28-11-2025,Sandwiches,4,7.66,Delivered,Cash
STA-O12731,STA-C2619,19-02-2025,Cold Coffee,3,4.98,Unknown,Mobile App
STA-O10150,STA-C5132,07-05-2025,Bakery,5,5.93,Shipped,Cash
STA-O12833,STA-C8142,05-10-2024,Frappuccino,5,6.18,Returned,Cash
STA-O12977,STA-C2226,23-02-2025,Hot Coffee,3,6.41,Pending,Cash
STA-O11587,STA-C3471,09-12-2023,Merchandise,2,11.26,Delivered,Credit Card
STA-O8643,STA-C5901,01-09-2025,Tea,4,3.99,Delivered,Credit Card
STA-O9578,STA-C3353,13-05-2024,Cold Coffee,1,7.3,Delivered,Credit Card
STA-O10770,STA-C4383,06-03-2025,Hot Coffee,4,5.63,Delivered,Cash
STA-O6775,STA-C10530,15-12-2025,Bakery,5,2.95,Shipped,Mobile App
STA-O10603,STA-C5331,25-01-2023,Sandwiches,4,7.87,Delivered,Starbucks Card
STA-O12934,STA-C5876,26-11-2024,Merchandise,1,27.14,Delivered,Mobile App
STA-O10180,STA-C4064,08-06-2025,Sandwiches,5,8.48,Delivered,Credit Card
STA-O14998,STA-C2559,30-04-2025,Tea,1,3.63,Cancelled,Mobile App
STA-O11647,STA-C3623,27-06-2025,Frappuccino,1,6.8,Delivered,Starbucks Card
STA-O5873,STA-C5984,03-01-2025,Bakery,5,2.97,Shipped,Mobile App
STA-O8062,STA-C3745,21-03-2025,Merchandise,1,28.8,Pending,Mobile App
STA-O5144,STA-C8532,31-07-2024,Frappuccino,5,7.02,Cancelled,Mobile App
STA-O9077,STA-C3537,01-09-2025,Tea,5,5.1,Delivered,Credit Card
STA-O9525,STA-C4011,12-02-2024,Merchandise,3,39.05,Cancelled,Cash
STA-O8449,STA-C4146,08-08-2023,Bakery,5,5.82,Shipped,Cash
STA-O10369,STA-C5146,24-08-2024,Frappuccino,3,5.87,Returned,Starbucks Card
STA-O9244,STA-C6925,02-09-2023,Hot Coffee,5,4.57,Delivered,Cash
STA-O14543,STA-C3459,19-09-2023,Frappuccino,4,8.51,Cancelled,Credit Card
STA-O9793,STA-C10233,25-08-2023,Cold Coffee,3,4.89,Delivered,Credit Card
STA-O8164,STA-C6941,14-11-2025,Cold Coffee,2,4.13,Delivered,Credit Card
STA-O7775,STA-C4134,27-04-2025,Frappuccino,2,7.26,Delivered,Starbucks Card
STA-O5619,STA-C3611,19-02-2023,Hot Coffee,4,5.27,Delivered,Mobile App
STA-O9434,STA-C1872,15-04-2023,Hot Coffee,3,5.88,Delivered,Credit Card
STA-O10665,STA-C6732,22-08-2024,Hot Coffee,2,4.36,Unknown,Cash
STA-O5868,STA-C10615,08-09-2025,Frappuccino,4,5.65,Delivered,Starbucks Card
STA-O7564,STA-C8604,08-02-2023,Coffee Beans (Retail),1,12.53,Returned,Mobile App
STA-O5895,STA-C7921,31-08-2024,Coffee Beans (Retail),1,19.85,Pending,Credit Card
STA-O11796,STA-C2605,22-11-2024,Tea,1,3.6,Delivered,Credit Card
STA-O8931,STA-C2631,18-09-2023,Bakery,1,5.4,Shipped,Cash
STA-O5327,STA-C10918,02-02-2024,Merchandise,4,35.16,Returned,Credit Card
STA-O10664,STA-C7897,18-04-2023,Sandwiches,4,7.58,Pending,Cash
STA-O6181,STA-C4149,09-12-2025,Merchandise,3,39.44,Delivered,Credit Card
STA-O8818,STA-C8279,27-04-2023,Merchandise,4,34.1,Pending,Mobile App
STA-O7311,STA-C10118,19-02-2023,Coffee Beans (Retail),4,12.25,Shipped,Credit Card
STA-O5464,STA-C3929,10-04-2023,Sandwiches,4,5.36,Delivered,Cash
STA-O9246,STA-C7490,31-12-2025,Bakery,2,4.27,Unknown,Starbucks Card
STA-O7998,STA-C9999,15-07-2025,Cold Coffee,2,5.99,Shipped,Credit Card
STA-O6473,STA-C7285,31-01-2025,Tea,1,5.39,Pending,Credit Card
STA-O9453,STA-C1251,11-01-2023,Bakery,4,3.7,Delivered,Cash
STA-O9574,STA-C3261,11-11-2023,Sandwiches,1,6.64,Delivered,Cash
STA-O10190,STA-C4621,18-02-2023,Coffee Beans (Retail),2,18.44,Cancelled,Credit Card
STA-O14380,STA-C10783,08-07-2023,Frappuccino,4,8.53,Returned,Cash
STA-O12907,STA-C7097,20-09-2023,Cold Coffee,4,6.11,Delivered,Credit Card
STA-O14945,STA-C4113,18-06-2025,Cold Coffee,2,7.25,Pending,Cash
STA-O12346,STA-C9243,17-02-2025,Hot Coffee,1,4.9,Shipped,Mobile App
STA-O13138,STA-C9433,09-05-2025,Frappuccino,3,7.97,Pending,Credit Card
STA-O8286,STA-C1293,24-02-2023,Cold Coffee,1,6.92,Delivered,Cash
STA-O7371,STA-C9234,21-01-2024,Frappuccino,3,7.62,Delivered,Mobile App
STA-O10461,STA-C7346,25-07-2025,Cold Coffee,3,4.45,Delivered,Cash
STA-O11734,STA-C2880,28-06-2024,Tea,2,3.94,Cancelled,Credit Card
STA-O14688,STA-C7818,27-08-2023,Hot Coffee,3,5.32,Pending,Credit Card
STA-O6823,STA-C9999,07-05-2023,Coffee Beans (Retail),2,17.06,Cancelled,Starbucks Card
STA-O7849,STA-C4486,30-01-2023,Coffee Beans (Retail),2,20.43,Returned,Mobile App
STA-O10056,STA-C3448,30-01-2025,Bakery,2,3.47,Delivered,Cash
STA-O13641,STA-C3914,15-05-2025,Hot Coffee,5,5.99,Delivered,Mobile App
STA-O7805,STA-C9706,24-10-2024,Bakery,4,5.23,Cancelled,Credit Card
STA-O8138,STA-C4864,13-10-2023,Merchandise,1,27.21,Pending,Cash
STA-O10491,STA-C3824,16-06-2025,Merchandise,4,23.39,Returned,Mobile App
STA-O12562,STA-C3083,25-02-2025,Bakery,3,3.07,Pending,Cash
STA-O6979,STA-C9999,30-12-2023,Cold Coffee,1,5.87,Pending,Credit Card
STA-O13352,STA-C10565,02-10-2024,Merchandise,2,14.87,Delivered,Credit Card
STA-O12931,STA-C9701,10-11-2024,Coffee Beans (Retail),4,17.35,Returned,Mobile App
STA-O14946,STA-C1129,20-11-2024,Cold Coffee,2,4.41,Delivered,Mobile App
STA-O7121,STA-C8954,09-01-2025,Coffee Beans (Retail),2,18.42,Returned,Cash
STA-O11396,STA-C10317,15-06-2023,Cold Coffee,5,6.06,Delivered,Credit Card
STA-O14236,STA-C6460,24-07-2025,Hot Coffee,2,3.02,Delivered,Mobile App
STA-O14641,STA-C3560,07-06-2024,Merchandise,4,32.4,Delivered,Mobile App
STA-O7112,STA-C3247,29-05-2023,Bakery,3,3.81,Unknown,Credit Card
STA-O7874,STA-C9075,20-08-2025,Tea,1,4.26,Delivered,Cash
STA-O11356,STA-C4091,11-12-2025,Merchandise,4,20.13,Delivered,Mobile App
STA-O10255,STA-C2039,29-07-2023,Bakery,5,2.29,Delivered,Mobile App
STA-O10276,STA-C9870,12-05-2023,Frappuccino,2,5.82,Delivered,Mobile App
STA-O10757,STA-C2854,06-07-2024,Cold Coffee,5,5.82,Shipped,Starbucks Card
STA-O14292,STA-C3718,09-09-2023,Merchandise,4,35.55,Delivered,Mobile App
STA-O14337,STA-C10920,07-12-2024,Cold Coffee,3,4.99,Delivered,Credit Card
STA-O5251,STA-C3956,04-10-2025,Frappuccino,1,5.54,Pending,Credit Card
STA-O5241,STA-C5186,27-02-2025,Frappuccino,1,8.06,Returned,Cash
STA-O7206,STA-C6840,19-06-2024,Sandwiches,3,5.04,Shipped,Cash
STA-O7049,STA-C8282,06-11-2023,Sandwiches,4,8.96,Pending,Cash
STA-O5650,STA-C1073,09-06-2023,Coffee Beans (Retail),1,13.41,Cancelled,Credit Card
STA-O5276,STA-C9737,26-11-2024,Bakery,3,3.96,Delivered,Credit Card
STA-O9935,STA-C9111,23-01-2023,Frappuccino,3,6.64,Returned,Cash
STA-O9009,STA-C10937,05-10-2023,Hot Coffee,2,5.05,Delivered,Starbucks Card
STA-O10808,STA-C10166,18-12-2024,Hot Coffee,4,5.74,Pending,Cash
STA-O12528,STA-C3566,09-02-2024,Cold Coffee,1,5.48,Shipped,Mobile App
STA-O5459,STA-C5301,04-12-2023,Coffee Beans (Retail),3,21.26,Cancelled,Credit Card
STA-O14148,STA-C7958,09-07-2025,Coffee Beans (Retail),5,10.07,Shipped,Cash
STA-O11181,STA-C9708,15-06-2024,Bakery,1,2.24,Delivered,Mobile App
STA-O10104,STA-C6878,23-02-2024,Cold Coffee,4,6.56,Pending,Mobile App
STA-O8581,STA-C7220,16-08-2023,Merchandise,2,8.67,Shipped,Starbucks Card
STA-O12933,STA-C2860,22-04-2024,Sandwiches,1,5.34,Pending,Credit Card
STA-O13676,STA-C5228,15-11-2025,Coffee Beans (Retail),4,11.79,Returned,Cash
STA-O14235,STA-C5758,14-06-2023,Coffee Beans (Retail),3,22.53,Unknown,Credit Card
STA-O6196,STA-C8950,17-02-2023,Sandwiches,5,8.34,Pending,Cash
STA-O12835,STA-C6884,08-04-2025,Coffee Beans (Retail),3,14.31,Delivered,Cash
STA-O8976,STA-C1431,31-05-2024,Hot Coffee,4,4.43,Delivered,Starbucks Card
STA-O11326,STA-C5820,07-01-2025,Hot Coffee,4,4.29,Delivered,Credit Card
STA-O8834,STA-C8116,31-07-2025,Merchandise,1,9.2,Delivered,Mobile App
STA-O5579,STA-C10002,03-05-2024,Bakery,5,2.73,Unknown,Starbucks Card
STA-O12325,STA-C1263,30-04-2024,Tea,5,3.07,Delivered,Starbucks Card
STA-O10218,STA-C2964,30-01-2024,Merchandise,4,37.62,Delivered,Mobile App
STA-O11405,STA-C2709,16-02-2025,Tea,1,3.48,Delivered,Mobile App
STA-O13169,STA-C1464,18-01-2024,Bakery,5,3.66,Delivered,Cash
STA-O7851,STA-C9754,28-12-2024,Cold Coffee,5,5.12,Delivered,Credit Card
STA-O12464,STA-C8169,26-03-2025,Hot Coffee,3,6.71,Delivered,Mobile App
STA-O13945,STA-C7549,21-03-2023,Merchandise,2,36.76,Pending,Cash
STA-O7740,STA-C7173,21-05-2025,Tea,4,3.71,Cancelled,Mobile App
STA-O12398,STA-C2439,26-06-2023,Tea,4,4.65,Shipped,Starbucks Card
STA-O13097,STA-C4483,01-11-2023,Bakery,1,2.31,Delivered,Credit Card
STA-O9050,STA-C7229,25-10-2023,Hot Coffee,5,3.86,Shipped,Cash
STA-O8019,STA-C2916,29-02-2024,Coffee Beans (Retail),2,12.34,Returned,Credit Card
STA-O14845,STA-C8325,08-02-2024,Hot Coffee,2,5.15,Pending,Mobile App
STA-O14029,STA-C7090,27-06-2023,Cold Coffee,3,7.11,Delivered,Starbucks Card
STA-O9853,STA-C6499,12-03-2025,Merchandise,2,12.25,Delivered,Starbucks Card
STA-O14544,STA-C7959,25-09-2023,Frappuccino,5,8.27,Cancelled,Credit Card
STA-O10897,STA-C1625,05-03-2023,Frappuccino,4,7.71,Returned,Cash
STA-O10771,STA-C5616,24-09-2024,Tea,3,4.48,Delivered,Starbucks Card
STA-O13198,STA-C5325,02-08-2025,Merchandise,1,30.46,Delivered,Cash
STA-O12746,STA-C3018,28-03-2024,Bakery,4,4.32,Shipped,Mobile App
STA-O10927,STA-C10548,13-01-2025,Cold Coffee,4,5.48,Returned,Starbucks Card
STA-O8087,STA-C7197,26-09-2024,Coffee Beans (Retail),4,10.27,Delivered,Starbucks Card
STA-O14093,STA-C8789,20-05-2023,Tea,2,5.09,Returned,Credit Card
STA-O6237,STA-C3041,05-10-2025,Merchandise,3,28.66,Cancelled,Cash
STA-O6483,STA-C6482,16-06-2024,Hot Coffee,2,5.99,Shipped,Credit Card
STA-O14645,STA-C1657,26-12-2025,Cold Coffee,3,6.29,Delivered,Starbucks Card
STA-O11555,STA-C10587,11-03-2023,Cold Coffee,1,4.28,Pending,Credit Card
STA-O7887,STA-C4694,02-06-2025,Hot Coffee,1,6.45,Delivered,Credit Card
STA-O10030,STA-C4639,30-10-2023,Hot Coffee,3,6.49,Shipped,Credit Card
STA-O5794,STA-C8340,29-01-2024,Bakery,1,3.45,Returned,Credit Card
STA-O7699,STA-C7983,30-06-2023,Frappuccino,4,8.08,Delivered,Cash
STA-O14111,STA-C6635,26-12-2024,Coffee Beans (Retail),2,11.89,Delivered,Credit Card
STA-O13178,STA-C6943,04-07-2025,Hot Coffee,5,5.57,Delivered,Starbucks Card
STA-O11945,STA-C6114,05-11-2024,Sandwiches,1,5.31,Delivered,Mobile App
STA-O8776,STA-C1379,04-08-2024,Cold Coffee,3,6.46,Cancelled,Starbucks Card
STA-O13820,STA-C2062,13-03-2024,Bakery,3,5.26,Delivered,Mobile App
STA-O13484,STA-C10588,01-12-2025,Hot Coffee,3,3.3,Returned,Starbucks Card
STA-O14803,STA-C3416,26-10-2023,Merchandise,2,16.21,Cancelled,Mobile App
STA-O11201,STA-C6592,04-10-2024,Merchandise,2,32.94,Cancelled,Starbucks Card
STA-O5989,STA-C1529,12-07-2024,Sandwiches,5,8.43,Cancelled,Credit Card
STA-O7480,STA-C6159,20-07-2023,Merchandise,3,28.69,Delivered,Credit Card
STA-O11817,STA-C8529,12-02-2024,Coffee Beans (Retail),5,20.17,Shipped,Cash
STA-O6690,STA-C1355,18-01-2024,Merchandise,2,8.29,Shipped,Starbucks Card
STA-O9806,STA-C7467,20-02-2023,Sandwiches,5,6.07,Shipped,Starbucks Card
STA-O13860,STA-C1744,24-01-2025,Tea,5,3.12,Cancelled,Cash
STA-O6519,STA-C7129,14-09-2024,Coffee Beans (Retail),2,15.52,Pending,Mobile App
STA-O13817,STA-C8120,07-03-2025,Hot Coffee,1,4.69,Delivered,Cash
STA-O9510,STA-C8199,09-11-2025,Sandwiches,1,6.36,Delivered,Credit Card
STA-O13541,STA-C7345,15-03-2025,Tea,1,3.96,Returned,Mobile App
STA-O13546,STA-C5083,27-07-2025,Coffee Beans (Retail),5,16.56,Shipped,Starbucks Card
STA-O11378,STA-C7997,06-07-2023,Frappuccino,5,7.29,Delivered,Mobile App
STA-O5024,STA-C2323,22-01-2023,Tea,4,3.76,Delivered,Starbucks Card
STA-O8630,STA-C3393,02-07-2025,Tea,3,5.75,Delivered,Mobile App
STA-O9179,STA-C4355,27-11-2023,Frappuccino,1,5.58,Shipped,Credit Card
STA-O7297,STA-C7730,28-11-2024,Sandwiches,1,6.03,Returned,Cash
STA-O7153,STA-C10534,29-06-2024,Bakery,1,2.16,Pending,Credit Card
STA-O13128,STA-C6175,13-03-2025,Bakery,3,4.46,Shipped,Cash
STA-O11687,STA-C3216,01-10-2024,Tea,1,5.81,Returned,Cash
STA-O14752,STA-C9316,03-09-2025,Tea,3,5.69,Returned,Credit Card
STA-O9500,STA-C1666,10-12-2024,Cold Coffee,4,6.94,Delivered,Cash
STA-O12126,STA-C2327,26-02-2023,Frappuccino,4,7.51,Shipped,Credit Card
STA-O9910,STA-C5951,07-05-2023,Hot Coffee,5,4.34,Pending,Credit Card
STA-O10882,STA-C9716,15-04-2023,Merchandise,1,30.75,Returned,Cash
STA-O8883,STA-C6598,17-05-2024,Coffee Beans (Retail),4,22.27,Delivered,Starbucks Card
STA-O6702,STA-C7298,22-11-2023,Bakery,2,3.46,Delivered,Cash
STA-O13042,STA-C9999,19-08-2025,Frappuccino,2,7.9,Delivered,Mobile App
STA-O10518,STA-C10969,07-09-2024,Frappuccino,2,6.67,Shipped,Starbucks Card
STA-O9042,STA-C9067,10-01-2023,Cold Coffee,4,4.01,Cancelled,Starbucks Card
STA-O7424,STA-C9097,02-05-2023,Coffee Beans (Retail),1,10.2,Pending,Cash
STA-O9372,STA-C8873,27-11-2025,Coffee Beans (Retail),1,17.57,Delivered,Cash
STA-O12190,STA-C3333,18-09-2024,Merchandise,1,12.25,Delivered,Cash
STA-O10353,STA-C8425,21-04-2025,Hot Coffee,2,3.12,Delivered,Starbucks Card
STA-O12978,STA-C4335,10-03-2025,Merchandise,5,9.35,Shipped,Cash
STA-O11760,STA-C1729,17-09-2025,Coffee Beans (Retail),2,19.46,Returned,Starbucks Card
STA-O8615,STA-C8468,21-05-2025,Bakery,4,4.36,Delivered,Credit Card
STA-O12559,STA-C6954,13-01-2025,Merchandise,2,29.32,Delivered,Starbucks Card
STA-O6127,STA-C10055,21-02-2025,Merchandise,4,26.66,Delivered,Mobile App
STA-O8592,STA-C5837,16-02-2024,Sandwiches,3,6.97,Cancelled,Mobile App
STA-O11031,STA-C6272,29-06-2024,Merchandise,4,13.82,Cancelled,Cash
STA-O5130,STA-C5467,20-08-2024,Tea,4,3.45,Cancelled,Cash
STA-O9888,STA-C6195,22-09-2023,Cold Coffee,5,6.92,Returned,Starbucks Card
STA-O9242,STA-C9224,22-08-2025,Tea,5,3.25,Returned,Cash
STA-O5915,STA-C6454,19-12-2023,Bakery,5,4.55,Delivered,Cash
STA-O11924,STA-C3916,12-04-2024,Frappuccino,4,7.91,Shipped,Cash
STA-O9026,STA-C8718,30-05-2025,Merchandise,1,38.5,Returned,Credit Card
STA-O10504,STA-C1351,13-10-2024,Coffee Beans (Retail),5,10.81,Returned,Starbucks Card
STA-O8093,STA-C2507,24-09-2023,Coffee Beans (Retail),4,11.5,Shipped,Cash
STA-O13500,STA-C8940,22-12-2023,Bakery,4,4.36,Delivered,Credit Card
STA-O12750,STA-C3126,02-12-2024,Frappuccino,3,5.22,Delivered,Cash
STA-O12493,STA-C7759,11-01-2025,Merchandise,5,13.95,Pending,Starbucks Card
STA-O14601,STA-C5469,28-06-2023,Cold Coffee,1,7.05,Returned,Cash
STA-O8221,STA-C1070,01-04-2025,Cold Coffee,2,7.37,Returned,Cash
STA-O5846,STA-C1596,01-03-2025,Tea,4,4.88,Delivered,Cash
STA-O10123,STA-C4028,23-12-2024,Frappuccino,5,5.2,Returned,Starbucks Card
STA-O10600,STA-C8335,15-07-2024,Bakery,3,2.74,Delivered,Starbucks Card
STA-O12305,STA-C9770,01-12-2024,Sandwiches,5,8.09,Delivered,Starbucks Card
STA-O14043,STA-C10265,17-10-2025,Hot Coffee,1,6.93,Delivered,Starbucks Card
STA-O6175,STA-C3078,23-08-2024,Bakery,3,5.4,Returned,Cash
STA-O13044,STA-C1933,13-07-2025,Bakery,1,3.2,Shipped,Credit Card
STA-O7787,STA-C1252,23-06-2025,Hot Coffee,3,3.06,Returned,Credit Card
STA-O9127,STA-C4140,21-06-2024,Coffee Beans (Retail),2,10.7,Pending,Mobile App
STA-O10973,STA-C7286,14-08-2023,Cold Coffee,3,5.35,Pending,Starbucks Card
STA-O13441,STA-C1404,22-03-2025,Hot Coffee,4,6.67,Pending,Cash
STA-O8282,STA-C1043,31-08-2024,Bakery,1,5.43,Delivered,Starbucks Card
STA-O8072,STA-C5543,31-05-2023,Merchandise,5,38.53,Delivered,Mobile App
STA-O6315,STA-C8954,04-06-2024,Coffee Beans (Retail),2,20.46,Shipped,Mobile App
STA-O8046,STA-C9450,28-11-2025,Hot Coffee,2,6.61,Shipped,Credit Card
STA-O14629,STA-C7978,09-08-2023,Bakery,5,2.2,Pending,Cash
STA-O13599,STA-C6637,06-08-2024,Sandwiches,3,8.19,Unknown,Mobile App
STA-O9385,STA-C4608,28-05-2025,Merchandise,1,37.25,Shipped,Starbucks Card
STA-O7942,STA-C2581,14-03-2025,Coffee Beans (Retail),1,14.4,Shipped,Credit Card
STA-O7368,STA-C7789,11-02-2025,Coffee Beans (Retail),4,11.05,Cancelled,Mobile App
STA-O6432,STA-C7091,19-11-2024,Frappuccino,1,6.69,Shipped,Mobile App
STA-O8165,STA-C6403,14-05-2024,Coffee Beans (Retail),1,18.67,Cancelled,Starbucks Card
STA-O5396,STA-C5768,29-07-2024,Tea,3,4.39,Pending,Starbucks Card
STA-O10672,STA-C3144,16-09-2023,Frappuccino,4,8.82,Shipped,Starbucks Card
STA-O10159,STA-C5211,15-12-2024,Sandwiches,1,6.58,Returned,Credit Card
STA-O10522,STA-C6376,18-10-2024,Sandwiches,3,8.17,Shipped,Credit Card
STA-O12876,STA-C9920,15-05-2024,Tea,2,4.03,Returned,Starbucks Card
STA-O13263,STA-C10698,07-01-2025,Cold Coffee,5,5.56,Delivered,Cash
STA-O12859,STA-C10493,16-07-2025,Sandwiches,2,7.53,Delivered,Mobile App
STA-O11174,STA-C4513,01-10-2025,Merchandise,2,38.1,Delivered,Cash
STA-O5302,STA-C8664,07-07-2025,Hot Coffee,1,5.73,Delivered,Starbucks Card
STA-O11683,STA-C5832,17-08-2024,Hot Coffee,5,5.35,Shipped,Mobile App
STA-O11669,STA-C2960,16-05-2024,Bakery,3,5.2,Pending,Cash
STA-O8053,STA-C4715,16-08-2025,Sandwiches,5,6.1,Delivered,Credit Card
STA-O8034,STA-C9136,05-08-2023,Cold Coffee,5,6.05,Delivered,Cash
STA-O11603,STA-C4992,13-07-2025,Hot Coffee,1,6.75,Unknown,Starbucks Card
STA-O13415,STA-C3444,14-02-2023,Cold Coffee,3,4.3,Delivered,Credit Card
STA-O13088,STA-C10291,21-11-2024,Bakery,4,4,Shipped,Credit Card
STA-O11280,STA-C5457,10-07-2023,Hot Coffee,4,3.25,Delivered,Starbucks Card
STA-O8258,STA-C9115,20-02-2024,Coffee Beans (Retail),1,24.25,Returned,Cash
STA-O5980,STA-C4089,04-07-2025,Tea,1,3.84,Cancelled,Cash
STA-O5203,STA-C2209,27-11-2024,Frappuccino,2,8.18,Delivered,Credit Card
STA-O8143,STA-C6774,26-10-2024,Coffee Beans (Retail),3,16.12,Cancelled,Mobile App
STA-O13340,STA-C10962,13-08-2024,Hot Coffee,2,5.26,Delivered,Credit Card
STA-O6288,STA-C1947,19-01-2023,Hot Coffee,3,4.24,Unknown,Mobile App
STA-O14325,STA-C10477,28-02-2025,Merchandise,4,8.9,Delivered,Starbucks Card
STA-O13494,STA-C5424,05-06-2025,Bakery,4,4.66,Delivered,Cash
STA-O13368,STA-C5348,10-01-2024,Coffee Beans (Retail),4,24.43,Unknown,Starbucks Card
STA-O12440,STA-C2364,06-02-2025,Hot Coffee,4,4.18,Returned,Mobile App
STA-O13807,STA-C2840,22-11-2025,Tea,1,3.21,Delivered,Mobile App
STA-O13472,STA-C10338,30-06-2024,Sandwiches,1,7.01,Delivered,Mobile App
STA-O14443,STA-C7141,30-10-2024,Bakery,4,2.51,Delivered,Cash
STA-O11730,STA-C10979,19-03-2024,Tea,2,5.99,Returned,Credit Card
STA-O10663,STA-C1548,12-08-2025,Coffee Beans (Retail),2,24.19,Cancelled,Cash
STA-O11567,STA-C2840,17-05-2024,Cold Coffee,4,6.93,Pending,Starbucks Card
STA-O6632,STA-C6070,23-12-2024,Coffee Beans (Retail),2,23.25,Pending,Mobile App
STA-O8181,STA-C7367,25-01-2024,Coffee Beans (Retail),3,15.41,Returned,Cash
STA-O8548,STA-C1539,31-05-2023,Coffee Beans (Retail),3,22.88,Delivered,Cash
STA-O9919,STA-C7252,18-08-2023,Bakery,3,5.24,Pending,Credit Card
STA-O14650,STA-C7372,15-06-2024,Cold Coffee,2,6.73,Delivered,Mobile App
STA-O14728,STA-C3524,04-10-2025,Coffee Beans (Retail),4,24.85,Delivered,Mobile App
STA-O14750,STA-C3103,13-04-2023,Frappuccino,2,6.36,Shipped,Mobile App
STA-O14331,STA-C2094,30-03-2024,Bakery,1,5.59,Pending,Credit Card
STA-O12322,STA-C8557,21-09-2024,Frappuccino,5,7.7,Cancelled,Credit Card
STA-O6203,STA-C1478,27-02-2025,Cold Coffee,2,4.9,Shipped,Credit Card
STA-O9445,STA-C6571,09-11-2024,Cold Coffee,1,5.89,Delivered,Credit Card
STA-O9324,STA-C1352,13-10-2023,Coffee Beans (Retail),1,21.33,Cancelled,Cash
STA-O5479,STA-C8458,14-06-2025,Bakery,3,5.79,Delivered,Cash
STA-O13395,STA-C5612,21-02-2024,Frappuccino,1,8.9,Shipped,Mobile App
STA-O6969,STA-C4557,30-05-2023,Frappuccino,2,8.68,Cancelled,Mobile App
STA-O6382,STA-C7100,04-11-2025,Bakery,1,4.15,Cancelled,Cash
STA-O14987,STA-C7879,10-08-2024,Coffee Beans (Retail),4,21.62,Cancelled,Cash
STA-O12178,STA-C9103,26-12-2023,Coffee Beans (Retail),5,24.29,Pending,Credit Card
STA-O10626,STA-C3535,13-06-2023,Bakery,3,2.58,Cancelled,Starbucks Card
STA-O5084,STA-C5565,09-04-2023,Coffee Beans (Retail),3,24.46,Delivered,Cash
STA-O9503,STA-C5329,06-10-2025,Tea,5,4.52,Delivered,Starbucks Card
STA-O10207,STA-C6643,07-10-2025,Cold Coffee,5,7.8,Delivered,Starbucks Card
STA-O11862,STA-C10693,09-01-2024,Merchandise,4,38.62,Delivered,Cash
STA-O12702,STA-C6075,27-06-2025,Coffee Beans (Retail),3,15.63,Delivered,Starbucks Card
STA-O14943,STA-C8137,11-12-2023,Sandwiches,2,7.03,Shipped,Credit Card
STA-O12969,STA-C9070,18-03-2023,Bakery,3,3.21,Delivered,Starbucks Card
STA-O14418,STA-C4348,16-03-2025,Frappuccino,2,5.71,Shipped,Credit Card
STA-O6133,STA-C10119,30-06-2023,Merchandise,3,16.33,Delivered,Mobile App
STA-O9008,STA-C2256,09-11-2024,Coffee Beans (Retail),3,12.2,Delivered,Starbucks Card
STA-O6810,STA-C7099,03-06-2025,Frappuccino,1,5.68,Delivered,Cash
STA-O11773,STA-C2428,17-12-2025,Bakery,5,2.49,Shipped,Cash
STA-O5259,STA-C2142,13-03-2025,Merchandise,4,25.6,Returned,Cash
STA-O14265,STA-C10410,09-06-2023,Sandwiches,3,5.44,Pending,Mobile App
STA-O6655,STA-C2550,03-05-2023,Frappuccino,5,7.48,Delivered,Starbucks Card
STA-O7663,STA-C7740,25-07-2025,Coffee Beans (Retail),4,15.17,Pending,Cash
STA-O14152,STA-C4887,23-03-2025,Merchandise,5,25.85,Delivered,Mobile App
STA-O5908,STA-C2568,29-03-2024,Sandwiches,5,5.46,Returned,Credit Card
STA-O11430,STA-C9799,19-02-2025,Tea,2,3.76,Shipped,Credit Card
STA-O14089,STA-C10126,04-02-2023,Tea,3,4.63,Cancelled,Starbucks Card
STA-O12308,STA-C1943,04-03-2025,Frappuccino,4,7.82,Pending,Credit Card
STA-O14324,STA-C4383,20-04-2023,Merchandise,1,35.96,Delivered,Cash
STA-O13715,STA-C9999,18-05-2024,Tea,4,4.28,Shipped,Cash
STA-O10525,STA-C3245,09-10-2024,Bakery,1,5.6,Shipped,Cash
STA-O7546,STA-C7754,02-04-2023,Merchandise,5,11.77,Cancelled,Starbucks Card
STA-O14904,STA-C2673,23-07-2023,Merchandise,1,16.05,Delivered,Mobile App
STA-O11527,STA-C3017,21-01-2025,Coffee Beans (Retail),3,21.51,Delivered,Cash
STA-O11370,STA-C6757,10-10-2025,Tea,1,4.71,Cancelled,Starbucks Card
STA-O7825,STA-C10468,15-02-2023,Merchandise,2,26.8,Pending,Cash
STA-O14510,STA-C9710,02-11-2023,Merchandise,1,25.21,Delivered,Credit Card
STA-O11136,STA-C6148,13-02-2025,Sandwiches,3,8.39,Delivered,Credit Card
STA-O6019,STA-C7947,22-07-2023,Sandwiches,4,6.96,Delivered,Credit Card
STA-O13904,STA-C4887,07-11-2024,Sandwiches,3,5.22,Unknown,Mobile App
STA-O9865,STA-C2931,17-11-2023,Tea,5,3.1,Shipped,Starbucks Card
STA-O5257,STA-C7675,10-04-2024,Cold Coffee,5,5.53,Delivered,Mobile App
STA-O9767,STA-C9482,05-03-2023,Coffee Beans (Retail),4,13.71,Cancelled,Credit Card
STA-O11831,STA-C10458,20-06-2025,Coffee Beans (Retail),1,20.87,Delivered,Cash
STA-O12003,STA-C9071,12-12-2024,Sandwiches,3,6.61,Pending,Cash
STA-O6367,STA-C3499,09-06-2025,Bakery,5,3.22,Returned,Starbucks Card
STA-O11586,STA-C2655,05-01-2025,Bakery,4,2.56,Shipped,Cash
STA-O14548,STA-C6411,12-11-2024,Frappuccino,4,5.54,Delivered,Cash
STA-O9582,STA-C6449,07-06-2024,Bakery,2,2.44,Delivered,Credit Card
STA-O9940,STA-C3930,22-10-2023,Bakery,1,5.84,Cancelled,Cash
STA-O5870,STA-C6705,25-02-2024,Frappuccino,1,7.2,Delivered,Credit Card
STA-O13645,STA-C10516,31-10-2025,Sandwiches,5,6.42,Delivered,Starbucks Card
STA-O13891,STA-C9718,27-01-2024,Tea,3,4.16,Delivered,Credit Card
STA-O14185,STA-C8308,18-03-2025,Sandwiches,5,8.84,Cancelled,Credit Card
STA-O7186,STA-C3470,21-04-2024,Merchandise,5,39.05,Pending,Credit Card
STA-O11112,STA-C9576,19-05-2025,Hot Coffee,3,3.23,Pending,Credit Card
STA-O7172,STA-C3180,03-02-2024,Bakery,3,5.17,Returned,Cash
STA-O6748,STA-C4776,28-01-2023,Cold Coffee,1,6.32,Delivered,Mobile App
STA-O5379,STA-C6995,08-07-2023,Bakery,3,3.95,Delivered,Cash
STA-O11022,STA-C5136,11-11-2025,Merchandise,4,35.57,Cancelled,Credit Card
STA-O8011,STA-C6770,15-08-2023,Hot Coffee,5,6.97,Returned,Mobile App
STA-O7041,STA-C1173,19-02-2025,Hot Coffee,2,5.79,Returned,Mobile App
STA-O13639,STA-C9664,13-05-2023,Bakery,1,5.03,Unknown,Cash
STA-O11960,STA-C3680,09-03-2024,Merchandise,3,27.24,Pending,Starbucks Card
STA-O12853,STA-C3203,06-06-2024,Frappuccino,3,6.49,Pending,Mobile App
STA-O10493,STA-C9577,12-12-2023,Frappuccino,3,5.23,Pending,Mobile App
STA-O8482,STA-C3649,22-06-2025,Tea,5,3.49,Delivered,Cash
STA-O8568,STA-C10552,29-07-2025,Coffee Beans (Retail),3,23.54,Delivered,Mobile App
STA-O14374,STA-C3117,24-07-2024,Bakery,1,2.62,Delivered,Mobile App
STA-O5807,STA-C10780,10-08-2025,Coffee Beans (Retail),2,23.46,Shipped,Starbucks Card
STA-O6739,STA-C6700,18-05-2023,Cold Coffee,5,6.48,Shipped,Cash
STA-O14333,STA-C3009,14-12-2025,Merchandise,1,23.68,Delivered,Mobile App
STA-O12733,STA-C2630,18-03-2023,Coffee Beans (Retail),2,24.28,Cancelled,Credit Card
STA-O6485,STA-C9031,06-07-2024,Tea,5,3.18,Returned,Starbucks Card
STA-O7640,STA-C9999,04-06-2024,Cold Coffee,1,4.17,Pending,Starbucks Card
STA-O12648,STA-C10505,05-10-2025,Hot Coffee,1,5.46,Delivered,Mobile App
STA-O13928,STA-C8354,24-03-2024,Coffee Beans (Retail),1,12.36,Delivered,Mobile App
STA-O11795,STA-C8920,06-05-2024,Cold Coffee,2,5.12,Cancelled,Mobile App
STA-O13632,STA-C3471,03-10-2024,Cold Coffee,1,5.11,Returned,Starbucks Card
STA-O9900,STA-C5730,12-08-2025,Tea,5,3.34,Returned,Mobile App
STA-O5106,STA-C6602,05-08-2024,Coffee Beans (Retail),1,14.54,Delivered,Mobile App
STA-O8198,STA-C6535,02-03-2023,Cold Coffee,1,4.33,Shipped,Cash
STA-O10347,STA-C4492,18-01-2023,Frappuccino,4,6.22,Delivered,Starbucks Card
STA-O9364,STA-C9428,13-05-2024,Cold Coffee,2,6.04,Shipped,Credit Card
STA-O13618,STA-C3265,19-10-2025,Cold Coffee,5,4.13,Pending,Starbucks Card
STA-O13554,STA-C2180,31-10-2024,Cold Coffee,5,4.23,Shipped,Mobile App
STA-O13248,STA-C4190,10-06-2025,Bakery,3,4.73,Shipped,Starbucks Card
STA-O7265,STA-C7791,26-01-2024,Cold Coffee,4,6.51,Returned,Mobile App
STA-O9229,STA-C6674,08-04-2023,Tea,4,4.13,Pending,Mobile App
STA-O8807,STA-C7488,18-02-2023,Sandwiches,1,6.7,Returned,Cash
STA-O14278,STA-C4692,20-04-2025,Bakery,4,4.57,Returned,Mobile App
STA-O14959,STA-C2804,02-11-2024,Coffee Beans (Retail),4,20.57,Delivered,Credit Card
STA-O10673,STA-C7546,28-05-2024,Merchandise,1,22.62,Delivered,Credit Card
STA-O11907,STA-C3120,31-03-2025,Sandwiches,3,6.93,Delivered,Credit Card
STA-O12372,STA-C7419,01-11-2023,Frappuccino,1,8.65,Cancelled,Mobile App
STA-O12939,STA-C4329,18-01-2023,Cold Coffee,3,6.58,Returned,Starbucks Card
STA-O13151,STA-C7809,05-06-2023,Merchandise,3,18.89,Shipped,Credit Card
STA-O12730,STA-C4981,27-09-2023,Hot Coffee,2,4.97,Returned,Cash
STA-O10082,STA-C2993,20-06-2025,Hot Coffee,5,3.35,Cancelled,Mobile App
STA-O9686,STA-C5327,10-12-2025,Hot Coffee,5,5.48,Delivered,Credit Card
STA-O5917,STA-C3968,22-12-2023,Bakery,3,4.25,Delivered,Mobile App
STA-O8045,STA-C1584,06-02-2025,Tea,1,3.95,Shipped,Mobile App
STA-O14639,STA-C9999,17-06-2023,Bakery,1,5.72,Cancelled,Cash
STA-O12532,STA-C9184,27-07-2025,Coffee Beans (Retail),3,13.79,Returned,Mobile App
STA-O8746,STA-C3993,11-01-2025,Cold Coffee,2,5.99,Cancelled,Starbucks Card
STA-O13134,STA-C2466,13-02-2023,Tea,2,3.57,Delivered,Mobile App
STA-O14558,STA-C10469,07-12-2025,Bakery,1,5.56,Delivered,Starbucks Card
STA-O12093,STA-C9496,27-09-2025,Frappuccino,1,6.29,Returned,Cash
STA-O12475,STA-C1206,11-09-2025,Cold Coffee,1,5,Pending,Mobile App
STA-O7119,STA-C7749,17-04-2025,Frappuccino,3,8.94,Shipped,Credit Card
STA-O13188,STA-C9152,03-07-2023,Bakery,3,2.42,Cancelled,Cash
STA-O10394,STA-C9999,23-05-2023,Hot Coffee,4,3.13,Returned,Starbucks Card
STA-O12263,STA-C7658,26-12-2025,Bakery,5,2.33,Shipped,Cash
STA-O8792,STA-C6740,02-03-2023,Hot Coffee,3,3.23,Delivered,Credit Card
STA-O5425,STA-C4627,26-01-2024,Hot Coffee,3,3.79,Delivered,Starbucks Card
STA-O10604,STA-C10438,21-01-2023,Merchandise,5,24.71,Delivered,Credit Card
STA-O12183,STA-C8821,05-03-2024,Frappuccino,1,7.61,Delivered,Starbucks Card
STA-O13866,STA-C7554,15-01-2025,Bakery,2,4.9,Delivered,Credit Card
STA-O14523,STA-C10216,25-07-2023,Coffee Beans (Retail),2,21.26,Delivered,Cash
STA-O5930,STA-C9999,22-11-2024,Frappuccino,3,6.54,Shipped,Credit Card
STA-O5140,STA-C1814,01-01-2025,Cold Coffee,5,4.86,Delivered,Mobile App
STA-O9439,STA-C1470,04-07-2024,Frappuccino,2,5.79,Pending,Mobile App
STA-O6803,STA-C7449,21-08-2023,Sandwiches,3,5.81,Pending,Mobile App
STA-O9196,STA-C3032,12-08-2023,Bakery,3,4.41,Delivered,Mobile App
STA-O6568,STA-C5380,24-11-2024,Tea,4,5.96,Delivered,Starbucks Card
STA-O8688,STA-C7699,18-02-2023,Hot Coffee,4,6.41,Delivered,Mobile App
STA-O12791,STA-C5613,24-03-2023,Merchandise,2,14.61,Delivered,Cash
STA-O7109,STA-C9780,05-06-2025,Coffee Beans (Retail),4,24.21,Returned,Starbucks Card
STA-O6478,STA-C8208,08-12-2025,Hot Coffee,2,3.96,Delivered,Mobile App
STA-O13358,STA-C9534,18-01-2024,Hot Coffee,1,3.33,Shipped,Cash
STA-O13095,STA-C4218,23-10-2023,Merchandise,3,38.96,Delivered,Cash
STA-O8917,STA-C3685,29-08-2023,Cold Coffee,5,5.46,Returned,Mobile App
STA-O14301,STA-C10721,16-02-2025,Coffee Beans (Retail),4,14.54,Shipped,Mobile App
STA-O7512,STA-C6065,13-08-2024,Hot Coffee,5,5.06,Returned,Cash
STA-O6630,STA-C2866,25-09-2025,Merchandise,5,10.23,Delivered,Cash
STA-O14875,STA-C1376,14-04-2023,Coffee Beans (Retail),2,21.41,Returned,Credit Card
STA-O13196,STA-C1790,20-06-2025,Hot Coffee,5,3.96,Pending,Mobile App
STA-O12113,STA-C6796,23-09-2025,Tea,4,5.12,Returned,Credit Card
STA-O9669,STA-C9384,28-10-2023,Cold Coffee,4,7.6,Returned,Mobile App
STA-O6329,STA-C1218,10-05-2023,Tea,4,3.74,Shipped,Cash
STA-O10013,STA-C5348,19-10-2023,Bakery,1,4.88,Cancelled,Credit Card
STA-O5814,STA-C8989,11-10-2025,Tea,5,4.03,Returned,Credit Card
STA-O9939,STA-C3732,09-12-2024,Coffee Beans (Retail),5,15.63,Delivered,Mobile App
STA-O9838,STA-C4401,08-06-2023,Cold Coffee,5,6.86,Delivered,Mobile App
STA-O7701,STA-C10437,29-01-2023,Tea,3,4.12,Cancelled,Cash
STA-O8452,STA-C2019,30-09-2023,Cold Coffee,4,4.28,Delivered,Cash
STA-O8388,STA-C10556,15-03-2023,Tea,2,5.98,Pending,Starbucks Card
STA-O12375,STA-C2549,21-09-2024,Bakery,4,5.94,Shipped,Credit Card
STA-O13980,STA-C3081,07-08-2024,Coffee Beans (Retail),2,24.19,Pending,Starbucks Card
STA-O14551,STA-C5544,19-10-2025,Frappuccino,1,7.38,Pending,Credit Card
STA-O13435,STA-C10993,19-08-2023,Tea,5,3.92,Shipped,Credit Card
STA-O6217,STA-C9191,26-10-2024,Coffee Beans (Retail),2,15.84,Delivered,Starbucks Card
STA-O12657,STA-C1322,24-11-2023,Cold Coffee,4,6.81,Delivered,Credit Card
STA-O9298,STA-C9999,25-01-2024,Tea,5,4.77,Cancelled,Credit Card
STA-O9886,STA-C2401,07-06-2023,Frappuccino,4,6.41,Delivered,Cash
STA-O6226,STA-C6057,27-02-2023,Hot Coffee,2,5.86,Returned,Starbucks Card
STA-O9538,STA-C3698,13-11-2025,Merchandise,1,36.31,Delivered,Cash
STA-O14528,STA-C2254,10-09-2023,Tea,1,4.25,Pending,Mobile App
STA-O11117,STA-C10403,07-11-2025,Tea,4,5.49,Returned,Credit Card
STA-O8166,STA-C9999,19-01-2023,Frappuccino,3,8.36,Cancelled,Credit Card
STA-O11982,STA-C9248,02-12-2024,Hot Coffee,5,6.75,Delivered,Credit Card
STA-O11990,STA-C7749,15-09-2025,Sandwiches,3,5.29,Cancelled,Mobile App
STA-O6936,STA-C1192,16-05-2024,Sandwiches,5,8.44,Delivered,Starbucks Card
STA-O10317,STA-C6145,18-07-2025,Merchandise,3,19.69,Cancelled,Mobile App
STA-O7151,STA-C8002,31-08-2025,Bakery,4,3.89,Delivered,Mobile App
STA-O7237,STA-C6956,21-12-2023,Frappuccino,5,6.11,Cancelled,Cash
STA-O9568,STA-C9614,09-05-2024,Merchandise,1,8.39,Pending,Starbucks Card
STA-O11074,STA-C2021,15-10-2025,Frappuccino,4,5.27,Shipped,Cash
STA-O5101,STA-C6822,06-03-2024,Sandwiches,1,6.32,Delivered,Starbucks Card
STA-O9192,STA-C1827,30-12-2023,Merchandise,2,13.69,Delivered,Cash
STA-O7008,STA-C1310,02-02-2023,Coffee Beans (Retail),2,18.85,Delivered,Starbucks Card
STA-O7798,STA-C8813,19-03-2023,Hot Coffee,4,6.35,Cancelled,Cash
STA-O9157,STA-C2906,12-04-2024,Hot Coffee,3,3.63,Shipped,Cash
STA-O12000,STA-C7132,21-01-2023,Coffee Beans (Retail),2,21,Returned,Cash
STA-O12506,STA-C5526,08-07-2023,Frappuccino,2,6.65,Delivered,Mobile App
STA-O8073,STA-C4438,30-03-2024,Tea,3,3.56,Cancelled,Credit Card
STA-O10716,STA-C10923,10-04-2024,Frappuccino,1,6.39,Delivered,Credit Card
STA-O14080,STA-C7212,23-06-2023,Frappuccino,3,7.11,Cancelled,Credit Card
STA-O12211,STA-C3554,03-03-2023,Tea,4,4.15,Delivered,Starbucks Card
STA-O5515,STA-C2755,25-10-2023,Hot Coffee,1,3.8,Returned,Credit Card
STA-O7892,STA-C4081,15-12-2025,Hot Coffee,1,3.37,Delivered,Cash
STA-O6507,STA-C3800,03-03-2023,Hot Coffee,5,4.08,Cancelled,Credit Card
STA-O14524,STA-C2292,25-03-2025,Sandwiches,2,6.56,Delivered,Credit Card
STA-O13844,STA-C4009,11-10-2025,Frappuccino,3,8.15,Shipped,Mobile App
STA-O12247,STA-C9489,05-06-2024,Bakery,5,4.8,Cancelled,Starbucks Card
STA-O6522,STA-C6262,09-10-2023,Coffee Beans (Retail),4,24.27,Cancelled,Mobile App
STA-O9922,STA-C6828,10-03-2025,Frappuccino,3,5.4,Pending,Cash
STA-O12643,STA-C7569,16-11-2024,Hot Coffee,5,5.24,Delivered,Cash
STA-O5314,STA-C2334,20-05-2023,Merchandise,1,19.16,Shipped,Cash
STA-O5124,STA-C6178,12-05-2025,Bakery,3,3.12,Delivered,Cash
STA-O8326,STA-C9653,22-02-2024,Sandwiches,4,8.73,Delivered,Starbucks Card
STA-O14351,STA-C4499,09-11-2025,Frappuccino,4,8.65,Cancelled,Mobile App
STA-O12492,STA-C3148,16-01-2023,Coffee Beans (Retail),4,22.95,Returned,Cash
STA-O12413,STA-C5701,16-07-2025,Hot Coffee,2,4.81,Shipped,Credit Card
STA-O9103,STA-C5801,08-03-2025,Coffee Beans (Retail),1,20.43,Shipped,Mobile App
STA-O8946,STA-C7774,28-03-2024,Merchandise,2,30.02,Delivered,Credit Card
STA-O6679,STA-C4937,11-04-2023,Sandwiches,5,8.68,Returned,Credit Card
STA-O10898,STA-C8460,17-10-2023,Sandwiches,5,6.36,Delivered,Credit Card
STA-O5863,STA-C3458,09-02-2023,Frappuccino,3,6.94,Pending,Starbucks Card
STA-O11027,STA-C9999,13-05-2025,Merchandise,3,21.5,Delivered,Mobile App
STA-O7606,STA-C8394,09-04-2024,Merchandise,2,17.07,Pending,Mobile App
STA-O5718,STA-C1422,14-07-2023,Tea,5,5.98,Delivered,Starbucks Card
STA-O9452,STA-C3908,23-12-2023,Frappuccino,5,5.79,Delivered,Starbucks Card
STA-O8279,STA-C3279,20-10-2025,Bakery,5,3.27,Shipped,Cash
STA-O8465,STA-C1490,12-11-2025,Tea,1,3.03,Shipped,Cash
STA-O10800,STA-C8743,13-07-2025,Bakery,1,4.2,Cancelled,Credit Card
STA-O10425,STA-C3458,23-04-2024,Tea,1,4.01,Pending,Starbucks Card
STA-O12992,STA-C6141,01-11-2024,Coffee Beans (Retail),3,15.56,Pending,Mobile App
STA-O12291,STA-C7702,03-05-2023,Cold Coffee,2,5.56,Pending,Cash
STA-O10475,STA-C1224,17-09-2024,Cold Coffee,1,7.1,Delivered,Starbucks Card
STA-O9691,STA-C8191,30-01-2025,Hot Coffee,5,5.78,Delivered,Credit Card
STA-O9422,STA-C8998,26-04-2024,Tea,5,4.04,Pending,Mobile App
STA-O12317,STA-C3771,30-06-2023,Hot Coffee,1,3.75,Shipped,Credit Card
STA-O12857,STA-C2216,20-02-2024,Hot Coffee,3,6.88,Shipped,Starbucks Card
STA-O8182,STA-C6470,24-06-2025,Hot Coffee,1,6.85,Cancelled,Credit Card
STA-O5490,STA-C9336,24-10-2023,Tea,2,4.21,Shipped,Cash
STA-O7477,STA-C1943,05-06-2025,Sandwiches,4,7.93,Delivered,Mobile App
STA-O11934,STA-C2049,15-02-2023,Sandwiches,2,6.27,Returned,Mobile App
STA-O13154,STA-C4325,28-03-2024,Merchandise,5,32.51,Pending,Cash
STA-O5590,STA-C10769,25-01-2024,Hot Coffee,4,5.13,Pending,Cash
STA-O12062,STA-C1192,10-01-2024,Tea,3,3.13,Cancelled,Mobile App
STA-O7021,STA-C6915,03-10-2024,Frappuccino,5,6.98,Shipped,Mobile App
STA-O5626,STA-C7950,24-04-2025,Hot Coffee,2,3.65,Delivered,Mobile App
STA-O10470,STA-C5257,17-10-2025,Coffee Beans (Retail),2,21.7,Delivered,Mobile App
STA-O7409,STA-C9722,21-06-2023,Frappuccino,1,6.5,Delivered,Cash
STA-O13613,STA-C3629,11-11-2025,Sandwiches,5,6.93,Returned,Mobile App
STA-O10175,STA-C5677,25-09-2025,Sandwiches,2,8.98,Pending,Credit Card
STA-O7364,STA-C1323,20-03-2025,Tea,5,5.08,Cancelled,Mobile App
STA-O13805,STA-C5174,08-04-2024,Cold Coffee,3,6.36,Delivered,Starbucks Card
STA-O6778,STA-C6121,31-07-2024,Merchandise,4,22.68,Delivered,Cash
STA-O11816,STA-C8439,19-04-2023,Coffee Beans (Retail),3,23.71,Cancelled,Credit Card
STA-O11614,STA-C3251,04-01-2023,Merchandise,4,32.74,Delivered,Credit Card
STA-O14348,STA-C7420,24-03-2024,Bakery,1,5.72,Cancelled,Starbucks Card
STA-O12768,STA-C6577,19-09-2024,Bakery,3,4.76,Delivered,Credit Card
STA-O13940,STA-C1803,10-12-2023,Tea,2,5.54,Delivered,Cash
STA-O14412,STA-C8706,22-04-2023,Frappuccino,3,8.82,Shipped,Starbucks Card
STA-O12269,STA-C6207,20-01-2023,Frappuccino,4,5.5,Delivered,Starbucks Card
STA-O14768,STA-C4919,05-11-2023,Merchandise,2,12,Pending,Credit Card
STA-O6260,STA-C6824,09-06-2025,Coffee Beans (Retail),5,23.91,Delivered,Starbucks Card
STA-O9437,STA-C5245,10-01-2024,Coffee Beans (Retail),1,15.88,Returned,Credit Card
STA-O9662,STA-C7272,01-08-2024,Bakery,3,5.67,Shipped,Credit Card
STA-O7664,STA-C9608,12-11-2023,Bakery,1,3.82,Returned,Credit Card
STA-O13818,STA-C7804,06-09-2024,Hot Coffee,1,3.12,Returned,Cash
STA-O9443,STA-C1614,14-05-2023,Bakery,1,5.27,Delivered,Credit Card
STA-O14362,STA-C5367,01-05-2023,Hot Coffee,5,3.59,Pending,Credit Card
STA-O13957,STA-C2094,16-08-2024,Sandwiches,5,6.46,Shipped,Starbucks Card
STA-O5752,STA-C10093,14-04-2025,Bakery,2,4.6,Pending,Cash
STA-O5075,STA-C6293,03-08-2025,Coffee Beans (Retail),2,15.03,Delivered,Mobile App
STA-O5910,STA-C1326,31-10-2024,Tea,2,4.06,Delivered,Cash
STA-O11443,STA-C5293,26-12-2025,Sandwiches,2,5.44,Pending,Mobile App
STA-O11986,STA-C1297,30-10-2023,Tea,2,4.81,Delivered,Starbucks Card
STA-O9962,STA-C8513,19-07-2024,Tea,1,3.54,Delivered,Starbucks Card
STA-O6379,STA-C4886,15-07-2023,Tea,5,5.4,Returned,Starbucks Card
STA-O9592,STA-C3396,13-05-2024,Merchandise,1,14.69,Shipped,Mobile App
STA-O6144,STA-C5501,05-12-2025,Coffee Beans (Retail),2,22.49,Delivered,Credit Card
STA-O11915,STA-C8825,29-06-2023,Frappuccino,3,7.24,Cancelled,Credit Card
STA-O9563,STA-C9999,22-12-2024,Frappuccino,5,8.3,Pending,Mobile App
STA-O13665,STA-C1687,25-09-2023,Bakery,3,4.3,Delivered,Mobile App
STA-O9878,STA-C2129,10-02-2025,Cold Coffee,2,7.44,Cancelled,Credit Card
STA-O9638,STA-C5435,18-06-2023,Cold Coffee,5,7.54,Pending,Cash
STA-O11364,STA-C6599,05-06-2023,Tea,3,3.74,Pending,Starbucks Card
STA-O10199,STA-C5683,28-11-2023,Frappuccino,2,8.16,Returned,Mobile App
STA-O13917,STA-C10274,25-12-2024,Coffee Beans (Retail),2,11.8,Returned,Cash
STA-O7648,STA-C3269,15-12-2025,Sandwiches,2,6.67,Delivered,Starbucks Card
STA-O10875,STA-C5347,31-12-2023,Sandwiches,1,5.2,Delivered,Credit Card
STA-O6590,STA-C10403,18-05-2023,Merchandise,2,35.64,Pending,Cash
STA-O10223,STA-C3905,28-12-2024,Hot Coffee,4,5.31,Cancelled,Mobile App
STA-O13907,STA-C1105,23-06-2023,Hot Coffee,1,6.68,Delivered,Credit Card
STA-O7418,STA-C1287,14-03-2024,Hot Coffee,1,3.53,Delivered,Mobile App
STA-O6843,STA-C4034,25-02-2025,Tea,5,4.19,Pending,Starbucks Card
STA-O11223,STA-C10329,22-09-2024,Cold Coffee,2,6.48,Delivered,Mobile App
STA-O12972,STA-C4897,11-01-2023,Sandwiches,2,8.96,Unknown,Starbucks Card
STA-O5135,STA-C5632,08-03-2023,Hot Coffee,1,3.58,Cancelled,Credit Card
STA-O6184,STA-C3653,07-05-2023,Merchandise,1,30.3,Pending,Cash
STA-O11702,STA-C2752,21-06-2025,Cold Coffee,1,7.1,Delivered,Cash
STA-O13081,STA-C9723,18-04-2023,Hot Coffee,5,3.11,Delivered,Mobile App
STA-O11752,STA-C10082,05-11-2025,Sandwiches,2,5.32,Delivered,Credit Card
STA-O10325,STA-C6364,24-08-2024,Coffee Beans (Retail),2,10.76,Pending,Credit Card
STA-O7016,STA-C1667,15-09-2024,Merchandise,3,36.55,Returned,Mobile App
STA-O11660,STA-C7062,31-07-2023,Sandwiches,2,8.51,Delivered,Cash
STA-O14631,STA-C9798,07-02-2025,Hot Coffee,4,5.85,Delivered,Starbucks Card
STA-O12049,STA-C8683,12-05-2025,Sandwiches,3,6.52,Shipped,Mobile App
STA-O14660,STA-C4636,02-03-2023,Bakery,4,5.3,Delivered,Credit Card
STA-O11749,STA-C4695,19-06-2023,Cold Coffee,5,6.15,Returned,Cash
STA-O11419,STA-C8607,08-08-2023,Sandwiches,4,8,Delivered,Cash
STA-O13006,STA-C5080,15-02-2024,Tea,1,5.35,Delivered,Credit Card
STA-O6420,STA-C4630,03-10-2024,Bakery,1,3.19,Cancelled,Credit Card
STA-O9062,STA-C6072,15-01-2023,Hot Coffee,5,6.78,Cancelled,Cash
STA-O7089,STA-C4489,12-02-2025,Frappuccino,5,7.81,Delivered,Mobile App
STA-O7623,STA-C4004,28-05-2024,Sandwiches,5,7.77,Returned,Credit Card
STA-O12268,STA-C2999,30-05-2025,Bakery,3,4.12,Delivered,Credit Card
STA-O8610,STA-C4453,05-08-2025,Bakery,5,4.45,Delivered,Starbucks Card
STA-O7911,STA-C9887,06-01-2023,Tea,3,4.88,Returned,Mobile App
STA-O8904,STA-C2927,27-11-2024,Merchandise,5,33.55,Returned,Mobile App
STA-O11645,STA-C6710,14-12-2025,Bakery,4,3.13,Returned,Starbucks Card
STA-O12695,STA-C10705,21-11-2025,Hot Coffee,5,3.51,Cancelled,Starbucks Card
STA-O8894,STA-C2796,04-10-2025,Tea,1,5.58,Returned,Credit Card
STA-O14004,STA-C5401,08-09-2023,Cold Coffee,3,4.75,Returned,Credit Card
STA-O12655,STA-C8750,15-02-2025,Coffee Beans (Retail),1,14.36,Delivered,Starbucks Card
STA-O6405,STA-C8985,20-05-2025,Hot Coffee,5,3.09,Delivered,Cash
STA-O14784,STA-C9232,18-08-2024,Cold Coffee,2,7.1,Delivered,Cash
STA-O13621,STA-C9999,15-02-2024,Frappuccino,4,8.6,Pending,Credit Card
STA-O14836,STA-C10443,10-03-2023,Coffee Beans (Retail),1,14.92,Delivered,Starbucks Card
STA-O6785,STA-C8920,20-06-2023,Bakery,5,4.8,Cancelled,Credit Card
STA-O6183,STA-C6625,26-09-2025,Sandwiches,2,5.56,Delivered,Mobile App
STA-O11481,STA-C6887,01-01-2025,Cold Coffee,2,6.66,Cancelled,Mobile App
STA-O6616,STA-C4696,09-12-2023,Frappuccino,2,7.14,Delivered,Cash
STA-O11627,STA-C9555,15-06-2024,Merchandise,4,20.13,Returned,Starbucks Card
STA-O14461,STA-C9692,01-06-2024,Hot Coffee,5,3.78,Delivered,Cash
STA-O10283,STA-C8807,28-06-2024,Frappuccino,1,8.27,Returned,Credit Card
STA-O6871,STA-C6290,25-03-2025,Cold Coffee,4,6.61,Delivered,Starbucks Card
STA-O5836,STA-C4459,02-11-2025,Hot Coffee,5,6.36,Delivered,Mobile App
STA-O10859,STA-C9999,16-06-2025,Sandwiches,5,7.61,Pending,Credit Card
STA-O8783,STA-C2129,03-03-2024,Coffee Beans (Retail),4,20.76,Delivered,Mobile App
STA-O12901,STA-C2049,18-06-2024,Coffee Beans (Retail),1,10.49,Delivered,Cash
STA-O12321,STA-C9232,31-10-2023,Frappuccino,3,5.56,Shipped,Credit Card
STA-O5163,STA-C6344,08-01-2025,Frappuccino,5,7.66,Delivered,Mobile App
STA-O8663,STA-C5864,29-12-2023,Tea,3,4.05,Cancelled,Mobile App
STA-O6170,STA-C9231,08-06-2025,Frappuccino,4,8.96,Delivered,Mobile App
STA-O12808,STA-C9147,24-07-2023,Hot Coffee,5,4.53,Shipped,Starbucks Card
STA-O8613,STA-C5853,08-12-2025,Frappuccino,5,7.88,Cancelled,Starbucks Card
STA-O12960,STA-C6828,24-06-2023,Bakery,3,4.47,Pending,Mobile App
STA-O13143,STA-C1718,08-12-2025,Bakery,2,3.23,Delivered,Mobile App
STA-O10843,STA-C4785,20-06-2025,Sandwiches,2,5.13,Cancelled,Credit Card
STA-O12778,STA-C10846,23-01-2025,Tea,3,4.71,Delivered,Mobile App
STA-O10053,STA-C10611,20-10-2023,Bakery,3,3.89,Delivered,Credit Card
STA-O12100,STA-C8183,22-09-2024,Coffee Beans (Retail),2,18.35,Pending,Cash
STA-O13994,STA-C6544,21-12-2024,Bakery,2,3.41,Pending,Starbucks Card
STA-O8902,STA-C10131,20-07-2025,Merchandise,4,28.29,Delivered,Starbucks Card
STA-O8145,STA-C6607,14-06-2023,Cold Coffee,2,4.51,Shipped,Starbucks Card
STA-O14232,STA-C1616,25-04-2023,Bakery,1,3.64,Delivered,Cash
STA-O6109,STA-C3531,20-02-2024,Frappuccino,4,8.86,Returned,Credit Card
STA-O11168,STA-C9516,13-05-2023,Merchandise,2,9.19,Pending,Credit Card
STA-O9822,STA-C3875,26-10-2025,Cold Coffee,1,4.56,Shipped,Cash
STA-O9858,STA-C5914,10-06-2023,Hot Coffee,2,6.69,Delivered,Cash
STA-O13857,STA-C7088,02-01-2024,Coffee Beans (Retail),3,12.91,Cancelled,Starbucks Card
STA-O8450,STA-C8798,08-09-2025,Sandwiches,5,6.41,Delivered,Cash
STA-O7982,STA-C2181,14-12-2025,Frappuccino,1,5.14,Pending,Starbucks Card
STA-O7277,STA-C7699,02-10-2025,Sandwiches,2,5.72,Cancelled,Credit Card
STA-O8809,STA-C9894,25-12-2024,Sandwiches,3,5.11,Returned,Mobile App
STA-O6959,STA-C5114,04-12-2023,Coffee Beans (Retail),1,10.7,Pending,Credit Card
STA-O11827,STA-C7239,12-08-2025,Bakery,3,5.77,Returned,Mobile App
STA-O7961,STA-C10765,25-04-2025,Merchandise,3,16.34,Cancelled,Cash
STA-O11416,STA-C2818,28-02-2025,Sandwiches,5,6.68,Returned,Starbucks Card
STA-O13924,STA-C7486,21-06-2025,Merchandise,3,39.06,Delivered,Mobile App
STA-O14989,STA-C8056,14-09-2025,Coffee Beans (Retail),4,19.63,Delivered,Credit Card
STA-O7774,STA-C5976,22-03-2024,Bakery,5,4.07,Pending,Credit Card
STA-O14488,STA-C7793,20-10-2024,Cold Coffee,1,5.2,Delivered,Credit Card
STA-O12823,STA-C5866,18-12-2023,Coffee Beans (Retail),3,10.73,Delivered,Credit Card
STA-O9180,STA-C6489,18-05-2024,Hot Coffee,4,6.15,Delivered,Mobile App
STA-O6510,STA-C7096,06-09-2024,Hot Coffee,4,6.54,Cancelled,Starbucks Card
STA-O11484,STA-C6721,23-12-2023,Tea,3,5.27,Delivered,Starbucks Card
STA-O8940,STA-C2398,10-01-2023,Cold Coffee,1,6.14,Cancelled,Credit Card
STA-O6297,STA-C5183,14-04-2025,Cold Coffee,1,5.91,Pending,Cash
STA-O10552,STA-C8225,01-04-2024,Cold Coffee,1,4.65,Pending,Cash
STA-O10651,STA-C9113,05-08-2025,Merchandise,2,26.83,Pending,Starbucks Card
STA-O10791,STA-C1358,15-04-2025,Frappuccino,4,6.89,Returned,Starbucks Card
STA-O13140,STA-C2693,04-05-2025,Coffee Beans (Retail),4,11.75,Pending,Mobile App
STA-O7260,STA-C10012,16-06-2025,Frappuccino,4,6.7,Delivered,Starbucks Card
STA-O6945,STA-C9296,03-05-2025,Cold Coffee,2,7.8,Shipped,Mobile App
STA-O13702,STA-C10980,06-01-2025,Frappuccino,3,5.46,Cancelled,Cash
STA-O12288,STA-C10356,06-03-2024,Sandwiches,3,8.98,Returned,Cash
STA-O7213,STA-C9209,10-05-2025,Hot Coffee,1,3.31,Delivered,Credit Card
STA-O5445,STA-C2715,14-07-2023,Bakery,5,3.53,Delivered,Credit Card
STA-O7859,STA-C9755,10-02-2023,Frappuccino,1,5.13,Returned,Cash
STA-O11147,STA-C9233,01-01-2023,Tea,5,4.51,Shipped,Mobile App
STA-O6230,STA-C8438,31-10-2024,Coffee Beans (Retail),3,11.55,Shipped,Cash
STA-O10849,STA-C9690,28-10-2024,Frappuccino,1,6.85,Cancelled,Starbucks Card
STA-O11412,STA-C6711,20-04-2023,Cold Coffee,3,6.98,Delivered,Credit Card
STA-O7553,STA-C1904,27-01-2025,Sandwiches,4,6.61,Unknown,Cash
STA-O12721,STA-C5027,05-04-2023,Tea,1,3.48,Pending,Mobile App
STA-O13663,STA-C2086,02-05-2023,Sandwiches,4,6.63,Returned,Cash
STA-O14316,STA-C4159,05-04-2025,Merchandise,3,32.67,Returned,Cash
STA-O6753,STA-C2644,03-11-2024,Coffee Beans (Retail),5,16.26,Delivered,Mobile App
STA-O11916,STA-C7348,04-03-2025,Cold Coffee,4,4.21,Cancelled,Mobile App
STA-O12962,STA-C1375,20-03-2024,Coffee Beans (Retail),1,10.15,Unknown,Starbucks Card
STA-O9774,STA-C7857,11-03-2023,Tea,3,3.2,Delivered,Starbucks Card
STA-O11757,STA-C2319,17-08-2023,Sandwiches,4,5.55,Cancelled,Mobile App
STA-O9023,STA-C10389,28-11-2024,Coffee Beans (Retail),4,20.42,Delivered,Credit Card
STA-O10383,STA-C3661,01-07-2025,Hot Coffee,1,3.15,Shipped,Starbucks Card
STA-O10582,STA-C9294,15-04-2024,Hot Coffee,5,5.33,Cancelled,Credit Card
STA-O5117,STA-C10074,29-10-2023,Frappuccino,5,5.48,Cancelled,Cash
STA-O6083,STA-C7334,16-12-2023,Coffee Beans (Retail),2,18.45,Pending,Starbucks Card
STA-O14359,STA-C8116,19-04-2024,Sandwiches,3,5.06,Shipped,Mobile App
STA-O14711,STA-C10132,06-07-2025,Merchandise,2,18.22,Shipped,Mobile App
STA-O7384,STA-C7254,26-01-2023,Frappuccino,1,7.52,Delivered,Mobile App
STA-O14619,STA-C10664,14-08-2025,Cold Coffee,4,5.75,Returned,Mobile App
STA-O8473,STA-C10072,12-10-2024,Tea,4,4.12,Returned,Cash
STA-O11783,STA-C2896,01-12-2025,Bakery,4,3.77,Cancelled,Credit Card
STA-O9051,STA-C5425,12-06-2023,Merchandise,4,24.11,Returned,Mobile App
STA-O6051,STA-C10858,01-10-2024,Merchandise,4,15.83,Delivered,Starbucks Card
STA-O5460,STA-C9999,05-06-2025,Tea,2,5.59,Delivered,Cash
STA-O7220,STA-C5557,13-01-2025,Sandwiches,5,7.51,Cancelled,Mobile App
STA-O12840,STA-C9999,10-07-2025,Coffee Beans (Retail),1,13.88,Shipped,Mobile App
STA-O10091,STA-C4744,12-07-2023,Bakery,5,2.17,Delivered,Credit Card
STA-O11024,STA-C3553,23-02-2023,Bakery,5,2.97,Delivered,Cash
STA-O10127,STA-C8999,26-07-2025,Bakery,4,2.2,Delivered,Mobile App
STA-O10453,STA-C9171,20-11-2023,Frappuccino,5,5.04,Shipped,Cash
STA-O11965,STA-C8744,09-10-2025,Frappuccino,2,8.51,Shipped,Cash
STA-O13016,STA-C5180,17-10-2023,Sandwiches,4,7.81,Returned,Starbucks Card
STA-O8303,STA-C1564,10-12-2023,Hot Coffee,2,4.59,Cancelled,Cash
STA-O14276,STA-C2839,03-10-2023,Bakery,5,2.2,Delivered,Mobile App
STA-O8853,STA-C8893,29-06-2023,Merchandise,2,17.65,Delivered,Mobile App
STA-O13900,STA-C10864,25-11-2024,Hot Coffee,1,6.71,Shipped,Credit Card
STA-O13309,STA-C3576,03-03-2024,Merchandise,2,10.12,Returned,Mobile App
STA-O8295,STA-C1731,22-10-2023,Hot Coffee,2,5.07,Returned,Starbucks Card
STA-O8506,STA-C6452,26-03-2024,Bakery,4,5.54,Cancelled,Cash
STA-O12539,STA-C4249,18-12-2023,Cold Coffee,2,5.89,Returned,Credit Card
STA-O11562,STA-C10945,25-11-2025,Tea,1,3.04,Delivered,Starbucks Card
STA-O10629,STA-C9203,04-12-2023,Cold Coffee,4,5.15,Returned,Starbucks Card
STA-O10883,STA-C7912,14-01-2025,Merchandise,2,22.3,Delivered,Cash
STA-O12312,STA-C10239,19-12-2024,Tea,1,4.99,Cancelled,Starbucks Card
STA-O12207,STA-C2085,26-02-2025,Sandwiches,5,7.44,Returned,Mobile App
STA-O6570,STA-C9625,16-01-2024,Coffee Beans (Retail),4,18.56,Pending,Cash
STA-O9712,STA-C1438,02-10-2025,Tea,2,3.52,Shipped,Mobile App
STA-O8510,STA-C6157,19-01-2023,Hot Coffee,2,5.8,Delivered,Cash
STA-O14174,STA-C1480,25-05-2025,Coffee Beans (Retail),3,15.46,Delivered,Credit Card
STA-O5699,STA-C2511,20-09-2024,Sandwiches,5,8.37,Delivered,Starbucks Card
STA-O13423,STA-C9052,22-01-2023,Bakery,2,3.63,Shipped,Starbucks Card
STA-O14248,STA-C9497,03-03-2023,Bakery,3,5.23,Pending,Cash
STA-O12139,STA-C1321,22-12-2024,Sandwiches,1,6.82,Delivered,Mobile App
STA-O7218,STA-C3734,13-09-2023,Coffee Beans (Retail),2,20.8,Delivered,Mobile App
STA-O12558,STA-C8142,08-03-2023,Hot Coffee,3,4.87,Returned,Mobile App
STA-O5246,STA-C2281,28-08-2023,Tea,3,3.97,Cancelled,Starbucks Card
STA-O5437,STA-C10478,21-08-2023,Frappuccino,3,6.01,Shipped,Credit Card
STA-O8467,STA-C10265,03-11-2023,Cold Coffee,1,6.64,Delivered,Cash
STA-O5386,STA-C3596,06-10-2025,Sandwiches,5,7.36,Delivered,Cash
STA-O5451,STA-C7433,18-08-2023,Bakery,5,3.27,Delivered,Mobile App
STA-O10799,STA-C4319,20-06-2024,Bakery,4,2.08,Cancelled,Cash
STA-O5444,STA-C9830,17-11-2023,Sandwiches,4,7.33,Shipped,Mobile App
STA-O11920,STA-C2349,13-11-2023,Frappuccino,2,7.06,Shipped,Starbucks Card
STA-O5102,STA-C4685,01-07-2024,Tea,2,4.22,Returned,Cash
STA-O5636,STA-C9290,25-10-2024,Tea,5,4.36,Returned,Starbucks Card
STA-O14268,STA-C4959,31-03-2024,Hot Coffee,5,4.81,Returned,Cash
STA-O6500,STA-C4861,14-02-2024,Tea,3,4.3,Delivered,Cash
STA-O10964,STA-C5418,06-11-2024,Merchandise,1,36.64,Shipped,Credit Card
STA-O14177,STA-C7202,14-10-2024,Cold Coffee,5,5.17,Delivered,Mobile App
STA-O12192,STA-C9446,13-03-2025,Cold Coffee,3,6.37,Returned,Cash
STA-O11819,STA-C10545,03-01-2025,Sandwiches,4,8.08,Returned,Credit Card
STA-O14868,STA-C3477,13-08-2023,Bakery,1,3.37,Shipped,Credit Card
STA-O11748,STA-C4788,21-02-2025,Bakery,1,3.24,Delivered,Mobile App
STA-O9220,STA-C2075,14-05-2023,Coffee Beans (Retail),2,15.77,Cancelled,Cash
STA-O5637,STA-C4585,24-02-2025,Hot Coffee,2,6.41,Pending,Starbucks Card
STA-O7542,STA-C5942,13-10-2023,Hot Coffee,3,5.59,Delivered,Credit Card
STA-O11190,STA-C9958,03-08-2024,Tea,3,5.18,Delivered,Mobile App
STA-O10328,STA-C9999,15-08-2024,Coffee Beans (Retail),4,14.05,Delivered,Starbucks Card
STA-O10573,STA-C6134,24-12-2024,Cold Coffee,2,7.48,Returned,Mobile App
STA-O7758,STA-C3478,15-06-2023,Hot Coffee,1,6.44,Pending,Credit Card
STA-O10721,STA-C4722,24-10-2023,Sandwiches,5,6.72,Delivered,Starbucks Card
STA-O12742,STA-C1033,29-04-2023,Tea,5,3.01,Delivered,Mobile App
STA-O10291,STA-C9999,07-12-2025,Coffee Beans (Retail),5,11.09,Delivered,Starbucks Card
STA-O10820,STA-C9672,23-10-2024,Tea,5,3.72,Delivered,Cash
STA-O8910,STA-C9556,16-12-2023,Sandwiches,1,5.04,Cancelled,Cash
STA-O12298,STA-C7734,26-05-2024,Sandwiches,4,5.49,Returned,Mobile App
STA-O10282,STA-C6827,19-05-2023,Coffee Beans (Retail),3,16.65,Delivered,Credit Card
STA-O11561,STA-C8093,28-08-2023,Frappuccino,4,5.09,Delivered,Cash
STA-O12441,STA-C9999,14-02-2024,Coffee Beans (Retail),4,15.08,Shipped,Cash
STA-O7185,STA-C2732,08-11-2023,Tea,4,4.08,Delivered,Starbucks Card
STA-O8102,STA-C6063,24-09-2024,Merchandise,3,37.65,Pending,Credit Card
STA-O10226,STA-C5827,14-03-2023,Tea,2,4.18,Delivered,Cash
STA-O12329,STA-C1989,29-01-2025,Tea,3,5.53,Pending,Cash
STA-O11152,STA-C3254,26-09-2024,Frappuccino,3,7.5,Pending,Credit Card
STA-O11696,STA-C1495,14-12-2025,Tea,2,3.19,Pending,Mobile App
STA-O10099,STA-C10511,28-09-2024,Tea,2,3.77,Shipped,Mobile App
STA-O7518,STA-C5501,02-07-2025,Tea,2,5.67,Cancelled,Credit Card
STA-O9942,STA-C7612,23-06-2024,Tea,1,4.03,Delivered,Cash
STA-O9802,STA-C5189,02-05-2023,Tea,4,3.14,Shipped,Credit Card
STA-O5488,STA-C1265,14-04-2025,Coffee Beans (Retail),4,12.29,Cancelled,Credit Card
STA-O13859,STA-C1888,06-07-2024,Cold Coffee,5,7.87,Delivered,Credit Card
STA-O13066,STA-C6133,24-12-2024,Frappuccino,4,6.63,Cancelled,Credit Card
STA-O10281,STA-C7887,11-01-2024,Tea,3,4.8,Delivered,Credit Card
STA-O6555,STA-C4564,07-08-2025,Frappuccino,5,6.96,Pending,Credit Card
STA-O11427,STA-C7885,05-08-2023,Cold Coffee,2,7.9,Unknown,Credit Card
STA-O9929,STA-C2263,14-10-2025,Frappuccino,2,6.52,Shipped,Mobile App
STA-O13031,STA-C9177,05-04-2024,Tea,4,3.3,Delivered,Mobile App
STA-O9408,STA-C5120,28-05-2025,Tea,3,3.42,Returned,Credit Card
STA-O11274,STA-C9396,26-02-2023,Frappuccino,5,7.94,Cancelled,Credit Card
STA-O7230,STA-C2315,29-12-2024,Frappuccino,4,8.88,Pending,Credit Card
STA-O9349,STA-C4093,05-11-2025,Tea,1,3.46,Pending,Cash
STA-O13652,STA-C2019,11-03-2023,Bakery,5,5.8,Cancelled,Mobile App
STA-O12955,STA-C10435,11-05-2025,Merchandise,3,29.81,Unknown,Cash
STA-O9335,STA-C8705,13-03-2023,Merchandise,3,29.17,Shipped,Mobile App
STA-O6660,STA-C2232,02-08-2024,Sandwiches,4,7.67,Cancelled,Starbucks Card
STA-O10117,STA-C2932,25-01-2024,Bakery,3,5.54,Delivered,Mobile App
STA-O11739,STA-C10944,22-12-2023,Coffee Beans (Retail),1,21.8,Returned,Cash
STA-O6495,STA-C9332,20-05-2024,Frappuccino,1,7.25,Delivered,Cash
STA-O12534,STA-C7936,07-02-2023,Hot Coffee,3,4.43,Delivered,Starbucks Card
STA-O14149,STA-C4283,23-02-2023,Merchandise,3,23.78,Returned,Starbucks Card
STA-O8291,STA-C6195,12-02-2025,Merchandise,1,27.9,Returned,Credit Card
STA-O10181,STA-C2502,16-03-2025,Frappuccino,3,5.57,Delivered,Starbucks Card
STA-O8466,STA-C7711,13-04-2025,Tea,3,3.58,Pending,Starbucks Card
STA-O13989,STA-C8132,09-08-2024,Bakery,4,2.89,Delivered,Mobile App
STA-O14477,STA-C8736,12-02-2024,Merchandise,1,11.56,Unknown,Credit Card
STA-O7637,STA-C4835,23-04-2024,Coffee Beans (Retail),2,22.13,Delivered,Mobile App
STA-O11156,STA-C5026,29-09-2025,Cold Coffee,2,4.09,Delivered,Credit Card
STA-O10784,STA-C9071,13-07-2023,Hot Coffee,4,5.85,Delivered,Credit Card
STA-O8131,STA-C4935,17-03-2025,Coffee Beans (Retail),5,11.93,Returned,Credit Card
STA-O14790,STA-C1574,01-09-2023,Frappuccino,5,6.98,Cancelled,Cash
STA-O10263,STA-C1527,08-12-2025,Sandwiches,4,7.38,Pending,Credit Card
STA-O12627,STA-C10518,27-03-2024,Frappuccino,1,7.83,Cancelled,Credit Card
STA-O13202,STA-C7914,15-07-2024,Coffee Beans (Retail),5,11.51,Pending,Mobile App
STA-O8442,STA-C1067,27-02-2025,Coffee Beans (Retail),4,18.48,Returned,Starbucks Card
STA-O8621,STA-C4732,13-04-2025,Sandwiches,1,5.34,Delivered,Starbucks Card
STA-O7627,STA-C6984,29-03-2024,Sandwiches,5,6.75,Unknown,Mobile App
STA-O5990,STA-C1101,28-03-2025,Bakery,4,3.09,Delivered,Cash
STA-O9239,STA-C7533,09-09-2023,Coffee Beans (Retail),3,24.04,Cancelled,Credit Card
STA-O14492,STA-C8123,07-08-2025,Merchandise,1,38.13,Returned,Cash
STA-O9981,STA-C1498,05-10-2024,Tea,3,5.81,Cancelled,Mobile App
STA-O8550,STA-C8537,02-08-2025,Tea,1,3.54,Delivered,Credit Card
STA-O11933,STA-C4300,15-03-2025,Merchandise,3,32.02,Cancelled,Cash
STA-O5711,STA-C7802,16-07-2025,Tea,4,4.37,Delivered,Cash
STA-O7278,STA-C3155,14-03-2023,Bakery,4,5.42,Delivered,Starbucks Card
STA-O11673,STA-C4544,16-03-2023,Frappuccino,4,8.09,Delivered,Starbucks Card
STA-O6912,STA-C5226,04-04-2024,Sandwiches,3,8.29,Delivered,Cash
STA-O7184,STA-C6109,19-04-2025,Coffee Beans (Retail),2,17.32,Cancelled,Credit Card
STA-O14696,STA-C3674,06-07-2024,Merchandise,5,14.72,Shipped,Credit Card
STA-O5056,STA-C6262,11-09-2025,Coffee Beans (Retail),1,14.91,Shipped,Mobile App
STA-O12525,STA-C2898,15-01-2023,Frappuccino,2,6.23,Delivered,Mobile App
STA-O9056,STA-C6424,25-07-2024,Coffee Beans (Retail),3,21.86,Delivered,Mobile App
STA-O11949,STA-C6384,13-08-2024,Frappuccino,2,8.27,Shipped,Starbucks Card
STA-O10826,STA-C10028,30-03-2024,Hot Coffee,1,5.08,Shipped,Credit Card
STA-O12407,STA-C6751,08-10-2025,Hot Coffee,2,5.62,Delivered,Mobile App
STA-O13505,STA-C5091,08-10-2023,Cold Coffee,2,4.03,Delivered,Mobile App
STA-O13453,STA-C8752,06-03-2025,Cold Coffee,2,4.33,Delivered,Cash
STA-O13277,STA-C3154,31-10-2023,Sandwiches,3,8.46,Cancelled,Mobile App
STA-O5949,STA-C6724,04-03-2025,Hot Coffee,2,3.58,Returned,Starbucks Card
STA-O6688,STA-C6189,17-04-2025,Tea,5,5.51,Delivered,Cash
STA-O6516,STA-C8456,21-07-2023,Bakery,1,4.48,Delivered,Mobile App
STA-O11184,STA-C10546,15-05-2024,Sandwiches,1,7.38,Delivered,Credit Card
STA-O10069,STA-C1701,05-10-2025,Tea,2,4.11,Shipped,Credit Card
STA-O5823,STA-C10236,19-07-2024,Tea,5,5,Cancelled,Credit Card
STA-O8648,STA-C1072,01-01-2023,Frappuccino,1,6.35,Delivered,Cash
STA-O7238,STA-C7825,14-03-2024,Bakery,2,4.82,Delivered,Starbucks Card
STA-O8035,STA-C4026,26-02-2024,Cold Coffee,1,4.94,Cancelled,Starbucks Card
STA-O8557,STA-C5981,01-12-2025,Sandwiches,3,7.22,Shipped,Credit Card
STA-O6185,STA-C3807,12-01-2023,Coffee Beans (Retail),4,23.63,Delivered,Starbucks Card
STA-O7574,STA-C9334,03-03-2025,Cold Coffee,2,5.01,Pending,Starbucks Card
STA-O5192,STA-C4187,07-06-2023,Sandwiches,3,7.49,Returned,Starbucks Card
STA-O10393,STA-C6074,12-07-2023,Tea,1,4.63,Shipped,Credit Card
STA-O6013,STA-C10948,14-01-2025,Cold Coffee,2,5.99,Cancelled,Cash
STA-O9602,STA-C10536,20-05-2023,Sandwiches,3,5.83,Delivered,Cash
STA-O14830,STA-C10365,16-05-2023,Sandwiches,2,5.46,Pending,Cash
STA-O9312,STA-C2252,16-06-2024,Hot Coffee,4,4.04,Delivered,Cash
STA-O7559,STA-C8072,06-01-2023,Tea,2,4.62,Cancelled,Starbucks Card
STA-O6397,STA-C10814,15-01-2023,Coffee Beans (Retail),2,23.13,Delivered,Cash
STA-O8256,STA-C10455,27-03-2023,Frappuccino,4,5.09,Returned,Cash
STA-O9000,STA-C9224,13-03-2023,Sandwiches,4,5.42,Shipped,Mobile App
STA-O6916,STA-C5272,01-03-2025,Sandwiches,4,6.09,Delivered,Cash
STA-O11154,STA-C10668,10-11-2024,Cold Coffee,2,6.19,Delivered,Credit Card
STA-O10676,STA-C7016,31-08-2024,Cold Coffee,3,6.86,Shipped,Credit Card
STA-O13743,STA-C8948,06-07-2025,Bakery,4,3.47,Delivered,Mobile App
STA-O5595,STA-C10207,04-01-2024,Bakery,3,5.96,Delivered,Credit Card
STA-O8544,STA-C9999,13-04-2025,Coffee Beans (Retail),1,17.27,Delivered,Cash
STA-O6239,STA-C4633,23-07-2025,Tea,3,5.12,Cancelled,Cash
STA-O5423,STA-C4078,27-09-2024,Bakery,1,4.47,Delivered,Credit Card
STA-O13119,STA-C1264,26-10-2025,Sandwiches,4,5.38,Pending,Credit Card
STA-O10939,STA-C7563,24-04-2023,Cold Coffee,2,7.63,Cancelled,Starbucks Card
STA-O8671,STA-C4309,11-11-2025,Cold Coffee,4,6.7,Returned,Mobile App
STA-O13477,STA-C5160,04-07-2025,Coffee Beans (Retail),5,12.09,Shipped,Cash
STA-O11376,STA-C7596,02-03-2025,Frappuccino,3,7.91,Cancelled,Cash
STA-O6131,STA-C2190,07-03-2023,Coffee Beans (Retail),4,10.54,Delivered,Mobile App
STA-O10447,STA-C8698,02-09-2024,Tea,5,4.12,Delivered,Cash
STA-O9801,STA-C3968,04-10-2025,Merchandise,4,20.73,Pending,Cash
STA-O7814,STA-C5652,02-10-2024,Cold Coffee,4,5.76,Delivered,Mobile App
STA-O5039,STA-C1480,20-04-2024,Hot Coffee,3,3.92,Cancelled,Credit Card
STA-O14028,STA-C1072,06-09-2025,Coffee Beans (Retail),3,23.02,Cancelled,Mobile App
STA-O11023,STA-C1479,08-12-2024,Merchandise,4,24.05,Pending,Mobile App
STA-O6857,STA-C5439,07-10-2024,Bakery,2,2.28,Returned,Credit Card
STA-O12910,STA-C8671,14-05-2024,Cold Coffee,5,7.32,Delivered,Cash
STA-O6669,STA-C10140,26-07-2023,Hot Coffee,4,4.42,Delivered,Starbucks Card
STA-O7266,STA-C4169,25-12-2024,Sandwiches,4,5.19,Pending,Credit Card
STA-O14074,STA-C6088,15-05-2025,Cold Coffee,2,4.42,Pending,Starbucks Card
STA-O14972,STA-C5344,28-09-2024,Frappuccino,2,8.29,Cancelled,Mobile App
STA-O9348,STA-C5630,14-02-2023,Coffee Beans (Retail),2,20.19,Delivered,Credit Card
STA-O7188,STA-C7290,22-04-2025,Merchandise,3,36.35,Pending,Starbucks Card
STA-O5535,STA-C1469,23-10-2025,Hot Coffee,4,4.43,Delivered,Cash
STA-O14103,STA-C6526,01-06-2023,Bakery,1,2.57,Pending,Mobile App
STA-O14366,STA-C6591,02-04-2025,Hot Coffee,5,5.7,Pending,Cash
STA-O9432,STA-C9770,02-10-2025,Coffee Beans (Retail),2,17.25,Delivered,Credit Card
STA-O10666,STA-C1515,10-05-2025,Tea,2,5.23,Pending,Mobile App
STA-O10685,STA-C3053,24-06-2025,Cold Coffee,1,7.43,Returned,Credit Card
STA-O8646,STA-C7972,28-11-2024,Merchandise,5,34.59,Returned,Mobile App
STA-O5298,STA-C6018,20-09-2023,Coffee Beans (Retail),2,19.67,Shipped,Starbucks Card
STA-O5452,STA-C8293,06-09-2023,Bakery,1,5.21,Delivered,Mobile App
STA-O6633,STA-C9174,07-11-2023,Merchandise,1,8.31,Shipped,Mobile App
STA-O12940,STA-C4208,13-06-2023,Tea,2,4.88,Delivered,Cash
STA-O14930,STA-C2954,14-06-2025,Hot Coffee,2,5.25,Returned,Mobile App
STA-O14019,STA-C4104,16-07-2023,Cold Coffee,4,7.3,Pending,Credit Card
STA-O5234,STA-C1934,14-12-2025,Merchandise,2,11.35,Unknown,Mobile App
STA-O12349,STA-C1031,12-03-2025,Frappuccino,4,6.38,Delivered,Credit Card
STA-O12054,STA-C8621,21-02-2023,Cold Coffee,1,6.33,Delivered,Starbucks Card
STA-O8763,STA-C8002,22-09-2025,Hot Coffee,3,4.27,Delivered,Mobile App
STA-O7792,STA-C3241,22-02-2023,Tea,5,5.43,Delivered,Cash
STA-O7886,STA-C9351,22-07-2024,Hot Coffee,4,6.39,Cancelled,Starbucks Card
STA-O10648,STA-C3273,25-04-2025,Bakery,5,3.06,Unknown,Credit Card
STA-O11316,STA-C10787,02-01-2023,Bakery,2,5.88,Returned,Mobile App
STA-O7494,STA-C9734,12-10-2023,Tea,3,3.11,Delivered,Credit Card
STA-O9326,STA-C3272,20-09-2025,Merchandise,2,34.83,Shipped,Cash
STA-O10182,STA-C3049,03-08-2024,Cold Coffee,1,6.64,Cancelled,Cash
STA-O10441,STA-C10650,28-02-2025,Hot Coffee,4,5.47,Shipped,Mobile App
STA-O14441,STA-C9938,30-06-2023,Sandwiches,5,7.37,Pending,Mobile App
STA-O12097,STA-C9069,03-04-2025,Tea,1,4.45,Delivered,Cash
STA-O10335,STA-C8436,02-06-2023,Merchandise,1,20.56,Delivered,Cash
STA-O14010,STA-C2619,28-11-2024,Sandwiches,2,7.35,Delivered,Cash
STA-O14953,STA-C10815,27-12-2025,Coffee Beans (Retail),4,21.41,Unknown,Mobile App
STA-O7794,STA-C6082,31-07-2023,Hot Coffee,5,4.05,Delivered,Cash
STA-O9090,STA-C9999,24-01-2025,Frappuccino,1,8.96,Delivered,Credit Card
STA-O12958,STA-C3069,23-07-2023,Frappuccino,3,6.98,Delivered,Credit Card
STA-O5245,STA-C10566,30-06-2025,Tea,1,5.33,Cancelled,Cash
STA-O6146,STA-C8988,09-10-2023,Merchandise,5,35.06,Delivered,Starbucks Card
STA-O14623,STA-C6271,15-01-2023,Hot Coffee,4,6.24,Delivered,Credit Card
STA-O11337,STA-C10975,02-12-2023,Bakery,4,4.46,Returned,Mobile App
STA-O7350,STA-C8370,27-08-2025,Coffee Beans (Retail),5,21.17,Shipped,Mobile App
STA-O13997,STA-C3449,17-08-2024,Merchandise,3,31.21,Shipped,Credit Card
STA-O9889,STA-C6974,20-01-2023,Frappuccino,3,6.59,Pending,Starbucks Card
STA-O14141,STA-C7526,05-02-2024,Coffee Beans (Retail),3,22.22,Shipped,Cash
STA-O9608,STA-C3455,14-11-2025,Cold Coffee,4,5.93,Shipped,Starbucks Card
STA-O11677,STA-C6770,13-12-2023,Coffee Beans (Retail),5,23.54,Pending,Mobile App
STA-O6021,STA-C4987,14-05-2025,Tea,3,5.3,Delivered,Starbucks Card
STA-O14554,STA-C8791,05-06-2024,Sandwiches,2,8.75,Delivered,Cash
STA-O9809,STA-C6566,03-04-2025,Tea,4,3.05,Delivered,Mobile App
STA-O5878,STA-C10493,06-12-2025,Tea,3,5.86,Delivered,Mobile App
STA-O12685,STA-C9974,15-04-2025,Bakery,2,4.99,Delivered,Cash
STA-O11438,STA-C7492,10-05-2025,Bakery,3,5.69,Cancelled,Starbucks Card
STA-O12347,STA-C2690,30-01-2025,Coffee Beans (Retail),3,18.1,Cancelled,Starbucks Card
STA-O6870,STA-C1621,02-10-2023,Frappuccino,5,5.76,Delivered,Mobile App
STA-O10168,STA-C4956,14-03-2023,Cold Coffee,4,4.08,Returned,Starbucks Card
STA-O8028,STA-C1587,03-11-2024,Merchandise,5,37.49,Cancelled,Cash
STA-O5612,STA-C3005,02-10-2023,Hot Coffee,5,5.54,Unknown,Mobile App
STA-O6546,STA-C5080,08-07-2025,Hot Coffee,2,4.87,Delivered,Mobile App
STA-O9460,STA-C8690,22-01-2025,Sandwiches,3,5.32,Returned,Credit Card
STA-O9025,STA-C8827,18-11-2024,Merchandise,2,23.56,Delivered,Mobile App
STA-O13535,STA-C7905,30-03-2025,Hot Coffee,1,6.91,Delivered,Credit Card
STA-O5957,STA-C1082,02-07-2025,Sandwiches,2,6.32,Unknown,Cash
STA-O5394,STA-C10939,01-07-2023,Bakery,4,2.51,Delivered,Credit Card
STA-O8638,STA-C10208,05-10-2025,Frappuccino,5,8.53,Returned,Mobile App
STA-O6075,STA-C7500,06-08-2024,Sandwiches,5,6.08,Pending,Mobile App
STA-O11931,STA-C3528,17-09-2024,Bakery,1,5.33,Delivered,Credit Card
STA-O14350,STA-C5860,28-02-2023,Sandwiches,3,5.3,Delivered,Starbucks Card
STA-O12645,STA-C4984,22-01-2025,Cold Coffee,2,5.79,Delivered,Starbucks Card
STA-O7970,STA-C3071,14-07-2025,Bakery,4,3.42,Pending,Mobile App
STA-O11497,STA-C8178,24-01-2023,Merchandise,2,24.52,Pending,Starbucks Card
STA-O5919,STA-C1993,07-10-2023,Frappuccino,3,6.7,Shipped,Cash
STA-O8563,STA-C3521,21-08-2023,Cold Coffee,5,5.72,Shipped,Mobile App
STA-O8215,STA-C5660,01-02-2023,Merchandise,3,38.45,Cancelled,Starbucks Card
STA-O8867,STA-C1286,22-01-2024,Hot Coffee,2,3,Delivered,Starbucks Card
STA-O14609,STA-C4516,08-09-2024,Merchandise,1,24.08,Shipped,Cash
STA-O10295,STA-C8616,04-03-2024,Frappuccino,2,5.18,Shipped,Credit Card
STA-O6721,STA-C7719,08-07-2025,Frappuccino,5,5.43,Delivered,Mobile App
STA-O8202,STA-C5894,16-03-2025,Bakery,5,4.18,Returned,Mobile App
STA-O8211,STA-C10286,28-09-2025,Bakery,3,4.24,Shipped,Cash
STA-O5374,STA-C9368,18-03-2025,Bakery,3,2.77,Delivered,Mobile App
STA-O7603,STA-C3450,26-08-2024,Merchandise,2,14.4,Shipped,Starbucks Card
STA-O5614,STA-C3201,07-01-2023,Tea,2,3.03,Cancelled,Mobile App
STA-O10486,STA-C9999,07-11-2025,Merchandise,1,13.26,Delivered,Cash
STA-O12757,STA-C9999,07-06-2024,Sandwiches,2,7.87,Delivered,Cash
STA-O9654,STA-C3121,13-04-2023,Bakery,4,2.67,Delivered,Starbucks Card
STA-O14051,STA-C2224,03-08-2023,Bakery,1,3.36,Delivered,Mobile App
STA-O14691,STA-C8870,28-05-2024,Hot Coffee,4,3.46,Delivered,Starbucks Card
STA-O10965,STA-C1775,14-05-2024,Bakery,2,2.64,Shipped,Mobile App
STA-O7567,STA-C10419,09-01-2025,Cold Coffee,3,6.06,Pending,Credit Card
STA-O12975,STA-C1083,24-12-2025,Merchandise,3,36.28,Delivered,Cash
STA-O14440,STA-C9999,25-02-2024,Tea,3,5.54,Returned,Credit Card
STA-O7782,STA-C8515,18-02-2023,Bakery,2,5.66,Shipped,Mobile App
STA-O9789,STA-C2435,08-01-2024,Tea,5,3.52,Cancelled,Cash
STA-O10768,STA-C7834,22-08-2023,Coffee Beans (Retail),4,11.27,Delivered,Starbucks Card
STA-O9206,STA-C8493,30-12-2024,Sandwiches,4,5.82,Delivered,Mobile App
STA-O14274,STA-C8000,11-04-2024,Sandwiches,2,7.86,Returned,Credit Card
STA-O9690,STA-C4611,01-12-2025,Bakery,2,3.43,Shipped,Cash
STA-O9504,STA-C9081,02-05-2023,Coffee Beans (Retail),1,21.38,Shipped,Mobile App
STA-O9309,STA-C10275,20-08-2025,Merchandise,2,8.06,Delivered,Credit Card
STA-O11886,STA-C3762,07-12-2024,Sandwiches,2,7.9,Pending,Starbucks Card
STA-O12011,STA-C6586,29-03-2023,Frappuccino,2,6.73,Returned,Cash
STA-O11264,STA-C10796,24-10-2023,Frappuccino,3,5.85,Delivered,Starbucks Card
STA-O9987,STA-C4464,06-09-2023,Frappuccino,2,8.99,Cancelled,Credit Card
STA-O10253,STA-C5105,17-08-2023,Merchandise,5,11.42,Shipped,Starbucks Card
STA-O12945,STA-C9300,17-09-2023,Merchandise,1,39.45,Delivered,Cash
STA-O12543,STA-C10112,16-05-2025,Frappuccino,1,6.9,Delivered,Cash
STA-O5554,STA-C2737,13-03-2025,Frappuccino,3,8.91,Delivered,Credit Card
STA-O14215,STA-C5762,07-06-2025,Cold Coffee,5,6.11,Returned,Mobile App
STA-O11293,STA-C7798,08-12-2025,Hot Coffee,3,4.1,Delivered,Cash
STA-O13003,STA-C10149,19-07-2025,Frappuccino,1,5.31,Delivered,Cash
STA-O9070,STA-C8097,22-11-2024,Merchandise,2,14.56,Pending,Credit Card
STA-O13055,STA-C4552,19-10-2023,Sandwiches,4,7.08,Shipped,Cash
STA-O12501,STA-C4397,12-12-2024,Cold Coffee,1,4.23,Delivered,Mobile App
STA-O14247,STA-C8486,14-04-2025,Cold Coffee,2,6.29,Delivered,Credit Card
STA-O7392,STA-C10431,10-11-2023,Tea,4,4.35,Delivered,Mobile App
STA-O14532,STA-C1650,17-07-2025,Coffee Beans (Retail),4,21.4,Unknown,Cash
STA-O11651,STA-C1545,22-01-2023,Tea,4,4.9,Delivered,Credit Card
STA-O11394,STA-C6164,02-11-2025,Frappuccino,4,6.06,Delivered,Mobile App
STA-O7728,STA-C8414,01-02-2025,Coffee Beans (Retail),5,20.87,Delivered,Credit Card
STA-O7738,STA-C2560,20-01-2025,Hot Coffee,2,4.98,Delivered,Cash
STA-O12365,STA-C2101,04-12-2025,Frappuccino,3,6.06,Shipped,Starbucks Card
STA-O7485,STA-C7119,08-03-2025,Bakery,2,2.19,Cancelled,Starbucks Card
STA-O9487,STA-C3696,25-05-2025,Coffee Beans (Retail),1,20.3,Returned,Cash
STA-O13054,STA-C8139,02-12-2025,Cold Coffee,2,7.73,Pending,Mobile App
STA-O5122,STA-C2260,19-05-2023,Hot Coffee,1,4.8,Shipped,Cash
STA-O8655,STA-C10147,17-05-2024,Coffee Beans (Retail),1,11.89,Delivered,Cash
STA-O13186,STA-C7052,04-12-2025,Coffee Beans (Retail),5,20.85,Delivered,Credit Card
STA-O5539,STA-C2187,10-10-2025,Coffee Beans (Retail),4,24.35,Delivered,Credit Card
STA-O9410,STA-C4027,03-09-2025,Tea,5,5.55,Delivered,Starbucks Card
STA-O11097,STA-C5774,07-03-2023,Cold Coffee,2,6.39,Delivered,Starbucks Card
STA-O10853,STA-C1993,12-05-2025,Frappuccino,1,5.29,Delivered,Mobile App
STA-O9409,STA-C2708,07-11-2023,Frappuccino,1,8.28,Pending,Starbucks Card
STA-O7067,STA-C2159,21-04-2024,Sandwiches,3,8.17,Delivered,Starbucks Card
STA-O5007,STA-C8039,04-09-2023,Frappuccino,1,6.17,Delivered,Mobile App
STA-O7622,STA-C7042,22-01-2025,Sandwiches,3,7.93,Delivered,Starbucks Card
STA-O13419,STA-C9516,10-09-2024,Sandwiches,2,8.14,Cancelled,Credit Card
STA-O10777,STA-C5557,24-06-2025,Coffee Beans (Retail),3,17.19,Delivered,Starbucks Card
STA-O6683,STA-C3971,27-11-2023,Coffee Beans (Retail),3,10.42,Cancelled,Starbucks Card
STA-O11981,STA-C8290,22-09-2025,Tea,4,3.57,Shipped,Starbucks Card
STA-O10215,STA-C9591,25-06-2025,Frappuccino,4,7.99,Delivered,Cash
STA-O5805,STA-C9636,03-05-2024,Tea,5,4.71,Returned,Mobile App
STA-O7050,STA-C1305,30-11-2024,Sandwiches,2,8.74,Unknown,Mobile App
STA-O5299,STA-C5960,02-01-2023,Frappuccino,2,6.58,Pending,Credit Card
STA-O5261,STA-C1994,15-01-2025,Merchandise,1,25.82,Shipped,Starbucks Card
STA-O13148,STA-C5235,21-09-2023,Hot Coffee,4,4.97,Cancelled,Starbucks Card
STA-O11350,STA-C1762,05-03-2025,Frappuccino,5,6.19,Shipped,Credit Card
STA-O12102,STA-C10115,05-05-2024,Sandwiches,1,7.06,Delivered,Starbucks Card
STA-O11467,STA-C2354,05-01-2025,Coffee Beans (Retail),1,12.7,Cancelled,Mobile App
STA-O7552,STA-C9338,23-07-2024,Merchandise,2,18.17,Returned,Starbucks Card
STA-O6743,STA-C3861,16-04-2024,Hot Coffee,3,4.41,Delivered,Mobile App
STA-O11922,STA-C6206,13-03-2025,Coffee Beans (Retail),3,16.09,Delivered,Cash
STA-O7288,STA-C5649,29-03-2025,Tea,2,5.87,Shipped,Mobile App
STA-O12119,STA-C6163,09-08-2023,Hot Coffee,5,4.26,Pending,Credit Card
STA-O7192,STA-C1809,28-06-2025,Cold Coffee,2,6.92,Returned,Mobile App
STA-O6619,STA-C6184,31-03-2023,Cold Coffee,5,6.91,Cancelled,Cash
STA-O9541,STA-C10990,28-07-2023,Tea,3,4.44,Delivered,Cash
STA-O6077,STA-C3391,29-12-2025,Frappuccino,3,6.68,Unknown,Cash
STA-O11845,STA-C4148,21-02-2023,Coffee Beans (Retail),2,14.65,Delivered,Mobile App
STA-O8636,STA-C10696,28-03-2025,Sandwiches,5,8.85,Shipped,Cash
STA-O14075,STA-C5036,14-08-2024,Bakery,2,5.2,Delivered,Cash
STA-O9708,STA-C2162,26-03-2025,Cold Coffee,2,5.25,Shipped,Credit Card
STA-O14026,STA-C10539,31-10-2025,Hot Coffee,4,6.53,Delivered,Mobile App
STA-O9352,STA-C8290,11-09-2023,Hot Coffee,3,3.1,Cancelled,Cash
STA-O10026,STA-C2500,28-05-2024,Frappuccino,4,7.35,Delivered,Mobile App
STA-O12571,STA-C7627,05-02-2024,Coffee Beans (Retail),1,12.14,Shipped,Credit Card
STA-O11070,STA-C2298,09-08-2024,Sandwiches,2,8.37,Delivered,Cash
STA-O9115,STA-C7601,23-03-2024,Cold Coffee,4,5.27,Pending,Starbucks Card
STA-O6855,STA-C7478,03-08-2025,Cold Coffee,1,6.05,Delivered,Credit Card
STA-O7508,STA-C2941,07-09-2023,Coffee Beans (Retail),1,16.02,Delivered,Mobile App
STA-O13573,STA-C1422,16-10-2025,Coffee Beans (Retail),2,11.24,Shipped,Mobile App
STA-O14270,STA-C2377,03-01-2024,Frappuccino,1,6.83,Returned,Cash
STA-O7379,STA-C2251,04-01-2023,Bakery,3,2.81,Delivered,Starbucks Card
STA-O6000,STA-C6449,28-09-2025,Cold Coffee,5,7.34,Returned,Cash
STA-O10874,STA-C6340,29-12-2023,Tea,3,4.49,Delivered,Mobile App
STA-O14017,STA-C1019,07-02-2025,Merchandise,3,9.87,Delivered,Credit Card
STA-O7682,STA-C3556,24-11-2025,Hot Coffee,2,3.58,Delivered,Starbucks Card
STA-O14859,STA-C6090,24-07-2024,Merchandise,1,26.73,Shipped,Credit Card
STA-O7085,STA-C5403,17-05-2024,Sandwiches,5,8.27,Delivered,Cash
STA-O13406,STA-C10812,22-03-2025,Merchandise,1,34.23,Delivered,Credit Card
STA-O6944,STA-C5205,06-07-2024,Cold Coffee,1,6.9,Cancelled,Credit Card
STA-O14347,STA-C6347,25-11-2025,Hot Coffee,4,5.05,Returned,Starbucks Card
STA-O6623,STA-C5563,25-03-2024,Bakery,4,2.39,Delivered,Starbucks Card
STA-O7115,STA-C7037,30-05-2025,Sandwiches,4,6.52,Delivered,Starbucks Card
STA-O12080,STA-C2998,16-08-2024,Bakery,5,4.98,Shipped,Mobile App
STA-O7164,STA-C5212,20-10-2025,Coffee Beans (Retail),4,10.82,Returned,Starbucks Card
STA-O7877,STA-C5371,17-01-2023,Sandwiches,5,8.35,Delivered,Mobile App
STA-O14288,STA-C10718,10-07-2025,Hot Coffee,5,3.71,Pending,Cash
STA-O6771,STA-C10086,10-01-2025,Bakery,5,4.95,Delivered,Starbucks Card
STA-O6343,STA-C5102,14-10-2025,Frappuccino,3,6.06,Delivered,Cash
STA-O11182,STA-C8107,02-01-2024,Bakery,3,2.61,Shipped,Mobile App
STA-O5116,STA-C2491,22-09-2025,Tea,1,5.55,Pending,Cash
STA-O13993,STA-C7379,08-12-2025,Merchandise,2,14.73,Delivered,Cash
STA-O6620,STA-C1556,17-09-2023,Bakery,3,3.35,Delivered,Mobile App
STA-O13446,STA-C1578,25-06-2023,Bakery,4,2.13,Delivered,Starbucks Card
STA-O5509,STA-C1641,01-09-2023,Cold Coffee,5,4.02,Cancelled,Starbucks Card
STA-O10828,STA-C4187,25-05-2025,Hot Coffee,5,6.09,Shipped,Cash
STA-O10865,STA-C4278,14-02-2023,Merchandise,1,38.58,Cancelled,Starbucks Card
STA-O5321,STA-C6270,07-06-2025,Cold Coffee,2,4.08,Shipped,Mobile App
STA-O5473,STA-C6141,24-01-2023,Bakery,5,4.43,Pending,Starbucks Card
STA-O14046,STA-C3909,18-02-2025,Coffee Beans (Retail),1,11.39,Cancelled,Credit Card
STA-O10661,STA-C5727,11-02-2024,Coffee Beans (Retail),4,15.23,Delivered,Starbucks Card
STA-O5767,STA-C2742,16-09-2025,Bakery,2,2.88,Returned,Cash
STA-O10540,STA-C5919,09-05-2025,Hot Coffee,1,4.36,Shipped,Mobile App
STA-O7126,STA-C1067,03-02-2023,Frappuccino,3,7.46,Shipped,Mobile App
STA-O10125,STA-C6920,07-01-2023,Coffee Beans (Retail),4,12.7,Pending,Mobile App
STA-O13760,STA-C2196,26-08-2024,Coffee Beans (Retail),3,14.01,Delivered,Starbucks Card
STA-O9651,STA-C1712,03-10-2024,Tea,4,3.18,Returned,Starbucks Card
STA-O14735,STA-C4855,03-06-2024,Sandwiches,3,6.75,Pending,Mobile App
STA-O9281,STA-C5557,16-05-2023,Merchandise,4,9.01,Unknown,Starbucks Card
STA-O9142,STA-C7125,10-09-2025,Merchandise,5,11.85,Delivered,Starbucks Card
STA-O6834,STA-C3725,27-12-2025,Cold Coffee,1,7.22,Returned,Credit Card
STA-O10107,STA-C9365,24-02-2023,Bakery,3,5.46,Pending,Mobile App
STA-O9573,STA-C3067,06-07-2024,Sandwiches,3,8.09,Shipped,Credit Card
STA-O5623,STA-C9999,31-07-2025,Coffee Beans (Retail),1,16.6,Cancelled,Mobile App
STA-O14304,STA-C1267,15-07-2024,Sandwiches,4,5.6,Delivered,Credit Card
STA-O14849,STA-C6684,06-05-2023,Tea,1,4.36,Returned,Starbucks Card
STA-O12320,STA-C3692,05-05-2025,Hot Coffee,1,4.51,Delivered,Mobile App
STA-O7687,STA-C10334,10-12-2025,Hot Coffee,5,4.17,Delivered,Cash
STA-O6201,STA-C7188,31-08-2025,Cold Coffee,5,4.43,Shipped,Cash
STA-O9914,STA-C9219,22-11-2025,Merchandise,5,31.9,Delivered,Cash
STA-O13651,STA-C6689,13-01-2024,Coffee Beans (Retail),3,17.81,Delivered,Cash
STA-O11049,STA-C1162,14-08-2024,Bakery,3,2.58,Shipped,Starbucks Card
STA-O7005,STA-C9677,27-06-2024,Bakery,2,4.51,Delivered,Starbucks Card
STA-O13096,STA-C7236,28-02-2025,Frappuccino,2,6.63,Returned,Starbucks Card
STA-O13503,STA-C2390,05-01-2024,Coffee Beans (Retail),5,11.96,Delivered,Credit Card
STA-O11233,STA-C8010,02-05-2023,Frappuccino,1,7,Delivered,Credit Card
STA-O6605,STA-C2940,04-04-2025,Merchandise,5,39.46,Delivered,Cash
STA-O9852,STA-C9969,21-01-2024,Frappuccino,3,6.96,Cancelled,Starbucks Card
STA-O12536,STA-C2721,13-02-2025,Tea,2,4.49,Delivered,Cash
STA-O5758,STA-C5186,30-06-2023,Coffee Beans (Retail),5,18.35,Pending,Credit Card
STA-O9463,STA-C2983,21-12-2024,Merchandise,3,34.82,Returned,Credit Card
STA-O9624,STA-C9101,20-11-2023,Tea,5,3.48,Returned,Credit Card
STA-O14225,STA-C10935,07-10-2024,Merchandise,4,33.88,Delivered,Starbucks Card
STA-O8625,STA-C9999,31-08-2023,Cold Coffee,1,6.03,Delivered,Mobile App
STA-O11786,STA-C9364,11-05-2024,Frappuccino,1,6.53,Delivered,Mobile App
STA-O10695,STA-C5142,26-08-2024,Tea,3,5.78,Shipped,Credit Card
STA-O14870,STA-C9540,02-07-2023,Merchandise,3,19.52,Shipped,Credit Card
STA-O9378,STA-C7415,19-04-2024,Cold Coffee,1,4.63,Shipped,Mobile App
STA-O11424,STA-C9256,18-09-2025,Tea,1,3.36,Shipped,Mobile App
STA-O9350,STA-C3348,19-05-2023,Frappuccino,2,7.64,Pending,Mobile App
STA-O9329,STA-C2424,12-04-2023,Merchandise,5,32.09,Delivered,Cash
STA-O7840,STA-C2366,24-02-2023,Cold Coffee,5,6.87,Unknown,Starbucks Card
STA-O12928,STA-C8420,06-01-2025,Hot Coffee,2,4.58,Shipped,Starbucks Card
STA-O8601,STA-C3466,11-07-2025,Hot Coffee,2,3.28,Cancelled,Mobile App
STA-O8578,STA-C7265,07-06-2024,Merchandise,3,39.46,Cancelled,Mobile App
STA-O5232,STA-C4843,28-02-2025,Tea,5,5.97,Pending,Mobile App
STA-O14663,STA-C3690,23-02-2024,Merchandise,1,18.94,Unknown,Cash
STA-O9575,STA-C9451,15-02-2024,Sandwiches,4,7.68,Pending,Starbucks Card
STA-O8863,STA-C2966,03-05-2024,Hot Coffee,2,3.72,Pending,Credit Card
STA-O5671,STA-C4081,31-08-2023,Bakery,1,4.41,Returned,Mobile App
STA-O7614,STA-C8815,19-08-2023,Coffee Beans (Retail),3,20.57,Returned,Cash
STA-O6304,STA-C4220,08-09-2023,Cold Coffee,3,5.4,Pending,Starbucks Card
STA-O7460,STA-C9796,20-06-2023,Hot Coffee,1,5.49,Returned,Mobile App
STA-O9007,STA-C1086,20-11-2023,Cold Coffee,1,6.75,Delivered,Mobile App
STA-O12129,STA-C9304,16-10-2023,Hot Coffee,4,6.18,Shipped,Mobile App
STA-O7128,STA-C10855,22-07-2025,Coffee Beans (Retail),2,14.56,Shipped,Credit Card
STA-O10423,STA-C1134,03-02-2023,Frappuccino,2,7.84,Shipped,Starbucks Card
STA-O12484,STA-C6614,24-11-2023,Bakery,2,3.05,Delivered,Credit Card
STA-O14041,STA-C5277,05-03-2025,Tea,5,4.31,Returned,Credit Card
STA-O10627,STA-C8682,05-08-2024,Tea,3,4.94,Shipped,Starbucks Card
STA-O7991,STA-C3506,06-02-2024,Tea,1,4.35,Delivered,Credit Card
STA-O11557,STA-C1025,04-09-2023,Tea,2,3.87,Delivered,Cash
STA-O13343,STA-C3621,25-09-2023,Tea,4,5.11,Delivered,Starbucks Card
STA-O8476,STA-C6335,23-03-2025,Cold Coffee,4,7.88,Pending,Mobile App
STA-O10987,STA-C8901,08-01-2023,Cold Coffee,1,4.93,Returned,Cash
STA-O9820,STA-C2982,05-07-2024,Hot Coffee,2,3.24,Delivered,Mobile App
STA-O7844,STA-C10163,08-08-2023,Bakery,2,5.41,Delivered,Cash
STA-O9451,STA-C9826,10-09-2023,Merchandise,5,28.99,Delivered,Starbucks Card
STA-O12186,STA-C8765,07-09-2024,Bakery,2,3.72,Delivered,Cash
STA-O13181,STA-C9233,25-07-2024,Cold Coffee,1,4.89,Cancelled,Mobile App
STA-O10656,STA-C1078,16-12-2024,Tea,3,5.33,Delivered,Mobile App
STA-O13411,STA-C10255,10-02-2024,Frappuccino,1,8.46,Returned,Cash
STA-O5167,STA-C3418,10-01-2023,Cold Coffee,2,5.27,Pending,Cash
STA-O8890,STA-C8732,03-01-2025,Hot Coffee,5,3.14,Shipped,Starbucks Card
STA-O13063,STA-C4245,10-06-2023,Tea,2,4.17,Pending,Cash
STA-O6001,STA-C7983,11-10-2024,Hot Coffee,4,5.69,Cancelled,Starbucks Card
STA-O9052,STA-C9768,28-02-2024,Coffee Beans (Retail),1,12.47,Cancelled,Mobile App
STA-O11977,STA-C8817,04-12-2025,Bakery,5,3.61,Cancelled,Mobile App
STA-O14570,STA-C9739,03-03-2024,Cold Coffee,3,7.39,Shipped,Credit Card
STA-O5966,STA-C5162,02-06-2024,Hot Coffee,1,5.86,Pending,Starbucks Card
STA-O13319,STA-C6843,29-09-2025,Merchandise,4,19.12,Delivered,Mobile App
STA-O7091,STA-C9103,04-01-2025,Coffee Beans (Retail),3,14.75,Delivered,Credit Card
STA-O9155,STA-C3690,05-12-2025,Sandwiches,3,7.45,Delivered,Mobile App
STA-O14157,STA-C8120,21-01-2023,Sandwiches,3,5.97,Returned,Starbucks Card
STA-O10503,STA-C6892,30-08-2023,Tea,2,4.73,Pending,Credit Card
STA-O5450,STA-C9296,02-02-2024,Coffee Beans (Retail),4,17.59,Cancelled,Starbucks Card
STA-O5197,STA-C8795,31-01-2025,Merchandise,4,13.94,Delivered,Mobile App
STA-O12524,STA-C2705,02-04-2024,Merchandise,1,14.43,Delivered,Cash
STA-O10112,STA-C2659,06-10-2024,Cold Coffee,4,5.93,Pending,Credit Card
STA-O11342,STA-C3889,17-07-2023,Cold Coffee,2,4.58,Delivered,Credit Card
STA-O14394,STA-C2069,22-09-2025,Hot Coffee,1,6.58,Pending,Cash
STA-O9181,STA-C5193,23-11-2025,Cold Coffee,2,4,Unknown,Mobile App
STA-O6504,STA-C6277,16-09-2023,Cold Coffee,3,7.99,Returned,Cash
STA-O11515,STA-C9999,25-04-2023,Tea,5,4.99,Shipped,Cash
STA-O12801,STA-C6117,10-08-2025,Coffee Beans (Retail),2,19.46,Delivered,Credit Card
STA-O10829,STA-C9441,23-08-2025,Frappuccino,5,8.58,Returned,Cash
STA-O9415,STA-C9426,07-06-2024,Coffee Beans (Retail),1,18.83,Delivered,Cash
STA-O7631,STA-C5051,08-05-2023,Merchandise,1,34.62,Delivered,Cash
STA-O7083,STA-C4879,01-07-2024,Frappuccino,3,5.79,Returned,Cash
STA-O12905,STA-C8267,17-12-2025,Merchandise,2,19.66,Shipped,Cash
STA-O7914,STA-C5802,09-03-2025,Cold Coffee,5,4.23,Delivered,Mobile App
STA-O8903,STA-C2497,18-01-2024,Frappuccino,4,8.63,Delivered,Credit Card
STA-O5821,STA-C5632,19-12-2025,Coffee Beans (Retail),3,13.99,Shipped,Starbucks Card
STA-O7251,STA-C9999,08-11-2023,Cold Coffee,2,4.62,Cancelled,Starbucks Card
STA-O8923,STA-C3082,14-12-2024,Sandwiches,4,8.76,Returned,Cash
STA-O12085,STA-C5548,30-06-2024,Coffee Beans (Retail),3,18.25,Pending,Mobile App
STA-O13171,STA-C8033,31-05-2023,Cold Coffee,5,7.81,Cancelled,Credit Card
STA-O10836,STA-C9240,28-05-2023,Merchandise,5,20.02,Returned,Starbucks Card
STA-O14491,STA-C1461,10-03-2024,Frappuccino,1,5.62,Shipped,Credit Card
STA-O8838,STA-C10211,05-06-2024,Bakery,3,3.59,Delivered,Credit Card
STA-O10351,STA-C10505,25-05-2023,Sandwiches,1,7.24,Delivered,Cash
STA-O9121,STA-C2767,05-06-2025,Bakery,1,4.04,Shipped,Starbucks Card
STA-O5119,STA-C8716,21-09-2023,Cold Coffee,2,6.89,Delivered,Starbucks Card
STA-O13845,STA-C10971,07-10-2025,Cold Coffee,2,4.69,Shipped,Mobile App
STA-O9700,STA-C6880,17-03-2025,Bakery,3,3.14,Delivered,Starbucks Card
STA-O11524,STA-C9109,05-11-2025,Tea,5,4.71,Shipped,Starbucks Card
STA-O9149,STA-C9594,31-08-2023,Sandwiches,2,5.96,Delivered,Credit Card
STA-O14918,STA-C5588,27-07-2025,Tea,5,5.35,Delivered,Cash
STA-O14495,STA-C5734,07-07-2023,Cold Coffee,2,6.94,Delivered,Starbucks Card
STA-O10815,STA-C4073,30-06-2024,Tea,1,4.65,Cancelled,Mobile App
STA-O11851,STA-C4426,18-04-2023,Merchandise,5,14.03,Delivered,Cash
STA-O9982,STA-C4921,02-01-2025,Cold Coffee,5,6.13,Shipped,Mobile App
STA-O11413,STA-C6934,17-01-2024,Bakery,3,3.89,Returned,Mobile App
STA-O11652,STA-C4928,13-10-2025,Sandwiches,4,7.51,Delivered,Starbucks Card
STA-O12712,STA-C7671,21-02-2024,Merchandise,3,12.13,Pending,Starbucks Card
STA-O14616,STA-C2153,25-09-2023,Sandwiches,5,5.66,Delivered,Cash
STA-O7289,STA-C9220,20-06-2024,Merchandise,1,29.21,Pending,Cash
STA-O13450,STA-C8146,24-07-2025,Coffee Beans (Retail),3,16.74,Delivered,Credit Card
STA-O5085,STA-C3290,18-03-2023,Cold Coffee,5,6.17,Pending,Starbucks Card
STA-O14708,STA-C1526,24-09-2025,Coffee Beans (Retail),4,14.94,Returned,Mobile App
STA-O8503,STA-C6722,21-11-2024,Frappuccino,2,7.59,Cancelled,Mobile App
STA-O12764,STA-C3002,07-04-2024,Coffee Beans (Retail),3,12.14,Delivered,Cash
STA-O7450,STA-C7968,13-06-2024,Frappuccino,5,5.23,Shipped,Starbucks Card
STA-O11179,STA-C7744,18-08-2024,Sandwiches,4,6.72,Delivered,Cash
STA-O6401,STA-C9843,14-10-2024,Tea,5,3.52,Pending,Cash
STA-O8474,STA-C2698,15-04-2023,Frappuccino,3,6.22,Shipped,Cash
STA-O14373,STA-C3600,18-03-2025,Tea,2,4.69,Returned,Credit Card
STA-O6403,STA-C7308,29-12-2024,Bakery,3,4.88,Pending,Credit Card
STA-O7048,STA-C4109,18-04-2024,Tea,4,3.93,Shipped,Starbucks Card
STA-O8051,STA-C5793,13-03-2025,Merchandise,1,27.15,Shipped,Mobile App
STA-O9988,STA-C2948,27-09-2024,Hot Coffee,3,4.61,Shipped,Starbucks Card
STA-O5962,STA-C1792,04-02-2025,Coffee Beans (Retail),2,21.66,Returned,Cash
STA-O10811,STA-C5243,19-04-2023,Tea,1,3.78,Shipped,Credit Card
STA-O11105,STA-C1608,20-12-2024,Hot Coffee,5,6.39,Returned,Cash
STA-O12854,STA-C1792,15-10-2025,Sandwiches,1,6.11,Pending,Credit Card
STA-O13977,STA-C1165,02-05-2024,Cold Coffee,3,4.06,Delivered,Mobile App
STA-O7720,STA-C5864,07-02-2025,Tea,4,5.58,Delivered,Starbucks Card
STA-O11255,STA-C6176,14-02-2024,Tea,2,3.01,Delivered,Cash
STA-O11015,STA-C2095,22-05-2024,Frappuccino,4,5.01,Pending,Mobile App
STA-O14358,STA-C5112,13-02-2024,Bakery,3,5.37,Cancelled,Mobile App
STA-O9134,STA-C3486,11-08-2023,Coffee Beans (Retail),5,23.08,Shipped,Cash
STA-O5907,STA-C1734,10-10-2023,Frappuccino,4,6,Unknown,Mobile App
STA-O9880,STA-C3511,14-02-2023,Merchandise,5,13.5,Pending,Cash
STA-O13103,STA-C10680,04-12-2024,Merchandise,5,18.6,Shipped,Mobile App
STA-O8089,STA-C4280,23-12-2023,Coffee Beans (Retail),5,23.94,Pending,Credit Card
STA-O14413,STA-C2304,13-06-2024,Coffee Beans (Retail),2,23.34,Delivered,Mobile App
STA-O12174,STA-C5205,03-08-2023,Tea,3,5.61,Pending,Cash
STA-O14481,STA-C8778,30-10-2023,Frappuccino,4,7.3,Pending,Credit Card
STA-O14876,STA-C5572,01-09-2025,Sandwiches,3,5.09,Delivered,Credit Card
STA-O6178,STA-C1431,29-11-2025,Coffee Beans (Retail),1,22.49,Delivered,Cash
STA-O11247,STA-C9472,31-05-2025,Cold Coffee,4,4.31,Cancelled,Credit Card
STA-O8235,STA-C2804,25-02-2024,Tea,3,4.98,Returned,Cash
STA-O13203,STA-C9999,04-07-2023,Frappuccino,3,8.26,Cancelled,Credit Card
STA-O10300,STA-C2516,15-03-2023,Sandwiches,2,5.92,Pending,Credit Card
STA-O7146,STA-C10699,19-12-2024,Tea,5,5.72,Delivered,Credit Card
STA-O9152,STA-C5767,01-06-2024,Cold Coffee,3,4.07,Shipped,Mobile App
STA-O8057,STA-C8920,07-09-2024,Bakery,4,3.79,Delivered,Cash
STA-O10244,STA-C1168,02-04-2024,Coffee Beans (Retail),5,15.39,Delivered,Starbucks Card
STA-O14713,STA-C8531,24-05-2024,Hot Coffee,3,3.97,Returned,Credit Card
STA-O9721,STA-C9244,14-11-2024,Frappuccino,2,7.31,Delivered,Starbucks Card
STA-O10290,STA-C10989,13-10-2023,Coffee Beans (Retail),5,17.85,Unknown,Mobile App
STA-O13920,STA-C9317,25-05-2025,Merchandise,1,23.52,Pending,Credit Card
STA-O14435,STA-C10828,13-02-2024,Tea,4,3.75,Delivered,Credit Card
STA-O6987,STA-C5017,09-11-2023,Frappuccino,1,5.16,Returned,Credit Card
STA-O7024,STA-C2872,29-04-2025,Frappuccino,1,5.48,Returned,Cash
STA-O13553,STA-C5163,10-11-2025,Tea,2,3.15,Cancelled,Cash
STA-O10446,STA-C5274,07-08-2024,Merchandise,3,15.09,Cancelled,Mobile App
STA-O7526,STA-C8280,04-12-2025,Bakery,3,5.07,Shipped,Credit Card
STA-O9978,STA-C9999,07-08-2023,Cold Coffee,5,7.78,Returned,Cash
STA-O7850,STA-C7678,31-05-2024,Coffee Beans (Retail),5,22.21,Pending,Credit Card
STA-O10153,STA-C1832,03-08-2024,Bakery,3,2.46,Delivered,Credit Card
STA-O8141,STA-C1193,18-01-2023,Bakery,4,2.58,Shipped,Cash
STA-O10838,STA-C4596,02-04-2024,Hot Coffee,2,6.2,Delivered,Credit Card
STA-O11016,STA-C8060,14-02-2025,Tea,5,3.81,Cancelled,Starbucks Card
STA-O13674,STA-C3821,29-04-2023,Coffee Beans (Retail),2,11.68,Delivered,Starbucks Card
STA-O10696,STA-C5609,28-11-2024,Tea,3,5.51,Pending,Mobile App
STA-O11701,STA-C6694,11-04-2023,Tea,3,4.25,Delivered,Credit Card
STA-O9258,STA-C9133,26-09-2025,Frappuccino,3,8.96,Delivered,Mobile App
STA-O13609,STA-C5978,20-11-2024,Bakery,2,2.19,Pending,Starbucks Card
STA-O13275,STA-C7859,13-08-2024,Sandwiches,3,6.34,Delivered,Credit Card
STA-O12112,STA-C5720,17-09-2025,Frappuccino,5,7.92,Delivered,Mobile App
STA-O9977,STA-C4342,01-12-2023,Tea,2,3.14,Delivered,Mobile App
STA-O12490,STA-C9999,29-11-2024,Frappuccino,2,5.42,Delivered,Starbucks Card
STA-O7723,STA-C4629,08-04-2025,Hot Coffee,4,4.93,Delivered,Starbucks Card
STA-O11120,STA-C7418,27-12-2023,Merchandise,5,21.17,Returned,Cash
STA-O6852,STA-C8534,17-04-2024,Sandwiches,5,6.56,Pending,Mobile App
STA-O7493,STA-C10588,16-10-2025,Tea,5,3.37,Pending,Starbucks Card
STA-O10075,STA-C1224,01-06-2024,Coffee Beans (Retail),5,12.11,Returned,Mobile App
STA-O12858,STA-C3722,26-09-2024,Cold Coffee,4,4.99,Shipped,Starbucks Card
STA-O13975,STA-C8367,29-11-2025,Cold Coffee,5,4.54,Delivered,Cash
STA-O9537,STA-C3145,21-11-2024,Coffee Beans (Retail),3,12.53,Shipped,Mobile App
STA-O6926,STA-C6312,22-11-2024,Tea,3,5.85,Delivered,Starbucks Card
STA-O7657,STA-C10681,25-05-2023,Sandwiches,2,5.2,Cancelled,Mobile App
STA-O14187,STA-C7170,30-11-2025,Tea,4,3.38,Delivered,Starbucks Card
STA-O9426,STA-C1991,29-09-2024,Sandwiches,5,5.31,Delivered,Mobile App
STA-O13056,STA-C8051,03-01-2025,Hot Coffee,2,3.18,Returned,Credit Card
STA-O11525,STA-C1506,31-12-2023,Tea,2,3.03,Returned,Credit Card
STA-O12117,STA-C10342,16-09-2024,Frappuccino,2,6.7,Returned,Credit Card
STA-O10606,STA-C7600,01-12-2025,Sandwiches,1,8.33,Cancelled,Starbucks Card
STA-O9917,STA-C5352,11-09-2023,Hot Coffee,5,3.44,Delivered,Cash
STA-O7287,STA-C3059,01-03-2023,Cold Coffee,1,5.61,Shipped,Mobile App
STA-O10134,STA-C5108,16-11-2023,Bakery,5,5.4,Delivered,Mobile App
STA-O12841,STA-C10787,18-11-2025,Tea,3,4.05,Delivered,Cash
STA-O11841,STA-C5147,20-09-2025,Tea,3,5.01,Delivered,Credit Card
STA-O11335,STA-C5453,01-08-2025,Frappuccino,2,8.33,Delivered,Mobile App
STA-O10179,STA-C4066,20-03-2023,Cold Coffee,1,6.49,Delivered,Credit Card
STA-O10700,STA-C1593,25-07-2025,Bakery,2,4.08,Shipped,Starbucks Card
STA-O7789,STA-C7181,15-12-2024,Tea,4,3.37,Delivered,Starbucks Card
STA-O7183,STA-C6144,27-02-2025,Cold Coffee,2,4.23,Cancelled,Starbucks Card
STA-O9261,STA-C7190,27-03-2023,Cold Coffee,2,5.1,Returned,Credit Card
STA-O12476,STA-C6647,05-11-2024,Tea,4,4.34,Delivered,Cash
STA-O14579,STA-C10020,03-03-2024,Merchandise,5,21.24,Delivered,Cash
STA-O12327,STA-C7099,26-11-2023,Frappuccino,2,7.89,Cancelled,Credit Card
STA-O5020,STA-C4358,14-06-2024,Sandwiches,4,7.55,Delivered,Credit Card
STA-O6375,STA-C6643,16-10-2024,Coffee Beans (Retail),5,22.83,Pending,Mobile App
STA-O13125,STA-C6131,14-09-2023,Coffee Beans (Retail),4,14.49,Cancelled,Cash
STA-O11064,STA-C6431,16-04-2025,Coffee Beans (Retail),4,13.95,Shipped,Cash
STA-O5432,STA-C5701,02-11-2024,Merchandise,5,16.57,Delivered,Credit Card
STA-O6455,STA-C1524,09-08-2024,Sandwiches,1,5.43,Cancelled,Starbucks Card
STA-O5166,STA-C1664,14-02-2023,Bakery,4,5.77,Cancelled,Cash
STA-O8586,STA-C8943,02-07-2024,Frappuccino,2,8.13,Delivered,Mobile App
STA-O12604,STA-C1872,31-01-2024,Hot Coffee,5,6.89,Cancelled,Credit Card
STA-O9591,STA-C3520,20-04-2024,Tea,5,5.74,Delivered,Credit Card
STA-O12693,STA-C10825,18-10-2024,Tea,4,3.79,Returned,Cash
STA-O10454,STA-C7205,20-09-2023,Hot Coffee,1,3.15,Shipped,Mobile App
STA-O11872,STA-C4755,14-12-2024,Bakery,5,3.33,Cancelled,Cash
STA-O12818,STA-C4816,03-11-2023,Bakery,5,5.66,Delivered,Cash
STA-O14894,STA-C7000,30-01-2025,Coffee Beans (Retail),5,18.35,Delivered,Starbucks Card
STA-O14228,STA-C4220,11-06-2024,Frappuccino,3,5.12,Cancelled,Credit Card
STA-O10743,STA-C3171,22-04-2024,Sandwiches,2,6.56,Returned,Starbucks Card
STA-O8280,STA-C6694,08-04-2025,Tea,1,5.96,Cancelled,Mobile App
STA-O7580,STA-C8919,16-05-2025,Cold Coffee,3,7.22,Delivered,Cash
STA-O7966,STA-C5056,07-10-2025,Bakery,1,4.55,Shipped,Mobile App
STA-O10378,STA-C8827,21-03-2024,Frappuccino,4,6.64,Pending,Mobile App
STA-O9177,STA-C10080,21-02-2023,Merchandise,4,27.67,Delivered,Mobile App
STA-O5237,STA-C4420,06-12-2024,Coffee Beans (Retail),1,15.64,Delivered,Credit Card
STA-O9652,STA-C5325,01-08-2024,Tea,1,4.48,Cancelled,Credit Card
STA-O7962,STA-C9894,13-03-2024,Tea,4,4.75,Delivered,Credit Card
STA-O14777,STA-C1458,30-11-2024,Cold Coffee,3,7.08,Delivered,Starbucks Card
STA-O10691,STA-C7943,04-08-2025,Coffee Beans (Retail),3,21.4,Delivered,Credit Card
STA-O8324,STA-C10781,15-01-2023,Tea,4,3.6,Pending,Cash
STA-O13010,STA-C4182,01-11-2025,Bakery,1,3.74,Delivered,Cash
STA-O14606,STA-C3407,16-07-2025,Coffee Beans (Retail),1,13.11,Shipped,Mobile App
STA-O11188,STA-C2566,14-12-2025,Coffee Beans (Retail),4,19,Delivered,Mobile App
STA-O5477,STA-C9690,18-09-2023,Coffee Beans (Retail),1,24.31,Shipped,Cash
STA-O6089,STA-C8837,06-09-2023,Frappuccino,3,7.59,Returned,Mobile App
STA-O10614,STA-C5731,19-03-2024,Coffee Beans (Retail),4,15.75,Returned,Credit Card
STA-O12749,STA-C8051,04-05-2025,Merchandise,5,21.46,Cancelled,Starbucks Card
STA-O13414,STA-C3790,23-04-2025,Cold Coffee,4,7.64,Returned,Credit Card
STA-O6210,STA-C10638,31-03-2025,Bakery,5,5,Cancelled,Starbucks Card
STA-O13681,STA-C4521,17-12-2024,Coffee Beans (Retail),3,20.57,Shipped,Credit Card
STA-O9724,STA-C10792,30-05-2025,Tea,4,3.27,Delivered,Credit Card
STA-O13498,STA-C7650,19-01-2024,Cold Coffee,5,6.63,Cancelled,Starbucks Card
STA-O9828,STA-C9956,13-03-2025,Cold Coffee,2,4.96,Returned,Cash
STA-O6665,STA-C5144,01-07-2023,Frappuccino,5,7.71,Delivered,Starbucks Card
STA-O6191,STA-C4773,18-07-2025,Frappuccino,2,7.87,Cancelled,Cash
STA-O6222,STA-C3570,07-04-2025,Cold Coffee,3,7.43,Delivered,Credit Card
STA-O10051,STA-C4420,07-01-2024,Merchandise,3,39.62,Pending,Credit Card
STA-O10004,STA-C8533,23-03-2023,Merchandise,2,12.85,Delivered,Cash
STA-O7993,STA-C4478,10-07-2025,Frappuccino,5,7.76,Cancelled,Cash
STA-O12357,STA-C4209,21-01-2024,Cold Coffee,4,7.12,Returned,Starbucks Card
STA-O14489,STA-C6099,05-10-2023,Hot Coffee,4,5.5,Pending,Starbucks Card
STA-O8097,STA-C5140,22-03-2025,Merchandise,1,38.32,Returned,Cash
STA-O12368,STA-C9391,25-08-2024,Tea,1,3.62,Delivered,Credit Card
STA-O5757,STA-C4458,28-10-2024,Bakery,1,4.95,Shipped,Starbucks Card
STA-O13532,STA-C8015,23-05-2023,Merchandise,5,12.68,Pending,Mobile App
STA-O9635,STA-C6462,15-03-2024,Frappuccino,5,8.72,Returned,Mobile App
STA-O7816,STA-C10864,23-07-2025,Cold Coffee,1,7.74,Delivered,Starbucks Card
STA-O14296,STA-C8738,12-08-2023,Hot Coffee,3,6.75,Pending,Starbucks Card
STA-O12031,STA-C6323,08-12-2024,Sandwiches,5,6.73,Shipped,Mobile App
STA-O13659,STA-C5901,16-02-2025,Bakery,4,5.43,Cancelled,Starbucks Card
STA-O8367,STA-C9069,19-09-2025,Merchandise,2,37.59,Returned,Starbucks Card
STA-O11060,STA-C1020,14-08-2025,Coffee Beans (Retail),5,10.12,Cancelled,Cash
STA-O12897,STA-C6523,23-10-2025,Cold Coffee,5,6.58,Unknown,Starbucks Card
STA-O14892,STA-C2596,18-03-2024,Sandwiches,5,7.83,Returned,Credit Card
STA-O6707,STA-C4942,23-04-2024,Coffee Beans (Retail),5,10.64,Pending,Starbucks Card
STA-O13730,STA-C9832,06-06-2023,Hot Coffee,1,4.72,Delivered,Credit Card
STA-O14828,STA-C8510,16-08-2023,Coffee Beans (Retail),1,21.33,Shipped,Cash
STA-O9519,STA-C10142,29-05-2023,Sandwiches,5,5.7,Delivered,Cash
STA-O13929,STA-C9726,26-11-2023,Tea,4,4.72,Delivered,Cash
STA-O12748,STA-C9487,08-04-2024,Coffee Beans (Retail),2,20.35,Shipped,Credit Card
STA-O11377,STA-C5060,15-02-2024,Hot Coffee,2,6.01,Shipped,Credit Card
STA-O13938,STA-C10112,13-03-2023,Bakery,5,3.17,Delivered,Cash
STA-O5413,STA-C10862,18-07-2025,Frappuccino,2,6.31,Delivered,Mobile App
STA-O14439,STA-C10058,30-04-2025,Merchandise,2,16.47,Returned,Mobile App
STA-O13677,STA-C10345,26-01-2023,Cold Coffee,3,7.44,Delivered,Mobile App
STA-O12057,STA-C6717,26-03-2023,Bakery,3,3.33,Pending,Cash
STA-O12652,STA-C10262,19-03-2025,Frappuccino,4,6.66,Pending,Mobile App
STA-O11391,STA-C7087,15-12-2025,Merchandise,2,24.56,Delivered,Mobile App
STA-O7380,STA-C4367,18-07-2025,Sandwiches,5,6.86,Delivered,Credit Card
STA-O13527,STA-C10201,17-12-2025,Merchandise,4,24.27,Delivered,Starbucks Card
STA-O5147,STA-C3705,11-08-2023,Bakery,3,4.72,Shipped,Cash
STA-O8769,STA-C8432,09-03-2023,Hot Coffee,1,5.25,Shipped,Mobile App
STA-O7677,STA-C10881,19-12-2024,Merchandise,2,38.22,Shipped,Mobile App
STA-O6198,STA-C8862,16-12-2023,Sandwiches,1,5.77,Cancelled,Starbucks Card
STA-O10789,STA-C1312,31-10-2023,Cold Coffee,1,5.56,Returned,Mobile App
STA-O13575,STA-C2446,28-04-2024,Merchandise,5,31.76,Pending,Cash
STA-O7329,STA-C4289,17-10-2025,Frappuccino,1,8.66,Shipped,Mobile App
STA-O13932,STA-C3022,04-11-2023,Merchandise,5,25.93,Pending,Mobile App
STA-O9358,STA-C10977,16-10-2025,Tea,2,5.33,Pending,Credit Card
STA-O11844,STA-C1074,11-12-2023,Tea,2,3.53,Pending,Mobile App
STA-O10198,STA-C3826,05-02-2023,Sandwiches,4,8.59,Returned,Mobile App
STA-O8313,STA-C3766,03-06-2024,Merchandise,4,21.1,Returned,Starbucks Card
STA-O5325,STA-C9182,07-08-2025,Hot Coffee,2,4.71,Delivered,Cash
STA-O12210,STA-C4961,29-11-2024,Hot Coffee,3,5.58,Returned,Starbucks Card
STA-O9130,STA-C7084,26-04-2023,Sandwiches,1,5.68,Pending,Starbucks Card
STA-O5848,STA-C3966,25-08-2023,Sandwiches,4,6.31,Delivered,Credit Card
STA-O10395,STA-C7683,19-07-2025,Sandwiches,3,5.12,Delivered,Starbucks Card
STA-O13231,STA-C1746,02-01-2024,Bakery,5,2.74,Delivered,Starbucks Card
STA-O7346,STA-C9999,14-10-2024,Bakery,2,3.26,Cancelled,Mobile App
STA-O14042,STA-C1643,27-01-2025,Coffee Beans (Retail),2,11.3,Delivered,Cash
STA-O6815,STA-C10327,09-04-2024,Merchandise,5,35.62,Cancelled,Credit Card
STA-O6554,STA-C8510,05-06-2025,Tea,1,4.7,Returned,Credit Card
STA-O5545,STA-C10694,28-01-2024,Merchandise,1,27.03,Pending,Mobile App
STA-O5537,STA-C7642,23-11-2025,Frappuccino,3,6.27,Returned,Mobile App
STA-O13246,STA-C10419,21-03-2025,Sandwiches,1,5.65,Delivered,Mobile App
STA-O5793,STA-C5716,06-08-2025,Cold Coffee,2,7.81,Delivered,Cash
STA-O7225,STA-C10758,15-03-2023,Sandwiches,3,5.89,Pending,Cash
STA-O10530,STA-C4057,18-05-2025,Cold Coffee,1,4.13,Pending,Mobile App
STA-O10930,STA-C7592,18-08-2024,Coffee Beans (Retail),2,11.79,Shipped,Credit Card
STA-O6861,STA-C6172,29-05-2025,Cold Coffee,5,4.15,Shipped,Starbucks Card
STA-O8469,STA-C10002,15-07-2024,Frappuccino,2,5.97,Returned,Credit Card
STA-O8627,STA-C5327,20-11-2024,Sandwiches,4,5.38,Pending,Starbucks Card
STA-O9877,STA-C7818,21-03-2024,Merchandise,1,27.46,Cancelled,Cash
STA-O13627,STA-C9999,25-09-2025,Bakery,2,2.65,Delivered,Credit Card
STA-O5348,STA-C3959,09-02-2024,Tea,2,3.36,Cancelled,Starbucks Card
STA-O6272,STA-C7018,27-01-2023,Sandwiches,4,6.18,Shipped,Credit Card
STA-O7300,STA-C6798,23-02-2025,Cold Coffee,2,5.25,Cancelled,Mobile App
STA-O8704,STA-C6749,05-06-2023,Hot Coffee,2,5.66,Delivered,Credit Card
STA-O6048,STA-C3510,13-02-2025,Frappuccino,4,8.59,Cancelled,Cash
STA-O6893,STA-C9887,30-01-2024,Cold Coffee,5,4.28,Unknown,Starbucks Card
STA-O6656,STA-C5371,27-06-2024,Bakery,5,2.08,Returned,Cash
STA-O12311,STA-C1668,20-11-2023,Hot Coffee,2,5.47,Pending,Cash
STA-O11505,STA-C5041,05-09-2023,Sandwiches,2,5.61,Delivered,Cash
STA-O7671,STA-C4843,12-02-2023,Sandwiches,5,8.93,Delivered,Starbucks Card
STA-O8628,STA-C6763,06-11-2024,Merchandise,2,31.48,Returned,Mobile App
STA-O13843,STA-C3634,05-09-2025,Tea,2,5.56,Delivered,Cash
STA-O6492,STA-C7924,08-10-2025,Hot Coffee,1,3.05,Delivered,Mobile App
STA-O8146,STA-C3522,27-03-2024,Cold Coffee,4,5.33,Pending,Credit Card
STA-O14751,STA-C5818,26-07-2024,Cold Coffee,3,6.71,Returned,Mobile App
STA-O10649,STA-C6160,16-03-2025,Merchandise,4,14.6,Delivered,Credit Card
STA-O8784,STA-C9755,03-09-2025,Hot Coffee,5,3.67,Delivered,Credit Card
STA-O14484,STA-C8699,28-02-2024,Frappuccino,2,6.85,Returned,Cash
STA-O14308,STA-C1740,27-08-2025,Bakery,3,5.12,Delivered,Mobile App
STA-O6480,STA-C2480,13-12-2024,Tea,2,4.37,Cancelled,Starbucks Card
STA-O8802,STA-C1654,13-04-2025,Sandwiches,5,6.96,Delivered,Credit Card
STA-O13616,STA-C8552,09-01-2024,Frappuccino,1,6.96,Cancelled,Starbucks Card
STA-O14995,STA-C9719,20-01-2024,Hot Coffee,3,5.85,Delivered,Cash
STA-O5468,STA-C8523,31-10-2024,Merchandise,1,10.16,Unknown,Cash
STA-O14323,STA-C1256,31-01-2023,Hot Coffee,5,6.77,Returned,Cash
STA-O7353,STA-C5748,10-05-2024,Frappuccino,4,6.38,Shipped,Cash
STA-O10021,STA-C6636,07-06-2025,Frappuccino,1,6.53,Unknown,Credit Card
STA-O13167,STA-C6266,06-09-2024,Cold Coffee,4,4.19,Delivered,Mobile App
STA-O8424,STA-C1693,08-03-2024,Hot Coffee,4,3.73,Delivered,Credit Card
STA-O13874,STA-C7652,03-12-2024,Tea,4,3.75,Shipped,Credit Card
STA-O8479,STA-C7291,20-11-2024,Tea,1,3.81,Delivered,Mobile App
STA-O14968,STA-C1537,05-04-2025,Frappuccino,4,6.03,Pending,Credit Card
STA-O9665,STA-C4965,03-07-2025,Coffee Beans (Retail),2,23.24,Cancelled,Cash
STA-O9174,STA-C3211,26-06-2025,Frappuccino,1,6.73,Delivered,Credit Card
STA-O7077,STA-C8153,21-03-2025,Sandwiches,5,5.62,Delivered,Credit Card
STA-O11001,STA-C9211,08-03-2024,Hot Coffee,2,4.27,Pending,Credit Card
STA-O9893,STA-C4729,15-03-2024,Frappuccino,2,7.92,Shipped,Credit Card
STA-O11708,STA-C10075,20-04-2025,Frappuccino,2,6.5,Delivered,Starbucks Card
STA-O8512,STA-C5330,12-08-2024,Bakery,4,4.8,Delivered,Credit Card
STA-O6543,STA-C7749,28-12-2024,Sandwiches,2,5.71,Shipped,Credit Card
STA-O12913,STA-C1361,23-06-2023,Tea,4,4.36,Shipped,Starbucks Card
STA-O6436,STA-C4191,20-09-2023,Cold Coffee,5,4.02,Returned,Starbucks Card
STA-O13161,STA-C2139,09-09-2023,Tea,2,5.6,Shipped,Starbucks Card
STA-O6722,STA-C3776,10-01-2024,Tea,2,5.38,Delivered,Starbucks Card
STA-O7906,STA-C10195,29-06-2024,Cold Coffee,2,7.71,Cancelled,Credit Card
STA-O11641,STA-C8023,22-11-2023,Merchandise,3,19.25,Delivered,Cash
STA-O12727,STA-C3222,08-07-2024,Bakery,1,4.23,Delivered,Credit Card
STA-O12647,STA-C4543,01-04-2025,Hot Coffee,4,4.77,Delivered,Mobile App
STA-O7694,STA-C10591,15-09-2024,Hot Coffee,5,5.36,Delivered,Credit Card
STA-O7801,STA-C6533,15-11-2023,Cold Coffee,1,7.87,Delivered,Credit Card
STA-O14796,STA-C4925,16-03-2025,Merchandise,4,26.41,Shipped,Mobile App
STA-O13460,STA-C8909,12-04-2023,Coffee Beans (Retail),3,23.59,Delivered,Starbucks Card
STA-O7336,STA-C5483,17-09-2023,Frappuccino,3,7.6,Delivered,Starbucks Card
STA-O7984,STA-C3257,03-11-2024,Merchandise,4,8.3,Pending,Cash
STA-O8971,STA-C7214,15-03-2023,Hot Coffee,1,5.53,Cancelled,Starbucks Card
STA-O9564,STA-C4193,05-11-2024,Hot Coffee,4,4.75,Cancelled,Mobile App
STA-O5912,STA-C3820,31-07-2023,Sandwiches,3,5.54,Shipped,Cash
STA-O5280,STA-C2599,21-01-2023,Merchandise,2,32.46,Delivered,Mobile App
STA-O5804,STA-C10790,07-10-2024,Coffee Beans (Retail),1,12.31,Delivered,Cash
STA-O5597,STA-C3869,15-08-2025,Sandwiches,3,7.03,Cancelled,Starbucks Card
STA-O8244,STA-C2626,20-01-2023,Hot Coffee,1,3.34,Delivered,Cash
STA-O12807,STA-C10049,31-12-2025,Coffee Beans (Retail),1,20.37,Delivered,Mobile App
STA-O9715,STA-C9999,06-06-2024,Frappuccino,2,8.43,Pending,Cash
STA-O9438,STA-C4203,12-06-2023,Sandwiches,5,5.09,Delivered,Credit Card
STA-O7305,STA-C8710,16-08-2025,Tea,2,5.19,Delivered,Credit Card
STA-O14950,STA-C3126,07-03-2023,Hot Coffee,3,4.73,Returned,Starbucks Card
STA-O5948,STA-C5392,21-08-2025,Tea,5,4.3,Pending,Cash
STA-O7727,STA-C1297,08-12-2023,Hot Coffee,2,3.14,Returned,Mobile App
STA-O6215,STA-C1536,01-08-2024,Coffee Beans (Retail),3,24.92,Delivered,Cash
STA-O8402,STA-C7134,19-03-2024,Coffee Beans (Retail),4,19.27,Shipped,Starbucks Card
STA-O10516,STA-C8685,22-02-2023,Sandwiches,1,8.48,Returned,Starbucks Card
STA-O13657,STA-C4342,18-01-2024,Frappuccino,2,5.15,Delivered,Mobile App
STA-O8953,STA-C7971,26-03-2023,Cold Coffee,3,7.46,Delivered,Credit Card
STA-O8858,STA-C1717,12-10-2024,Coffee Beans (Retail),1,18.36,Delivered,Mobile App
STA-O14597,STA-C5051,21-09-2024,Merchandise,2,17.33,Unknown,Cash
STA-O13600,STA-C5095,18-03-2024,Tea,2,4.74,Delivered,Starbucks Card
STA-O11048,STA-C4446,11-07-2024,Tea,2,4.04,Delivered,Credit Card
STA-O9619,STA-C6742,27-02-2025,Hot Coffee,2,4.19,Delivered,Starbucks Card
STA-O5931,STA-C4886,13-02-2024,Frappuccino,3,8.16,Pending,Mobile App
STA-O6394,STA-C8818,22-01-2025,Coffee Beans (Retail),4,22.47,Delivered,Starbucks Card
STA-O12981,STA-C8233,21-06-2025,Sandwiches,1,5.95,Cancelled,Mobile App
STA-O8401,STA-C6942,27-02-2024,Frappuccino,3,8.84,Delivered,Cash
STA-O13974,STA-C4278,29-12-2023,Tea,4,5.21,Delivered,Starbucks Card
STA-O11109,STA-C5639,18-11-2025,Hot Coffee,3,4.44,Pending,Credit Card
STA-O7170,STA-C8108,07-02-2023,Bakery,5,2.35,Cancelled,Mobile App
STA-O13660,STA-C8984,26-03-2024,Hot Coffee,2,6.54,Delivered,Cash
STA-O14170,STA-C7706,23-03-2023,Hot Coffee,2,6.93,Delivered,Starbucks Card
STA-O8831,STA-C3509,28-11-2024,Bakery,4,3.21,Delivered,Mobile App
STA-O8789,STA-C5891,13-02-2025,Merchandise,4,16.86,Delivered,Mobile App
STA-O6670,STA-C10150,17-12-2024,Bakery,2,4.7,Delivered,Cash
STA-O7972,STA-C9999,29-10-2023,Sandwiches,1,7.18,Returned,Starbucks Card
STA-O6826,STA-C3280,16-03-2025,Merchandise,4,11.62,Cancelled,Starbucks Card
STA-O10057,STA-C7857,08-02-2024,Frappuccino,2,8.18,Delivered,Mobile App
STA-O9679,STA-C6927,02-04-2024,Bakery,4,3.77,Pending,Credit Card
STA-O9976,STA-C3164,27-01-2024,Tea,3,3.58,Delivered,Starbucks Card
STA-O8502,STA-C7485,15-12-2024,Merchandise,3,14.9,Shipped,Cash
STA-O11251,STA-C7267,12-06-2023,Merchandise,2,21.41,Delivered,Starbucks Card
STA-O10881,STA-C8690,13-02-2025,Frappuccino,3,8.21,Delivered,Mobile App
STA-O13332,STA-C7263,29-05-2025,Hot Coffee,3,6.72,Returned,Starbucks Card
STA-O7386,STA-C9548,21-06-2024,Merchandise,1,23.17,Returned,Cash
STA-O9577,STA-C3186,14-05-2023,Bakery,5,5.98,Returned,Mobile App
STA-O12656,STA-C3837,07-02-2024,Bakery,4,3.85,Shipped,Starbucks Card
STA-O10185,STA-C2207,08-08-2025,Cold Coffee,5,7.46,Cancelled,Credit Card
STA-O10327,STA-C10171,23-06-2024,Sandwiches,3,8.64,Pending,Credit Card
STA-O13887,STA-C8736,06-06-2025,Merchandise,3,31.07,Cancelled,Cash
STA-O14698,STA-C3949,01-09-2023,Coffee Beans (Retail),1,22.46,Delivered,Credit Card
STA-O9863,STA-C3177,05-01-2024,Tea,3,4.31,Delivered,Cash
STA-O8857,STA-C1989,13-01-2023,Cold Coffee,1,4.42,Delivered,Cash
STA-O10988,STA-C3629,16-03-2023,Hot Coffee,2,5.98,Returned,Mobile App
STA-O6052,STA-C9058,07-10-2024,Bakery,3,2.14,Delivered,Mobile App
STA-O7369,STA-C5260,22-08-2024,Frappuccino,3,8.33,Delivered,Mobile App
STA-O10605,STA-C3992,29-08-2024,Sandwiches,3,6.77,Delivered,Cash
STA-O6470,STA-C2505,18-03-2025,Tea,5,3.33,Shipped,Credit Card
STA-O9594,STA-C8874,03-05-2024,Frappuccino,3,8.28,Pending,Mobile App
STA-O11815,STA-C4686,11-05-2025,Coffee Beans (Retail),2,15.49,Delivered,Mobile App
STA-O7992,STA-C3737,24-12-2024,Merchandise,3,19.11,Pending,Cash
STA-O11822,STA-C7382,05-09-2025,Coffee Beans (Retail),2,20.31,Returned,Credit Card
STA-O8901,STA-C2807,27-08-2023,Tea,5,4.87,Delivered,Mobile App
STA-O7899,STA-C1298,10-07-2024,Tea,2,4.7,Returned,Cash
STA-O5591,STA-C3461,30-03-2024,Frappuccino,2,5.67,Delivered,Cash
STA-O7320,STA-C10354,13-12-2023,Coffee Beans (Retail),5,21.8,Shipped,Cash
STA-O7007,STA-C9999,09-12-2024,Tea,3,3.96,Delivered,Starbucks Card
STA-O13822,STA-C10760,27-02-2025,Sandwiches,5,8.11,Returned,Credit Card
STA-O5449,STA-C8670,31-07-2025,Tea,3,3.61,Delivered,Mobile App
STA-O10978,STA-C10622,23-09-2023,Hot Coffee,2,4.72,Returned,Starbucks Card
STA-O12724,STA-C1443,29-09-2023,Tea,1,5.23,Returned,Cash
STA-O7275,STA-C1863,10-05-2024,Merchandise,4,12.73,Shipped,Cash
STA-O8096,STA-C3077,01-12-2023,Bakery,1,2.06,Returned,Cash
STA-O8213,STA-C6973,08-01-2025,Frappuccino,5,7.18,Delivered,Credit Card
STA-O11863,STA-C2117,04-06-2025,Bakery,2,5.73,Delivered,Cash
STA-O11114,STA-C9775,04-02-2024,Frappuccino,4,5.06,Pending,Mobile App
STA-O11826,STA-C5450,19-04-2025,Bakery,2,4.45,Shipped,Starbucks Card
STA-O14389,STA-C2610,26-02-2023,Bakery,4,5.12,Unknown,Mobile App
STA-O12035,STA-C5331,15-11-2025,Coffee Beans (Retail),1,12.39,Delivered,Cash
STA-O12073,STA-C10426,08-08-2025,Frappuccino,1,7.05,Returned,Starbucks Card
STA-O8129,STA-C7702,21-09-2023,Merchandise,1,13.48,Returned,Cash
STA-O6713,STA-C9758,19-11-2023,Cold Coffee,4,7.94,Returned,Cash
STA-O7674,STA-C2997,11-03-2024,Cold Coffee,2,4.24,Cancelled,Cash
STA-O13667,STA-C7285,05-05-2024,Merchandise,2,27.61,Cancelled,Cash
STA-O6942,STA-C1643,17-04-2023,Sandwiches,5,6.26,Pending,Mobile App
STA-O12014,STA-C10030,15-12-2025,Sandwiches,2,5.32,Returned,Starbucks Card
STA-O14346,STA-C1840,08-09-2025,Sandwiches,1,5.89,Delivered,Cash
STA-O12784,STA-C1577,12-12-2024,Frappuccino,3,7.07,Cancelled,Starbucks Card
STA-O14685,STA-C2000,08-08-2024,Frappuccino,2,6.29,Pending,Mobile App
STA-O7786,STA-C1587,29-07-2025,Coffee Beans (Retail),5,24.18,Delivered,Credit Card
STA-O9647,STA-C3825,19-07-2023,Hot Coffee,5,6.26,Delivered,Credit Card
STA-O10561,STA-C8418,20-12-2024,Coffee Beans (Retail),2,11.41,Pending,Cash
STA-O9430,STA-C5097,07-02-2025,Hot Coffee,1,5.03,Delivered,Credit Card
STA-O8945,STA-C2074,01-11-2023,Bakery,3,3.72,Delivered,Mobile App
STA-O5655,STA-C5494,03-09-2023,Tea,1,4.18,Pending,Cash
STA-O6224,STA-C2823,08-03-2023,Cold Coffee,4,6.5,Cancelled,Cash
STA-O14168,STA-C10123,11-10-2023,Tea,5,5.84,Pending,Credit Card
STA-O13506,STA-C10612,01-03-2024,Coffee Beans (Retail),3,24.53,Pending,Starbucks Card
STA-O14880,STA-C8639,02-07-2025,Cold Coffee,1,7.53,Shipped,Credit Card
STA-O14249,STA-C9317,22-09-2025,Bakery,3,3.65,Delivered,Starbucks Card
STA-O9782,STA-C2142,10-08-2023,Hot Coffee,4,6.96,Unknown,Starbucks Card
STA-O13658,STA-C5178,22-11-2024,Coffee Beans (Retail),4,12.02,Delivered,Cash
STA-O14942,STA-C3320,04-01-2023,Sandwiches,2,8.49,Pending,Starbucks Card
STA-O12719,STA-C3568,03-06-2025,Hot Coffee,1,5.23,Shipped,Credit Card
STA-O5688,STA-C5587,13-07-2025,Sandwiches,3,6.91,Delivered,Credit Card
STA-O6151,STA-C4933,13-01-2024,Coffee Beans (Retail),4,20.33,Shipped,Starbucks Card
STA-O6528,STA-C9890,11-03-2024,Sandwiches,1,5.05,Returned,Credit Card
STA-O11884,STA-C4325,03-06-2025,Merchandise,2,39.23,Delivered,Starbucks Card
STA-O10511,STA-C4740,23-06-2024,Hot Coffee,5,5.09,Delivered,Credit Card
STA-O12289,STA-C8566,22-06-2025,Coffee Beans (Retail),3,22.88,Shipped,Starbucks Card
STA-O10618,STA-C9018,25-05-2023,Bakery,4,4.02,Cancelled,Mobile App
STA-O14712,STA-C4048,13-03-2023,Sandwiches,4,7.72,Shipped,Mobile App
STA-O9120,STA-C3648,30-10-2025,Cold Coffee,5,5.87,Delivered,Starbucks Card
STA-O14361,STA-C3701,29-05-2024,Tea,4,5.12,Cancelled,Mobile App
STA-O13384,STA-C5925,05-07-2025,Tea,4,4.82,Pending,Starbucks Card
STA-O5376,STA-C10266,24-11-2025,Cold Coffee,4,6.94,Shipped,Cash
STA-O8666,STA-C9543,25-01-2025,Sandwiches,1,5.63,Returned,Cash
STA-O13405,STA-C10619,11-09-2025,Cold Coffee,1,4.85,Pending,Mobile App
STA-O12842,STA-C8998,19-08-2023,Sandwiches,2,5.07,Delivered,Mobile App
STA-O5947,STA-C9171,23-10-2023,Cold Coffee,5,6.21,Pending,Mobile App
STA-O10473,STA-C3856,26-01-2023,Bakery,3,4.93,Delivered,Cash
STA-O7781,STA-C6853,15-01-2023,Tea,3,5.44,Delivered,Starbucks Card
STA-O6537,STA-C3585,06-02-2023,Sandwiches,5,7.35,Delivered,Mobile App
STA-O12219,STA-C10548,22-05-2025,Merchandise,3,8.8,Pending,Cash
STA-O12828,STA-C9559,11-08-2025,Coffee Beans (Retail),3,13.51,Shipped,Mobile App
STA-O7100,STA-C5275,24-12-2025,Coffee Beans (Retail),5,20.65,Returned,Cash
STA-O9170,STA-C5481,12-02-2025,Coffee Beans (Retail),2,23.8,Returned,Cash
STA-O8589,STA-C8892,22-02-2023,Merchandise,5,21.04,Pending,Mobile App
STA-O12510,STA-C9156,18-07-2025,Tea,2,4.99,Delivered,Mobile App
STA-O9393,STA-C8596,30-07-2023,Bakery,4,4.05,Cancelled,Cash
STA-O11680,STA-C1452,01-03-2023,Bakery,1,4.72,Delivered,Cash
STA-O9646,STA-C5862,14-06-2024,Tea,2,4.57,Cancelled,Mobile App
STA-O6173,STA-C1259,09-04-2024,Bakery,2,2.19,Delivered,Credit Card
STA-O6270,STA-C2472,01-04-2025,Coffee Beans (Retail),5,17.07,Pending,Cash
STA-O10416,STA-C6501,17-04-2024,Merchandise,2,18.52,Delivered,Mobile App
STA-O8195,STA-C8339,10-10-2024,Coffee Beans (Retail),3,12.22,Returned,Starbucks Card
STA-O10060,STA-C6599,16-02-2025,Bakery,3,5.45,Delivered,Mobile App
STA-O14527,STA-C9999,11-04-2024,Cold Coffee,5,5.76,Delivered,Cash
STA-O7916,STA-C6526,07-04-2025,Sandwiches,3,6.21,Returned,Cash
STA-O11762,STA-C2551,24-01-2025,Bakery,4,2.96,Delivered,Starbucks Card
STA-O12644,STA-C3082,09-04-2025,Coffee Beans (Retail),4,14.35,Delivered,Mobile App
STA-O5656,STA-C10087,21-03-2025,Sandwiches,3,8.25,Shipped,Cash
STA-O8415,STA-C7003,01-08-2024,Sandwiches,3,7.5,Cancelled,Cash
STA-O6097,STA-C9880,26-04-2023,Cold Coffee,4,6.86,Returned,Starbucks Card
STA-O13876,STA-C10424,15-11-2024,Tea,1,4.12,Shipped,Credit Card
STA-O11002,STA-C10366,16-01-2023,Coffee Beans (Retail),2,10.89,Pending,Mobile App
STA-O13666,STA-C5756,15-03-2023,Coffee Beans (Retail),3,11.14,Delivered,Credit Card
STA-O5319,STA-C5142,15-08-2024,Bakery,2,5.32,Pending,Mobile App
STA-O9274,STA-C7615,25-01-2024,Frappuccino,4,6.81,Cancelled,Starbucks Card
STA-O12315,STA-C1082,23-06-2023,Frappuccino,2,6.18,Returned,Credit Card
STA-O12491,STA-C3716,21-06-2023,Tea,5,5.68,Returned,Starbucks Card
STA-O9483,STA-C3726,19-07-2025,Merchandise,5,34.85,Shipped,Starbucks Card
STA-O10944,STA-C10945,19-09-2024,Tea,5,4.53,Shipped,Starbucks Card
STA-O9588,STA-C6754,07-07-2024,Merchandise,5,37.65,Returned,Mobile App
STA-O8579,STA-C8746,19-08-2025,Sandwiches,2,8.73,Cancelled,Starbucks Card
STA-O12009,STA-C1701,16-10-2025,Coffee Beans (Retail),5,19.08,Delivered,Credit Card
STA-O8356,STA-C5964,30-12-2025,Coffee Beans (Retail),5,13.28,Shipped,Cash
STA-O6018,STA-C1889,29-02-2024,Frappuccino,5,5.25,Shipped,Mobile App
STA-O7498,STA-C3100,18-10-2023,Cold Coffee,4,4.48,Delivered,Cash
STA-O5503,STA-C9200,18-06-2025,Bakery,1,3.29,Returned,Credit Card
STA-O11684,STA-C6224,28-08-2025,Cold Coffee,3,6.31,Cancelled,Starbucks Card
STA-O7847,STA-C1143,25-10-2024,Hot Coffee,5,6.67,Delivered,Mobile App
STA-O14040,STA-C9474,14-11-2023,Hot Coffee,2,6.01,Returned,Starbucks Card
STA-O14887,STA-C5340,30-12-2024,Sandwiches,1,6.68,Cancelled,Credit Card
STA-O14546,STA-C4969,13-03-2024,Hot Coffee,5,4.56,Shipped,Credit Card
STA-O9464,STA-C5088,02-03-2023,Coffee Beans (Retail),1,22.24,Returned,Credit Card
STA-O5748,STA-C3751,18-12-2024,Sandwiches,5,6.56,Delivered,Starbucks Card
STA-O14388,STA-C5689,24-02-2025,Merchandise,3,26.64,Delivered,Credit Card
STA-O5778,STA-C9150,30-01-2024,Sandwiches,1,5.5,Pending,Starbucks Card
STA-O9697,STA-C5904,18-09-2023,Sandwiches,5,7.01,Pending,Credit Card
STA-O6781,STA-C10416,19-02-2023,Bakery,2,3.81,Returned,Starbucks Card
STA-O10657,STA-C8720,14-07-2023,Coffee Beans (Retail),4,13.78,Pending,Credit Card
STA-O5388,STA-C7886,06-03-2023,Bakery,5,2.14,Delivered,Mobile App
STA-O7103,STA-C1689,03-03-2025,Cold Coffee,5,7.68,Delivered,Starbucks Card
STA-O12233,STA-C6670,06-12-2023,Frappuccino,1,7.11,Delivered,Cash
STA-O8121,STA-C5068,22-12-2024,Merchandise,2,36.71,Delivered,Cash
STA-O7871,STA-C1596,02-12-2025,Coffee Beans (Retail),4,11.1,Delivered,Mobile App
STA-O12586,STA-C2923,11-03-2025,Hot Coffee,1,5.15,Shipped,Cash
STA-O10798,STA-C10084,30-08-2025,Sandwiches,1,8.29,Delivered,Cash
STA-O8553,STA-C4823,10-07-2025,Bakery,1,2.18,Pending,Starbucks Card
STA-O14098,STA-C9050,03-04-2024,Hot Coffee,2,4.34,Delivered,Credit Card
STA-O14608,STA-C10735,21-09-2023,Bakery,1,4.08,Unknown,Credit Card
STA-O8738,STA-C7045,17-12-2025,Cold Coffee,2,7.03,Returned,Mobile App
STA-O14436,STA-C9916,08-10-2024,Sandwiches,1,7.11,Cancelled,Credit Card
STA-O6998,STA-C6410,19-09-2024,Hot Coffee,3,6.7,Returned,Credit Card
STA-O5974,STA-C3709,06-06-2023,Tea,1,4.51,Delivered,Credit Card
STA-O11207,STA-C4635,21-09-2023,Frappuccino,1,7.45,Shipped,Starbucks Card
STA-O8977,STA-C7409,03-03-2024,Bakery,5,3.4,Pending,Credit Card
STA-O6140,STA-C6949,23-11-2025,Merchandise,2,27.36,Delivered,Starbucks Card
STA-O11059,STA-C7185,17-10-2024,Sandwiches,4,8.02,Pending,Credit Card
STA-O9567,STA-C7519,05-06-2023,Hot Coffee,3,4.44,Delivered,Cash
STA-O9587,STA-C3864,04-03-2024,Tea,4,4.27,Delivered,Starbucks Card
STA-O10043,STA-C10414,09-01-2025,Sandwiches,5,8.71,Delivered,Cash
STA-O13146,STA-C2463,24-11-2024,Bakery,2,4.71,Pending,Credit Card
STA-O7726,STA-C3859,26-08-2025,Sandwiches,4,8.15,Pending,Mobile App
STA-O6506,STA-C4285,23-05-2024,Merchandise,2,25.46,Delivered,Cash
STA-O13403,STA-C7940,21-12-2024,Bakery,4,5.86,Shipped,Credit Card
STA-O5840,STA-C6822,30-06-2025,Tea,2,5.51,Returned,Starbucks Card
STA-O9702,STA-C4815,12-01-2024,Bakery,5,2.63,Returned,Starbucks Card
STA-O14850,STA-C8007,24-07-2025,Hot Coffee,3,5.32,Delivered,Mobile App
STA-O8410,STA-C7317,07-08-2023,Frappuccino,1,8.91,Cancelled,Starbucks Card
STA-O12612,STA-C5097,17-09-2025,Frappuccino,4,7.87,Returned,Starbucks Card
STA-O10601,STA-C5869,23-02-2023,Bakery,2,4.03,Shipped,Cash
STA-O7215,STA-C3754,04-04-2024,Coffee Beans (Retail),1,17.56,Shipped,Credit Card
STA-O11091,STA-C7824,22-05-2025,Hot Coffee,2,5.91,Delivered,Cash
STA-O11606,STA-C5517,25-09-2024,Coffee Beans (Retail),2,23.72,Cancelled,Mobile App
STA-O14014,STA-C3300,13-02-2024,Cold Coffee,3,6.53,Returned,Starbucks Card
STA-O7497,STA-C3096,30-05-2023,Cold Coffee,1,6.34,Returned,Starbucks Card
STA-O11008,STA-C8050,13-12-2024,Coffee Beans (Retail),1,10.62,Delivered,Credit Card
STA-O13370,STA-C8616,14-04-2025,Coffee Beans (Retail),3,14.85,Delivered,Cash
STA-O7033,STA-C9874,31-01-2025,Frappuccino,2,6.93,Pending,Cash
STA-O8595,STA-C7095,03-07-2025,Hot Coffee,1,3.25,Shipped,Starbucks Card
STA-O11042,STA-C1782,09-06-2024,Coffee Beans (Retail),1,24.32,Returned,Mobile App
STA-O7467,STA-C10854,19-02-2023,Merchandise,3,38.69,Delivered,Starbucks Card
STA-O8296,STA-C6314,15-08-2024,Cold Coffee,1,6,Returned,Starbucks Card
STA-O11690,STA-C2862,22-06-2024,Cold Coffee,4,5.48,Cancelled,Starbucks Card
STA-O13284,STA-C7762,03-09-2023,Cold Coffee,2,6.98,Pending,Mobile App
STA-O10527,STA-C4569,07-01-2024,Cold Coffee,3,6.06,Delivered,Cash
STA-O12741,STA-C6121,24-04-2024,Sandwiches,4,7.23,Shipped,Credit Card
STA-O13426,STA-C10329,23-10-2024,Cold Coffee,4,7.46,Delivered,Cash
STA-O7935,STA-C6650,01-05-2023,Bakery,3,2.89,Returned,Credit Card
STA-O10763,STA-C10933,03-04-2023,Coffee Beans (Retail),1,21.84,Shipped,Cash
STA-O8833,STA-C2826,13-02-2024,Bakery,5,4.89,Delivered,Cash
STA-O7507,STA-C4337,02-07-2024,Merchandise,4,10.82,Pending,Mobile App
STA-O11349,STA-C2354,24-10-2025,Merchandise,2,20.32,Delivered,Mobile App
STA-O10332,STA-C1620,18-12-2024,Hot Coffee,5,4.76,Delivered,Mobile App
STA-O5105,STA-C5266,25-08-2024,Sandwiches,1,7.26,Cancelled,Cash
STA-O9474,STA-C2194,15-10-2025,Merchandise,1,15.9,Delivered,Mobile App
STA-O13337,STA-C2463,15-10-2023,Hot Coffee,3,5.36,Delivered,Credit Card
STA-O7697,STA-C4034,13-12-2023,Hot Coffee,1,6.43,Delivered,Credit Card
STA-O9536,STA-C8174,11-08-2023,Frappuccino,3,7.93,Returned,Starbucks Card
STA-O9864,STA-C3520,05-11-2023,Bakery,5,4.7,Returned,Starbucks Card
STA-O12354,STA-C10127,14-10-2025,Sandwiches,5,6.82,Cancelled,Credit Card
STA-O9650,STA-C7048,24-09-2024,Cold Coffee,1,6.01,Cancelled,Credit Card
STA-O10919,STA-C5068,17-10-2024,Bakery,5,3.14,Delivered,Credit Card
STA-O12574,STA-C4436,14-02-2025,Bakery,3,3.07,Delivered,Credit Card
STA-O8498,STA-C1290,18-04-2023,Tea,3,5.5,Shipped,Starbucks Card
STA-O11318,STA-C7218,22-07-2024,Tea,4,3.28,Delivered,Mobile App
STA-O13462,STA-C1930,09-02-2024,Merchandise,2,9.41,Cancelled,Cash
STA-O9909,STA-C2721,19-07-2025,Frappuccino,1,6.87,Shipped,Credit Card
STA-O10006,STA-C4437,01-06-2024,Cold Coffee,5,4.42,Shipped,Credit Card
STA-O14404,STA-C2627,09-04-2023,Coffee Beans (Retail),2,13.68,Shipped,Starbucks Card
STA-O13979,STA-C6325,19-09-2023,Frappuccino,2,7.23,Delivered,Starbucks Card
STA-O13455,STA-C7062,18-02-2023,Frappuccino,2,6.4,Cancelled,Cash
STA-O7445,STA-C3323,30-09-2025,Bakery,3,4.81,Returned,Starbucks Card
STA-O10404,STA-C2985,22-01-2025,Cold Coffee,4,7.34,Cancelled,Mobile App
STA-O10435,STA-C5375,26-03-2023,Coffee Beans (Retail),2,21.98,Pending,Mobile App
STA-O12521,STA-C3041,12-07-2024,Hot Coffee,3,4.98,Returned,Cash
STA-O8881,STA-C7574,26-01-2023,Sandwiches,2,8.73,Returned,Mobile App
STA-O13378,STA-C9045,06-12-2024,Tea,5,4.21,Shipped,Mobile App
STA-O11553,STA-C10091,06-07-2025,Sandwiches,4,6.84,Delivered,Cash
STA-O14656,STA-C9100,30-05-2024,Tea,2,4.18,Delivered,Starbucks Card
STA-O14844,STA-C6298,13-05-2025,Hot Coffee,5,4.02,Delivered,Starbucks Card
STA-O5551,STA-C5131,05-07-2025,Merchandise,2,14.9,Delivered,Credit Card
STA-O12426,STA-C8384,01-09-2023,Bakery,1,2.29,Pending,Mobile App
STA-O8650,STA-C2820,06-01-2023,Sandwiches,5,8.66,Pending,Mobile App
STA-O5244,STA-C2576,21-10-2025,Coffee Beans (Retail),5,11.75,Delivered,Cash
STA-O6824,STA-C1083,06-02-2023,Frappuccino,2,7.08,Shipped,Starbucks Card
STA-O10003,STA-C9242,02-11-2024,Bakery,3,3.89,Delivered,Mobile App
STA-O9653,STA-C6111,24-10-2025,Cold Coffee,2,6.39,Shipped,Starbucks Card
STA-O5824,STA-C10726,16-02-2024,Coffee Beans (Retail),1,22.35,Pending,Starbucks Card
STA-O11488,STA-C10016,18-10-2025,Sandwiches,3,5.43,Shipped,Credit Card
STA-O6200,STA-C2501,17-07-2024,Bakery,2,3.03,Delivered,Cash
STA-O12872,STA-C9999,07-04-2025,Bakery,2,3.31,Cancelled,Starbucks Card
STA-O11103,STA-C1996,12-01-2024,Sandwiches,3,7.23,Shipped,Cash
STA-O6094,STA-C9680,02-06-2025,Merchandise,5,18.05,Delivered,Cash
STA-O10071,STA-C7279,06-08-2024,Cold Coffee,1,6.28,Delivered,Mobile App
STA-O9082,STA-C1023,14-11-2025,Cold Coffee,1,4.01,Unknown,Credit Card
STA-O9195,STA-C8106,11-12-2023,Cold Coffee,4,5.79,Pending,Cash
STA-O5791,STA-C4636,09-12-2024,Hot Coffee,3,5.82,Delivered,Mobile App
STA-O7092,STA-C10801,23-09-2023,Merchandise,5,12.5,Delivered,Starbucks Card
STA-O10877,STA-C4394,28-11-2025,Hot Coffee,5,3.3,Returned,Mobile App
STA-O10173,STA-C4512,25-08-2023,Bakery,3,5.46,Returned,Cash
STA-O8023,STA-C2518,21-09-2025,Bakery,4,3.68,Shipped,Starbucks Card
STA-O12520,STA-C6851,11-11-2024,Tea,2,4.66,Cancelled,Mobile App
STA-O12949,STA-C5735,16-06-2023,Coffee Beans (Retail),1,20.92,Delivered,Cash
STA-O8355,STA-C8913,10-10-2023,Tea,2,4.2,Shipped,Credit Card
STA-O8008,STA-C9689,06-05-2025,Coffee Beans (Retail),2,11.18,Pending,Credit Card
STA-O13339,STA-C10133,01-12-2024,Sandwiches,1,7.48,Delivered,Starbucks Card
STA-O8323,STA-C3953,17-01-2025,Bakery,5,5.95,Delivered,Cash
STA-O6220,STA-C8919,05-08-2024,Cold Coffee,3,4.38,Cancelled,Starbucks Card
STA-O5744,STA-C9568,08-08-2023,Tea,2,5.74,Shipped,Credit Card
STA-O12637,STA-C2899,12-08-2024,Merchandise,4,20.45,Delivered,Starbucks Card
STA-O6276,STA-C3900,13-02-2025,Cold Coffee,5,6.53,Delivered,Mobile App
STA-O9630,STA-C7508,11-03-2025,Sandwiches,4,7.1,Delivered,Credit Card
STA-O10767,STA-C5158,16-09-2024,Cold Coffee,1,6.51,Returned,Cash
STA-O10370,STA-C8790,25-12-2024,Hot Coffee,4,5.13,Cancelled,Starbucks Card
STA-O8316,STA-C2804,28-09-2024,Frappuccino,1,5.59,Pending,Cash
STA-O6880,STA-C1369,09-09-2024,Sandwiches,3,8.45,Cancelled,Starbucks Card
STA-O6631,STA-C3924,16-01-2023,Coffee Beans (Retail),1,23.79,Delivered,Starbucks Card
STA-O5082,STA-C5094,12-10-2024,Coffee Beans (Retail),3,20.43,Cancelled,Cash
STA-O13950,STA-C7164,27-01-2025,Merchandise,5,10.45,Cancelled,Cash
STA-O10967,STA-C7430,01-08-2023,Hot Coffee,5,4.73,Pending,Mobile App
STA-O5426,STA-C8095,26-09-2023,Frappuccino,5,7.61,Shipped,Cash
STA-O8259,STA-C7659,04-02-2023,Merchandise,2,19.3,Pending,Starbucks Card
STA-O9590,STA-C4262,11-05-2023,Bakery,2,3.49,Delivered,Starbucks Card
STA-O8988,STA-C6708,03-06-2024,Coffee Beans (Retail),4,14.31,Delivered,Mobile App
STA-O10574,STA-C10916,14-06-2024,Cold Coffee,2,6.07,Unknown,Cash
STA-O12074,STA-C10357,25-06-2023,Bakery,2,4.06,Pending,Mobile App
STA-O11334,STA-C3235,07-01-2024,Sandwiches,3,8.03,Delivered,Cash
STA-O13474,STA-C2040,14-08-2025,Sandwiches,3,8.08,Cancelled,Cash
STA-O14851,STA-C8717,05-07-2023,Bakery,2,4.39,Pending,Credit Card
STA-O7163,STA-C2868,06-01-2024,Cold Coffee,1,7.27,Delivered,Mobile App
STA-O10866,STA-C8910,17-10-2024,Cold Coffee,2,7.26,Unknown,Starbucks Card
STA-O10340,STA-C7209,05-05-2025,Sandwiches,4,8.61,Delivered,Credit Card
STA-O8227,STA-C9732,01-06-2024,Hot Coffee,2,6.89,Unknown,Mobile App
STA-O13397,STA-C1885,01-12-2025,Tea,5,4.78,Returned,Credit Card
STA-O11390,STA-C9184,25-12-2025,Coffee Beans (Retail),3,23.21,Shipped,Cash
STA-O13290,STA-C1780,17-04-2025,Merchandise,3,13.3,Cancelled,Cash
STA-O12498,STA-C6408,18-04-2023,Sandwiches,1,8.84,Returned,Starbucks Card
STA-O13952,STA-C3400,22-08-2025,Frappuccino,2,8.66,Delivered,Starbucks Card
STA-O14056,STA-C8515,15-12-2023,Merchandise,1,33.12,Pending,Mobile App
STA-O5482,STA-C4696,12-10-2025,Frappuccino,5,6.03,Cancelled,Mobile App
STA-O5405,STA-C7822,30-08-2023,Frappuccino,1,7.54,Pending,Mobile App
STA-O8731,STA-C4333,03-10-2023,Cold Coffee,4,4.76,Returned,Starbucks Card
STA-O7068,STA-C7696,28-03-2024,Hot Coffee,2,4.67,Cancelled,Starbucks Card
STA-O6490,STA-C4209,12-07-2025,Sandwiches,1,5.84,Pending,Starbucks Card
STA-O5594,STA-C2711,05-10-2024,Frappuccino,4,6.4,Delivered,Starbucks Card
STA-O10587,STA-C10063,14-02-2024,Frappuccino,4,6.48,Cancelled,Cash
STA-O9840,STA-C9679,07-06-2025,Merchandise,2,24.32,Shipped,Credit Card
STA-O10315,STA-C4696,11-07-2023,Tea,1,3.11,Delivered,Mobile App
STA-O13593,STA-C3462,10-12-2023,Cold Coffee,4,4.68,Unknown,Starbucks Card
STA-O5254,STA-C7381,19-02-2025,Cold Coffee,3,4.92,Delivered,Cash
STA-O14335,STA-C6533,03-07-2025,Coffee Beans (Retail),4,12.94,Delivered,Cash
STA-O12998,STA-C8417,18-05-2024,Sandwiches,4,6.88,Returned,Credit Card
STA-O13155,STA-C1003,13-09-2023,Cold Coffee,4,5.06,Delivered,Cash
STA-O14874,STA-C8503,23-03-2025,Cold Coffee,2,5.73,Delivered,Mobile App
STA-O8764,STA-C2433,17-02-2024,Merchandise,2,34.25,Pending,Cash
STA-O10064,STA-C2719,23-06-2025,Cold Coffee,2,4.67,Shipped,Cash
STA-O7203,STA-C7664,09-10-2024,Tea,1,4.52,Returned,Starbucks Card
STA-O12013,STA-C1227,14-12-2024,Tea,1,4.96,Delivered,Cash
STA-O7680,STA-C7283,13-10-2023,Frappuccino,1,6.74,Delivered,Starbucks Card
STA-O5587,STA-C4544,20-06-2023,Frappuccino,5,5.99,Pending,Mobile App
STA-O5694,STA-C6340,10-05-2024,Cold Coffee,1,7.49,Delivered,Cash
STA-O10624,STA-C5047,07-05-2025,Coffee Beans (Retail),5,20.73,Shipped,Cash
STA-O10084,STA-C4229,09-06-2025,Hot Coffee,5,3.29,Delivered,Cash
STA-O12894,STA-C7392,23-02-2025,Hot Coffee,3,4.91,Shipped,Starbucks Card
STA-O12482,STA-C9853,21-03-2024,Merchandise,5,23.96,Delivered,Credit Card
STA-O9957,STA-C9999,31-08-2024,Cold Coffee,2,5.28,Delivered,Cash
STA-O7938,STA-C7350,16-01-2023,Bakery,2,3.11,Returned,Starbucks Card
STA-O8445,STA-C4001,13-01-2025,Hot Coffee,3,5.31,Pending,Mobile App
STA-O6108,STA-C6599,12-10-2024,Bakery,4,3.02,Delivered,Cash
STA-O5358,STA-C5618,10-06-2024,Cold Coffee,4,5.25,Shipped,Cash
STA-O11787,STA-C4983,06-01-2025,Sandwiches,2,7.59,Shipped,Mobile App
STA-O8518,STA-C4519,28-05-2025,Merchandise,5,38.3,Pending,Credit Card
STA-O14427,STA-C4629,20-04-2024,Sandwiches,4,8.77,Cancelled,Credit Card
STA-O7941,STA-C5449,14-01-2024,Tea,4,3.09,Shipped,Cash
STA-O14846,STA-C5540,18-05-2023,Cold Coffee,3,4.93,Delivered,Mobile App
STA-O9516,STA-C9770,07-06-2023,Tea,4,5.73,Returned,Cash
STA-O14131,STA-C4097,07-02-2023,Sandwiches,1,7.25,Returned,Mobile App
STA-O12752,STA-C4469,27-02-2023,Frappuccino,1,5.19,Delivered,Starbucks Card
STA-O11834,STA-C9999,29-03-2023,Coffee Beans (Retail),3,16.35,Delivered,Cash
STA-O6941,STA-C6005,06-07-2025,Sandwiches,4,6.74,Cancelled,Mobile App
STA-O10886,STA-C6335,16-12-2024,Tea,4,5.55,Pending,Mobile App
STA-O12045,STA-C2728,14-04-2025,Sandwiches,1,7.22,Cancelled,Cash
STA-O9508,STA-C3927,26-10-2025,Bakery,5,2.38,Shipped,Starbucks Card
STA-O10870,STA-C3141,26-06-2025,Tea,1,5.76,Delivered,Cash
STA-O10458,STA-C7301,20-01-2023,Hot Coffee,1,6.4,Delivered,Cash
STA-O6744,STA-C5621,10-09-2023,Hot Coffee,1,3.55,Returned,Mobile App
STA-O9784,STA-C1189,07-07-2024,Sandwiches,1,8.51,Delivered,Starbucks Card
STA-O12943,STA-C8394,17-03-2024,Cold Coffee,5,4.4,Cancelled,Starbucks Card
STA-O13062,STA-C4522,11-10-2023,Cold Coffee,5,7.79,Delivered,Starbucks Card
STA-O10981,STA-C7232,22-04-2024,Frappuccino,2,7.91,Pending,Starbucks Card
STA-O6389,STA-C6036,22-10-2023,Tea,4,4.84,Delivered,Mobile App
STA-O8810,STA-C1802,26-04-2024,Bakery,3,2.95,Cancelled,Mobile App
STA-O7281,STA-C1349,02-04-2024,Frappuccino,3,7.53,Delivered,Mobile App
STA-O6917,STA-C1958,29-07-2023,Tea,4,4.54,Delivered,Mobile App
STA-O8800,STA-C8815,04-10-2025,Coffee Beans (Retail),3,21.42,Cancelled,Mobile App
STA-O12061,STA-C8722,30-07-2024,Hot Coffee,3,4.91,Shipped,Starbucks Card
STA-O9745,STA-C10955,11-02-2024,Cold Coffee,1,4.83,Delivered,Mobile App
STA-O13302,STA-C5550,20-02-2023,Bakery,5,5.85,Delivered,Credit Card
STA-O6355,STA-C2516,02-06-2024,Tea,5,5.12,Delivered,Starbucks Card
STA-O12246,STA-C2288,17-01-2023,Bakery,1,4.92,Shipped,Starbucks Card
STA-O8675,STA-C4686,26-03-2025,Hot Coffee,2,6.03,Returned,Mobile App
STA-O6171,STA-C6605,30-11-2024,Hot Coffee,3,5.64,Shipped,Credit Card
STA-O5708,STA-C8455,23-04-2024,Bakery,3,5.32,Returned,Cash
STA-O13194,STA-C10865,03-10-2024,Coffee Beans (Retail),2,12.5,Returned,Credit Card
STA-O10471,STA-C10356,25-06-2025,Bakery,3,4.2,Cancelled,Credit Card
STA-O10910,STA-C2043,13-09-2025,Coffee Beans (Retail),5,12.45,Pending,Starbucks Card
STA-O5746,STA-C8221,26-02-2024,Sandwiches,3,8.25,Delivered,Mobile App
STA-O13539,STA-C6512,08-09-2023,Frappuccino,3,5.15,Cancelled,Starbucks Card
STA-O7413,STA-C3493,04-04-2023,Coffee Beans (Retail),4,19.39,Delivered,Starbucks Card
STA-O9368,STA-C4438,13-12-2025,Hot Coffee,2,3.63,Shipped,Credit Card
STA-O9472,STA-C9369,30-09-2024,Cold Coffee,1,6.38,Returned,Credit Card
STA-O10879,STA-C6603,20-09-2025,Tea,3,3.33,Cancelled,Cash
STA-O6518,STA-C9697,13-11-2023,Frappuccino,2,8.95,Delivered,Credit Card
STA-O12046,STA-C10838,25-05-2023,Sandwiches,1,5.05,Shipped,Starbucks Card
STA-O14217,STA-C4577,26-10-2023,Sandwiches,5,7.4,Shipped,Cash
STA-O8189,STA-C10619,13-01-2025,Bakery,4,5.97,Shipped,Cash
STA-O12472,STA-C6814,23-08-2024,Bakery,5,4.71,Cancelled,Starbucks Card
STA-O8204,STA-C8900,31-10-2025,Bakery,5,3.84,Cancelled,Cash
STA-O13842,STA-C1452,28-08-2025,Cold Coffee,4,5.33,Delivered,Mobile App
STA-O9540,STA-C3031,28-12-2025,Cold Coffee,4,5.59,Delivered,Cash
STA-O10307,STA-C3024,15-10-2025,Bakery,3,5.85,Returned,Starbucks Card
STA-O13436,STA-C1463,19-02-2023,Sandwiches,5,6.43,Returned,Starbucks Card
STA-O6339,STA-C8946,20-06-2024,Tea,4,4.06,Unknown,Cash
STA-O8966,STA-C6776,22-01-2025,Cold Coffee,3,7.91,Delivered,Cash
STA-O11344,STA-C5317,18-07-2024,Cold Coffee,1,6.16,Delivered,Credit Card
STA-O11302,STA-C4913,21-01-2024,Tea,4,5.66,Delivered,Credit Card
STA-O14884,STA-C6106,09-10-2023,Merchandise,3,36.35,Pending,Mobile App
STA-O13530,STA-C2115,20-03-2024,Tea,2,5.99,Returned,Cash
STA-O11393,STA-C9165,20-04-2023,Coffee Beans (Retail),1,20.26,Returned,Credit Card
STA-O7302,STA-C7648,03-09-2025,Merchandise,5,24.04,Cancelled,Cash
STA-O7620,STA-C3051,03-01-2024,Merchandise,2,29.18,Cancelled,Cash
STA-O13288,STA-C1028,13-12-2023,Coffee Beans (Retail),5,16.42,Returned,Starbucks Card
STA-O7079,STA-C3481,11-10-2023,Frappuccino,1,5.64,Delivered,Credit Card
STA-O7582,STA-C4156,22-09-2023,Tea,5,3.59,Cancelled,Mobile App
STA-O11771,STA-C1795,21-09-2024,Cold Coffee,1,5.56,Delivered,Starbucks Card
STA-O10496,STA-C4781,03-04-2023,Coffee Beans (Retail),5,13.39,Cancelled,Mobile App
STA-O11926,STA-C4955,20-09-2024,Coffee Beans (Retail),2,17.87,Pending,Mobile App
STA-O9132,STA-C4736,05-10-2023,Sandwiches,2,6.06,Shipped,Cash
STA-O12825,STA-C7211,22-10-2025,Frappuccino,4,7.65,Delivered,Credit Card
STA-O12436,STA-C7993,03-04-2024,Cold Coffee,5,7.26,Shipped,Credit Card
STA-O8954,STA-C5851,22-12-2024,Bakery,5,4.55,Pending,Cash
STA-O14823,STA-C7423,29-09-2025,Frappuccino,1,8.17,Delivered,Credit Card
STA-O6163,STA-C8228,21-07-2025,Coffee Beans (Retail),3,15.45,Delivered,Mobile App
STA-O6438,STA-C1375,02-03-2023,Merchandise,3,38.3,Pending,Starbucks Card
STA-O10931,STA-C7716,13-11-2023,Frappuccino,2,7.57,Cancelled,Starbucks Card
STA-O13823,STA-C5836,02-01-2025,Frappuccino,4,5.19,Returned,Mobile App
STA-O14568,STA-C10126,20-12-2024,Hot Coffee,3,3.28,Shipped,Starbucks Card
STA-O6947,STA-C5547,28-12-2025,Merchandise,4,12.82,Delivered,Credit Card
STA-O9749,STA-C2254,19-09-2025,Merchandise,2,27.18,Delivered,Credit Card
STA-O7241,STA-C6597,06-11-2025,Cold Coffee,4,7.63,Shipped,Starbucks Card
STA-O9522,STA-C6232,13-11-2023,Tea,2,5.91,Cancelled,Cash
STA-O9107,STA-C7007,16-11-2025,Hot Coffee,2,6.33,Delivered,Cash
STA-O13912,STA-C8893,14-05-2023,Tea,1,3.68,Cancelled,Cash
STA-O10450,STA-C1663,30-07-2023,Cold Coffee,1,7.75,Delivered,Mobile App
STA-O5165,STA-C8306,16-03-2025,Merchandise,4,9.51,Delivered,Mobile App
STA-O10835,STA-C2569,31-07-2023,Sandwiches,2,8.73,Delivered,Cash
STA-O9254,STA-C8482,09-08-2024,Hot Coffee,5,5.91,Pending,Credit Card
STA-O6994,STA-C3371,26-07-2023,Cold Coffee,2,6.24,Cancelled,Credit Card
STA-O10710,STA-C2672,11-03-2023,Cold Coffee,4,5.13,Returned,Starbucks Card
STA-O12929,STA-C4779,18-06-2023,Cold Coffee,2,4.36,Pending,Starbucks Card
STA-O8734,STA-C7083,26-12-2023,Tea,5,3.68,Shipped,Credit Card
STA-O9101,STA-C1105,26-01-2023,Bakery,5,2.79,Pending,Credit Card
STA-O12176,STA-C10842,18-11-2025,Tea,4,3.48,Shipped,Starbucks Card
STA-O11564,STA-C10252,01-10-2024,Frappuccino,1,5.25,Cancelled,Cash
STA-O12358,STA-C8228,28-07-2023,Frappuccino,4,6.27,Delivered,Mobile App
STA-O6988,STA-C6859,12-03-2023,Frappuccino,5,6.55,Delivered,Mobile App
STA-O11997,STA-C3694,18-01-2025,Sandwiches,5,7.33,Returned,Cash
STA-O7705,STA-C8412,21-10-2025,Sandwiches,3,8.21,Cancelled,Credit Card
STA-O12427,STA-C5138,22-12-2025,Coffee Beans (Retail),4,19.74,Returned,Mobile App
STA-O13765,STA-C1960,25-08-2023,Tea,2,4.06,Delivered,Mobile App
STA-O9570,STA-C9934,02-07-2024,Sandwiches,2,8.72,Delivered,Starbucks Card
STA-O14472,STA-C1782,06-07-2024,Frappuccino,3,5.62,Shipped,Mobile App
STA-O8770,STA-C8946,07-02-2025,Coffee Beans (Retail),1,15.48,Delivered,Mobile App
STA-O6789,STA-C4590,25-07-2024,Hot Coffee,5,6.09,Delivered,Cash
STA-O12519,STA-C7386,02-09-2023,Frappuccino,5,5.14,Cancelled,Starbucks Card
STA-O6172,STA-C2868,24-06-2023,Tea,4,5.27,Delivered,Mobile App
STA-O11991,STA-C2385,31-12-2025,Frappuccino,5,8.14,Unknown,Starbucks Card
STA-O9481,STA-C6666,14-05-2023,Hot Coffee,1,6.19,Shipped,Mobile App
STA-O7179,STA-C6646,12-09-2024,Sandwiches,4,7.7,Returned,Credit Card
STA-O11839,STA-C8550,01-04-2025,Coffee Beans (Retail),2,18.84,Shipped,Mobile App
STA-O14365,STA-C9565,09-02-2024,Coffee Beans (Retail),1,11.72,Pending,Starbucks Card
STA-O12227,STA-C10196,19-07-2025,Sandwiches,4,7.18,Delivered,Credit Card
STA-O10615,STA-C8906,04-08-2025,Tea,1,4.34,Returned,Starbucks Card
STA-O14264,STA-C4510,09-05-2024,Hot Coffee,1,3.27,Delivered,Starbucks Card
STA-O11079,STA-C9323,05-02-2024,Coffee Beans (Retail),1,17.32,Returned,Cash
STA-O7152,STA-C10041,31-12-2025,Frappuccino,2,8.33,Delivered,Cash
STA-O14088,STA-C2268,14-07-2024,Coffee Beans (Retail),1,23.1,Shipped,Starbucks Card
STA-O9870,STA-C5888,03-02-2024,Bakery,5,5.01,Delivered,Starbucks Card
STA-O12024,STA-C8800,14-07-2025,Coffee Beans (Retail),1,17.69,Returned,Mobile App
STA-O14921,STA-C10475,18-08-2024,Tea,5,3.94,Cancelled,Starbucks Card
STA-O12142,STA-C5510,01-09-2023,Coffee Beans (Retail),3,21.17,Returned,Cash
STA-O8575,STA-C8002,04-09-2024,Sandwiches,5,8.85,Delivered,Starbucks Card
STA-O14507,STA-C4720,28-03-2025,Tea,5,3.62,Delivered,Credit Card
STA-O9680,STA-C1355,17-04-2023,Frappuccino,3,6.18,Shipped,Mobile App
STA-O6154,STA-C3929,31-10-2023,Sandwiches,5,7.91,Returned,Mobile App
STA-O9796,STA-C9770,14-04-2024,Cold Coffee,4,4.32,Shipped,Mobile App
STA-O10067,STA-C6413,01-10-2023,Coffee Beans (Retail),5,24.77,Pending,Credit Card
STA-O10294,STA-C10191,28-09-2025,Merchandise,2,16.57,Cancelled,Credit Card
STA-O13880,STA-C6944,18-02-2023,Bakery,4,4.6,Delivered,Starbucks Card
STA-O14118,STA-C4860,14-06-2023,Cold Coffee,5,6.13,Shipped,Starbucks Card
STA-O9727,STA-C3359,15-10-2025,Hot Coffee,1,3.97,Delivered,Credit Card
STA-O14368,STA-C3649,09-01-2023,Merchandise,3,13.93,Delivered,Cash
STA-O12739,STA-C9236,26-02-2023,Merchandise,3,11.68,Cancelled,Starbucks Card
STA-O6831,STA-C1047,25-08-2024,Bakery,4,3.15,Delivered,Starbucks Card
STA-O6219,STA-C1653,26-02-2024,Hot Coffee,2,6.22,Returned,Mobile App
STA-O9829,STA-C3772,29-10-2024,Merchandise,1,34.79,Returned,Cash
STA-O6651,STA-C5885,28-11-2024,Cold Coffee,3,7.37,Delivered,Starbucks Card
STA-O6786,STA-C9430,10-09-2024,Cold Coffee,2,7.22,Shipped,Starbucks Card
STA-O6693,STA-C1042,02-01-2025,Merchandise,5,24.52,Delivered,Cash
STA-O5977,STA-C1063,01-03-2025,Cold Coffee,4,7.42,Delivered,Cash
STA-O14030,STA-C1290,11-02-2023,Sandwiches,1,5.65,Cancelled,Cash
STA-O8332,STA-C1544,28-02-2025,Cold Coffee,4,7.74,Delivered,Mobile App
STA-O8343,STA-C8510,11-04-2025,Hot Coffee,3,5.26,Cancelled,Credit Card
STA-O14661,STA-C3802,24-12-2023,Coffee Beans (Retail),3,13.36,Delivered,Mobile App
STA-O12633,STA-C9798,21-02-2024,Sandwiches,2,7.15,Delivered,Cash
STA-O12566,STA-C5185,01-05-2023,Bakery,4,3.97,Delivered,Credit Card
STA-O9367,STA-C5393,14-06-2024,Bakery,5,5.05,Delivered,Mobile App
STA-O7732,STA-C3750,08-11-2025,Sandwiches,3,8.04,Shipped,Credit Card
STA-O9492,STA-C6097,20-04-2023,Frappuccino,5,5.02,Pending,Credit Card
STA-O14779,STA-C3958,21-12-2023,Tea,2,4.53,Shipped,Starbucks Card
STA-O5531,STA-C8761,25-03-2025,Sandwiches,5,8.59,Pending,Mobile App
STA-O11431,STA-C7175,18-12-2023,Bakery,3,4.43,Delivered,Mobile App
STA-O13191,STA-C9326,08-02-2023,Hot Coffee,4,3.67,Returned,Cash
STA-O13998,STA-C6262,14-06-2023,Merchandise,2,10.35,Returned,Credit Card
STA-O13300,STA-C1049,15-09-2024,Tea,5,5.47,Delivered,Credit Card
STA-O8457,STA-C7737,21-07-2025,Frappuccino,1,7.04,Delivered,Cash
STA-O5903,STA-C5416,01-07-2025,Tea,1,3.45,Delivered,Cash
STA-O7348,STA-C3641,18-08-2025,Sandwiches,4,5.14,Delivered,Cash
STA-O12396,STA-C7594,27-10-2023,Tea,4,3.72,Shipped,Cash
STA-O10345,STA-C8337,12-09-2023,Coffee Beans (Retail),3,14.68,Cancelled,Starbucks Card
STA-O7333,STA-C4698,04-12-2024,Cold Coffee,2,7.84,Delivered,Credit Card
STA-O9403,STA-C10760,18-06-2025,Bakery,5,3.83,Delivered,Credit Card
STA-O10806,STA-C4956,07-09-2024,Tea,5,5.74,Delivered,Mobile App
STA-O12101,STA-C6355,05-05-2025,Cold Coffee,3,6.19,Cancelled,Starbucks Card
STA-O5041,STA-C10802,08-03-2024,Frappuccino,5,5.46,Delivered,Cash
STA-O6069,STA-C7329,10-10-2023,Cold Coffee,2,5.15,Returned,Mobile App
STA-O5759,STA-C4560,02-03-2025,Tea,2,3.38,Returned,Mobile App
STA-O5616,STA-C8531,01-06-2025,Tea,2,4.25,Shipped,Mobile App
STA-O8932,STA-C3699,04-09-2025,Cold Coffee,1,4.29,Pending,Credit Card
STA-O10895,STA-C6179,08-12-2025,Bakery,4,3.9,Delivered,Cash
STA-O12572,STA-C8188,02-03-2024,Sandwiches,2,6.65,Delivered,Credit Card
STA-O12580,STA-C8007,09-02-2024,Coffee Beans (Retail),2,10.65,Delivered,Cash
STA-O8118,STA-C7771,11-09-2025,Sandwiches,2,8.75,Delivered,Starbucks Card
STA-O5207,STA-C4802,20-01-2024,Frappuccino,5,5.39,Delivered,Credit Card
STA-O9204,STA-C6741,26-04-2025,Tea,4,4.05,Delivered,Starbucks Card
STA-O10851,STA-C3625,11-12-2025,Merchandise,4,13.25,Shipped,Starbucks Card
STA-O13662,STA-C9258,29-10-2023,Sandwiches,5,5.81,Cancelled,Cash
STA-O10502,STA-C3802,01-04-2024,Bakery,3,5.8,Returned,Credit Card
STA-O12232,STA-C7146,17-09-2023,Merchandise,4,26.68,Unknown,Cash
STA-O5087,STA-C10515,24-06-2024,Cold Coffee,5,7.53,Delivered,Credit Card
STA-O7919,STA-C4813,04-08-2025,Merchandise,4,20.52,Delivered,Mobile App
STA-O14434,STA-C5181,05-03-2023,Merchandise,1,37.5,Delivered,Credit Card
STA-O12805,STA-C6471,25-03-2025,Bakery,3,5.45,Returned,Mobile App
STA-O12344,STA-C9235,07-02-2023,Cold Coffee,4,4.88,Pending,Cash
STA-O13925,STA-C9475,01-02-2025,Merchandise,4,20.29,Delivered,Starbucks Card
STA-O13497,STA-C1668,25-07-2023,Frappuccino,2,6.79,Cancelled,Credit Card
STA-O7096,STA-C1359,05-12-2024,Sandwiches,1,5.01,Delivered,Credit Card
STA-O7706,STA-C6568,04-11-2025,Tea,1,3.91,Delivered,Mobile App
STA-O7754,STA-C3261,24-06-2023,Merchandise,1,29.72,Delivered,Cash
STA-O10769,STA-C4026,09-07-2025,Coffee Beans (Retail),3,24.02,Cancelled,Mobile App
STA-O10442,STA-C2414,10-01-2023,Merchandise,4,18.38,Returned,Mobile App
STA-O9742,STA-C7765,23-05-2024,Cold Coffee,1,4.6,Returned,Credit Card
STA-O11250,STA-C4214,05-07-2023,Cold Coffee,4,4.15,Delivered,Mobile App
STA-O9257,STA-C8999,17-05-2024,Bakery,1,4.41,Delivered,Cash
STA-O12606,STA-C4966,03-06-2025,Sandwiches,4,5.13,Unknown,Mobile App
STA-O11833,STA-C9435,13-05-2024,Hot Coffee,4,4.48,Delivered,Cash
STA-O5625,STA-C3449,21-10-2023,Sandwiches,2,7.99,Shipped,Credit Card
STA-O11395,STA-C5985,02-08-2025,Sandwiches,1,7.32,Shipped,Cash
STA-O13394,STA-C7221,07-08-2023,Merchandise,3,19.57,Cancelled,Mobile App
STA-O13804,STA-C1113,09-12-2025,Coffee Beans (Retail),4,13.19,Cancelled,Cash
STA-O10397,STA-C10927,19-05-2023,Bakery,5,3.59,Cancelled,Cash
STA-O7596,STA-C8116,21-03-2023,Frappuccino,5,7.12,Delivered,Cash
STA-O14585,STA-C3274,12-03-2023,Coffee Beans (Retail),1,18.41,Delivered,Cash
STA-O6813,STA-C2884,12-05-2025,Hot Coffee,5,3.61,Shipped,Starbucks Card
STA-O14920,STA-C1113,12-08-2024,Hot Coffee,5,5.35,Cancelled,Starbucks Card
STA-O6760,STA-C3062,11-01-2024,Bakery,4,2.32,Delivered,Cash
STA-O11267,STA-C10586,11-01-2025,Coffee Beans (Retail),1,10.32,Delivered,Cash
STA-O9110,STA-C2941,07-10-2023,Bakery,1,2.93,Cancelled,Credit Card
STA-O11476,STA-C10683,29-07-2025,Frappuccino,2,8.02,Delivered,Credit Card
STA-O10547,STA-C2560,19-03-2024,Coffee Beans (Retail),2,22.4,Cancelled,Cash
STA-O10228,STA-C6337,19-08-2025,Coffee Beans (Retail),4,18.47,Delivered,Starbucks Card
STA-O14462,STA-C5800,25-11-2025,Coffee Beans (Retail),5,17.65,Delivered,Credit Card
STA-O14759,STA-C3312,07-01-2024,Sandwiches,1,7.31,Delivered,Cash
STA-O8200,STA-C6245,23-03-2023,Bakery,4,2.1,Cancelled,Cash
STA-O6208,STA-C6012,07-10-2025,Merchandise,5,9.18,Cancelled,Cash
STA-O7869,STA-C9877,02-08-2024,Hot Coffee,1,3.54,Delivered,Cash
STA-O11313,STA-C7067,18-09-2024,Coffee Beans (Retail),3,23.18,Pending,Credit Card
STA-O5015,STA-C2689,25-03-2024,Sandwiches,2,7.61,Cancelled,Cash
STA-O9259,STA-C7496,16-04-2023,Merchandise,5,12.8,Returned,Starbucks Card
STA-O13634,STA-C6769,21-04-2025,Frappuccino,2,7.53,Delivered,Mobile App
STA-O10063,STA-C9088,23-05-2024,Frappuccino,2,8.69,Cancelled,Starbucks Card
STA-O12504,STA-C10992,26-10-2025,Frappuccino,1,5.02,Delivered,Cash
STA-O5281,STA-C1779,19-11-2024,Bakery,4,3.21,Delivered,Credit Card
STA-O9952,STA-C3334,17-11-2023,Coffee Beans (Retail),1,17.17,Pending,Credit Card
STA-O13689,STA-C4153,02-07-2023,Bakery,4,3.44,Cancelled,Credit Card
STA-O11653,STA-C3415,13-10-2025,Bakery,4,4.73,Unknown,Starbucks Card
STA-O5584,STA-C10778,22-10-2023,Coffee Beans (Retail),5,23.72,Pending,Credit Card
STA-O11218,STA-C10239,08-03-2025,Hot Coffee,5,5.31,Delivered,Credit Card
STA-O6349,STA-C1389,07-04-2025,Cold Coffee,2,4.62,Returned,Credit Card
STA-O7473,STA-C4674,01-10-2025,Merchandise,2,31.51,Returned,Credit Card
STA-O12222,STA-C3307,06-02-2023,Hot Coffee,1,4.84,Shipped,Starbucks Card
STA-O12295,STA-C5848,17-10-2023,Bakery,3,3.8,Pending,Mobile App
STA-O8938,STA-C8702,30-06-2025,Tea,2,5.61,Returned,Cash
STA-O9912,STA-C4080,09-03-2023,Merchandise,4,16.81,Pending,Mobile App
STA-O12925,STA-C9201,29-08-2024,Cold Coffee,3,4.76,Shipped,Mobile App
STA-O6910,STA-C2489,20-01-2025,Merchandise,3,8.38,Delivered,Credit Card
STA-O14305,STA-C6005,27-02-2023,Merchandise,5,12.63,Cancelled,Mobile App
STA-O12047,STA-C8940,22-09-2025,Merchandise,2,29.17,Shipped,Cash
STA-O7358,STA-C2497,26-12-2024,Coffee Beans (Retail),5,22.43,Shipped,Credit Card
STA-O12600,STA-C9322,01-12-2025,Coffee Beans (Retail),4,13.51,Delivered,Mobile App
STA-O7986,STA-C9988,16-09-2024,Cold Coffee,3,6.53,Delivered,Starbucks Card
STA-O7915,STA-C8538,15-08-2024,Frappuccino,1,5.14,Cancelled,Mobile App
STA-O13017,STA-C4661,23-08-2025,Merchandise,3,20.12,Returned,Starbucks Card
STA-O8317,STA-C6335,10-12-2024,Hot Coffee,3,5.64,Delivered,Credit Card
STA-O11259,STA-C4534,31-08-2025,Sandwiches,3,8.08,Cancelled,Credit Card
STA-O6800,STA-C5474,26-12-2024,Tea,1,5.28,Shipped,Credit Card
STA-O8075,STA-C8230,16-04-2023,Cold Coffee,4,7.08,Returned,Credit Card
STA-O11885,STA-C6724,24-12-2024,Bakery,2,3.5,Delivered,Cash
STA-O12082,STA-C10643,09-11-2023,Sandwiches,4,6.72,Delivered,Starbucks Card
STA-O6147,STA-C10706,03-02-2024,Coffee Beans (Retail),2,16.99,Cancelled,Cash
STA-O13147,STA-C3807,25-02-2025,Coffee Beans (Retail),3,13.48,Delivered,Cash
STA-O7721,STA-C9569,07-01-2025,Hot Coffee,4,5.53,Delivered,Mobile App
STA-O8319,STA-C9999,04-01-2023,Frappuccino,2,8.08,Delivered,Cash
STA-O13312,STA-C4766,22-08-2025,Hot Coffee,4,5.22,Delivered,Credit Card
STA-O12804,STA-C2196,28-03-2025,Bakery,2,4.26,Shipped,Starbucks Card
STA-O6524,STA-C3928,31-12-2023,Hot Coffee,2,6.9,Delivered,Credit Card
STA-O7581,STA-C3082,21-10-2023,Coffee Beans (Retail),2,21.83,Delivered,Credit Card
STA-O11482,STA-C6417,24-02-2023,Sandwiches,3,8.81,Pending,Cash
STA-O11980,STA-C1592,06-07-2024,Sandwiches,4,5.19,Delivered,Mobile App
STA-O8369,STA-C10595,06-09-2023,Bakery,1,4.85,Delivered,Credit Card
STA-O6965,STA-C6429,15-04-2024,Tea,2,4.31,Delivered,Mobile App
STA-O9063,STA-C5108,31-03-2023,Tea,2,5.94,Returned,Credit Card
STA-O9895,STA-C10168,25-01-2023,Cold Coffee,1,6.26,Pending,Credit Card
STA-O13520,STA-C7929,05-06-2025,Hot Coffee,1,6.81,Delivered,Starbucks Card
STA-O7570,STA-C3909,31-10-2023,Sandwiches,5,8.55,Cancelled,Starbucks Card
STA-O13948,STA-C6974,19-06-2025,Coffee Beans (Retail),4,17.55,Pending,Starbucks Card
STA-O14139,STA-C7107,03-06-2023,Tea,2,3.15,Pending,Mobile App
STA-O11811,STA-C2688,15-10-2024,Frappuccino,4,6.22,Returned,Cash
STA-O9948,STA-C8410,10-04-2024,Sandwiches,2,5.77,Delivered,Starbucks Card
STA-O8266,STA-C10839,12-08-2024,Frappuccino,4,5.41,Returned,Cash
STA-O13252,STA-C9999,02-09-2024,Frappuccino,2,8.46,Shipped,Mobile App
STA-O6041,STA-C8290,01-06-2024,Bakery,2,3.32,Delivered,Starbucks Card
STA-O5049,STA-C8563,02-02-2024,Merchandise,2,32.82,Delivered,Starbucks Card
STA-O10111,STA-C8154,13-09-2025,Coffee Beans (Retail),1,10.07,Returned,Mobile App
STA-O9816,STA-C9999,04-06-2025,Merchandise,3,15.49,Delivered,Starbucks Card
STA-O9983,STA-C3577,20-11-2023,Merchandise,1,22.8,Cancelled,Mobile App
STA-O9837,STA-C1853,09-07-2024,Merchandise,4,37.47,Delivered,Cash
STA-O5402,STA-C7762,29-05-2023,Sandwiches,3,7.36,Returned,Cash
STA-O12911,STA-C1165,04-05-2023,Merchandise,2,27.99,Cancelled,Mobile App
STA-O10481,STA-C1501,10-12-2024,Hot Coffee,4,4.54,Shipped,Credit Card
STA-O12168,STA-C5817,22-02-2025,Hot Coffee,5,6.38,Shipped,Starbucks Card
STA-O14044,STA-C1299,22-05-2025,Merchandise,4,28.92,Pending,Cash
STA-O5992,STA-C5926,30-09-2025,Tea,2,4.19,Returned,Starbucks Card
STA-O5462,STA-C2520,09-10-2023,Hot Coffee,4,3.4,Delivered,Credit Card
STA-O6609,STA-C10211,02-10-2023,Tea,1,3.11,Delivered,Starbucks Card
STA-O13330,STA-C1421,14-02-2025,Merchandise,2,24.39,Returned,Mobile App
STA-O14222,STA-C6276,28-09-2023,Merchandise,1,37.87,Delivered,Starbucks Card
STA-O12850,STA-C4671,05-09-2023,Cold Coffee,3,7.45,Unknown,Mobile App
STA-O14540,STA-C5214,29-03-2024,Frappuccino,3,5.64,Delivered,Mobile App
STA-O6327,STA-C7456,12-03-2023,Sandwiches,4,5.41,Delivered,Mobile App
STA-O12565,STA-C6269,02-01-2023,Bakery,1,3.25,Cancelled,Starbucks Card
STA-O14825,STA-C4843,18-09-2023,Sandwiches,4,6.17,Delivered,Cash
STA-O8629,STA-C5602,13-06-2023,Tea,2,4.98,Delivered,Mobile App
STA-O11905,STA-C2699,22-12-2023,Hot Coffee,5,5.3,Pending,Mobile App
STA-O14560,STA-C4427,28-01-2025,Tea,4,5.09,Shipped,Cash
STA-O14621,STA-C10491,27-06-2025,Bakery,1,2.42,Delivered,Starbucks Card
STA-O7889,STA-C1931,22-11-2023,Hot Coffee,4,5.33,Delivered,Mobile App
STA-O6064,STA-C10531,08-07-2025,Tea,4,3.61,Delivered,Credit Card
STA-O13019,STA-C8955,10-11-2023,Bakery,5,4.17,Cancelled,Credit Card
STA-O6763,STA-C5715,17-08-2024,Frappuccino,1,7.22,Delivered,Cash
STA-O13561,STA-C6168,03-02-2024,Bakery,5,2.61,Returned,Starbucks Card
STA-O11282,STA-C4450,28-07-2023,Merchandise,1,31.34,Cancelled,Cash
STA-O9039,STA-C7371,08-02-2024,Frappuccino,3,7.39,Delivered,Mobile App
STA-O5572,STA-C8597,16-10-2025,Hot Coffee,1,4.41,Returned,Cash
STA-O14200,STA-C9506,14-08-2024,Tea,1,3.18,Shipped,Credit Card
STA-O14804,STA-C3261,16-12-2025,Coffee Beans (Retail),1,12.42,Returned,Credit Card
STA-O11075,STA-C9946,14-09-2023,Hot Coffee,5,3.06,Delivered,Cash
STA-O11657,STA-C9725,17-12-2025,Merchandise,3,33.02,Pending,Credit Card
STA-O12159,STA-C9000,03-08-2025,Cold Coffee,3,5.39,Delivered,Mobile App
STA-O13492,STA-C6695,07-11-2023,Coffee Beans (Retail),1,17.55,Cancelled,Cash
STA-O6434,STA-C7528,14-08-2023,Hot Coffee,5,5.03,Returned,Mobile App
STA-O6952,STA-C2337,01-08-2023,Tea,4,3.43,Delivered,Mobile App
STA-O7684,STA-C4536,15-05-2023,Frappuccino,2,6.4,Delivered,Credit Card
STA-O12684,STA-C5567,23-04-2024,Bakery,3,5.27,Delivered,Mobile App
STA-O13093,STA-C3770,03-11-2025,Hot Coffee,4,4.27,Shipped,Starbucks Card
STA-O12883,STA-C4003,03-04-2023,Tea,3,5.75,Delivered,Starbucks Card
STA-O14986,STA-C8597,31-12-2023,Frappuccino,2,6.93,Returned,Credit Card
STA-O6718,STA-C3851,23-03-2025,Cold Coffee,1,6.75,Returned,Cash
STA-O9294,STA-C1762,06-03-2023,Coffee Beans (Retail),1,15.75,Delivered,Starbucks Card
STA-O12096,STA-C5759,23-03-2024,Coffee Beans (Retail),5,11.58,Delivered,Credit Card
STA-O10341,STA-C4023,30-09-2025,Tea,1,3.24,Returned,Cash
STA-O13965,STA-C2502,11-07-2023,Coffee Beans (Retail),5,15.76,Delivered,Cash
STA-O6508,STA-C4675,07-06-2023,Hot Coffee,2,5.39,Pending,Credit Card
STA-O11738,STA-C9413,19-07-2024,Hot Coffee,5,6.89,Pending,Starbucks Card
STA-O11718,STA-C9687,09-04-2024,Merchandise,2,22.58,Returned,Credit Card
STA-O10584,STA-C10827,31-05-2024,Coffee Beans (Retail),2,21.53,Unknown,Mobile App
STA-O12467,STA-C9552,11-10-2025,Tea,3,4.96,Pending,Credit Card
STA-O6976,STA-C8648,02-05-2025,Cold Coffee,1,7.82,Pending,Mobile App
STA-O14032,STA-C10924,12-07-2024,Coffee Beans (Retail),4,18.55,Shipped,Starbucks Card
STA-O13015,STA-C2215,29-03-2024,Merchandise,5,20.56,Shipped,Cash
STA-O6409,STA-C1989,26-05-2024,Frappuccino,4,6.68,Cancelled,Starbucks Card
STA-O6699,STA-C9124,13-09-2024,Frappuccino,4,8.04,Delivered,Starbucks Card
STA-O5438,STA-C9999,05-02-2024,Frappuccino,2,7.75,Delivered,Credit Card
STA-O11441,STA-C8197,13-05-2025,Merchandise,3,26.18,Returned,Mobile App
STA-O7858,STA-C3352,17-03-2025,Coffee Beans (Retail),5,19.19,Delivered,Credit Card
STA-O7159,STA-C7279,10-09-2023,Sandwiches,2,6.07,Delivered,Cash
STA-O7259,STA-C8737,28-09-2023,Cold Coffee,5,5.12,Shipped,Cash
STA-O12397,STA-C6694,16-08-2023,Hot Coffee,2,6.95,Returned,Starbucks Card
STA-O7124,STA-C1992,02-12-2025,Frappuccino,3,8.95,Delivered,Starbucks Card
STA-O11063,STA-C1172,05-04-2023,Tea,2,5.67,Delivered,Cash
STA-O14411,STA-C5502,17-12-2025,Frappuccino,3,6.66,Shipped,Starbucks Card
STA-O14084,STA-C3702,12-02-2024,Bakery,3,4.65,Delivered,Mobile App
STA-O9655,STA-C6994,14-10-2025,Frappuccino,3,6.95,Delivered,Starbucks Card
STA-O12447,STA-C8501,11-04-2025,Bakery,1,5.37,Pending,Starbucks Card
STA-O10634,STA-C9130,21-08-2025,Tea,2,4.4,Pending,Mobile App
STA-O6938,STA-C2144,15-01-2023,Hot Coffee,1,3.38,Pending,Mobile App
STA-O9974,STA-C2991,02-07-2025,Coffee Beans (Retail),2,13.88,Delivered,Cash
STA-O10093,STA-C4164,22-02-2025,Cold Coffee,1,4.1,Returned,Starbucks Card
STA-O11626,STA-C7422,25-03-2024,Merchandise,3,32.06,Delivered,Credit Card
STA-O12737,STA-C8158,02-02-2024,Bakery,5,4.42,Unknown,Cash
STA-O7509,STA-C6415,24-05-2024,Merchandise,5,32.89,Pending,Credit Card
STA-O7834,STA-C10319,15-06-2023,Sandwiches,2,6.03,Delivered,Mobile App
STA-O12460,STA-C5091,25-04-2024,Sandwiches,5,6.84,Pending,Cash
STA-O5380,STA-C10804,02-06-2025,Merchandise,5,8.12,Cancelled,Mobile App
STA-O12469,STA-C4540,11-11-2025,Tea,5,5.03,Delivered,Credit Card
STA-O12148,STA-C5188,30-04-2025,Merchandise,2,26.82,Returned,Starbucks Card
STA-O8322,STA-C7381,30-08-2023,Cold Coffee,4,5.65,Cancelled,Credit Card
STA-O11414,STA-C7588,03-11-2025,Hot Coffee,5,5.22,Pending,Starbucks Card
STA-O10565,STA-C6787,02-11-2023,Coffee Beans (Retail),3,19.24,Delivered,Mobile App
STA-O7667,STA-C5380,15-10-2025,Coffee Beans (Retail),4,17.66,Delivered,Mobile App
STA-O14313,STA-C2780,16-09-2025,Tea,2,3.27,Returned,Credit Card
STA-O5856,STA-C4093,21-08-2023,Coffee Beans (Retail),4,11.08,Shipped,Starbucks Card
STA-O14709,STA-C7673,22-11-2024,Bakery,3,3.42,Delivered,Credit Card
STA-O10957,STA-C8058,22-10-2024,Merchandise,3,34.08,Shipped,Credit Card
STA-O7566,STA-C10854,25-04-2025,Tea,2,5.06,Delivered,Cash
STA-O7591,STA-C2732,07-03-2025,Merchandise,3,26.34,Delivered,Starbucks Card
STA-O5243,STA-C8926,21-02-2025,Frappuccino,2,6.17,Returned,Credit Card
STA-O10406,STA-C8413,20-08-2023,Coffee Beans (Retail),4,17.33,Delivered,Mobile App
STA-O10631,STA-C2608,19-09-2025,Frappuccino,3,6.23,Delivered,Credit Card
STA-O10746,STA-C10545,27-04-2025,Tea,1,5.09,Shipped,Starbucks Card
STA-O6413,STA-C9718,13-03-2023,Cold Coffee,5,6.03,Delivered,Credit Card
STA-O10920,STA-C1410,26-04-2023,Coffee Beans (Retail),1,10.18,Delivered,Credit Card
STA-O6221,STA-C3694,09-02-2024,Merchandise,2,36.12,Delivered,Cash
STA-O12451,STA-C7633,15-05-2025,Sandwiches,3,6.79,Shipped,Credit Card
STA-O5861,STA-C9999,04-04-2025,Sandwiches,3,6.52,Returned,Mobile App
STA-O6025,STA-C6262,05-05-2024,Sandwiches,3,6.54,Delivered,Cash
STA-O6520,STA-C7078,26-05-2025,Cold Coffee,5,6.48,Cancelled,Cash
STA-O5891,STA-C9388,12-08-2023,Tea,5,5.68,Delivered,Cash
STA-O6724,STA-C6376,01-05-2023,Cold Coffee,5,4.89,Pending,Starbucks Card
STA-O6796,STA-C3236,09-02-2025,Merchandise,1,19.26,Returned,Starbucks Card
STA-O7177,STA-C7572,02-05-2024,Sandwiches,4,8.71,Delivered,Credit Card
STA-O13359,STA-C7043,07-03-2024,Sandwiches,4,8.43,Delivered,Starbucks Card
STA-O5680,STA-C3400,11-08-2025,Frappuccino,3,5.29,Shipped,Credit Card
STA-O8137,STA-C9168,24-10-2023,Hot Coffee,4,5.42,Pending,Starbucks Card
STA-O6533,STA-C9855,17-12-2023,Hot Coffee,4,6.29,Cancelled,Starbucks Card
STA-O14377,STA-C3157,20-06-2024,Sandwiches,5,6.49,Returned,Cash
STA-O5565,STA-C5194,12-10-2025,Bakery,3,4.27,Pending,Starbucks Card
STA-O5065,STA-C3105,24-02-2025,Cold Coffee,1,6.55,Shipped,Mobile App
STA-O10752,STA-C10559,27-10-2024,Tea,2,3.57,Delivered,Mobile App
STA-O10342,STA-C1033,14-12-2025,Bakery,1,5.23,Cancelled,Cash
STA-O12545,STA-C5442,06-03-2023,Merchandise,5,9.43,Delivered,Mobile App
STA-O6904,STA-C8080,26-01-2025,Cold Coffee,3,4.18,Returned,Starbucks Card
STA-O13587,STA-C3741,26-10-2023,Frappuccino,2,5.55,Shipped,Cash
STA-O7055,STA-C3667,16-02-2024,Merchandise,4,28.72,Shipped,Mobile App
STA-O5703,STA-C4241,11-02-2025,Sandwiches,4,6.46,Delivered,Cash
STA-O6661,STA-C5465,06-04-2023,Bakery,4,5.09,Cancelled,Credit Card
STA-O13245,STA-C6535,08-05-2025,Tea,2,3.27,Delivered,Credit Card
STA-O7178,STA-C10982,13-10-2025,Frappuccino,4,8.57,Returned,Cash
STA-O11407,STA-C2199,11-07-2023,Frappuccino,5,6.36,Returned,Credit Card
STA-O10090,STA-C8265,25-02-2025,Frappuccino,4,5.01,Cancelled,Starbucks Card
STA-O5456,STA-C3035,18-06-2025,Coffee Beans (Retail),5,13.47,Delivered,Mobile App
STA-O7404,STA-C5349,25-04-2023,Sandwiches,2,8.1,Delivered,Mobile App
STA-O10579,STA-C5127,10-08-2025,Bakery,2,5.6,Delivered,Credit Card
STA-O11609,STA-C9999,24-02-2023,Tea,4,3.57,Pending,Mobile App
STA-O10761,STA-C8753,13-09-2024,Bakery,1,3.34,Delivered,Mobile App
STA-O6231,STA-C8748,09-06-2024,Frappuccino,5,6.46,Pending,Cash
STA-O5335,STA-C9608,06-12-2024,Hot Coffee,4,3.07,Cancelled,Starbucks Card
STA-O7417,STA-C7800,19-09-2025,Merchandise,5,34.65,Delivered,Credit Card
STA-O11549,STA-C2374,28-12-2024,Coffee Beans (Retail),1,22.51,Delivered,Cash
STA-O8624,STA-C6016,28-05-2024,Merchandise,4,38.31,Delivered,Credit Card
STA-O5739,STA-C1943,11-06-2024,Coffee Beans (Retail),4,19.29,Cancelled,Credit Card
STA-O5578,STA-C8797,29-09-2023,Sandwiches,2,7.3,Delivered,Mobile App
STA-O5712,STA-C4447,09-01-2025,Merchandise,4,34.3,Shipped,Credit Card
STA-O11849,STA-C4478,24-05-2023,Bakery,5,2.66,Shipped,Starbucks Card
STA-O14210,STA-C4662,26-06-2024,Cold Coffee,3,6.13,Cancelled,Starbucks Card
STA-O8368,STA-C4886,22-09-2024,Bakery,3,4.46,Cancelled,Cash
STA-O7990,STA-C1411,10-08-2025,Cold Coffee,2,7.23,Returned,Starbucks Card
STA-O8727,STA-C7384,17-11-2024,Hot Coffee,3,6.3,Delivered,Cash
STA-O8327,STA-C4202,14-01-2025,Cold Coffee,5,7.88,Delivered,Credit Card
STA-O13620,STA-C10315,12-11-2024,Frappuccino,1,5.81,Delivered,Credit Card
STA-O9884,STA-C10573,06-08-2023,Bakery,4,2.87,Pending,Cash
STA-O11723,STA-C2583,16-09-2024,Merchandise,3,26.59,Pending,Starbucks Card
STA-O10803,STA-C2015,22-09-2025,Merchandise,4,12.15,Shipped,Cash
STA-O7202,STA-C8880,18-04-2024,Frappuccino,3,5.16,Returned,Cash
STA-O13699,STA-C9728,11-02-2025,Hot Coffee,2,5.43,Cancelled,Credit Card
STA-O5838,STA-C7796,03-11-2023,Sandwiches,3,6.26,Delivered,Mobile App
STA-O11952,STA-C9940,02-07-2024,Tea,1,3.98,Delivered,Cash
STA-O10230,STA-C8438,11-02-2023,Hot Coffee,4,5.96,Delivered,Credit Card
STA-O6072,STA-C9999,22-07-2025,Coffee Beans (Retail),4,19.31,Delivered,Mobile App
STA-O13023,STA-C2632,19-01-2023,Hot Coffee,1,3.64,Delivered,Credit Card
STA-O5621,STA-C1258,30-11-2025,Tea,4,3.68,Delivered,Starbucks Card
STA-O6798,STA-C7383,05-01-2023,Cold Coffee,4,6.48,Returned,Credit Card
STA-O7836,STA-C10085,30-06-2023,Cold Coffee,4,6.36,Delivered,Cash
STA-O13892,STA-C4998,02-04-2024,Frappuccino,4,5.65,Cancelled,Cash
STA-O7666,STA-C2467,03-06-2025,Sandwiches,2,5.49,Returned,Starbucks Card
STA-O6250,STA-C2814,05-01-2025,Frappuccino,2,6.76,Returned,Mobile App
STA-O14988,STA-C4248,28-05-2023,Tea,5,3.71,Returned,Mobile App
STA-O10222,STA-C1448,09-03-2025,Bakery,5,4.7,Cancelled,Credit Card
STA-O13749,STA-C1007,13-10-2025,Coffee Beans (Retail),3,19.71,Delivered,Starbucks Card
STA-O10887,STA-C5012,24-02-2024,Frappuccino,5,5.47,Delivered,Mobile App
STA-O6307,STA-C3707,11-06-2023,Coffee Beans (Retail),5,16.8,Delivered,Cash
STA-O13767,STA-C1264,30-01-2024,Merchandise,4,8.66,Returned,Credit Card
STA-O6340,STA-C1777,11-07-2023,Tea,1,3.21,Delivered,Starbucks Card
STA-O8752,STA-C7893,06-11-2025,Cold Coffee,3,5.86,Cancelled,Starbucks Card
STA-O11659,STA-C5140,21-04-2024,Sandwiches,2,7.79,Cancelled,Credit Card
STA-O12244,STA-C7934,17-06-2023,Sandwiches,1,8.9,Delivered,Cash
STA-O14689,STA-C6201,26-05-2025,Cold Coffee,4,5.93,Delivered,Starbucks Card
STA-O11806,STA-C5933,05-02-2024,Sandwiches,4,8.15,Delivered,Starbucks Card
STA-O5750,STA-C1118,15-03-2023,Frappuccino,5,8.08,Delivered,Credit Card
STA-O5463,STA-C9529,11-06-2025,Frappuccino,3,6.01,Returned,Cash
STA-O5525,STA-C4102,21-05-2025,Hot Coffee,2,3.98,Returned,Mobile App
STA-O7683,STA-C3606,20-12-2024,Hot Coffee,4,6.09,Returned,Starbucks Card
STA-O11339,STA-C2397,30-05-2024,Frappuccino,1,6.77,Pending,Mobile App
STA-O5860,STA-C10553,17-05-2024,Sandwiches,5,7.29,Delivered,Starbucks Card
STA-O12140,STA-C9999,15-07-2024,Coffee Beans (Retail),3,10.12,Returned,Starbucks Card
STA-O11130,STA-C9999,29-10-2024,Coffee Beans (Retail),4,10.58,Delivered,Starbucks Card
STA-O5312,STA-C4711,24-09-2023,Bakery,4,3.52,Delivered,Credit Card
STA-O12079,STA-C6348,11-09-2024,Frappuccino,2,5.84,Cancelled,Mobile App
STA-O6399,STA-C8552,30-05-2024,Bakery,5,2.05,Delivered,Starbucks Card
STA-O14025,STA-C5058,15-02-2023,Bakery,2,4.01,Returned,Credit Card
STA-O12127,STA-C5229,02-01-2024,Merchandise,5,28.66,Cancelled,Credit Card
STA-O6179,STA-C1775,28-08-2023,Frappuccino,2,6.56,Delivered,Credit Card
STA-O13485,STA-C8498,08-06-2025,Merchandise,1,32.15,Returned,Starbucks Card
STA-O5034,STA-C6737,14-11-2024,Frappuccino,3,7.38,Shipped,Mobile App
STA-O12994,STA-C8165,10-12-2025,Hot Coffee,1,3.34,Delivered,Credit Card
STA-O5410,STA-C5164,07-06-2024,Coffee Beans (Retail),2,10.97,Delivered,Mobile App
STA-O14504,STA-C7950,14-04-2025,Merchandise,2,21.77,Pending,Starbucks Card
STA-O8354,STA-C1463,10-02-2023,Bakery,2,4.09,Cancelled,Mobile App
STA-O8947,STA-C4694,16-04-2024,Bakery,1,2.45,Shipped,Cash
STA-O8311,STA-C5538,01-12-2025,Coffee Beans (Retail),2,22.85,Cancelled,Mobile App
STA-O11937,STA-C9999,29-06-2025,Sandwiches,5,7.74,Delivered,Cash
STA-O12383,STA-C1740,06-05-2023,Bakery,5,4.77,Delivered,Cash
STA-O6600,STA-C1094,09-12-2024,Sandwiches,5,8.75,Delivered,Starbucks Card
STA-O8961,STA-C4957,13-05-2024,Cold Coffee,2,6.57,Pending,Credit Card
STA-O5471,STA-C2540,07-01-2023,Bakery,2,3.12,Delivered,Mobile App
STA-O12286,STA-C8486,04-07-2023,Coffee Beans (Retail),4,18.79,Returned,Mobile App
STA-O13071,STA-C10867,26-09-2024,Hot Coffee,3,5.7,Pending,Mobile App
STA-O13538,STA-C6882,14-04-2023,Coffee Beans (Retail),3,19.07,Shipped,Starbucks Card
STA-O7189,STA-C3709,06-06-2024,Coffee Beans (Retail),4,19.09,Delivered,Starbucks Card
STA-O13732,STA-C6515,26-02-2024,Tea,1,3.8,Delivered,Starbucks Card
STA-O9173,STA-C5783,16-07-2025,Cold Coffee,2,4.66,Delivered,Mobile App
STA-O11852,STA-C1042,26-08-2023,Frappuccino,2,8.62,Unknown,Starbucks Card
STA-O7872,STA-C10497,19-08-2025,Frappuccino,4,6.41,Delivered,Mobile App
STA-O14835,STA-C7785,20-08-2023,Frappuccino,2,8.45,Cancelled,Cash
STA-O12224,STA-C6189,24-09-2024,Coffee Beans (Retail),5,14.73,Delivered,Starbucks Card
STA-O8435,STA-C4783,17-02-2024,Frappuccino,5,5.24,Delivered,Credit Card
STA-O8447,STA-C1071,14-10-2025,Bakery,3,4.17,Delivered,Starbucks Card
STA-O5885,STA-C10399,02-06-2024,Bakery,3,5.55,Shipped,Starbucks Card
STA-O13244,STA-C8387,11-04-2024,Frappuccino,3,8.02,Pending,Cash
STA-O10349,STA-C4312,07-05-2024,Cold Coffee,1,6.33,Cancelled,Starbucks Card
STA-O10894,STA-C9447,16-08-2025,Tea,2,5.52,Delivered,Starbucks Card
STA-O13180,STA-C1310,16-11-2023,Bakery,1,4.37,Returned,Credit Card
STA-O5262,STA-C8847,06-01-2023,Merchandise,4,22.48,Delivered,Credit Card
STA-O12775,STA-C3971,23-11-2023,Coffee Beans (Retail),5,16.02,Returned,Cash
STA-O5054,STA-C7214,10-06-2023,Cold Coffee,2,5.73,Shipped,Credit Card
STA-O5133,STA-C4192,23-10-2023,Sandwiches,4,6.57,Delivered,Credit Card
STA-O8978,STA-C7086,09-11-2024,Sandwiches,3,5.67,Delivered,Credit Card
STA-O13710,STA-C4930,18-01-2025,Hot Coffee,3,6.06,Pending,Starbucks Card
STA-O6559,STA-C7609,25-09-2025,Bakery,4,3.23,Cancelled,Credit Card
STA-O13289,STA-C1881,31-01-2023,Tea,2,3.29,Cancelled,Credit Card
STA-O8657,STA-C6996,25-01-2023,Tea,2,4.04,Delivered,Mobile App
STA-O5371,STA-C10773,28-04-2023,Merchandise,2,39.92,Pending,Mobile App
STA-O13438,STA-C2756,05-08-2025,Frappuccino,4,8.35,Shipped,Starbucks Card
STA-O10242,STA-C10119,20-04-2025,Coffee Beans (Retail),5,24.29,Cancelled,Cash
STA-O10362,STA-C10498,17-05-2023,Merchandise,2,25.23,Delivered,Credit Card
STA-O9834,STA-C3063,20-08-2024,Hot Coffee,5,4.74,Shipped,Starbucks Card
STA-O14403,STA-C7353,10-03-2024,Coffee Beans (Retail),4,16.65,Cancelled,Mobile App
STA-O10264,STA-C4367,27-06-2024,Hot Coffee,3,3.64,Delivered,Mobile App
STA-O8144,STA-C6960,05-04-2025,Frappuccino,4,7.21,Delivered,Starbucks Card
STA-O7331,STA-C6559,03-06-2023,Merchandise,5,39.55,Delivered,Mobile App
STA-O13973,STA-C6861,05-06-2023,Cold Coffee,1,7.43,Delivered,Starbucks Card
STA-O13533,STA-C8023,14-02-2024,Bakery,1,2.12,Cancelled,Credit Card
STA-O9325,STA-C5738,11-01-2025,Coffee Beans (Retail),2,18.56,Delivered,Credit Card
STA-O13412,STA-C6600,06-09-2025,Cold Coffee,5,4.67,Delivered,Mobile App
STA-O14192,STA-C1319,08-04-2024,Merchandise,3,10.32,Returned,Cash
STA-O8653,STA-C1395,30-06-2023,Sandwiches,4,7.63,Pending,Cash
STA-O11836,STA-C5177,10-08-2024,Bakery,2,2.49,Shipped,Starbucks Card
STA-O10279,STA-C9496,14-02-2025,Merchandise,2,12.77,Cancelled,Cash
STA-O13233,STA-C7455,20-01-2025,Coffee Beans (Retail),3,11.64,Delivered,Credit Card
STA-O6779,STA-C9377,11-05-2024,Coffee Beans (Retail),5,13.52,Cancelled,Cash
STA-O8677,STA-C10513,02-12-2024,Cold Coffee,1,6.44,Shipped,Credit Card
STA-O9808,STA-C2206,16-09-2024,Frappuccino,3,7.06,Returned,Mobile App
STA-O7747,STA-C10425,10-03-2023,Merchandise,4,29.72,Returned,Mobile App
STA-O5180,STA-C5365,06-07-2025,Coffee Beans (Retail),1,16.84,Delivered,Cash
STA-O7535,STA-C10813,29-04-2024,Cold Coffee,1,5.71,Delivered,Starbucks Card
STA-O10285,STA-C7280,05-02-2025,Hot Coffee,5,6.18,Returned,Credit Card
STA-O11624,STA-C9165,15-06-2024,Hot Coffee,5,5.33,Delivered,Mobile App
STA-O14595,STA-C2305,24-04-2024,Frappuccino,4,6.92,Delivered,Mobile App
STA-O6921,STA-C9120,19-04-2023,Cold Coffee,3,7.54,Delivered,Cash
STA-O9355,STA-C5105,19-11-2025,Merchandise,2,29.62,Delivered,Starbucks Card
STA-O12751,STA-C9305,02-02-2025,Merchandise,5,8.56,Shipped,Starbucks Card
STA-O6081,STA-C7986,16-07-2025,Sandwiches,3,7.79,Delivered,Cash
STA-O8070,STA-C9676,31-10-2023,Hot Coffee,1,6.01,Shipped,Starbucks Card
STA-O14778,STA-C8013,13-06-2023,Cold Coffee,1,7.45,Returned,Starbucks Card
STA-O14183,STA-C9594,06-09-2024,Sandwiches,5,7.1,Delivered,Mobile App
STA-O11265,STA-C1340,27-03-2023,Coffee Beans (Retail),2,15.45,Returned,Mobile App
STA-O8122,STA-C5539,14-04-2023,Frappuccino,3,6.5,Delivered,Cash
STA-O5221,STA-C8688,12-10-2024,Cold Coffee,5,6.2,Delivered,Cash
STA-O9112,STA-C6285,09-12-2023,Tea,5,5.48,Delivered,Credit Card
STA-O14895,STA-C9000,23-01-2025,Merchandise,5,12.76,Delivered,Mobile App
STA-O10550,STA-C10107,14-03-2025,Merchandise,3,27.1,Returned,Cash
STA-O10893,STA-C8967,31-10-2023,Cold Coffee,1,6.87,Delivered,Starbucks Card
STA-O12761,STA-C9785,31-10-2025,Cold Coffee,1,6.87,Shipped,Mobile App
STA-O11607,STA-C7069,18-03-2023,Merchandise,4,17.06,Delivered,Starbucks Card
STA-O13735,STA-C10497,28-08-2024,Frappuccino,3,7,Delivered,Mobile App
STA-O10602,STA-C9982,13-09-2024,Bakery,5,4.5,Delivered,Mobile App
STA-O9475,STA-C9999,05-12-2025,Tea,2,5.36,Returned,Mobile App
STA-O14363,STA-C5813,13-02-2024,Cold Coffee,3,6.35,Delivered,Starbucks Card
STA-O14493,STA-C1352,04-09-2025,Tea,2,3.48,Pending,Cash
STA-O13858,STA-C5822,28-09-2023,Frappuccino,5,5.83,Delivered,Starbucks Card
STA-O8439,STA-C3660,11-05-2024,Merchandise,4,27.57,Delivered,Starbucks Card
STA-O12463,STA-C9640,17-11-2024,Bakery,2,5.49,Delivered,Mobile App
STA-O11433,STA-C9006,28-12-2024,Coffee Beans (Retail),2,22.39,Cancelled,Starbucks Card
STA-O9523,STA-C3956,14-11-2025,Sandwiches,5,8.4,Delivered,Starbucks Card
STA-O13313,STA-C6628,05-03-2023,Bakery,2,4.03,Cancelled,Mobile App
STA-O11892,STA-C6568,06-05-2025,Bakery,2,5.39,Shipped,Cash
STA-O5367,STA-C6988,30-05-2023,Cold Coffee,1,7.72,Pending,Credit Card
STA-O12048,STA-C6276,05-07-2024,Tea,5,4.32,Returned,Starbucks Card
STA-O9289,STA-C1326,05-08-2024,Sandwiches,5,7.6,Pending,Cash
STA-O7060,STA-C1846,15-02-2023,Coffee Beans (Retail),3,13.29,Delivered,Starbucks Card
STA-O8492,STA-C2588,10-03-2024,Bakery,2,2.38,Delivered,Credit Card
STA-O14954,STA-C5206,19-04-2024,Cold Coffee,1,4.71,Delivered,Cash
STA-O10904,STA-C3063,09-07-2023,Cold Coffee,5,6.46,Returned,Cash
STA-O8895,STA-C8485,22-06-2024,Hot Coffee,4,3.03,Cancelled,Credit Card
STA-O13745,STA-C9999,04-09-2023,Sandwiches,2,7.99,Returned,Starbucks Card
STA-O13799,STA-C5972,02-09-2024,Bakery,4,3.57,Delivered,Cash
STA-O10054,STA-C6426,24-05-2025,Tea,2,3,Delivered,Credit Card
STA-O6216,STA-C2639,16-10-2023,Tea,1,4.29,Shipped,Starbucks Card
STA-O6977,STA-C2152,23-02-2025,Hot Coffee,1,4.31,Delivered,Starbucks Card
STA-O6283,STA-C9156,14-09-2025,Hot Coffee,5,5.36,Delivered,Credit Card
STA-O12617,STA-C4919,22-07-2023,Sandwiches,1,6,Delivered,Credit Card
STA-O12772,STA-C6196,16-02-2025,Tea,2,5.69,Delivered,Mobile App
STA-O8497,STA-C4232,21-05-2024,Frappuccino,5,5.2,Shipped,Cash
STA-O11692,STA-C3751,10-12-2023,Tea,1,5.78,Delivered,Starbucks Card
STA-O7019,STA-C4170,11-03-2025,Coffee Beans (Retail),2,21.22,Cancelled,Credit Card
STA-O11459,STA-C2293,23-05-2024,Tea,3,3.96,Delivered,Cash
STA-O9603,STA-C8693,18-05-2025,Tea,5,3.96,Returned,Cash
STA-O7201,STA-C8134,22-10-2023,Bakery,2,3.57,Cancelled,Starbucks Card
STA-O5727,STA-C5773,24-08-2025,Sandwiches,4,8.03,Returned,Credit Card
STA-O12090,STA-C3195,09-03-2025,Frappuccino,3,6.76,Shipped,Mobile App
STA-O9219,STA-C4434,11-08-2024,Bakery,5,3.71,Returned,Cash
STA-O11258,STA-C5959,05-12-2023,Sandwiches,2,8.18,Pending,Credit Card
STA-O10251,STA-C5780,10-05-2025,Merchandise,5,10.31,Cancelled,Credit Card
STA-O6625,STA-C10826,08-03-2024,Merchandise,2,11.32,Shipped,Mobile App
STA-O10969,STA-C5127,29-12-2024,Tea,2,5.32,Returned,Cash
STA-O12713,STA-C2923,28-02-2024,Hot Coffee,5,3.07,Shipped,Credit Card
STA-O12564,STA-C1679,13-06-2024,Cold Coffee,2,4.55,Shipped,Starbucks Card
STA-O10888,STA-C2063,16-11-2025,Bakery,2,2.1,Cancelled,Mobile App
STA-O8791,STA-C5375,29-05-2025,Coffee Beans (Retail),5,18.45,Delivered,Starbucks Card
STA-O6791,STA-C7875,29-06-2024,Tea,2,5.43,Returned,Mobile App
STA-O5315,STA-C2801,16-08-2024,Tea,1,4.31,Returned,Mobile App
STA-O7715,STA-C1130,15-12-2024,Bakery,2,4.99,Delivered,Starbucks Card
STA-O12395,STA-C1618,25-02-2023,Merchandise,1,37.18,Pending,Credit Card
STA-O7604,STA-C1182,07-02-2023,Coffee Beans (Retail),2,17.52,Returned,Starbucks Card
STA-O14814,STA-C7545,21-04-2024,Hot Coffee,2,4,Delivered,Cash
STA-O7421,STA-C1927,11-03-2024,Frappuccino,1,6.92,Cancelled,Credit Card
STA-O9706,STA-C7074,11-02-2023,Coffee Beans (Retail),3,16.2,Returned,Credit Card
STA-O6410,STA-C1306,24-07-2024,Bakery,3,2.7,Shipped,Credit Card
STA-O13470,STA-C1233,10-08-2023,Tea,4,4.71,Cancelled,Starbucks Card
STA-O7258,STA-C10111,01-05-2025,Hot Coffee,4,4.41,Shipped,Mobile App
STA-O11987,STA-C10113,01-01-2025,Merchandise,1,39.72,Shipped,Mobile App
STA-O7633,STA-C4722,08-03-2025,Tea,2,4.63,Shipped,Credit Card
STA-O10719,STA-C10701,05-02-2024,Tea,5,5.38,Unknown,Credit Card
STA-O7651,STA-C5290,06-09-2025,Merchandise,3,16.22,Returned,Starbucks Card
STA-O8862,STA-C9742,20-10-2025,Sandwiches,1,7.21,Returned,Credit Card
STA-O10372,STA-C5854,07-01-2024,Merchandise,3,39.12,Shipped,Starbucks Card
STA-O11913,STA-C3541,08-01-2024,Bakery,1,5.2,Pending,Starbucks Card
STA-O7549,STA-C8374,23-08-2023,Bakery,4,5.17,Cancelled,Credit Card
STA-O5747,STA-C10155,01-09-2024,Sandwiches,5,7.7,Cancelled,Starbucks Card
STA-O10515,STA-C7047,17-04-2023,Tea,4,5.65,Cancelled,Credit Card
STA-O12239,STA-C5482,03-09-2025,Hot Coffee,3,6.24,Delivered,Cash
STA-O6708,STA-C8270,26-09-2025,Sandwiches,5,6.3,Delivered,Mobile App
STA-O5046,STA-C4116,30-06-2025,Hot Coffee,3,5.06,Delivered,Mobile App
STA-O9221,STA-C3547,22-01-2023,Cold Coffee,2,5.78,Pending,Starbucks Card
STA-O9145,STA-C4004,31-10-2024,Frappuccino,5,6.58,Delivered,Cash
STA-O8706,STA-C3427,29-01-2023,Coffee Beans (Retail),4,12.61,Pending,Starbucks Card
STA-O5023,STA-C1452,21-03-2023,Merchandise,4,31.67,Unknown,Credit Card
STA-O6933,STA-C4913,14-11-2024,Bakery,2,2.91,Delivered,Credit Card
STA-O8283,STA-C2845,16-01-2023,Tea,4,4.01,Cancelled,Starbucks Card
STA-O8237,STA-C4971,10-03-2023,Bakery,3,4.85,Cancelled,Credit Card
STA-O11408,STA-C10761,16-05-2024,Cold Coffee,4,5.48,Pending,Mobile App
STA-O8231,STA-C6205,24-08-2024,Merchandise,2,20.31,Cancelled,Cash
STA-O11810,STA-C3355,24-08-2024,Merchandise,4,28.08,Cancelled,Starbucks Card
STA-O8360,STA-C7519,04-12-2023,Frappuccino,5,5.75,Returned,Credit Card
STA-O12957,STA-C8687,13-12-2025,Coffee Beans (Retail),1,20.33,Unknown,Starbucks Card
STA-O7074,STA-C9456,15-05-2023,Frappuccino,4,6.57,Delivered,Credit Card
STA-O11257,STA-C3645,18-02-2025,Merchandise,5,34.12,Shipped,Starbucks Card
STA-O5500,STA-C2562,04-02-2024,Tea,5,4.79,Cancelled,Cash
STA-O13793,STA-C6798,20-10-2023,Frappuccino,2,8.01,Delivered,Cash
STA-O11746,STA-C9999,21-10-2024,Hot Coffee,1,6.08,Cancelled,Credit Card
STA-O13669,STA-C10857,03-03-2024,Frappuccino,2,5.62,Delivered,Cash
STA-O6680,STA-C4098,23-04-2024,Hot Coffee,1,6.62,Unknown,Starbucks Card
STA-O8797,STA-C10908,06-10-2024,Merchandise,1,39.74,Delivered,Credit Card
STA-O13550,STA-C5092,15-02-2025,Merchandise,5,12.26,Pending,Mobile App
STA-O6454,STA-C5967,15-05-2023,Cold Coffee,3,6.76,Cancelled,Cash
STA-O10386,STA-C6443,24-04-2024,Frappuccino,4,7.63,Delivered,Mobile App
STA-O9020,STA-C8073,17-07-2025,Coffee Beans (Retail),3,10.05,Shipped,Mobile App
STA-O13717,STA-C6326,08-04-2023,Sandwiches,1,5.18,Returned,Cash
STA-O14508,STA-C10374,29-07-2025,Tea,2,5.24,Cancelled,Starbucks Card
STA-O9811,STA-C4184,08-08-2023,Sandwiches,1,8.16,Cancelled,Starbucks Card
STA-O5985,STA-C9658,13-07-2024,Cold Coffee,1,7.96,Shipped,Credit Card
STA-O6192,STA-C6662,15-05-2024,Frappuccino,5,8.86,Delivered,Credit Card
STA-O8032,STA-C8855,19-07-2024,Cold Coffee,5,4.3,Unknown,Cash
STA-O9161,STA-C7254,23-03-2023,Bakery,4,5.01,Delivered,Mobile App
STA-O9612,STA-C8607,03-12-2025,Cold Coffee,4,6.11,Cancelled,Mobile App
STA-O9687,STA-C8268,08-08-2025,Merchandise,2,24.8,Delivered,Cash
STA-O14165,STA-C3230,17-02-2024,Sandwiches,4,7.57,Cancelled,Cash
STA-O10774,STA-C1655,17-02-2024,Bakery,3,4.98,Delivered,Mobile App
STA-O12406,STA-C2730,30-06-2025,Sandwiches,4,6.09,Cancelled,Starbucks Card
STA-O7223,STA-C1050,27-04-2024,Sandwiches,2,7.62,Delivered,Cash
STA-O12896,STA-C8077,10-08-2024,Sandwiches,5,6.8,Pending,Credit Card
STA-O7755,STA-C5724,05-08-2025,Tea,5,4.35,Shipped,Mobile App
STA-O10116,STA-C5690,25-09-2025,Cold Coffee,3,5.01,Shipped,Credit Card
STA-O8981,STA-C8742,07-10-2023,Bakery,2,2.75,Pending,Starbucks Card
STA-O10510,STA-C6745,01-03-2023,Merchandise,4,14.63,Unknown,Credit Card
STA-O10476,STA-C4368,06-04-2023,Tea,1,4.18,Delivered,Mobile App
STA-O14432,STA-C6027,20-08-2025,Cold Coffee,3,6.93,Shipped,Mobile App
STA-O9631,STA-C4834,24-03-2023,Hot Coffee,1,3.41,Delivered,Cash
STA-O11292,STA-C10084,10-11-2023,Sandwiches,3,5.31,Unknown,Cash
STA-O10857,STA-C10379,29-03-2023,Cold Coffee,4,5.91,Delivered,Credit Card
STA-O8345,STA-C7247,20-11-2023,Hot Coffee,3,6.72,Delivered,Starbucks Card
STA-O5997,STA-C8102,14-12-2024,Merchandise,5,10.39,Pending,Cash
STA-O14396,STA-C6915,04-12-2025,Coffee Beans (Retail),5,10.6,Delivered,Starbucks Card
STA-O14015,STA-C1792,10-01-2024,Coffee Beans (Retail),3,23.71,Delivered,Cash
STA-O12415,STA-C8952,27-03-2025,Coffee Beans (Retail),1,13.28,Cancelled,Mobile App
STA-O12873,STA-C3165,25-06-2025,Sandwiches,4,6.48,Cancelled,Cash
STA-O13763,STA-C6419,21-04-2025,Hot Coffee,4,3.8,Cancelled,Cash
STA-O9639,STA-C3107,17-10-2023,Hot Coffee,5,5.9,Cancelled,Starbucks Card
STA-O13728,STA-C7683,22-05-2023,Cold Coffee,2,4.12,Unknown,Starbucks Card
STA-O10977,STA-C4648,31-07-2025,Cold Coffee,4,5.19,Delivered,Mobile App
STA-O9279,STA-C5038,26-06-2025,Merchandise,3,36.31,Returned,Starbucks Card
STA-O6359,STA-C8968,22-06-2025,Hot Coffee,5,6.61,Cancelled,Starbucks Card
STA-O13619,STA-C4982,02-09-2024,Sandwiches,4,7.33,Cancelled,Cash
STA-O9416,STA-C9255,14-03-2025,Sandwiches,1,8.39,Cancelled,Starbucks Card
STA-O14079,STA-C5276,01-03-2025,Hot Coffee,4,5.43,Pending,Cash
STA-O9513,STA-C9766,12-07-2023,Sandwiches,5,5.41,Returned,Starbucks Card
STA-O13264,STA-C4997,10-04-2023,Tea,2,3.66,Cancelled,Starbucks Card
STA-O13581,STA-C10811,19-12-2024,Bakery,3,4.72,Delivered,Credit Card
STA-O11445,STA-C7247,30-10-2024,Sandwiches,4,8.82,Delivered,Starbucks Card
STA-O8302,STA-C5388,11-08-2024,Cold Coffee,2,4.09,Delivered,Starbucks Card
STA-O6227,STA-C7253,30-06-2025,Bakery,4,3.22,Unknown,Mobile App
STA-O9642,STA-C4893,19-09-2025,Hot Coffee,2,6.61,Pending,Starbucks Card
STA-O9517,STA-C3919,11-01-2025,Coffee Beans (Retail),3,23.58,Pending,Mobile App
STA-O11728,STA-C3454,18-06-2023,Tea,4,3.55,Delivered,Starbucks Card
STA-O9682,STA-C10562,12-02-2025,Coffee Beans (Retail),4,18,Delivered,Cash
STA-O14332,STA-C4326,03-08-2024,Sandwiches,1,8.05,Unknown,Credit Card
STA-O8951,STA-C6171,05-07-2024,Hot Coffee,5,3.68,Shipped,Mobile App
STA-O12790,STA-C7007,28-10-2023,Hot Coffee,5,6.44,Delivered,Credit Card
STA-O14505,STA-C7996,25-02-2025,Cold Coffee,2,8,Delivered,Cash
STA-O12704,STA-C6568,30-03-2023,Cold Coffee,3,7.74,Delivered,Mobile App
STA-O14724,STA-C3531,16-08-2024,Frappuccino,5,5.59,Delivered,Cash
STA-O12507,STA-C2723,16-03-2025,Sandwiches,2,8.22,Shipped,Cash
STA-O7244,STA-C7056,30-08-2025,Hot Coffee,1,4.88,Returned,Mobile App
STA-O7822,STA-C10494,22-09-2024,Tea,2,5.54,Pending,Mobile App
STA-O13785,STA-C4738,29-12-2025,Cold Coffee,5,5.92,Delivered,Credit Card
STA-O8846,STA-C9203,15-11-2025,Tea,1,3.34,Delivered,Cash
STA-O11941,STA-C4084,23-12-2023,Sandwiches,1,7.37,Delivered,Credit Card
STA-O7039,STA-C10865,02-04-2024,Tea,4,3.35,Pending,Starbucks Card
STA-O5720,STA-C2644,19-06-2025,Coffee Beans (Retail),1,11.98,Delivered,Credit Card
STA-O12632,STA-C3114,02-05-2025,Merchandise,3,37.76,Delivered,Starbucks Card
STA-O12759,STA-C8564,25-04-2025,Merchandise,2,11.43,Shipped,Cash
STA-O7713,STA-C8283,02-08-2023,Coffee Beans (Retail),3,24.73,Delivered,Mobile App
STA-O11422,STA-C9931,02-01-2024,Cold Coffee,1,4.12,Delivered,Starbucks Card
STA-O14913,STA-C9743,21-04-2023,Sandwiches,3,8.13,Delivered,Credit Card
STA-O13232,STA-C5549,24-04-2025,Hot Coffee,5,5.98,Returned,Mobile App
STA-O12500,STA-C6111,09-05-2024,Coffee Beans (Retail),4,10.96,Delivered,Credit Card
STA-O13069,STA-C4747,04-02-2024,Frappuccino,4,7.67,Delivered,Credit Card
STA-O8855,STA-C7082,14-09-2025,Sandwiches,3,8.6,Returned,Credit Card
STA-O11475,STA-C9782,24-03-2025,Tea,1,3.51,Delivered,Credit Card
STA-O5223,STA-C10271,18-07-2025,Frappuccino,4,6.95,Returned,Credit Card
STA-O6141,STA-C7652,18-02-2023,Bakery,4,5.08,Returned,Cash
STA-O12167,STA-C5105,08-02-2025,Coffee Beans (Retail),4,17.05,Delivered,Cash
STA-O14153,STA-C10607,06-02-2023,Hot Coffee,4,6.3,Delivered,Starbucks Card
STA-O8459,STA-C4564,27-04-2024,Frappuccino,1,8.99,Returned,Mobile App
STA-O5382,STA-C7937,03-09-2024,Sandwiches,1,6.73,Returned,Credit Card
STA-O14992,STA-C5307,12-01-2025,Cold Coffee,5,4.45,Returned,Starbucks Card
STA-O6639,STA-C10513,06-09-2023,Coffee Beans (Retail),2,21.45,Delivered,Mobile App
STA-O11542,STA-C6508,15-11-2023,Bakery,3,5.57,Cancelled,Starbucks Card
STA-O11216,STA-C9517,04-11-2024,Cold Coffee,1,6.26,Pending,Starbucks Card
STA-O11111,STA-C9081,11-08-2025,Sandwiches,5,7.74,Delivered,Cash
STA-O6759,STA-C8138,12-09-2024,Coffee Beans (Retail),5,22.85,Pending,Mobile App
STA-O11284,STA-C10816,18-02-2025,Bakery,1,5.46,Delivered,Cash
STA-O14694,STA-C8750,23-08-2023,Coffee Beans (Retail),4,14.84,Shipped,Mobile App
STA-O10949,STA-C10355,23-11-2023,Hot Coffee,4,3.91,Shipped,Mobile App
STA-O12766,STA-C6188,12-11-2025,Tea,5,5.51,Delivered,Mobile App
STA-O8409,STA-C2782,27-01-2025,Hot Coffee,4,5.56,Pending,Credit Card
STA-O8714,STA-C8476,01-07-2024,Hot Coffee,5,4.33,Cancelled,Mobile App
STA-O5890,STA-C6218,08-06-2025,Frappuccino,2,7.77,Delivered,Mobile App
STA-O9109,STA-C3965,30-11-2025,Frappuccino,3,7.87,Delivered,Credit Card
STA-O13182,STA-C2871,04-02-2025,Hot Coffee,5,3.14,Delivered,Mobile App
STA-O7326,STA-C6602,08-07-2023,Tea,4,5.76,Delivered,Mobile App
STA-O11571,STA-C8387,18-04-2023,Tea,3,3.45,Shipped,Mobile App
STA-O11921,STA-C10955,15-11-2024,Bakery,4,4.33,Delivered,Credit Card
STA-O14960,STA-C10130,05-04-2023,Cold Coffee,5,4.77,Returned,Cash
STA-O5784,STA-C9999,09-06-2025,Frappuccino,5,6.33,Delivered,Credit Card
STA-O11177,STA-C8322,16-09-2023,Hot Coffee,5,4.5,Cancelled,Credit Card
STA-O8248,STA-C7053,04-03-2023,Hot Coffee,2,6.98,Delivered,Mobile App
STA-O14550,STA-C3770,12-06-2024,Merchandise,5,15.54,Shipped,Starbucks Card
STA-O10878,STA-C3957,25-09-2025,Sandwiches,2,8.56,Shipped,Cash
STA-O9228,STA-C3192,20-11-2025,Tea,4,4.02,Delivered,Credit Card
STA-O13590,STA-C3502,25-12-2024,Merchandise,1,20.7,Pending,Starbucks Card
STA-O6512,STA-C10515,11-07-2024,Hot Coffee,4,3.31,Delivered,Cash
STA-O12071,STA-C6516,03-10-2023,Sandwiches,4,7,Shipped,Starbucks Card
STA-O13889,STA-C4029,28-10-2025,Frappuccino,3,8.79,Pending,Mobile App
STA-O12723,STA-C10093,10-03-2023,Sandwiches,5,5.84,Delivered,Cash
STA-O13282,STA-C8109,23-09-2025,Coffee Beans (Retail),2,19.29,Delivered,Credit Card
STA-O13285,STA-C9999,06-03-2025,Frappuccino,3,7.96,Returned,Mobile App
STA-O14194,STA-C6389,15-11-2025,Cold Coffee,3,4.96,Returned,Mobile App
STA-O14387,STA-C5921,02-10-2025,Tea,1,5.68,Pending,Credit Card
STA-O12682,STA-C8712,17-08-2023,Hot Coffee,2,4.34,Returned,Mobile App
STA-O5353,STA-C2120,23-05-2025,Bakery,1,5.04,Delivered,Credit Card
STA-O6080,STA-C6303,10-07-2025,Frappuccino,2,5.8,Cancelled,Mobile App
STA-O9158,STA-C10592,03-05-2025,Tea,4,3.95,Cancelled,Cash
STA-O12515,STA-C8029,19-01-2025,Tea,5,5.34,Cancelled,Cash
STA-O7312,STA-C8175,05-05-2024,Tea,1,4.76,Pending,Credit Card
STA-O11789,STA-C7048,02-04-2023,Coffee Beans (Retail),3,11.18,Cancelled,Starbucks Card
STA-O6430,STA-C4148,30-01-2025,Merchandise,4,28.75,Delivered,Cash
STA-O5926,STA-C1614,20-04-2024,Hot Coffee,4,5.26,Returned,Cash
STA-O7367,STA-C1276,21-06-2025,Cold Coffee,3,7.06,Delivered,Starbucks Card
STA-O13514,STA-C8101,18-11-2025,Tea,1,4.18,Pending,Credit Card
STA-O9799,STA-C6204,22-01-2025,Hot Coffee,5,3.68,Delivered,Credit Card
STA-O7575,STA-C8502,29-06-2023,Hot Coffee,5,5.49,Returned,Credit Card
STA-O10907,STA-C10901,04-09-2024,Frappuccino,1,7.39,Delivered,Starbucks Card
STA-O9089,STA-C6359,02-12-2023,Merchandise,3,11.19,Delivered,Mobile App
STA-O11221,STA-C8409,03-07-2025,Bakery,5,4.64,Pending,Starbucks Card
STA-O10748,STA-C10211,30-08-2025,Merchandise,5,16.94,Returned,Starbucks Card
STA-O6104,STA-C10009,19-11-2025,Sandwiches,1,5.31,Delivered,Cash
STA-O7394,STA-C1394,11-02-2024,Coffee Beans (Retail),2,21.42,Returned,Credit Card
STA-O14119,STA-C7513,04-03-2025,Frappuccino,3,8.93,Delivered,Starbucks Card
STA-O13598,STA-C9444,07-06-2023,Cold Coffee,3,6.43,Delivered,Starbucks Card
STA-O8733,STA-C6506,05-01-2024,Bakery,1,4.59,Pending,Cash
STA-O10647,STA-C3973,28-11-2024,Hot Coffee,3,3.55,Cancelled,Credit Card
STA-O10580,STA-C5909,05-08-2023,Coffee Beans (Retail),3,20.38,Delivered,Mobile App
STA-O13320,STA-C4492,20-04-2025,Cold Coffee,3,5.74,Pending,Starbucks Card
STA-O13521,STA-C5028,02-09-2023,Merchandise,5,22.17,Shipped,Mobile App
STA-O14328,STA-C4771,23-06-2024,Merchandise,4,20.15,Delivered,Mobile App
STA-O7673,STA-C1023,06-07-2024,Frappuccino,3,6.64,Returned,Cash
STA-O6088,STA-C1094,24-04-2025,Coffee Beans (Retail),1,18.51,Delivered,Credit Card
STA-O7695,STA-C3150,09-01-2025,Frappuccino,5,7.24,Pending,Credit Card
STA-O8732,STA-C2584,04-04-2025,Merchandise,2,9.67,Returned,Starbucks Card
STA-O8598,STA-C3985,21-09-2024,Coffee Beans (Retail),1,12.15,Delivered,Credit Card
STA-O6095,STA-C10124,27-09-2023,Tea,5,4.84,Delivered,Mobile App
STA-O14839,STA-C4606,04-04-2024,Merchandise,5,31.14,Delivered,Credit Card
STA-O13292,STA-C2422,18-02-2024,Frappuccino,5,6.12,Delivered,Cash
STA-O8774,STA-C5196,16-11-2025,Sandwiches,4,5.62,Cancelled,Mobile App
STA-O6758,STA-C3078,13-03-2023,Hot Coffee,3,6.61,Delivered,Starbucks Card
STA-O9514,STA-C7722,09-02-2024,Hot Coffee,4,4.18,Cancelled,Cash
STA-O5549,STA-C1149,27-03-2025,Merchandise,4,15.22,Shipped,Cash
STA-O6352,STA-C8434,13-06-2024,Hot Coffee,3,3.4,Delivered,Cash
STA-O12824,STA-C9909,25-02-2025,Cold Coffee,1,5.87,Delivered,Mobile App
STA-O6686,STA-C4255,04-12-2023,Merchandise,2,21.49,Cancelled,Starbucks Card
STA-O14048,STA-C8913,24-03-2025,Frappuccino,4,5.86,Delivered,Mobile App
STA-O8997,STA-C10662,04-09-2025,Hot Coffee,5,6.11,Delivered,Credit Card
STA-O8147,STA-C10504,14-03-2024,Sandwiches,5,8.92,Delivered,Mobile App
STA-O10284,STA-C1792,01-08-2023,Sandwiches,3,8.09,Pending,Starbucks Card
STA-O5439,STA-C9999,01-07-2023,Frappuccino,5,8.66,Delivered,Credit Card
STA-O7933,STA-C7006,06-05-2023,Merchandise,5,35.38,Delivered,Cash
STA-O7852,STA-C4253,20-03-2025,Coffee Beans (Retail),4,11.68,Cancelled,Credit Card
STA-O7037,STA-C10650,11-09-2024,Bakery,4,2.02,Delivered,Mobile App
STA-O7490,STA-C9999,18-11-2023,Merchandise,3,26.69,Delivered,Cash
STA-O8158,STA-C6231,08-01-2024,Sandwiches,4,7.44,Pending,Starbucks Card
STA-O5952,STA-C4504,02-09-2023,Cold Coffee,3,6.49,Pending,Mobile App
STA-O8785,STA-C6131,12-10-2023,Cold Coffee,5,4.77,Shipped,Cash
STA-O6134,STA-C1870,19-01-2024,Bakery,4,4.36,Delivered,Mobile App
STA-O12899,STA-C9964,09-07-2025,Tea,1,4.9,Delivered,Credit Card
STA-O9993,STA-C9639,16-11-2023,Bakery,2,4.53,Returned,Cash
STA-O7707,STA-C9144,11-04-2023,Bakery,2,2.21,Delivered,Mobile App
STA-O8197,STA-C8328,25-11-2023,Hot Coffee,4,4.52,Delivered,Starbucks Card
STA-O13266,STA-C2147,10-06-2023,Coffee Beans (Retail),4,24.68,Delivered,Credit Card
STA-O8153,STA-C6362,09-08-2023,Frappuccino,4,6.94,Cancelled,Starbucks Card
STA-O8779,STA-C9078,16-07-2025,Frappuccino,1,5.21,Returned,Cash
STA-O13473,STA-C1154,12-04-2024,Merchandise,4,15.51,Pending,Credit Card
STA-O5659,STA-C6773,19-10-2024,Sandwiches,5,5.82,Unknown,Credit Card
STA-O8338,STA-C5971,30-09-2024,Coffee Beans (Retail),1,20.02,Delivered,Mobile App
STA-O11621,STA-C3032,15-08-2024,Frappuccino,5,5.46,Pending,Starbucks Card
STA-O12919,STA-C9847,24-10-2025,Tea,5,3.06,Delivered,Credit Card
STA-O13349,STA-C1165,30-11-2024,Tea,1,3.35,Returned,Cash
STA-O8604,STA-C6031,28-07-2025,Sandwiches,5,8.76,Delivered,Mobile App
STA-O13249,STA-C6615,07-02-2024,Tea,5,4.36,Returned,Credit Card
STA-O13225,STA-C5393,07-01-2025,Hot Coffee,1,6.55,Cancelled,Credit Card
STA-O11066,STA-C7591,30-09-2023,Sandwiches,5,8.52,Delivered,Mobile App
STA-O5465,STA-C10941,03-06-2025,Sandwiches,5,7.26,Cancelled,Mobile App
STA-O8486,STA-C4336,07-07-2025,Coffee Beans (Retail),3,15.78,Cancelled,Mobile App
STA-O5521,STA-C5014,29-10-2024,Bakery,4,3.65,Delivered,Starbucks Card
STA-O5121,STA-C3553,14-01-2024,Merchandise,1,30.93,Delivered,Cash
STA-O9389,STA-C1133,07-07-2024,Cold Coffee,4,7.71,Pending,Credit Card
STA-O6218,STA-C5930,26-05-2025,Tea,4,3.61,Shipped,Cash
STA-O13094,STA-C1290,01-06-2024,Frappuccino,3,6.51,Returned,Credit Card
STA-O7751,STA-C1764,08-05-2024,Cold Coffee,5,5.54,Returned,Starbucks Card
STA-O9634,STA-C10425,03-11-2024,Cold Coffee,3,5.71,Cancelled,Credit Card
STA-O13495,STA-C2803,14-01-2023,Tea,3,5.83,Cancelled,Mobile App
STA-O5154,STA-C7299,09-12-2025,Sandwiches,2,6.68,Delivered,Credit Card
STA-O5454,STA-C7105,11-08-2023,Merchandise,3,20.6,Pending,Cash
STA-O12439,STA-C2806,11-09-2024,Frappuccino,2,7.22,Delivered,Mobile App
STA-O13679,STA-C3634,13-01-2023,Hot Coffee,3,3.17,Delivered,Starbucks Card
STA-O6044,STA-C6981,10-05-2023,Hot Coffee,5,4.96,Returned,Starbucks Card
STA-O9370,STA-C1527,01-07-2025,Coffee Beans (Retail),3,21.67,Delivered,Mobile App
STA-O10597,STA-C3813,21-08-2024,Coffee Beans (Retail),5,24.82,Delivered,Cash
STA-O10617,STA-C3897,23-05-2025,Merchandise,3,39.78,Delivered,Mobile App
STA-O14193,STA-C9409,18-10-2023,Cold Coffee,1,4.29,Cancelled,Starbucks Card
STA-O6599,STA-C5295,15-06-2024,Merchandise,3,38.94,Pending,Credit Card
STA-O8196,STA-C10318,21-06-2025,Frappuccino,4,5.52,Delivered,Cash
STA-O8825,STA-C10021,26-08-2023,Sandwiches,3,7.44,Shipped,Starbucks Card
STA-O8691,STA-C3262,17-12-2024,Merchandise,5,12.37,Pending,Credit Card
STA-O10703,STA-C4488,16-12-2024,Coffee Beans (Retail),3,20.1,Cancelled,Mobile App
STA-O13082,STA-C5124,08-05-2024,Sandwiches,4,8.53,Cancelled,Mobile App
STA-O7174,STA-C3012,20-06-2023,Coffee Beans (Retail),3,13.98,Returned,Starbucks Card
STA-O10589,STA-C4387,21-08-2025,Sandwiches,5,5.78,Shipped,Mobile App
STA-O10334,STA-C6816,02-10-2025,Cold Coffee,2,4.23,Pending,Cash
STA-O10368,STA-C2691,21-05-2024,Bakery,3,3.38,Cancelled,Starbucks Card
STA-O11493,STA-C9999,05-02-2025,Sandwiches,5,6.51,Delivered,Starbucks Card
STA-O10543,STA-C3502,16-12-2024,Sandwiches,2,6.02,Cancelled,Mobile App
STA-O12523,STA-C6548,03-12-2024,Tea,1,4.14,Returned,Starbucks Card
STA-O11805,STA-C10540,24-08-2025,Tea,1,5.81,Cancelled,Mobile App
STA-O9476,STA-C10722,03-10-2023,Sandwiches,3,8.01,Shipped,Credit Card
STA-O11598,STA-C7208,16-10-2023,Sandwiches,2,5.62,Cancelled,Mobile App
STA-O11278,STA-C5525,22-10-2023,Tea,3,5.58,Pending,Starbucks Card
STA-O8372,STA-C6953,27-08-2025,Hot Coffee,1,4.33,Cancelled,Mobile App
STA-O11084,STA-C6369,06-06-2025,Tea,2,3.16,Cancelled,Cash
STA-O9969,STA-C2231,23-11-2025,Coffee Beans (Retail),4,24.98,Cancelled,Credit Card
STA-O13556,STA-C7080,26-03-2023,Hot Coffee,5,5.18,Shipped,Credit Card
STA-O12944,STA-C10603,03-10-2025,Frappuccino,2,8.09,Shipped,Starbucks Card
STA-O9374,STA-C3149,24-08-2025,Frappuccino,3,8.56,Delivered,Mobile App
STA-O6937,STA-C2545,20-08-2023,Frappuccino,3,5.05,Cancelled,Credit Card
STA-O8645,STA-C8162,28-03-2023,Merchandise,3,29.28,Delivered,Cash
STA-O12432,STA-C6948,01-12-2025,Coffee Beans (Retail),1,16.67,Delivered,Starbucks Card
STA-O6451,STA-C2096,01-03-2025,Coffee Beans (Retail),4,15.4,Shipped,Credit Card
STA-O5828,STA-C9908,27-09-2025,Hot Coffee,4,5.47,Returned,Cash
STA-O12277,STA-C6744,27-04-2025,Merchandise,2,35.77,Shipped,Cash
STA-O8504,STA-C10657,15-02-2024,Tea,5,5.7,Delivered,Mobile App
STA-O5681,STA-C3761,19-04-2025,Cold Coffee,1,6.85,Cancelled,Cash
STA-O10538,STA-C9999,29-09-2023,Frappuccino,1,8.82,Delivered,Mobile App
STA-O11294,STA-C1343,02-04-2024,Frappuccino,4,8.92,Delivered,Credit Card
STA-O12871,STA-C6624,07-12-2024,Cold Coffee,1,6.8,Delivered,Mobile App
STA-O8294,STA-C8308,15-11-2025,Coffee Beans (Retail),1,14.51,Delivered,Credit Card
STA-O7489,STA-C3626,14-12-2024,Tea,4,5.88,Delivered,Starbucks Card
STA-O13851,STA-C4501,03-01-2024,Bakery,3,3.26,Delivered,Cash
STA-O11912,STA-C10963,26-02-2025,Bakery,1,5.77,Returned,Starbucks Card
STA-O12137,STA-C1134,24-02-2024,Tea,2,3.11,Delivered,Cash
STA-O13964,STA-C10753,24-12-2024,Sandwiches,4,5.94,Delivered,Starbucks Card
STA-O9599,STA-C9860,04-06-2024,Frappuccino,5,6.86,Delivered,Credit Card
STA-O10059,STA-C5789,24-02-2024,Frappuccino,4,7.87,Shipped,Cash
STA-O6022,STA-C5670,23-09-2023,Hot Coffee,1,6.47,Cancelled,Cash
STA-O10452,STA-C4312,30-03-2024,Cold Coffee,4,7.91,Shipped,Credit Card
STA-O5198,STA-C4572,31-10-2024,Merchandise,3,38.86,Cancelled,Starbucks Card
STA-O8104,STA-C2917,24-08-2024,Merchandise,1,38.48,Delivered,Mobile App
STA-O9417,STA-C2223,21-05-2025,Frappuccino,3,5.73,Delivered,Cash
STA-O10546,STA-C7735,22-03-2025,Hot Coffee,3,6.22,Shipped,Cash
STA-O14970,STA-C5298,30-01-2023,Bakery,1,3.3,Delivered,Cash
STA-O8020,STA-C2384,30-11-2025,Tea,2,3.94,Unknown,Starbucks Card
STA-O12827,STA-C9330,23-01-2025,Merchandise,3,20.49,Pending,Starbucks Card
STA-O7363,STA-C4135,20-09-2023,Tea,4,5.38,Delivered,Mobile App
STA-O8793,STA-C10384,14-02-2023,Sandwiches,3,7.35,Delivered,Credit Card
STA-O5937,STA-C9551,11-10-2023,Hot Coffee,2,3.83,Delivered,Cash
STA-O9497,STA-C6322,22-03-2023,Cold Coffee,1,4.76,Returned,Cash
STA-O6284,STA-C6362,21-01-2023,Frappuccino,1,6.13,Delivered,Credit Card
STA-O5113,STA-C7186,01-11-2025,Frappuccino,4,5.24,Delivered,Cash
STA-O9462,STA-C5525,03-06-2023,Frappuccino,1,6.83,Delivered,Cash
STA-O9273,STA-C8544,20-11-2024,Merchandise,2,37.7,Delivered,Credit Card
STA-O10048,STA-C10094,01-09-2023,Merchandise,2,19,Delivered,Credit Card
STA-O13897,STA-C7279,14-07-2023,Coffee Beans (Retail),4,20.88,Shipped,Starbucks Card
STA-O11782,STA-C10170,29-11-2025,Bakery,1,4.28,Pending,Starbucks Card
STA-O7539,STA-C6353,10-08-2023,Hot Coffee,5,5.77,Returned,Credit Card
STA-O5642,STA-C9821,06-08-2025,Cold Coffee,5,4.89,Delivered,Cash
STA-O12279,STA-C10896,02-02-2024,Cold Coffee,1,5.26,Unknown,Credit Card
STA-O14929,STA-C3017,11-10-2025,Hot Coffee,3,6.91,Cancelled,Starbucks Card
STA-O9256,STA-C7801,18-10-2023,Bakery,3,5.29,Delivered,Starbucks Card
STA-O7898,STA-C3347,20-07-2024,Coffee Beans (Retail),5,17.22,Delivered,Cash
STA-O14947,STA-C7923,24-03-2025,Coffee Beans (Retail),1,23.99,Returned,Credit Card
STA-O7795,STA-C8920,07-01-2025,Hot Coffee,5,6.17,Delivered,Starbucks Card
STA-O7655,STA-C1244,05-06-2025,Sandwiches,2,8.65,Pending,Mobile App
STA-O12273,STA-C8515,21-10-2024,Coffee Beans (Retail),4,18.09,Delivered,Mobile App
STA-O12956,STA-C2080,09-10-2024,Frappuccino,5,7.83,Delivered,Cash
STA-O5307,STA-C7638,21-02-2023,Bakery,5,3.72,Delivered,Starbucks Card
STA-O13683,STA-C5820,23-12-2024,Hot Coffee,5,4.29,Delivered,Mobile App
STA-O14117,STA-C2222,15-08-2023,Sandwiches,1,7.22,Pending,Starbucks Card
STA-O8016,STA-C6472,29-03-2024,Merchandise,4,35.6,Delivered,Starbucks Card
STA-O14893,STA-C4354,11-02-2023,Merchandise,5,30.66,Delivered,Mobile App
STA-O11590,STA-C2885,06-10-2023,Coffee Beans (Retail),1,20.87,Shipped,Mobile App
STA-O6676,STA-C7055,14-04-2025,Coffee Beans (Retail),4,24.66,Pending,Credit Card
STA-O7797,STA-C6269,19-02-2024,Tea,2,5.19,Cancelled,Credit Card
STA-O9165,STA-C7249,08-07-2024,Sandwiches,1,5.1,Pending,Credit Card
STA-O10850,STA-C9302,01-03-2023,Bakery,3,5.5,Returned,Credit Card
STA-O13518,STA-C10845,15-09-2023,Sandwiches,2,7.68,Delivered,Mobile App
STA-O9604,STA-C8710,19-09-2023,Coffee Beans (Retail),3,18.58,Cancelled,Starbucks Card
STA-O14038,STA-C9256,22-07-2025,Cold Coffee,5,5.57,Returned,Credit Card
STA-O14238,STA-C2718,23-05-2025,Cold Coffee,2,4.39,Returned,Cash
STA-O8817,STA-C9989,08-12-2023,Hot Coffee,3,3.38,Shipped,Starbucks Card
STA-O8860,STA-C9149,13-07-2024,Sandwiches,4,8.37,Returned,Cash
STA-O9684,STA-C4658,15-11-2023,Cold Coffee,2,6.36,Shipped,Starbucks Card
STA-O5187,STA-C7130,02-09-2024,Merchandise,5,14.72,Cancelled,Cash
STA-O7946,STA-C9063,01-03-2023,Tea,4,4.53,Delivered,Mobile App
STA-O5988,STA-C9401,08-12-2023,Merchandise,4,11.85,Delivered,Credit Card
STA-O10308,STA-C4523,25-05-2025,Frappuccino,4,5.02,Delivered,Cash
STA-O12285,STA-C10106,13-10-2023,Sandwiches,4,8.15,Returned,Starbucks Card
STA-O5561,STA-C3132,26-04-2023,Cold Coffee,2,5.62,Cancelled,Credit Card
STA-O14626,STA-C8450,09-08-2024,Hot Coffee,5,4.32,Pending,Credit Card
STA-O14503,STA-C1135,30-10-2025,Sandwiches,4,8.11,Returned,Cash
STA-O5171,STA-C4468,28-01-2025,Cold Coffee,4,5.03,Delivered,Cash
STA-O9469,STA-C5651,24-07-2023,Tea,2,4.87,Delivered,Mobile App
STA-O7180,STA-C9845,01-11-2025,Frappuccino,5,6.52,Pending,Credit Card
STA-O5661,STA-C9999,12-10-2024,Bakery,1,3.74,Cancelled,Starbucks Card
STA-O8451,STA-C3074,29-12-2023,Coffee Beans (Retail),4,15.98,Returned,Mobile App
STA-O7505,STA-C2350,09-05-2025,Merchandise,3,30.05,Cancelled,Cash
STA-O8304,STA-C9463,20-08-2025,Cold Coffee,2,5.56,Delivered,Mobile App
STA-O10108,STA-C5468,31-01-2024,Bakery,3,2.1,Shipped,Credit Card
STA-O13951,STA-C1252,22-11-2023,Merchandise,4,12.6,Pending,Credit Card
STA-O8157,STA-C3537,20-10-2023,Frappuccino,5,6.94,Returned,Starbucks Card
STA-O6031,STA-C2910,11-07-2024,Tea,5,4.58,Returned,Credit Card
STA-O10293,STA-C3880,11-08-2024,Tea,2,3.59,Cancelled,Mobile App
STA-O11544,STA-C4046,13-05-2023,Tea,4,4.28,Cancelled,Cash
STA-O11927,STA-C9999,13-11-2025,Merchandise,5,25.08,Shipped,Cash
STA-O6927,STA-C4520,19-12-2023,Hot Coffee,3,5.57,Delivered,Starbucks Card
STA-O7639,STA-C3509,02-08-2024,Hot Coffee,5,6.41,Pending,Cash
STA-O6050,STA-C6824,23-06-2023,Tea,3,4.93,Delivered,Starbucks Card
STA-O6369,STA-C10338,26-10-2025,Tea,2,5.91,Delivered,Starbucks Card
STA-O10994,STA-C1692,08-11-2024,Bakery,3,4.78,Unknown,Starbucks Card
STA-O12430,STA-C7767,26-10-2025,Tea,1,4.81,Delivered,Cash
STA-O7204,STA-C9508,29-10-2024,Frappuccino,2,6.21,Shipped,Cash
STA-O14451,STA-C8222,29-06-2024,Tea,3,5.85,Delivered,Cash
STA-O14935,STA-C2452,04-08-2024,Hot Coffee,2,6.38,Pending,Mobile App
STA-O6710,STA-C9574,10-02-2025,Merchandise,3,10.61,Delivered,Credit Card
STA-O9589,STA-C6320,19-02-2024,Cold Coffee,2,6.5,Shipped,Credit Card
STA-O9046,STA-C9295,22-01-2025,Tea,1,3.44,Unknown,Credit Card
STA-O6903,STA-C1358,24-12-2024,Sandwiches,5,5.49,Returned,Starbucks Card
STA-O5309,STA-C2042,05-07-2024,Cold Coffee,2,5.45,Cancelled,Credit Card
STA-O12064,STA-C4903,30-01-2024,Sandwiches,1,5.63,Shipped,Credit Card
STA-O8394,STA-C2311,01-05-2024,Hot Coffee,4,5.59,Cancelled,Credit Card
STA-O7470,STA-C7568,29-05-2023,Tea,4,4.38,Delivered,Mobile App
STA-O14385,STA-C1776,05-12-2024,Tea,1,4.4,Delivered,Credit Card
STA-O11289,STA-C8733,20-10-2025,Frappuccino,4,6.79,Delivered,Cash
STA-O13481,STA-C4412,21-10-2023,Hot Coffee,1,3.09,Delivered,Mobile App
STA-O14723,STA-C3481,21-05-2025,Tea,5,3.14,Pending,Credit Card
STA-O5546,STA-C9591,04-08-2024,Merchandise,2,11.54,Pending,Starbucks Card
STA-O8284,STA-C1147,22-06-2024,Tea,1,3.5,Shipped,Mobile App
STA-O14834,STA-C4935,09-06-2023,Hot Coffee,5,3.54,Shipped,Cash
STA-O11360,STA-C4831,08-02-2025,Bakery,4,2.46,Delivered,Starbucks Card
STA-O14188,STA-C3263,23-08-2023,Merchandise,2,8.72,Shipped,Mobile App
STA-O13726,STA-C9847,06-03-2024,Bakery,2,5.95,Delivered,Mobile App
STA-O14582,STA-C3802,05-12-2023,Frappuccino,2,8.55,Pending,Starbucks Card
STA-O14908,STA-C9546,29-05-2024,Sandwiches,5,5.74,Delivered,Mobile App
STA-O7399,STA-C2891,30-03-2024,Frappuccino,2,5.29,Pending,Starbucks Card
STA-O11357,STA-C3537,01-11-2024,Hot Coffee,3,5.97,Shipped,Starbucks Card
STA-O9999,STA-C8233,18-11-2024,Sandwiches,1,5.2,Delivered,Starbucks Card
STA-O13253,STA-C9568,07-03-2024,Tea,1,3.54,Cancelled,Credit Card
STA-O13748,STA-C3162,27-08-2024,Cold Coffee,1,4.9,Delivered,Credit Card
STA-O14799,STA-C10874,20-02-2023,Sandwiches,2,7.18,Unknown,Mobile App
STA-O9293,STA-C9846,06-08-2024,Cold Coffee,2,5.32,Delivered,Starbucks Card
STA-O9308,STA-C3507,16-07-2025,Cold Coffee,4,6.84,Returned,Starbucks Card
STA-O10513,STA-C6463,18-11-2025,Cold Coffee,3,5.3,Delivered,Credit Card
STA-O8886,STA-C6265,14-04-2024,Cold Coffee,4,5.82,Cancelled,Credit Card
STA-O6914,STA-C6397,28-06-2025,Cold Coffee,1,6.97,Delivered,Starbucks Card
STA-O6646,STA-C4921,11-04-2023,Tea,4,3.08,Delivered,Cash
STA-O7453,STA-C2221,16-11-2023,Bakery,2,3.69,Shipped,Mobile App
STA-O5042,STA-C9784,20-10-2023,Coffee Beans (Retail),4,21.04,Delivered,Cash
STA-O12813,STA-C1545,05-11-2023,Merchandise,1,11.46,Delivered,Starbucks Card
STA-O13479,STA-C3875,12-10-2024,Coffee Beans (Retail),4,12.27,Delivered,Cash
STA-O5557,STA-C3400,19-02-2024,Tea,3,3.58,Pending,Mobile App
STA-O5981,STA-C10400,05-07-2025,Cold Coffee,1,6.01,Pending,Mobile App
STA-O13177,STA-C1466,06-04-2025,Bakery,5,5.8,Delivered,Starbucks Card
STA-O13595,STA-C1100,27-05-2025,Frappuccino,2,7.46,Delivered,Cash
STA-O13740,STA-C1099,03-06-2025,Frappuccino,1,7.48,Pending,Cash
STA-O6868,STA-C6241,03-04-2025,Coffee Beans (Retail),1,23.56,Returned,Starbucks Card
STA-O5053,STA-C4102,21-11-2025,Bakery,2,2.89,Cancelled,Starbucks Card
STA-O12012,STA-C5089,10-09-2024,Sandwiches,3,6.66,Shipped,Mobile App
STA-O14515,STA-C5789,23-06-2023,Hot Coffee,2,3.04,Delivered,Mobile App
STA-O5291,STA-C6597,07-05-2024,Sandwiches,4,8.76,Delivered,Starbucks Card
STA-O14545,STA-C1158,24-09-2025,Merchandise,5,30.11,Pending,Starbucks Card
STA-O14615,STA-C9426,21-08-2023,Bakery,4,3.34,Pending,Credit Card
STA-O14284,STA-C7626,10-06-2025,Frappuccino,5,5.59,Delivered,Mobile App
STA-O6366,STA-C1627,03-12-2023,Bakery,1,4.34,Delivered,Starbucks Card
STA-O7191,STA-C5580,24-03-2023,Bakery,5,5.76,Delivered,Cash
STA-O5845,STA-C10077,14-10-2023,Bakery,5,3.71,Delivered,Credit Card
STA-O6468,STA-C9218,20-07-2025,Hot Coffee,4,6.91,Pending,Cash
STA-O7661,STA-C5502,19-08-2025,Cold Coffee,1,5.34,Shipped,Credit Card
STA-O12926,STA-C4180,09-01-2024,Merchandise,2,14.01,Delivered,Mobile App
STA-O8142,STA-C1245,09-06-2025,Bakery,2,4,Delivered,Credit Card
STA-O6444,STA-C5720,02-09-2025,Sandwiches,4,8.23,Delivered,Starbucks Card
STA-O5690,STA-C2435,10-07-2024,Frappuccino,1,6.51,Delivered,Starbucks Card
STA-O7190,STA-C10774,07-06-2024,Tea,2,3.82,Cancelled,Credit Card
STA-O14853,STA-C3881,30-04-2024,Bakery,4,2.67,Returned,Cash
STA-O6318,STA-C2553,31-07-2023,Coffee Beans (Retail),4,22.84,Returned,Cash
STA-O5944,STA-C10829,16-06-2024,Bakery,3,2.66,Returned,Cash
STA-O13398,STA-C7538,10-06-2024,Frappuccino,5,5.04,Cancelled,Cash
STA-O9904,STA-C4256,08-06-2023,Coffee Beans (Retail),2,21.03,Pending,Starbucks Card
STA-O9493,STA-C7690,20-08-2023,Bakery,3,2.81,Cancelled,Mobile App
STA-O6723,STA-C4739,31-01-2025,Tea,2,4.2,Pending,Mobile App
STA-O9233,STA-C6794,11-07-2024,Tea,3,5.27,Returned,Cash
STA-O14234,STA-C7451,06-03-2023,Sandwiches,4,8.95,Delivered,Cash
STA-O9615,STA-C7004,31-07-2025,Tea,5,4.22,Delivered,Cash
STA-O11006,STA-C10487,13-07-2025,Sandwiches,1,6.91,Returned,Credit Card
STA-O10744,STA-C3367,24-07-2025,Bakery,4,5.93,Delivered,Cash
STA-O13333,STA-C7146,25-11-2025,Merchandise,1,15.58,Delivered,Mobile App
STA-O14246,STA-C6646,12-01-2023,Frappuccino,5,6.4,Pending,Mobile App
STA-O8542,STA-C5006,28-07-2025,Hot Coffee,2,6.93,Shipped,Cash
STA-O14134,STA-C7833,18-11-2024,Sandwiches,4,8.15,Pending,Starbucks Card
STA-O10929,STA-C5784,22-01-2025,Sandwiches,5,7.24,Returned,Credit Card
STA-O11134,STA-C10863,09-12-2025,Tea,4,3.15,Unknown,Starbucks Card
STA-O13555,STA-C8731,03-11-2024,Coffee Beans (Retail),4,13.6,Pending,Starbucks Card
STA-O8998,STA-C7911,31-03-2024,Hot Coffee,2,5.52,Shipped,Cash
STA-O12209,STA-C1232,31-08-2024,Sandwiches,4,7.59,Cancelled,Credit Card
STA-O10628,STA-C6719,04-02-2023,Bakery,1,4.57,Delivered,Starbucks Card
STA-O12053,STA-C2424,22-02-2024,Coffee Beans (Retail),3,20,Pending,Starbucks Card
STA-O6450,STA-C2384,10-03-2024,Tea,4,4.67,Returned,Credit Card
STA-O7618,STA-C10931,05-09-2023,Sandwiches,2,6.02,Delivered,Mobile App
STA-O14794,STA-C1061,28-11-2024,Coffee Beans (Retail),1,24.7,Returned,Cash
STA-O11004,STA-C8201,22-04-2023,Merchandise,5,15.06,Delivered,Mobile App
STA-O14280,STA-C7197,23-11-2023,Tea,4,5.64,Delivered,Mobile App
STA-O10208,STA-C3527,20-06-2023,Merchandise,4,34.77,Returned,Mobile App
STA-O14869,STA-C1737,20-05-2023,Cold Coffee,5,6.33,Pending,Cash
STA-O5073,STA-C9962,09-01-2023,Cold Coffee,1,7.42,Shipped,Cash
STA-O10708,STA-C3191,04-05-2023,Merchandise,1,17.43,Delivered,Starbucks Card
STA-O14957,STA-C8276,15-10-2023,Coffee Beans (Retail),4,10.99,Returned,Credit Card
STA-O8429,STA-C4369,22-10-2024,Merchandise,1,19.02,Cancelled,Credit Card
STA-O10787,STA-C4605,09-10-2024,Frappuccino,2,5.49,Delivered,Cash
STA-O10674,STA-C6348,17-05-2023,Coffee Beans (Retail),3,20.83,Cancelled,Credit Card
STA-O14227,STA-C2628,14-03-2023,Sandwiches,2,5.44,Delivered,Mobile App
STA-O12593,STA-C9194,26-12-2025,Bakery,3,3.08,Pending,Starbucks Card
STA-O10354,STA-C3414,25-08-2023,Cold Coffee,2,4.2,Returned,Cash
STA-O5542,STA-C9269,26-05-2023,Cold Coffee,5,5.34,Shipped,Credit Card
STA-O13802,STA-C10987,20-06-2025,Hot Coffee,1,4.85,Cancelled,Mobile App
STA-O12111,STA-C7122,16-01-2023,Tea,5,4.21,Delivered,Starbucks Card
STA-O7615,STA-C9816,03-04-2024,Hot Coffee,3,6.91,Delivered,Credit Card
STA-O10837,STA-C3824,24-06-2024,Frappuccino,4,7.19,Pending,Mobile App
STA-O6199,STA-C1028,21-01-2023,Cold Coffee,2,5.92,Delivered,Credit Card
STA-O12973,STA-C6460,09-03-2023,Frappuccino,5,8.77,Shipped,Mobile App
STA-O6984,STA-C8388,24-09-2024,Merchandise,2,35.5,Returned,Starbucks Card
STA-O12194,STA-C3287,27-05-2025,Coffee Beans (Retail),1,24.69,Delivered,Cash
STA-O6829,STA-C10032,22-03-2025,Tea,5,4.65,Pending,Credit Card
STA-O9532,STA-C5656,15-02-2024,Hot Coffee,5,5.47,Cancelled,Cash
STA-O14448,STA-C3672,18-01-2024,Coffee Beans (Retail),3,10.77,Pending,Mobile App
STA-O12158,STA-C7687,29-01-2023,Merchandise,3,34.23,Pending,Starbucks Card
STA-O7653,STA-C7402,19-10-2024,Tea,5,3.52,Delivered,Starbucks Card
STA-O5751,STA-C2662,29-01-2024,Sandwiches,4,7.61,Delivered,Credit Card
STA-O6865,STA-C4355,09-05-2025,Bakery,3,4,Cancelled,Starbucks Card
STA-O8775,STA-C3435,06-07-2025,Bakery,2,3.31,Delivered,Cash
STA-O11029,STA-C7977,31-03-2023,Cold Coffee,5,5.7,Pending,Cash
STA-O5536,STA-C3957,20-03-2023,Sandwiches,2,7.36,Delivered,Cash
STA-O11266,STA-C3107,30-10-2024,Frappuccino,2,7.47,Delivered,Credit Card
STA-O6784,STA-C5609,12-03-2025,Cold Coffee,3,4.68,Pending,Credit Card
STA-O11186,STA-C2290,19-04-2024,Sandwiches,5,5.66,Pending,Mobile App
STA-O6967,STA-C2219,03-01-2025,Sandwiches,4,7.95,Returned,Mobile App
STA-O5311,STA-C4144,07-01-2023,Merchandise,5,18.41,Returned,Credit Card
STA-O8740,STA-C3814,29-01-2023,Hot Coffee,3,5.51,Delivered,Starbucks Card
STA-O11139,STA-C1568,10-07-2024,Merchandise,4,31.47,Cancelled,Cash
STA-O7940,STA-C7034,12-04-2024,Sandwiches,1,7.75,Pending,Cash
STA-O12392,STA-C2343,24-08-2024,Cold Coffee,1,4.12,Delivered,Mobile App
STA-O8007,STA-C9959,21-03-2025,Frappuccino,1,8.26,Delivered,Starbucks Card
STA-O8485,STA-C10508,26-05-2024,Merchandise,3,19.47,Delivered,Mobile App
STA-O13949,STA-C3481,04-03-2024,Sandwiches,3,8.61,Delivered,Starbucks Card
STA-O10706,STA-C2126,25-01-2025,Coffee Beans (Retail),3,23.96,Delivered,Credit Card
STA-O12105,STA-C1924,22-08-2024,Cold Coffee,5,4.26,Returned,Starbucks Card
STA-O13869,STA-C5088,06-08-2023,Sandwiches,2,7.63,Delivered,Cash
STA-O12607,STA-C7429,20-02-2024,Tea,5,3.44,Cancelled,Credit Card
STA-O9586,STA-C4706,24-06-2024,Frappuccino,1,8.25,Pending,Mobile App
STA-O13537,STA-C4359,23-02-2025,Hot Coffee,5,6.53,Delivered,Cash
STA-O5900,STA-C5100,21-07-2025,Merchandise,2,24.97,Delivered,Starbucks Card
STA-O5275,STA-C2723,28-06-2024,Bakery,1,2.32,Pending,Starbucks Card
STA-O13755,STA-C4962,22-09-2025,Bakery,4,2.03,Delivered,Starbucks Card
STA-O8085,STA-C4306,03-04-2025,Merchandise,3,19.48,Returned,Mobile App
STA-O8387,STA-C8522,21-07-2025,Cold Coffee,3,6.49,Pending,Mobile App
STA-O10576,STA-C5234,20-06-2023,Merchandise,5,12.41,Delivered,Mobile App
STA-O9959,STA-C4321,11-10-2023,Frappuccino,1,6.21,Unknown,Credit Card
STA-O5527,STA-C5011,16-07-2025,Bakery,5,5.18,Delivered,Starbucks Card
STA-O9507,STA-C4307,23-08-2025,Tea,2,5.1,Shipped,Starbucks Card
STA-O8297,STA-C9413,27-07-2025,Cold Coffee,2,7.9,Delivered,Starbucks Card
STA-O8705,STA-C3027,28-02-2024,Cold Coffee,1,6.47,Delivered,Mobile App
STA-O14465,STA-C5459,11-09-2023,Coffee Beans (Retail),2,17.17,Delivered,Starbucks Card
STA-O6608,STA-C2704,22-08-2024,Merchandise,5,25.11,Shipped,Starbucks Card
STA-O8416,STA-C5537,14-12-2024,Bakery,5,5.48,Cancelled,Cash
STA-O13335,STA-C1403,08-03-2025,Bakery,5,4.62,Delivered,Credit Card
STA-O12342,STA-C5287,04-12-2025,Bakery,5,3.99,Cancelled,Starbucks Card
STA-O5333,STA-C3748,16-09-2024,Coffee Beans (Retail),5,23.13,Pending,Starbucks Card
STA-O11214,STA-C1918,12-01-2024,Hot Coffee,3,6.11,Shipped,Starbucks Card
STA-O9970,STA-C3286,08-04-2024,Sandwiches,2,8.73,Cancelled,Credit Card
STA-O13750,STA-C9621,11-09-2025,Cold Coffee,2,7.77,Delivered,Starbucks Card
STA-O9222,STA-C3256,12-12-2024,Frappuccino,3,5.24,Cancelled,Mobile App
STA-O12303,STA-C1934,28-03-2025,Frappuccino,2,5.11,Delivered,Credit Card
STA-O7821,STA-C7279,29-02-2024,Bakery,5,5.92,Delivered,Cash
STA-O8990,STA-C1983,04-01-2023,Bakery,1,3.6,Delivered,Cash
STA-O9571,STA-C4139,21-05-2023,Coffee Beans (Retail),2,16.11,Returned,Credit Card
STA-O12002,STA-C9999,14-06-2025,Cold Coffee,4,5.05,Delivered,Starbucks Card
STA-O11241,STA-C10663,29-07-2025,Frappuccino,1,5.35,Cancelled,Mobile App
STA-O12624,STA-C7843,22-11-2023,Bakery,2,2.91,Shipped,Mobile App
STA-O10756,STA-C6380,20-12-2024,Cold Coffee,3,4.72,Shipped,Mobile App
STA-O9581,STA-C8090,19-07-2024,Tea,4,4.14,Delivered,Cash
STA-O7500,STA-C10630,07-02-2023,Tea,4,4.24,Delivered,Cash
STA-O9723,STA-C9571,08-11-2025,Bakery,2,2.8,Shipped,Credit Card
STA-O11039,STA-C6508,06-01-2023,Cold Coffee,2,4.52,Cancelled,Cash
STA-O7026,STA-C5166,29-10-2024,Tea,3,3.04,Delivered,Cash
STA-O6269,STA-C5901,03-06-2025,Merchandise,4,14.99,Shipped,Starbucks Card
STA-O13983,STA-C5916,24-08-2025,Sandwiches,4,5.1,Returned,Credit Card
STA-O9473,STA-C1522,12-02-2025,Merchandise,2,32.42,Returned,Mobile App
STA-O14355,STA-C9999,03-06-2025,Sandwiches,2,8.17,Pending,Credit Card
STA-O10267,STA-C5665,02-12-2023,Frappuccino,2,5.15,Delivered,Cash
STA-O11868,STA-C1312,09-11-2023,Sandwiches,4,7.21,Pending,Starbucks Card
STA-O11751,STA-C7260,19-01-2023,Merchandise,1,27.94,Shipped,Cash
STA-O11492,STA-C1621,16-02-2024,Coffee Beans (Retail),5,21.23,Returned,Credit Card
STA-O6725,STA-C6530,05-11-2025,Hot Coffee,2,4.41,Delivered,Starbucks Card
STA-O5682,STA-C3562,05-04-2023,Coffee Beans (Retail),2,13.06,Unknown,Credit Card
STA-O5717,STA-C10017,28-08-2024,Hot Coffee,5,4.67,Pending,Mobile App
STA-O13931,STA-C1038,08-01-2025,Coffee Beans (Retail),4,23.79,Delivered,Cash
STA-O8665,STA-C8688,02-11-2025,Cold Coffee,1,6.4,Delivered,Cash
STA-O13418,STA-C1662,26-11-2023,Hot Coffee,1,5.47,Pending,Cash
STA-O8464,STA-C4235,02-06-2023,Cold Coffee,1,7.55,Delivered,Starbucks Card
STA-O13678,STA-C1123,20-09-2024,Hot Coffee,3,3.46,Delivered,Starbucks Card
STA-O14789,STA-C6869,09-05-2025,Merchandise,5,23.57,Delivered,Starbucks Card
STA-O10158,STA-C9790,26-01-2025,Sandwiches,1,6.81,Delivered,Mobile App
STA-O8546,STA-C9073,20-12-2024,Merchandise,1,22.4,Cancelled,Cash
STA-O14191,STA-C8196,05-08-2024,Hot Coffee,4,3.11,Pending,Starbucks Card
STA-O10619,STA-C4786,25-11-2023,Cold Coffee,4,7.82,Returned,Starbucks Card
STA-O13410,STA-C7233,24-05-2023,Merchandise,1,37.89,Shipped,Mobile App
STA-O6287,STA-C4148,01-06-2025,Coffee Beans (Retail),3,15.81,Delivered,Starbucks Card
STA-O12474,STA-C1017,24-12-2024,Coffee Beans (Retail),4,24.98,Unknown,Cash
STA-O8749,STA-C1467,06-08-2025,Merchandise,5,13.94,Returned,Mobile App
STA-O5415,STA-C10394,20-04-2025,Tea,5,5.29,Shipped,Credit Card
STA-O7113,STA-C6370,25-05-2023,Bakery,2,5.93,Returned,Credit Card
STA-O12340,STA-C1932,15-11-2024,Merchandise,1,36.15,Delivered,Starbucks Card
STA-O13317,STA-C3831,30-04-2024,Sandwiches,4,7.26,Delivered,Mobile App
STA-O8054,STA-C10365,25-01-2025,Hot Coffee,2,5.75,Delivered,Credit Card
STA-O5604,STA-C4188,23-11-2024,Frappuccino,1,5.41,Delivered,Credit Card
STA-O10076,STA-C5705,15-09-2024,Bakery,3,4,Pending,Mobile App
STA-O12131,STA-C6100,25-06-2025,Coffee Beans (Retail),3,17.5,Pending,Starbucks Card
STA-O12355,STA-C3558,17-08-2024,Frappuccino,4,5.65,Pending,Credit Card
STA-O7451,STA-C7231,01-03-2025,Coffee Beans (Retail),4,16.37,Cancelled,Cash
STA-O14800,STA-C2870,02-06-2025,Cold Coffee,5,4.92,Delivered,Credit Card
STA-O9317,STA-C1259,07-04-2023,Merchandise,3,29.65,Delivered,Starbucks Card
STA-O6262,STA-C7043,26-03-2024,Bakery,2,2.61,Shipped,Starbucks Card
STA-O5577,STA-C6179,25-04-2025,Sandwiches,5,7.21,Pending,Cash
STA-O6012,STA-C8648,07-05-2023,Coffee Beans (Retail),4,23.89,Shipped,Cash
STA-O14721,STA-C4768,08-05-2024,Tea,1,5.15,Shipped,Cash
STA-O6503,STA-C7429,30-10-2024,Merchandise,3,12.12,Delivered,Credit Card
STA-O14764,STA-C6440,01-12-2025,Merchandise,1,12.72,Cancelled,Credit Card
STA-O10668,STA-C7306,13-04-2024,Coffee Beans (Retail),3,20.17,Returned,Credit Card
STA-O10078,STA-C5002,29-08-2023,Hot Coffee,5,5.09,Cancelled,Credit Card
STA-O7293,STA-C3233,17-03-2024,Bakery,3,5.96,Delivered,Cash
STA-O6935,STA-C8116,11-06-2024,Hot Coffee,5,3.6,Shipped,Starbucks Card
STA-O14077,STA-C10637,01-06-2023,Bakery,4,2.67,Shipped,Starbucks Card
STA-O13746,STA-C7041,05-09-2025,Bakery,2,3.82,Delivered,Starbucks Card
STA-O14138,STA-C3929,19-08-2023,Frappuccino,2,5.76,Pending,Credit Card
STA-O12890,STA-C5217,26-07-2024,Cold Coffee,1,5.93,Returned,Cash
STA-O10089,STA-C4352,09-02-2025,Cold Coffee,3,5.95,Delivered,Cash
STA-O11618,STA-C1947,06-09-2025,Sandwiches,1,6.46,Pending,Credit Card
STA-O9072,STA-C8102,18-10-2024,Hot Coffee,1,5.89,Shipped,Starbucks Card
STA-O7423,STA-C4981,18-11-2023,Tea,1,5.66,Delivered,Mobile App
STA-O6070,STA-C2377,25-09-2024,Hot Coffee,4,3.5,Cancelled,Credit Card
STA-O9424,STA-C5172,26-11-2025,Tea,1,5.25,Delivered,Credit Card
STA-O10645,STA-C7625,08-09-2024,Frappuccino,2,8.56,Returned,Credit Card
STA-O13966,STA-C9999,18-11-2024,Cold Coffee,5,6.95,Delivered,Cash
STA-O11861,STA-C4784,01-08-2023,Coffee Beans (Retail),5,19.37,Delivered,Starbucks Card
STA-O12743,STA-C3782,12-02-2024,Hot Coffee,1,4.3,Cancelled,Mobile App
STA-O13531,STA-C2532,16-06-2023,Frappuccino,3,6.91,Unknown,Credit Card
STA-O12855,STA-C2755,04-01-2024,Tea,3,5.23,Delivered,Credit Card
STA-O5089,STA-C9579,25-01-2025,Tea,3,3.53,Pending,Starbucks Card
STA-O11388,STA-C3005,28-03-2024,Coffee Beans (Retail),2,18.23,Pending,Starbucks Card
STA-O7700,STA-C10497,15-08-2025,Tea,3,5.83,Unknown,Credit Card
STA-O6814,STA-C8654,24-03-2024,Tea,5,3.44,Delivered,Cash
STA-O11490,STA-C1731,15-01-2023,Merchandise,1,28.06,Delivered,Credit Card
STA-O10921,STA-C7400,05-02-2025,Tea,4,3.17,Delivered,Mobile App
STA-O7127,STA-C2209,20-08-2025,Sandwiches,1,7.5,Delivered,Credit Card
STA-O14399,STA-C8360,12-03-2023,Frappuccino,5,8.24,Returned,Mobile App
STA-O13927,STA-C2357,26-05-2023,Cold Coffee,4,7.55,Shipped,Mobile App
STA-O9421,STA-C5250,03-09-2025,Hot Coffee,3,3.88,Delivered,Starbucks Card
STA-O14526,STA-C3990,04-12-2023,Merchandise,4,10.86,Unknown,Credit Card
STA-O13425,STA-C8584,13-06-2025,Bakery,5,5.51,Pending,Mobile App
STA-O12909,STA-C3440,12-01-2024,Tea,2,5.6,Returned,Credit Card
STA-O10759,STA-C6372,13-09-2024,Hot Coffee,2,3.33,Cancelled,Cash
STA-O12499,STA-C1502,27-09-2025,Tea,1,3.88,Delivered,Starbucks Card
STA-O11577,STA-C5627,29-11-2025,Frappuccino,2,5.14,Delivered,Starbucks Card
STA-O7843,STA-C4183,01-05-2023,Merchandise,4,19.11,Pending,Starbucks Card
STA-O14082,STA-C7203,02-01-2023,Frappuccino,2,6.92,Pending,Mobile App
STA-O9347,STA-C1769,19-04-2025,Frappuccino,4,5.19,Delivered,Credit Card
STA-O7776,STA-C8212,20-03-2024,Coffee Beans (Retail),5,22.72,Delivered,Credit Card
STA-O11083,STA-C3911,27-04-2024,Frappuccino,1,8.36,Returned,Credit Card
STA-O6457,STA-C2909,11-07-2024,Bakery,5,5.86,Shipped,Cash
STA-O7209,STA-C2677,29-01-2023,Tea,2,3.45,Pending,Mobile App
STA-O14821,STA-C7892,09-01-2023,Merchandise,4,39.03,Returned,Starbucks Card
STA-O13625,STA-C2845,11-06-2024,Coffee Beans (Retail),3,13.37,Cancelled,Credit Card
STA-O14479,STA-C5242,16-01-2025,Bakery,3,4.52,Delivered,Cash
STA-O14468,STA-C5063,10-03-2024,Bakery,1,4.95,Delivered,Credit Card
STA-O5897,STA-C2558,31-03-2025,Frappuccino,4,7.06,Pending,Starbucks Card
STA-O7665,STA-C7311,29-09-2025,Cold Coffee,1,5.01,Cancelled,Cash
STA-O5755,STA-C4238,09-10-2025,Hot Coffee,3,3.15,Delivered,Credit Card
STA-O14903,STA-C4591,28-03-2023,Bakery,5,2.39,Cancelled,Starbucks Card
STA-O10166,STA-C9045,07-10-2025,Hot Coffee,4,4.34,Cancelled,Credit Card
STA-O6353,STA-C1191,03-10-2024,Sandwiches,2,7.67,Cancelled,Starbucks Card
STA-O14293,STA-C2492,15-09-2024,Coffee Beans (Retail),1,20.25,Delivered,Credit Card
STA-O12077,STA-C1735,16-10-2023,Sandwiches,2,6.44,Pending,Credit Card
STA-O7957,STA-C2765,10-04-2025,Tea,5,4.45,Shipped,Mobile App
STA-O13806,STA-C9994,15-12-2024,Cold Coffee,3,7.97,Cancelled,Starbucks Card
STA-O11894,STA-C7670,13-04-2024,Hot Coffee,5,5.64,Delivered,Mobile App
STA-O11799,STA-C8921,09-10-2025,Bakery,1,3.24,Pending,Cash
STA-O11530,STA-C3568,21-09-2025,Hot Coffee,5,4.44,Shipped,Mobile App
STA-O8299,STA-C10728,28-03-2025,Cold Coffee,5,7.74,Cancelled,Starbucks Card
STA-O10975,STA-C3631,26-07-2023,Frappuccino,3,7.61,Delivered,Starbucks Card
STA-O10760,STA-C2897,24-05-2025,Tea,2,4.33,Pending,Cash
STA-O11882,STA-C7342,30-06-2025,Bakery,1,2.76,Unknown,Mobile App
STA-O10718,STA-C9152,11-11-2024,Frappuccino,3,5.91,Delivered,Credit Card
STA-O8055,STA-C2724,20-08-2023,Frappuccino,3,7.78,Pending,Credit Card
STA-O5653,STA-C3553,12-03-2023,Cold Coffee,2,6.07,Delivered,Cash
STA-O12027,STA-C9213,14-11-2025,Sandwiches,1,8.34,Pending,Credit Card
STA-O6716,STA-C2355,01-07-2024,Frappuccino,3,8.2,Pending,Cash
STA-O11047,STA-C5116,10-07-2023,Tea,1,4.55,Shipped,Starbucks Card
STA-O14474,STA-C6264,17-06-2023,Merchandise,1,29.48,Delivered,Cash
STA-O7059,STA-C10832,20-03-2023,Frappuccino,5,5.67,Cancelled,Starbucks Card
STA-O6415,STA-C5860,22-04-2025,Coffee Beans (Retail),2,21.17,Shipped,Credit Card
STA-O8531,STA-C3855,04-08-2024,Cold Coffee,2,4.58,Delivered,Mobile App
STA-O5686,STA-C5754,27-03-2023,Frappuccino,2,5.83,Delivered,Mobile App
STA-O9407,STA-C4504,21-04-2023,Frappuccino,4,8.99,Cancelled,Mobile App
STA-O6817,STA-C6720,10-12-2024,Tea,1,3.44,Shipped,Starbucks Card
STA-O12130,STA-C9142,09-11-2025,Bakery,1,4.55,Shipped,Mobile App
STA-O11359,STA-C5989,21-04-2025,Merchandise,4,31.83,Delivered,Mobile App
STA-O5643,STA-C9409,02-11-2025,Cold Coffee,5,5.14,Delivered,Cash
STA-O5598,STA-C3151,03-05-2024,Cold Coffee,5,7.37,Delivered,Credit Card
STA-O6532,STA-C6576,21-04-2025,Sandwiches,1,7.05,Delivered,Cash
STA-O11837,STA-C4436,24-07-2024,Frappuccino,5,7.46,Delivered,Starbucks Card
STA-O14684,STA-C9325,16-02-2023,Hot Coffee,3,5.34,Delivered,Cash
STA-O7638,STA-C9278,19-09-2025,Cold Coffee,5,6.79,Pending,Cash
STA-O5984,STA-C10430,15-11-2023,Bakery,1,5.31,Cancelled,Mobile App
STA-O5493,STA-C9154,10-05-2023,Merchandise,4,22.87,Delivered,Mobile App
STA-O6205,STA-C6053,17-12-2025,Coffee Beans (Retail),2,11.33,Returned,Cash
STA-O10916,STA-C3841,27-04-2025,Bakery,5,2.2,Shipped,Cash
STA-O14520,STA-C6697,22-06-2024,Cold Coffee,4,4.48,Delivered,Mobile App
STA-O10917,STA-C2631,11-03-2024,Coffee Beans (Retail),4,21.6,Delivered,Mobile App
STA-O13464,STA-C8375,18-01-2024,Sandwiches,2,7.23,Pending,Mobile App
STA-O10346,STA-C5529,12-08-2024,Merchandise,5,35.97,Delivered,Mobile App
STA-O8816,STA-C4567,23-08-2023,Sandwiches,2,8.66,Cancelled,Credit Card
STA-O6922,STA-C2415,10-06-2024,Hot Coffee,1,5.4,Shipped,Cash
STA-O9216,STA-C1584,20-12-2024,Tea,2,5.2,Shipped,Starbucks Card
STA-O9210,STA-C3712,24-03-2023,Bakery,3,4.37,Returned,Cash
STA-O11716,STA-C6761,18-08-2025,Cold Coffee,1,6.33,Delivered,Starbucks Card
STA-O13390,STA-C5430,09-08-2024,Bakery,3,5.64,Cancelled,Mobile App
STA-O12995,STA-C3165,13-02-2023,Hot Coffee,4,4.36,Delivered,Mobile App
STA-O11545,STA-C6064,09-12-2023,Hot Coffee,4,5.11,Cancelled,Mobile App
STA-O5398,STA-C2172,17-01-2025,Merchandise,3,23.84,Delivered,Cash
STA-O6030,STA-C1419,01-12-2024,Hot Coffee,5,6.21,Shipped,Starbucks Card
STA-O13117,STA-C8653,29-12-2024,Tea,3,5.24,Pending,Mobile App
STA-O9678,STA-C8984,18-08-2023,Cold Coffee,5,7.03,Delivered,Starbucks Card
STA-O9496,STA-C9407,03-11-2024,Hot Coffee,3,3.27,Pending,Cash
STA-O5913,STA-C9119,20-04-2024,Tea,5,5.89,Pending,Cash
STA-O9131,STA-C10949,17-06-2023,Tea,1,3.07,Cancelled,Credit Card
STA-O5749,STA-C3733,14-12-2024,Cold Coffee,3,6.68,Delivered,Starbucks Card
STA-O7577,STA-C1254,13-03-2025,Frappuccino,3,7.43,Delivered,Cash
STA-O13496,STA-C4308,29-08-2024,Tea,2,5.65,Shipped,Cash
STA-O9633,STA-C8059,03-08-2023,Hot Coffee,3,3.36,Delivered,Cash
STA-O6647,STA-C10774,27-01-2025,Coffee Beans (Retail),4,22.36,Delivered,Mobile App
STA-O13899,STA-C9499,31-10-2023,Tea,5,5.45,Shipped,Mobile App
STA-O11843,STA-C2491,11-12-2023,Frappuccino,1,7.08,Delivered,Cash
STA-O7779,STA-C7926,18-07-2025,Sandwiches,2,8.18,Returned,Cash
STA-O9105,STA-C5094,17-01-2023,Merchandise,1,26.08,Cancelled,Credit Card
STA-O11992,STA-C8324,04-12-2023,Sandwiches,5,6.47,Delivered,Starbucks Card
STA-O9471,STA-C5509,30-04-2025,Tea,4,4.74,Delivered,Cash
STA-O9315,STA-C7294,01-06-2023,Frappuccino,5,8.12,Shipped,Starbucks Card
STA-O8491,STA-C7396,25-09-2025,Merchandise,4,9.72,Unknown,Starbucks Card
STA-O9380,STA-C6260,28-06-2024,Tea,2,3.1,Pending,Cash
STA-O5014,STA-C1472,03-04-2023,Coffee Beans (Retail),4,12.35,Delivered,Mobile App
STA-O5364,STA-C10738,11-12-2025,Hot Coffee,2,4.53,Returned,Mobile App
STA-O7465,STA-C3218,01-04-2025,Hot Coffee,1,4.7,Delivered,Credit Card
STA-O8683,STA-C1688,02-07-2025,Tea,3,3.29,Delivered,Starbucks Card
STA-O12478,STA-C4101,24-11-2025,Merchandise,1,26.84,Returned,Credit Card
STA-O7502,STA-C2184,06-08-2025,Tea,1,4.34,Delivered,Cash
STA-O9663,STA-C2749,11-03-2024,Frappuccino,2,6.77,Cancelled,Cash
STA-O5169,STA-C7329,07-02-2023,Hot Coffee,4,5.03,Returned,Starbucks Card
STA-O11574,STA-C4351,19-02-2024,Hot Coffee,5,3.06,Delivered,Mobile App
STA-O14933,STA-C6166,16-12-2023,Coffee Beans (Retail),2,17.99,Returned,Starbucks Card
STA-O8223,STA-C5412,27-02-2025,Hot Coffee,4,6.64,Delivered,Cash
STA-O10650,STA-C2766,03-01-2025,Sandwiches,2,7.46,Returned,Credit Card
STA-O8921,STA-C6819,01-08-2024,Sandwiches,2,6.46,Pending,Mobile App
STA-O11400,STA-C8931,07-02-2025,Cold Coffee,2,4.39,Pending,Credit Card
STA-O13369,STA-C2603,17-02-2025,Coffee Beans (Retail),3,12.97,Delivered,Credit Card
STA-O9992,STA-C9851,10-08-2023,Hot Coffee,5,5.21,Shipped,Mobile App
STA-O7307,STA-C1626,16-12-2025,Sandwiches,3,6.15,Returned,Cash
STA-O7910,STA-C6616,25-04-2025,Merchandise,2,18.83,Delivered,Cash
STA-O13624,STA-C6672,22-01-2025,Frappuccino,2,6.93,Shipped,Mobile App
STA-O7245,STA-C1197,12-06-2023,Hot Coffee,2,6.16,Delivered,Starbucks Card
STA-O7053,STA-C8021,01-10-2024,Frappuccino,5,8.75,Returned,Credit Card
STA-O10286,STA-C9557,26-07-2025,Tea,3,3.22,Delivered,Credit Card
STA-O7658,STA-C6238,12-05-2023,Cold Coffee,1,6.23,Cancelled,Mobile App
STA-O14637,STA-C6367,07-07-2024,Sandwiches,4,6.83,Delivered,Starbucks Card
STA-O11248,STA-C3292,27-02-2024,Coffee Beans (Retail),4,18.12,Delivered,Cash
STA-O10092,STA-C7474,16-09-2024,Hot Coffee,5,3.93,Shipped,Cash
STA-O11869,STA-C6984,14-02-2025,Coffee Beans (Retail),5,15.69,Shipped,Mobile App
STA-O10371,STA-C5363,04-01-2024,Bakery,4,4.34,Cancelled,Credit Card
STA-O6465,STA-C8267,01-04-2025,Sandwiches,4,5.51,Returned,Mobile App
STA-O11256,STA-C6952,27-01-2024,Merchandise,1,23.17,Pending,Starbucks Card
STA-O14092,STA-C7544,24-10-2025,Merchandise,4,13.74,Unknown,Cash
STA-O8155,STA-C5981,07-12-2024,Cold Coffee,1,4.47,Unknown,Starbucks Card
STA-O7197,STA-C9999,24-12-2024,Hot Coffee,2,5.45,Pending,Credit Card
STA-O10737,STA-C1894,08-12-2024,Merchandise,2,37.36,Pending,Starbucks Card
STA-O12531,STA-C5825,10-06-2025,Frappuccino,2,5.32,Delivered,Mobile App
STA-O10555,STA-C8333,15-02-2025,Cold Coffee,1,6.2,Cancelled,Credit Card
STA-O12653,STA-C1742,21-11-2023,Tea,4,5.46,Delivered,Starbucks Card
STA-O13516,STA-C2484,29-10-2025,Frappuccino,3,5.15,Shipped,Credit Card
STA-O7402,STA-C7359,16-07-2025,Coffee Beans (Retail),3,20.45,Returned,Credit Card
STA-O13708,STA-C3701,17-07-2024,Coffee Beans (Retail),3,21.15,Returned,Starbucks Card
STA-O8170,STA-C5138,08-01-2024,Sandwiches,5,7.43,Delivered,Mobile App
STA-O9073,STA-C9098,21-04-2024,Frappuccino,3,6.56,Delivered,Credit Card
STA-O11501,STA-C7167,08-11-2023,Tea,1,3.82,Delivered,Starbucks Card
STA-O7980,STA-C1522,01-09-2024,Merchandise,2,23.47,Shipped,Starbucks Card
STA-O11085,STA-C10276,26-02-2023,Tea,4,5.78,Cancelled,Credit Card
STA-O12005,STA-C10534,19-07-2025,Tea,5,3.71,Shipped,Starbucks Card
STA-O7711,STA-C7677,07-11-2025,Sandwiches,5,6.45,Delivered,Credit Card
STA-O10846,STA-C8688,07-09-2025,Sandwiches,2,7.78,Pending,Starbucks Card
STA-O7376,STA-C9999,09-08-2024,Frappuccino,1,8.45,Cancelled,Starbucks Card
STA-O6334,STA-C3682,19-09-2024,Sandwiches,2,8.07,Delivered,Cash
STA-O7173,STA-C6502,23-03-2024,Frappuccino,5,6.45,Delivered,Mobile App
STA-O5324,STA-C8117,25-09-2023,Sandwiches,3,8.66,Returned,Mobile App
STA-O11942,STA-C3367,07-05-2023,Tea,1,5.04,Cancelled,Mobile App
STA-O13668,STA-C9440,11-10-2025,Tea,1,4,Returned,Credit Card
STA-O14372,STA-C2219,04-11-2024,Cold Coffee,1,7.72,Delivered,Starbucks Card
STA-O7543,STA-C3588,21-03-2024,Frappuccino,1,8.89,Pending,Cash
STA-O7229,STA-C3984,01-01-2025,Frappuccino,5,6.59,Shipped,Mobile App
STA-O9860,STA-C6511,28-10-2024,Cold Coffee,2,5.76,Returned,Credit Card
STA-O7208,STA-C1263,17-01-2023,Coffee Beans (Retail),1,15.9,Pending,Cash
STA-O14286,STA-C9999,12-03-2023,Tea,2,5.35,Delivered,Credit Card
STA-O8113,STA-C3101,05-04-2025,Frappuccino,2,8.85,Cancelled,Credit Card
STA-O14381,STA-C10632,13-09-2023,Tea,3,5.37,Cancelled,Cash
STA-O12250,STA-C9347,19-02-2024,Hot Coffee,4,3.26,Pending,Starbucks Card
STA-O10348,STA-C2568,26-06-2025,Sandwiches,2,8.57,Pending,Cash
STA-O7551,STA-C5107,20-05-2025,Frappuccino,5,8.67,Delivered,Credit Card
STA-O8582,STA-C9715,10-03-2023,Hot Coffee,5,3.83,Cancelled,Mobile App
STA-O6960,STA-C7976,10-11-2025,Frappuccino,3,6.39,Delivered,Cash
STA-O9226,STA-C9602,28-08-2025,Cold Coffee,4,7.33,Delivered,Mobile App
STA-O12243,STA-C5694,02-09-2023,Sandwiches,3,6.76,Delivered,Starbucks Card
STA-O14758,STA-C9095,07-09-2024,Hot Coffee,4,4.72,Delivered,Credit Card
STA-O14406,STA-C5333,18-12-2023,Frappuccino,3,8.57,Shipped,Starbucks Card
STA-O7926,STA-C1627,02-04-2023,Cold Coffee,1,6.46,Unknown,Credit Card
STA-O7286,STA-C1019,14-09-2025,Cold Coffee,2,4.67,Delivered,Starbucks Card
STA-O9967,STA-C10874,09-01-2023,Sandwiches,3,8.41,Delivered,Cash
STA-O5945,STA-C3078,20-02-2024,Hot Coffee,3,5.51,Returned,Starbucks Card
STA-O7733,STA-C9884,03-07-2024,Merchandise,1,16.64,Shipped,Cash
STA-O13078,STA-C7664,19-10-2024,Coffee Beans (Retail),1,20.94,Delivered,Cash
STA-O14008,STA-C2992,21-12-2023,Coffee Beans (Retail),2,23.39,Delivered,Cash
STA-O12133,STA-C5404,13-07-2024,Cold Coffee,4,4,Pending,Cash
STA-O6034,STA-C4024,08-09-2023,Cold Coffee,2,4.96,Delivered,Credit Card
STA-O6957,STA-C3099,22-02-2025,Tea,3,5.55,Returned,Cash
STA-O13385,STA-C9103,07-11-2023,Merchandise,4,17.43,Cancelled,Starbucks Card
STA-O6132,STA-C4091,19-07-2024,Merchandise,3,20.23,Delivered,Mobile App
STA-O12740,STA-C3725,16-09-2024,Hot Coffee,4,6.35,Delivered,Credit Card
STA-O7227,STA-C3872,05-07-2023,Coffee Beans (Retail),5,23.64,Shipped,Cash
STA-O12625,STA-C7242,02-10-2023,Tea,1,5.36,Delivered,Cash
STA-O13184,STA-C7358,28-04-2023,Coffee Beans (Retail),2,14.68,Delivered,Credit Card
STA-O10890,STA-C10441,04-07-2023,Frappuccino,2,8.13,Pending,Credit Card
STA-O5514,STA-C6458,16-09-2024,Frappuccino,2,5.22,Shipped,Mobile App
STA-O5512,STA-C3659,22-09-2023,Tea,4,5.54,Delivered,Credit Card
STA-O14062,STA-C6090,25-09-2024,Coffee Beans (Retail),1,17.37,Unknown,Cash
STA-O9036,STA-C8580,23-01-2023,Merchandise,1,38.41,Delivered,Starbucks Card
STA-O9547,STA-C3435,28-09-2025,Merchandise,2,22.98,Returned,Credit Card
STA-O14256,STA-C7274,19-12-2025,Merchandise,2,30.45,Pending,Mobile App
STA-O11311,STA-C1260,03-10-2023,Frappuccino,1,7.12,Delivered,Starbucks Card
STA-O14900,STA-C2505,01-10-2024,Coffee Beans (Retail),3,15.8,Delivered,Starbucks Card
STA-O14114,STA-C2882,20-11-2025,Frappuccino,2,5.53,Shipped,Credit Card
STA-O11936,STA-C1217,22-11-2025,Bakery,2,2.5,Shipped,Cash
STA-O8274,STA-C5363,26-05-2023,Merchandise,1,14.01,Pending,Cash
STA-O12663,STA-C7976,21-06-2023,Sandwiches,3,8.84,Delivered,Cash
STA-O9002,STA-C5156,11-05-2024,Bakery,1,5.07,Shipped,Starbucks Card
STA-O6819,STA-C9888,07-09-2025,Merchandise,3,19.8,Returned,Starbucks Card
STA-O14383,STA-C4424,12-07-2024,Bakery,4,5.15,Returned,Starbucks Card
STA-O13308,STA-C1675,15-10-2025,Tea,2,3.86,Cancelled,Starbucks Card
STA-O11415,STA-C1458,23-11-2024,Merchandise,2,27.91,Cancelled,Credit Card
STA-O11439,STA-C1793,06-11-2023,Merchandise,2,18.85,Delivered,Starbucks Card
STA-O6542,STA-C9618,24-04-2025,Cold Coffee,1,5.18,Pending,Cash
STA-O11303,STA-C1386,30-11-2025,Hot Coffee,4,3.2,Delivered,Starbucks Card
STA-O9014,STA-C2228,22-02-2023,Cold Coffee,2,6.72,Delivered,Starbucks Card
STA-O13551,STA-C1207,20-10-2024,Hot Coffee,5,5.11,Pending,Starbucks Card
STA-O5801,STA-C10966,11-06-2025,Tea,3,5.3,Delivered,Cash
STA-O7593,STA-C10739,12-07-2023,Sandwiches,2,6.93,Delivered,Cash
STA-O11096,STA-C3868,03-07-2025,Cold Coffee,3,7.7,Delivered,Cash
STA-O6622,STA-C8048,13-07-2024,Hot Coffee,3,5.87,Shipped,Credit Card
STA-O11163,STA-C5328,31-08-2023,Sandwiches,1,5.09,Unknown,Mobile App
STA-O14923,STA-C8415,22-05-2023,Frappuccino,3,5.2,Delivered,Credit Card
STA-O11172,STA-C3984,31-01-2024,Frappuccino,5,6.28,Pending,Credit Card
STA-O5918,STA-C9928,02-08-2024,Sandwiches,3,5.06,Shipped,Starbucks Card
STA-O10679,STA-C1007,18-03-2024,Hot Coffee,4,6.89,Shipped,Cash
STA-O13970,STA-C8736,01-12-2024,Sandwiches,3,8.69,Delivered,Cash
STA-O11655,STA-C2778,07-10-2023,Merchandise,1,9.11,Pending,Starbucks Card
STA-O14566,STA-C5814,24-05-2025,Bakery,2,4.38,Cancelled,Credit Card
STA-O9413,STA-C4825,06-11-2025,Frappuccino,1,6.38,Unknown,Credit Card
STA-O9029,STA-C10315,02-07-2025,Cold Coffee,4,7.91,Delivered,Cash
STA-O12893,STA-C3803,22-05-2025,Merchandise,5,19.81,Shipped,Starbucks Card
STA-O9524,STA-C10728,31-01-2023,Sandwiches,4,7.71,Returned,Starbucks Card
STA-O6696,STA-C7372,14-11-2024,Tea,1,4.61,Delivered,Credit Card
STA-O10659,STA-C1486,21-10-2023,Frappuccino,2,6.7,Pending,Starbucks Card
STA-O8060,STA-C7025,07-09-2024,Bakery,2,5.02,Unknown,Starbucks Card
STA-O10333,STA-C1671,12-04-2023,Sandwiches,2,7.17,Shipped,Cash
STA-O7436,STA-C6310,26-04-2024,Hot Coffee,3,3.12,Cancelled,Credit Card
STA-O11753,STA-C4428,04-07-2025,Coffee Beans (Retail),3,19.68,Pending,Credit Card
STA-O12153,STA-C10493,14-12-2023,Tea,3,3.82,Cancelled,Credit Card
STA-O14994,STA-C10290,14-09-2023,Frappuccino,2,8.26,Unknown,Mobile App
STA-O7131,STA-C4157,31-07-2025,Merchandise,5,21.83,Delivered,Starbucks Card
STA-O14577,STA-C6808,08-03-2023,Coffee Beans (Retail),3,21.16,Shipped,Credit Card
STA-O10081,STA-C5844,13-10-2025,Bakery,5,3.48,Pending,Credit Card
STA-O8056,STA-C9788,13-01-2024,Sandwiches,2,5.65,Cancelled,Mobile App
STA-O10419,STA-C4976,25-11-2024,Bakery,1,3.07,Shipped,Credit Card
STA-O11666,STA-C6911,09-12-2023,Hot Coffee,2,3.72,Cancelled,Credit Card
STA-O6837,STA-C5379,28-10-2025,Sandwiches,2,7.31,Pending,Mobile App
STA-O14636,STA-C5188,12-11-2025,Coffee Beans (Retail),1,22.21,Delivered,Cash
STA-O12745,STA-C8190,12-07-2024,Bakery,2,5.1,Delivered,Mobile App
STA-O14330,STA-C5096,05-06-2023,Bakery,2,5.84,Cancelled,Credit Card
STA-O7310,STA-C1412,19-10-2023,Coffee Beans (Retail),5,24.96,Delivered,Mobile App
STA-O11192,STA-C5824,26-10-2023,Sandwiches,1,7.32,Delivered,Mobile App
STA-O13141,STA-C1322,11-03-2025,Sandwiches,4,6.28,Delivered,Mobile App
STA-O7416,STA-C7996,01-04-2023,Bakery,2,2.41,Pending,Credit Card
STA-O14899,STA-C5645,08-01-2024,Frappuccino,1,6.44,Delivered,Starbucks Card
STA-O13971,STA-C1560,09-03-2024,Cold Coffee,4,5.07,Delivered,Starbucks Card
STA-O9227,STA-C4979,06-03-2024,Tea,1,4.07,Returned,Starbucks Card
STA-O5530,STA-C9504,10-01-2025,Merchandise,1,33.78,Pending,Starbucks Card
STA-O7689,STA-C3557,13-01-2025,Frappuccino,5,6.34,Unknown,Starbucks Card
STA-O14482,STA-C7556,20-04-2023,Hot Coffee,1,6.47,Shipped,Starbucks Card
STA-O10479,STA-C7920,08-12-2025,Merchandise,4,33.82,Returned,Starbucks Card
STA-O6990,STA-C7767,29-11-2023,Hot Coffee,4,6.44,Delivered,Cash
STA-O10669,STA-C9598,18-03-2025,Coffee Beans (Retail),4,18.56,Shipped,Credit Card
STA-O6993,STA-C1190,15-11-2023,Merchandise,2,16.3,Delivered,Starbucks Card
STA-O9875,STA-C3904,15-06-2025,Merchandise,5,13.14,Delivered,Starbucks Card
STA-O12954,STA-C4149,27-07-2025,Frappuccino,4,6.68,Pending,Starbucks Card
STA-O12008,STA-C3443,13-10-2024,Bakery,2,2.25,Pending,Cash
STA-O12026,STA-C3565,04-07-2023,Coffee Beans (Retail),4,11.15,Delivered,Credit Card
STA-O14487,STA-C7412,18-06-2025,Bakery,4,4.54,Delivered,Mobile App
STA-O11686,STA-C3621,11-05-2025,Tea,1,3.78,Shipped,Cash
STA-O6858,STA-C10515,19-04-2024,Tea,1,3.4,Delivered,Starbucks Card
STA-O13871,STA-C9172,25-09-2024,Coffee Beans (Retail),5,22.72,Shipped,Mobile App
STA-O11044,STA-C2003,03-04-2025,Cold Coffee,4,6.39,Delivered,Cash
STA-O9446,STA-C7389,03-07-2024,Merchandise,5,36.01,Cancelled,Cash
STA-O8897,STA-C8390,01-07-2025,Frappuccino,1,5.93,Cancelled,Mobile App
STA-O13591,STA-C9887,01-03-2025,Cold Coffee,4,7.31,Delivered,Credit Card
STA-O11380,STA-C7001,06-08-2025,Coffee Beans (Retail),5,12.45,Shipped,Credit Card
STA-O13883,STA-C4291,11-11-2024,Hot Coffee,4,3.79,Delivered,Starbucks Card
STA-O10239,STA-C8035,26-09-2024,Tea,3,5.44,Shipped,Cash
STA-O10338,STA-C1515,04-11-2025,Coffee Beans (Retail),4,19.3,Delivered,Mobile App
STA-O13939,STA-C9747,26-04-2024,Bakery,2,3.69,Returned,Credit Card
STA-O5139,STA-C6609,04-10-2025,Coffee Beans (Retail),2,20.76,Delivered,Credit Card
STA-O5395,STA-C7318,28-02-2023,Coffee Beans (Retail),3,19.81,Delivered,Cash
STA-O6677,STA-C1863,29-12-2023,Sandwiches,5,5.94,Shipped,Cash
STA-O9392,STA-C5635,17-06-2024,Bakery,2,5.48,Shipped,Mobile App
STA-O8845,STA-C9317,26-10-2024,Merchandise,2,15.83,Delivered,Cash
STA-O6572,STA-C1791,05-10-2024,Merchandise,4,31.09,Shipped,Starbucks Card
STA-O8419,STA-C9899,02-03-2025,Tea,4,5.28,Cancelled,Starbucks Card
STA-O12258,STA-C1941,28-11-2025,Merchandise,1,38.62,Delivered,Cash
STA-O7784,STA-C1348,06-12-2024,Sandwiches,3,7.22,Delivered,Cash
STA-O6930,STA-C6406,30-04-2025,Frappuccino,1,7.45,Delivered,Cash
STA-O11003,STA-C1160,10-08-2024,Hot Coffee,3,3.61,Shipped,Credit Card
STA-O7372,STA-C2060,23-02-2023,Merchandise,1,31.39,Delivered,Starbucks Card
STA-O11203,STA-C6475,05-10-2024,Cold Coffee,4,6.03,Cancelled,Mobile App
STA-O13051,STA-C8130,25-12-2024,Hot Coffee,2,6.43,Returned,Mobile App
STA-O8757,STA-C3207,18-11-2023,Coffee Beans (Retail),1,18.09,Returned,Starbucks Card
STA-O5283,STA-C9195,11-05-2024,Sandwiches,3,6.51,Delivered,Cash
STA-O9006,STA-C2597,21-04-2023,Merchandise,3,24.47,Unknown,Credit Card
STA-O11037,STA-C3349,30-11-2025,Coffee Beans (Retail),1,20.42,Delivered,Mobile App
STA-O8134,STA-C7806,22-03-2023,Hot Coffee,1,5.59,Returned,Starbucks Card
STA-O13379,STA-C5019,09-11-2023,Sandwiches,4,8.64,Cancelled,Credit Card
STA-O11588,STA-C9433,18-04-2023,Merchandise,4,21.03,Delivered,Mobile App
STA-O12422,STA-C3277,04-12-2025,Frappuccino,5,7.28,Returned,Starbucks Card
STA-O12348,STA-C10548,10-09-2025,Merchandise,5,14.79,Delivered,Mobile App
STA-O9998,STA-C5593,19-02-2024,Merchandise,1,38.77,Cancelled,Cash
STA-O6418,STA-C1977,23-05-2024,Tea,4,4.54,Delivered,Credit Card
STA-O6822,STA-C10071,11-03-2023,Frappuccino,3,5.58,Delivered,Mobile App
STA-O14948,STA-C5263,01-01-2024,Tea,4,3.42,Cancelled,Cash
STA-O8571,STA-C4036,29-09-2025,Merchandise,3,27.28,Delivered,Mobile App
STA-O5943,STA-C7130,08-10-2023,Cold Coffee,4,5.5,Pending,Mobile App
STA-O9677,STA-C4111,06-03-2025,Coffee Beans (Retail),1,14.38,Delivered,Cash
STA-O6766,STA-C3631,20-06-2025,Merchandise,1,23.78,Cancelled,Cash
STA-O14045,STA-C3735,01-10-2024,Tea,1,3.19,Pending,Starbucks Card
STA-O13068,STA-C7006,27-01-2024,Bakery,2,5.5,Shipped,Mobile App
STA-O12454,STA-C3473,16-10-2023,Cold Coffee,1,6.37,Unknown,Cash
STA-O5339,STA-C9329,07-10-2023,Coffee Beans (Retail),2,23.34,Shipped,Mobile App
STA-O14539,STA-C4643,05-11-2023,Coffee Beans (Retail),2,16.74,Cancelled,Mobile App
STA-O5552,STA-C7283,15-02-2023,Hot Coffee,4,6.25,Delivered,Mobile App
STA-O10130,STA-C8484,03-04-2025,Tea,3,3.61,Returned,Credit Card
STA-O13365,STA-C1764,08-05-2023,Hot Coffee,3,6.32,Returned,Cash
STA-O13067,STA-C5579,18-07-2023,Hot Coffee,2,6.03,Returned,Mobile App
STA-O6862,STA-C2366,30-05-2024,Tea,5,3.46,Returned,Mobile App
STA-O11547,STA-C6042,04-03-2025,Frappuccino,5,5.39,Returned,Cash
STA-O8036,STA-C5272,06-05-2024,Hot Coffee,4,3.81,Delivered,Starbucks Card
STA-O14969,STA-C3601,21-07-2023,Sandwiches,1,6.83,Returned,Mobile App
STA-O12028,STA-C9729,30-07-2025,Frappuccino,2,6.58,Delivered,Mobile App
STA-O6060,STA-C8340,21-03-2023,Frappuccino,1,5.93,Returned,Starbucks Card
STA-O11631,STA-C6307,20-02-2024,Hot Coffee,1,4.4,Cancelled,Starbucks Card
STA-O14932,STA-C1030,05-11-2025,Sandwiches,5,7.71,Delivered,Credit Card
STA-O12979,STA-C7657,27-05-2024,Tea,2,4.18,Cancelled,Starbucks Card
STA-O7471,STA-C5713,18-04-2025,Bakery,3,2.02,Shipped,Cash
STA-O12059,STA-C4930,21-08-2023,Hot Coffee,3,5.1,Cancelled,Mobile App
STA-O10007,STA-C5211,26-01-2023,Tea,2,5.29,Delivered,Starbucks Card
STA-O6122,STA-C2201,10-05-2024,Coffee Beans (Retail),4,18.3,Pending,Cash
STA-O5349,STA-C4690,07-06-2025,Hot Coffee,1,6.63,Delivered,Credit Card
STA-O12609,STA-C7501,12-01-2024,Hot Coffee,5,4.79,Shipped,Credit Card
STA-O11809,STA-C7570,07-11-2023,Merchandise,4,36.42,Cancelled,Cash
STA-O12364,STA-C7621,27-10-2023,Hot Coffee,3,6.63,Delivered,Mobile App
STA-O5365,STA-C5858,17-09-2023,Merchandise,3,38.58,Shipped,Cash
STA-O13260,STA-C7427,23-05-2025,Coffee Beans (Retail),2,24.95,Delivered,Credit Card
STA-O12367,STA-C1084,20-04-2024,Sandwiches,3,7.59,Delivered,Mobile App
STA-O10779,STA-C9106,09-04-2023,Merchandise,2,32.87,Delivered,Mobile App
STA-O14438,STA-C4996,19-11-2025,Tea,4,5.68,Shipped,Starbucks Card
STA-O13250,STA-C3876,27-12-2025,Coffee Beans (Retail),2,19.59,Delivered,Credit Card
STA-O14917,STA-C7230,17-10-2023,Sandwiches,1,6.19,Delivered,Starbucks Card
STA-O13985,STA-C6723,05-11-2024,Tea,4,4.36,Delivered,Starbucks Card
STA-O11155,STA-C9493,06-02-2024,Frappuccino,2,8.2,Cancelled,Starbucks Card
STA-O8984,STA-C10696,20-09-2025,Tea,3,5.89,Shipped,Mobile App
STA-O14104,STA-C10430,26-12-2024,Hot Coffee,4,4.99,Unknown,Credit Card
STA-O14016,STA-C4437,14-08-2025,Cold Coffee,4,6.41,Delivered,Starbucks Card
STA-O5789,STA-C5459,27-10-2023,Merchandise,1,12.12,Delivered,Credit Card
STA-O8444,STA-C1343,03-08-2023,Hot Coffee,1,4.18,Cancelled,Mobile App
STA-O14031,STA-C3235,01-09-2025,Tea,2,5.21,Delivered,Starbucks Card
STA-O14797,STA-C5686,29-09-2025,Merchandise,2,20.46,Delivered,Credit Card
STA-O6564,STA-C2764,01-02-2023,Frappuccino,5,7.56,Delivered,Credit Card
STA-O9114,STA-C10985,27-02-2024,Bakery,1,3.39,Delivered,Starbucks Card
STA-O8501,STA-C1053,25-07-2024,Sandwiches,4,5.59,Returned,Starbucks Card
STA-O10754,STA-C4558,03-01-2025,Sandwiches,2,5.5,Pending,Starbucks Card
STA-O14078,STA-C8565,13-02-2024,Frappuccino,5,5.69,Returned,Mobile App
STA-O6029,STA-C1777,22-03-2025,Sandwiches,4,5.36,Cancelled,Starbucks Card
STA-O14319,STA-C6010,17-01-2024,Sandwiches,2,6.46,Delivered,Mobile App
STA-O5644,STA-C10783,26-08-2025,Hot Coffee,3,4.56,Delivered,Mobile App
STA-O9867,STA-C4186,29-08-2024,Merchandise,4,23.04,Delivered,Cash
STA-O7630,STA-C6160,24-10-2023,Sandwiches,4,8.51,Shipped,Starbucks Card
STA-O10832,STA-C4479,19-02-2023,Cold Coffee,5,6.51,Cancelled,Credit Card
STA-O9351,STA-C10836,01-01-2024,Sandwiches,2,8.85,Delivered,Credit Card
STA-O7811,STA-C3107,27-03-2025,Hot Coffee,2,6.53,Pending,Mobile App
STA-O8222,STA-C4030,09-12-2023,Frappuccino,4,7.42,Returned,Mobile App
STA-O11888,STA-C4534,18-09-2023,Sandwiches,2,7.81,Delivered,Mobile App
STA-O6068,STA-C1198,06-11-2024,Sandwiches,1,7.81,Delivered,Cash
STA-O9217,STA-C7437,01-10-2023,Tea,4,3.01,Pending,Cash
STA-O11742,STA-C5709,13-05-2024,Sandwiches,2,7.53,Shipped,Mobile App
STA-O5470,STA-C7921,15-03-2023,Merchandise,1,15.05,Returned,Cash
STA-O11092,STA-C1849,11-07-2025,Coffee Beans (Retail),4,21.41,Cancelled,Starbucks Card
STA-O7246,STA-C7194,21-01-2023,Coffee Beans (Retail),3,20.93,Cancelled,Starbucks Card
STA-O7597,STA-C3800,13-07-2023,Hot Coffee,5,3.56,Delivered,Credit Card
STA-O9812,STA-C5335,24-02-2025,Coffee Beans (Retail),5,11.14,Cancelled,Starbucks Card
STA-O9188,STA-C10133,07-05-2024,Bakery,3,5.07,Delivered,Starbucks Card
STA-O10954,STA-C4520,18-07-2023,Merchandise,4,23.6,Delivered,Cash
STA-O11243,STA-C1679,17-03-2024,Cold Coffee,5,7.94,Delivered,Starbucks Card
STA-O14819,STA-C8695,18-12-2024,Sandwiches,4,8.9,Returned,Credit Card
STA-O7599,STA-C6373,30-05-2025,Cold Coffee,3,5.57,Pending,Starbucks Card
STA-O11379,STA-C9797,11-07-2023,Bakery,2,2.33,Returned,Mobile App
STA-O9740,STA-C7571,27-07-2025,Coffee Beans (Retail),5,18.36,Pending,Starbucks Card
STA-O12446,STA-C1736,05-11-2025,Sandwiches,1,8.01,Shipped,Cash
STA-O11464,STA-C5569,03-03-2023,Sandwiches,1,5.82,Returned,Credit Card
STA-O9441,STA-C3576,27-12-2024,Tea,2,3.86,Delivered,Cash
STA-O7482,STA-C3003,03-06-2025,Cold Coffee,5,6.61,Delivered,Mobile App
STA-O5568,STA-C3891,11-07-2024,Sandwiches,2,7.78,Shipped,Cash
STA-O12707,STA-C9707,26-10-2025,Hot Coffee,4,4.18,Returned,Mobile App
STA-O5385,STA-C7708,11-11-2024,Tea,5,4.64,Cancelled,Mobile App
STA-O8559,STA-C9224,15-11-2023,Tea,2,3.71,Delivered,Mobile App
STA-O8701,STA-C10203,24-04-2023,Tea,1,3.84,Delivered,Mobile App
STA-O8331,STA-C6140,04-10-2023,Cold Coffee,3,6.65,Delivered,Credit Card
STA-O9713,STA-C9673,15-11-2024,Hot Coffee,5,3.61,Pending,Starbucks Card
STA-O10749,STA-C10895,10-01-2023,Hot Coffee,1,4.16,Cancelled,Cash
STA-O5811,STA-C9702,14-11-2024,Cold Coffee,3,7.78,Delivered,Credit Card
STA-O7390,STA-C1205,24-02-2024,Sandwiches,3,5.37,Cancelled,Cash
STA-O6978,STA-C9569,01-07-2025,Coffee Beans (Retail),1,11.42,Pending,Mobile App
STA-O12856,STA-C2874,23-04-2023,Merchandise,1,25.58,Delivered,Credit Card
STA-O8974,STA-C5069,21-01-2025,Hot Coffee,1,4.1,Cancelled,Starbucks Card
STA-O14569,STA-C8930,16-09-2024,Bakery,2,4.88,Shipped,Credit Card
STA-O14831,STA-C10700,13-06-2024,Tea,4,3.6,Returned,Cash
STA-O11106,STA-C7148,08-01-2025,Tea,2,4.99,Delivered,Mobile App
STA-O5899,STA-C6407,14-01-2024,Coffee Beans (Retail),2,20.73,Delivered,Mobile App
STA-O10961,STA-C1328,12-06-2023,Sandwiches,4,8.94,Delivered,Starbucks Card
STA-O6385,STA-C5886,15-10-2025,Frappuccino,5,5.15,Delivered,Starbucks Card
STA-O14642,STA-C4086,03-09-2024,Sandwiches,3,6.13,Shipped,Cash
STA-O9247,STA-C8856,12-03-2024,Cold Coffee,5,5.13,Shipped,Mobile App
STA-O5589,STA-C7792,15-04-2024,Hot Coffee,1,5.29,Shipped,Mobile App
STA-O12480,STA-C1519,10-01-2025,Tea,3,5.84,Delivered,Mobile App
STA-O9436,STA-C9443,08-12-2024,Hot Coffee,5,4.02,Shipped,Mobile App
STA-O6160,STA-C5116,15-08-2025,Sandwiches,5,5.07,Delivered,Mobile App
STA-O7963,STA-C10818,20-02-2025,Bakery,4,3.34,Delivered,Starbucks Card
STA-O9255,STA-C7179,30-01-2025,Sandwiches,5,6.08,Unknown,Starbucks Card
STA-O13672,STA-C9968,02-03-2023,Merchandise,2,9.44,Cancelled,Starbucks Card
STA-O7495,STA-C8828,31-07-2023,Sandwiches,5,6.17,Pending,Mobile App
STA-O11580,STA-C7876,15-07-2025,Cold Coffee,2,5.09,Returned,Mobile App
STA-O9986,STA-C6483,29-03-2025,Cold Coffee,3,4.87,Returned,Mobile App
STA-O6190,STA-C5289,25-06-2023,Coffee Beans (Retail),4,22.99,Delivered,Mobile App
STA-O11435,STA-C6770,01-02-2025,Cold Coffee,1,5.31,Shipped,Starbucks Card
STA-O6501,STA-C3601,03-05-2024,Cold Coffee,2,7.78,Shipped,Cash
STA-O10115,STA-C1406,16-01-2025,Frappuccino,3,6.8,Delivered,Cash
STA-O11447,STA-C8784,06-08-2025,Cold Coffee,5,7.63,Cancelled,Credit Card
STA-O5329,STA-C9013,05-03-2024,Sandwiches,5,8.2,Delivered,Credit Card
STA-O6527,STA-C1303,03-07-2023,Frappuccino,3,6.6,Shipped,Credit Card
STA-O7882,STA-C7690,08-08-2025,Hot Coffee,1,4.42,Pending,Credit Card
STA-O9184,STA-C10618,14-05-2025,Tea,5,5.25,Delivered,Starbucks Card
STA-O5932,STA-C4667,01-11-2023,Coffee Beans (Retail),4,14.63,Returned,Starbucks Card
STA-O13065,STA-C9219,17-03-2023,Frappuccino,1,5.69,Delivered,Credit Card
STA-O10272,STA-C9145,09-01-2024,Coffee Beans (Retail),5,14,Returned,Mobile App
STA-O10642,STA-C8394,15-05-2023,Merchandise,4,37.47,Delivered,Mobile App
STA-O12017,STA-C5161,10-02-2024,Merchandise,3,21.86,Pending,Starbucks Card
STA-O12922,STA-C9593,22-04-2024,Hot Coffee,1,3.31,Shipped,Mobile App
STA-O10139,STA-C8017,21-07-2024,Frappuccino,1,8.38,Delivered,Cash
STA-O9253,STA-C7320,26-01-2023,Coffee Beans (Retail),1,16.66,Delivered,Credit Card
STA-O9341,STA-C5639,11-08-2025,Cold Coffee,3,5.22,Delivered,Mobile App
STA-O11320,STA-C3092,18-12-2025,Sandwiches,3,5.76,Cancelled,Cash
STA-O8872,STA-C10185,27-06-2024,Merchandise,4,30.78,Returned,Starbucks Card
STA-O11240,STA-C10362,16-05-2023,Merchandise,2,14.02,Delivered,Mobile App
STA-O10742,STA-C2391,15-10-2025,Coffee Beans (Retail),1,16.65,Returned,Starbucks Card
STA-O9660,STA-C8028,17-01-2023,Bakery,4,2.49,Pending,Cash
STA-O10011,STA-C7495,22-06-2025,Cold Coffee,2,5.31,Returned,Starbucks Card
STA-O10080,STA-C10131,07-11-2024,Sandwiches,3,5.75,Delivered,Starbucks Card
STA-O14216,STA-C8574,30-07-2023,Tea,1,3.15,Returned,Cash
STA-O10352,STA-C7179,27-04-2025,Coffee Beans (Retail),2,11.07,Cancelled,Starbucks Card
STA-O8340,STA-C2257,12-03-2024,Frappuccino,2,6.59,Returned,Mobile App
STA-O11225,STA-C9109,06-01-2024,Sandwiches,2,5.31,Shipped,Mobile App
STA-O9968,STA-C9825,22-02-2023,Merchandise,2,10.49,Delivered,Mobile App
STA-O8871,STA-C10982,09-03-2025,Merchandise,5,15.28,Pending,Credit Card
STA-O9049,STA-C6763,05-02-2025,Cold Coffee,4,7.98,Delivered,Credit Card
STA-O8987,STA-C10879,03-07-2024,Tea,4,5.89,Cancelled,Cash
STA-O12092,STA-C1256,28-11-2025,Coffee Beans (Retail),5,24.39,Returned,Mobile App
STA-O7939,STA-C3531,21-05-2023,Sandwiches,3,5.8,Shipped,Mobile App
STA-O12091,STA-C7498,08-04-2025,Sandwiches,2,6.19,Delivered,Starbucks Card
STA-O11021,STA-C3683,28-05-2023,Hot Coffee,1,3.49,Pending,Starbucks Card
STA-O5414,STA-C8152,08-10-2024,Tea,5,4.16,Delivered,Mobile App
STA-O14459,STA-C3819,23-12-2025,Cold Coffee,1,4.32,Delivered,Starbucks Card
STA-O8430,STA-C10586,19-06-2023,Sandwiches,4,8.68,Returned,Cash
STA-O8477,STA-C8548,18-10-2025,Cold Coffee,2,5.27,Returned,Mobile App
STA-O14001,STA-C7317,08-09-2024,Coffee Beans (Retail),1,13.85,Shipped,Mobile App
STA-O13301,STA-C8305,10-05-2023,Cold Coffee,2,6.47,Delivered,Cash
STA-O5507,STA-C6160,05-09-2025,Coffee Beans (Retail),5,22.09,Delivered,Mobile App
STA-O14589,STA-C1314,04-07-2025,Merchandise,5,11.07,Returned,Starbucks Card
STA-O5114,STA-C10822,26-11-2024,Coffee Beans (Retail),3,15.19,Cancelled,Starbucks Card
STA-O7280,STA-C2789,06-06-2023,Cold Coffee,2,5.58,Shipped,Cash
STA-O8361,STA-C9683,10-07-2025,Sandwiches,1,5.74,Delivered,Mobile App
STA-O13885,STA-C10105,27-01-2024,Sandwiches,1,8.27,Shipped,Cash
STA-O9546,STA-C2519,17-10-2025,Merchandise,4,13.04,Returned,Mobile App
STA-O6431,STA-C10803,28-11-2023,Cold Coffee,5,7.79,Delivered,Credit Card
STA-O8944,STA-C2130,26-10-2025,Tea,3,3.44,Delivered,Credit Card
STA-O5433,STA-C6804,26-12-2025,Hot Coffee,4,3.67,Delivered,Credit Card
STA-O11099,STA-C3900,23-12-2024,Tea,5,5.77,Delivered,Credit Card
STA-O5286,STA-C3251,31-01-2023,Frappuccino,4,6.54,Shipped,Starbucks Card
STA-O9388,STA-C4650,18-09-2024,Tea,5,3.42,Delivered,Starbucks Card
STA-O6338,STA-C8224,05-07-2024,Merchandise,1,23.9,Shipped,Cash
STA-O7855,STA-C5058,24-09-2025,Cold Coffee,5,7.96,Delivered,Mobile App
STA-O11072,STA-C8436,05-04-2023,Coffee Beans (Retail),4,14.84,Shipped,Starbucks Card
STA-O14640,STA-C2875,02-04-2024,Coffee Beans (Retail),2,17.26,Shipped,Credit Card
STA-O10833,STA-C8616,02-05-2024,Hot Coffee,2,4.4,Pending,Credit Card
STA-O11351,STA-C2176,25-07-2025,Bakery,2,4.19,Delivered,Mobile App
STA-O6727,STA-C1215,14-09-2023,Hot Coffee,5,3.09,Delivered,Mobile App
STA-O7918,STA-C5451,21-05-2024,Coffee Beans (Retail),3,19.3,Delivered,Cash
STA-O6983,STA-C2503,30-09-2025,Coffee Beans (Retail),1,24.36,Cancelled,Credit Card
STA-O8275,STA-C4468,17-09-2023,Merchandise,3,15.85,Cancelled,Mobile App
STA-O14888,STA-C6231,02-01-2024,Bakery,3,3.71,Pending,Mobile App
STA-O10217,STA-C7004,29-04-2023,Coffee Beans (Retail),4,17.73,Delivered,Starbucks Card
STA-O9613,STA-C6637,13-08-2025,Sandwiches,2,5.22,Delivered,Starbucks Card
STA-O13258,STA-C6274,13-10-2025,Frappuccino,5,7.1,Returned,Mobile App
STA-O11999,STA-C5542,13-10-2023,Sandwiches,2,7.8,Returned,Cash
STA-O8082,STA-C3098,08-05-2025,Sandwiches,4,7.93,Returned,Cash
STA-O13725,STA-C6901,06-06-2024,Coffee Beans (Retail),5,21.79,Cancelled,Cash
STA-O13158,STA-C4049,23-06-2024,Cold Coffee,4,4.5,Shipped,Starbucks Card
STA-O9343,STA-C1524,16-12-2023,Tea,1,3.73,Returned,Cash
STA-O14531,STA-C9763,31-03-2025,Merchandise,2,18.41,Delivered,Mobile App
STA-O14664,STA-C2621,28-11-2025,Frappuccino,3,6.14,Returned,Cash
STA-O7608,STA-C5586,02-03-2023,Sandwiches,2,5.56,Delivered,Mobile App
STA-O12508,STA-C3297,23-07-2023,Bakery,1,4,Pending,Mobile App
STA-O13092,STA-C9079,19-03-2024,Merchandise,4,25.05,Shipped,Cash
STA-O8212,STA-C7601,05-11-2024,Frappuccino,5,5.65,Cancelled,Mobile App
STA-O7046,STA-C9562,03-06-2024,Hot Coffee,5,4.81,Delivered,Cash
STA-O14212,STA-C7163,09-05-2024,Sandwiches,3,8.07,Pending,Starbucks Card
STA-O7407,STA-C6497,10-10-2024,Tea,5,5.5,Pending,Starbucks Card
STA-O14610,STA-C10950,24-03-2023,Merchandise,3,38.85,Delivered,Starbucks Card
STA-O9457,STA-C9994,16-03-2024,Hot Coffee,5,3.77,Shipped,Starbucks Card
STA-O9079,STA-C6925,01-06-2024,Hot Coffee,5,3.94,Cancelled,Credit Card
STA-O14430,STA-C6676,06-02-2023,Hot Coffee,2,4.84,Returned,Starbucks Card
STA-O14822,STA-C1294,21-07-2025,Hot Coffee,2,3.71,Shipped,Credit Card
STA-O13783,STA-C5233,18-12-2025,Hot Coffee,4,5.02,Shipped,Cash
STA-O5693,STA-C1313,23-04-2025,Sandwiches,3,8.38,Cancelled,Credit Card
STA-O5508,STA-C1066,15-04-2023,Sandwiches,1,6.66,Pending,Mobile App
STA-O12351,STA-C4078,06-04-2025,Merchandise,5,18.98,Returned,Cash
STA-O5938,STA-C10832,06-04-2025,Bakery,2,2.92,Returned,Mobile App
STA-O8822,STA-C8051,26-01-2025,Sandwiches,2,8.64,Delivered,Mobile App
STA-O6878,STA-C5772,11-06-2023,Tea,2,3.16,Returned,Mobile App
STA-O14334,STA-C9668,21-05-2023,Sandwiches,3,5.53,Delivered,Starbucks Card
STA-O9868,STA-C4711,05-03-2024,Frappuccino,5,6.23,Shipped,Cash
STA-O12908,STA-C1589,12-11-2025,Hot Coffee,1,6.64,Shipped,Starbucks Card
STA-O11486,STA-C6723,25-01-2023,Tea,3,4.19,Delivered,Cash
STA-O6576,STA-C5290,24-02-2025,Sandwiches,5,7.76,Delivered,Credit Card
STA-O14421,STA-C3135,01-05-2025,Tea,5,4.45,Delivered,Mobile App
STA-O7955,STA-C2346,25-09-2023,Bakery,2,2.87,Shipped,Mobile App
STA-O9313,STA-C7026,24-11-2023,Frappuccino,4,8.12,Cancelled,Cash
STA-O7544,STA-C4937,14-12-2025,Sandwiches,2,7.11,Delivered,Cash
STA-O10596,STA-C9397,30-03-2023,Sandwiches,3,5.98,Unknown,Cash
STA-O12917,STA-C7438,10-05-2025,Tea,3,3.6,Returned,Mobile App
STA-O5622,STA-C9999,20-08-2025,Frappuccino,2,6.56,Returned,Starbucks Card
STA-O8307,STA-C5994,14-03-2025,Bakery,3,5.8,Pending,Cash
STA-O5111,STA-C6606,30-09-2025,Frappuccino,2,5.49,Shipped,Credit Card
STA-O5363,STA-C3954,02-01-2025,Hot Coffee,3,4.99,Pending,Credit Card
STA-O12055,STA-C10463,22-06-2023,Sandwiches,3,8.85,Shipped,Mobile App
STA-O7066,STA-C3253,15-01-2025,Merchandise,1,36.45,Shipped,Cash
STA-O5754,STA-C4377,09-09-2023,Coffee Beans (Retail),2,12.22,Delivered,Cash
STA-O9171,STA-C9999,08-08-2024,Bakery,5,5.9,Cancelled,Cash
STA-O10374,STA-C5809,03-07-2023,Cold Coffee,5,4.03,Returned,Credit Card
STA-O11173,STA-C7772,26-05-2025,Tea,2,3.08,Delivered,Mobile App
STA-O6152,STA-C9323,23-05-2025,Frappuccino,3,8.02,Pending,Starbucks Card
STA-O7430,STA-C2190,12-12-2024,Coffee Beans (Retail),5,13.62,Cancelled,Starbucks Card
STA-O13080,STA-C8370,26-09-2024,Tea,3,3.91,Delivered,Cash
STA-O5639,STA-C9700,15-01-2023,Tea,4,5.43,Delivered,Starbucks Card
STA-O5506,STA-C6584,10-12-2025,Coffee Beans (Retail),4,13.4,Cancelled,Cash
STA-O13217,STA-C3212,21-02-2025,Tea,3,5.09,Delivered,Mobile App
STA-O6020,STA-C5352,29-11-2025,Tea,5,4.02,Delivered,Starbucks Card
STA-O10438,STA-C4989,16-01-2023,Cold Coffee,3,7.86,Delivered,Cash
STA-O13886,STA-C4043,22-07-2024,Cold Coffee,5,7.78,Delivered,Starbucks Card
STA-O10070,STA-C9573,13-05-2024,Hot Coffee,2,6.63,Shipped,Starbucks Card
STA-O6853,STA-C6384,26-11-2024,Cold Coffee,2,4.16,Delivered,Cash
STA-O10109,STA-C7496,03-04-2023,Merchandise,2,17.71,Delivered,Mobile App
STA-O7691,STA-C6705,15-04-2023,Merchandise,2,27.14,Delivered,Mobile App
STA-O5247,STA-C2921,10-01-2023,Frappuccino,5,6.91,Shipped,Mobile App
STA-O6698,STA-C7689,25-03-2025,Hot Coffee,2,3.69,Delivered,Mobile App
STA-O14808,STA-C2574,11-06-2024,Frappuccino,2,6.36,Delivered,Cash
STA-O6274,STA-C6745,17-12-2025,Hot Coffee,4,4.47,Shipped,Starbucks Card
STA-O12181,STA-C4294,12-03-2024,Merchandise,5,29.56,Pending,Starbucks Card
STA-O14298,STA-C3696,23-06-2025,Frappuccino,4,7.49,Delivered,Mobile App
STA-O11671,STA-C5259,06-09-2024,Tea,5,5.21,Pending,Mobile App
STA-O10687,STA-C1309,15-06-2025,Sandwiches,5,7.17,Unknown,Starbucks Card
STA-O8963,STA-C8766,19-05-2023,Merchandise,5,13.74,Shipped,Cash
STA-O6607,STA-C3649,22-02-2024,Cold Coffee,5,7.16,Delivered,Cash
STA-O7868,STA-C2143,27-05-2025,Hot Coffee,3,4.59,Pending,Cash
STA-O13242,STA-C5714,25-01-2025,Bakery,5,3.6,Returned,Cash
STA-O13220,STA-C3923,01-07-2025,Frappuccino,2,8.87,Returned,Cash
STA-O13083,STA-C6630,23-10-2025,Sandwiches,4,7.19,Cancelled,Cash
STA-O7294,STA-C4931,29-12-2023,Coffee Beans (Retail),3,15.81,Delivered,Cash
STA-O10407,STA-C8208,08-12-2023,Bakery,2,3.46,Delivered,Mobile App
STA-O6309,STA-C6625,08-12-2023,Cold Coffee,4,7.58,Delivered,Credit Card
STA-O9676,STA-C1947,09-04-2023,Tea,4,4.17,Delivered,Starbucks Card
STA-O9824,STA-C1309,06-10-2025,Hot Coffee,5,4.81,Shipped,Credit Card
STA-O5436,STA-C8042,01-10-2025,Bakery,5,3.74,Cancelled,Mobile App
STA-O6441,STA-C9666,16-04-2023,Merchandise,3,14.21,Returned,Mobile App
STA-O5078,STA-C3734,27-12-2024,Cold Coffee,1,5.97,Cancelled,Cash
STA-O14322,STA-C8666,26-01-2025,Coffee Beans (Retail),3,13.89,Delivered,Cash
STA-O10908,STA-C3703,28-01-2024,Coffee Beans (Retail),1,14.94,Shipped,Starbucks Card
STA-O10872,STA-C7149,26-11-2025,Merchandise,3,24.26,Returned,Cash
STA-O12557,STA-C9611,15-03-2025,Tea,4,4.23,Delivered,Credit Card
STA-O12725,STA-C8021,06-09-2023,Cold Coffee,3,5.23,Returned,Mobile App
STA-O12449,STA-C4052,14-09-2024,Bakery,4,2.66,Shipped,Credit Card
STA-O5772,STA-C8405,01-11-2023,Cold Coffee,4,6.54,Delivered,Credit Card
STA-O7642,STA-C8480,03-05-2025,Frappuccino,4,7.17,Delivered,Mobile App
STA-O10065,STA-C4229,19-10-2025,Merchandise,5,13.7,Shipped,Starbucks Card
STA-O5256,STA-C4752,15-07-2024,Coffee Beans (Retail),1,10.77,Delivered,Credit Card
STA-O14973,STA-C3953,30-08-2023,Tea,1,3.14,Pending,Starbucks Card
STA-O7928,STA-C1339,16-11-2025,Coffee Beans (Retail),1,18.51,Pending,Mobile App
STA-O10033,STA-C4825,06-08-2025,Sandwiches,3,8.8,Delivered,Cash
STA-O9844,STA-C3083,21-05-2025,Cold Coffee,4,7.97,Delivered,Starbucks Card
STA-O6962,STA-C6130,24-02-2024,Cold Coffee,3,7.07,Pending,Starbucks Card
STA-O13268,STA-C10766,18-06-2024,Merchandise,5,29.5,Returned,Mobile App
STA-O14738,STA-C10765,23-12-2025,Bakery,1,3.39,Delivered,Starbucks Card
STA-O9949,STA-C9135,17-11-2023,Hot Coffee,5,3.29,Delivered,Mobile App
STA-O9817,STA-C1710,25-04-2025,Hot Coffee,4,4.43,Delivered,Starbucks Card
STA-O9420,STA-C9640,05-07-2025,Hot Coffee,2,3.33,Shipped,Credit Card
STA-O5217,STA-C9340,04-12-2024,Sandwiches,2,7.35,Cancelled,Cash
STA-O13132,STA-C4203,01-09-2025,Coffee Beans (Retail),4,23.55,Delivered,Cash
STA-O12513,STA-C8259,10-02-2024,Frappuccino,5,6.05,Shipped,Cash
STA-O5663,STA-C9982,05-12-2023,Hot Coffee,4,5.6,Delivered,Mobile App
STA-O13716,STA-C5659,10-09-2023,Bakery,3,4.48,Delivered,Credit Card
STA-O14890,STA-C10984,19-03-2024,Frappuccino,3,6.78,Pending,Starbucks Card
STA-O8371,STA-C7891,13-01-2024,Merchandise,3,31.31,Delivered,Cash
STA-O12629,STA-C1741,24-07-2024,Sandwiches,1,7.92,Cancelled,Credit Card
STA-O6090,STA-C9538,25-09-2024,Bakery,2,3.6,Delivered,Mobile App
STA-O6968,STA-C1987,16-05-2023,Frappuccino,4,6.51,Delivered,Starbucks Card
STA-O6087,STA-C7938,13-05-2024,Sandwiches,5,7.24,Shipped,Mobile App
STA-O7082,STA-C5352,29-07-2025,Tea,5,5.54,Cancelled,Credit Card
STA-O12374,STA-C4639,21-04-2025,Cold Coffee,2,6.55,Delivered,Mobile App
STA-O12296,STA-C9944,02-11-2025,Coffee Beans (Retail),5,19.44,Shipped,Starbucks Card
STA-O12642,STA-C10684,30-12-2023,Cold Coffee,5,4.29,Delivered,Credit Card
STA-O11968,STA-C3548,30-01-2023,Coffee Beans (Retail),1,23.97,Pending,Mobile App
STA-O5555,STA-C6202,02-10-2023,Sandwiches,3,7.1,Delivered,Cash
STA-O12252,STA-C3238,24-07-2024,Tea,1,5.34,Shipped,Credit Card
STA-O8676,STA-C4515,25-07-2023,Hot Coffee,1,3.21,Delivered,Mobile App
STA-O7338,STA-C4972,05-09-2023,Cold Coffee,1,6.51,Returned,Starbucks Card
STA-O8634,STA-C7237,26-11-2023,Frappuccino,5,7.37,Delivered,Mobile App
STA-O6911,STA-C8143,30-01-2024,Sandwiches,1,6.2,Delivered,Starbucks Card
STA-O13424,STA-C4451,26-06-2023,Frappuccino,1,6,Delivered,Mobile App
STA-O14086,STA-C6780,04-04-2024,Merchandise,1,25.34,Returned,Mobile App
STA-O7377,STA-C7868,09-06-2023,Merchandise,2,20.51,Shipped,Starbucks Card
STA-O8751,STA-C9992,17-09-2024,Merchandise,3,9.83,Pending,Mobile App
STA-O11189,STA-C7508,03-05-2024,Cold Coffee,1,5.71,Shipped,Mobile App
STA-O11779,STA-C9021,08-11-2023,Hot Coffee,2,5.04,Returned,Mobile App
STA-O7820,STA-C4773,20-06-2024,Coffee Beans (Retail),1,14.62,Delivered,Credit Card
STA-O13100,STA-C5673,20-03-2023,Coffee Beans (Retail),3,12.59,Delivered,Credit Card
STA-O13089,STA-C2464,13-11-2025,Coffee Beans (Retail),3,19.48,Delivered,Starbucks Card
STA-O10194,STA-C1613,03-12-2023,Sandwiches,3,7.64,Delivered,Starbucks Card
STA-O9311,STA-C4893,02-01-2024,Coffee Beans (Retail),3,23.86,Delivered,Credit Card
STA-O7968,STA-C8470,27-12-2023,Tea,5,4.85,Delivered,Mobile App
STA-O5182,STA-C1225,01-11-2023,Sandwiches,5,7.63,Pending,Mobile App
STA-O11122,STA-C1757,06-06-2024,Frappuccino,5,6.81,Delivered,Credit Card
STA-O8918,STA-C8005,17-02-2024,Hot Coffee,4,5.78,Returned,Cash
STA-O6202,STA-C5134,13-07-2023,Frappuccino,1,6.59,Delivered,Mobile App
STA-O12136,STA-C1857,15-01-2023,Merchandise,1,29.97,Delivered,Starbucks Card
STA-O9167,STA-C10610,13-08-2024,Coffee Beans (Retail),3,20.73,Cancelled,Credit Card
STA-O8898,STA-C3334,12-08-2024,Tea,4,5.36,Delivered,Credit Card
STA-O8962,STA-C2775,09-12-2023,Cold Coffee,4,7.54,Cancelled,Credit Card
STA-O10005,STA-C5452,19-12-2024,Frappuccino,3,8.75,Cancelled,Starbucks Card
STA-O8986,STA-C3657,07-10-2023,Tea,4,4.19,Pending,Credit Card
STA-O11081,STA-C10177,27-07-2023,Cold Coffee,4,7.66,Delivered,Mobile App
STA-O10560,STA-C9894,04-06-2023,Coffee Beans (Retail),1,11.63,Shipped,Cash
STA-O12107,STA-C2398,18-04-2024,Cold Coffee,5,5,Shipped,Credit Card
STA-O10802,STA-C8792,12-03-2025,Frappuccino,5,7.57,Shipped,Cash
STA-O13296,STA-C8888,08-09-2025,Hot Coffee,2,6.56,Pending,Starbucks Card
STA-O14739,STA-C9344,02-04-2025,Merchandise,3,17.31,Cancelled,Credit Card
STA-O13685,STA-C4329,25-09-2023,Merchandise,3,33.74,Delivered,Mobile App
STA-O6135,STA-C6859,10-10-2024,Merchandise,2,38.42,Shipped,Mobile App
STA-O14160,STA-C10036,08-04-2023,Frappuccino,3,7.14,Delivered,Starbucks Card
STA-O6356,STA-C9250,01-01-2023,Sandwiches,3,7.26,Delivered,Mobile App
STA-O10569,STA-C6890,11-01-2024,Sandwiches,3,7.44,Unknown,Cash
STA-O13004,STA-C8705,05-04-2024,Bakery,5,5.92,Delivered,Cash
STA-O14229,STA-C1183,15-07-2024,Tea,2,3.66,Pending,Starbucks Card
STA-O13476,STA-C3645,06-05-2023,Merchandise,3,23.62,Delivered,Starbucks Card
STA-O5849,STA-C1398,11-05-2023,Bakery,4,3.21,Pending,Cash
STA-O13574,STA-C7283,09-12-2025,Hot Coffee,2,3.01,Pending,Cash
STA-O12550,STA-C4611,26-09-2024,Hot Coffee,3,5.74,Delivered,Starbucks Card
STA-O6547,STA-C4352,20-12-2025,Tea,1,4.27,Returned,Credit Card
STA-O7777,STA-C9168,26-11-2024,Coffee Beans (Retail),5,11.26,Pending,Mobile App
STA-O12352,STA-C2778,11-10-2025,Hot Coffee,3,5.66,Cancelled,Mobile App
STA-O6629,STA-C4120,16-09-2024,Bakery,3,3.3,Returned,Cash
STA-O10237,STA-C6206,14-07-2025,Bakery,4,5.7,Returned,Cash
STA-O5973,STA-C8209,12-08-2025,Frappuccino,2,5.76,Shipped,Credit Card
STA-O12610,STA-C8200,22-05-2025,Bakery,2,3.47,Delivered,Cash
STA-O6689,STA-C5517,05-04-2023,Cold Coffee,5,6.5,Delivered,Credit Card
STA-O5334,STA-C6364,29-06-2024,Bakery,3,4.73,Delivered,Credit Card
STA-O8562,STA-C6845,12-12-2024,Tea,3,5.3,Delivered,Credit Card
STA-O5498,STA-C9919,18-07-2023,Tea,2,5.87,Delivered,Credit Card
STA-O5136,STA-C6053,20-11-2023,Merchandise,5,13.54,Delivered,Mobile App
STA-O5076,STA-C4488,19-10-2023,Coffee Beans (Retail),5,24.7,Cancelled,Mobile App
STA-O9906,STA-C9999,24-08-2024,Frappuccino,2,7.81,Delivered,Mobile App
STA-O5017,STA-C8714,04-06-2023,Sandwiches,3,5.91,Shipped,Starbucks Card
STA-O10143,STA-C3721,25-02-2023,Cold Coffee,1,7.49,Delivered,Credit Card
STA-O8418,STA-C9192,26-03-2024,Frappuccino,5,6.31,Returned,Mobile App
STA-O7217,STA-C6718,21-02-2025,Coffee Beans (Retail),5,18.33,Shipped,Credit Card
STA-O14409,STA-C1934,15-06-2024,Merchandise,2,9.23,Pending,Credit Card
STA-O13104,STA-C9044,13-12-2024,Bakery,2,2.74,Returned,Mobile App
STA-O8488,STA-C10499,26-09-2023,Merchandise,4,33.06,Delivered,Credit Card
STA-O7317,STA-C2973,06-01-2023,Coffee Beans (Retail),2,21.68,Returned,Starbucks Card
STA-O10740,STA-C1621,27-03-2023,Frappuccino,2,7.1,Delivered,Mobile App
STA-O6347,STA-C2608,23-03-2023,Sandwiches,4,7.74,Pending,Cash
STA-O10403,STA-C7980,13-07-2025,Hot Coffee,1,4.32,Delivered,Starbucks Card
STA-O6526,STA-C8315,15-07-2024,Merchandise,3,24.87,Pending,Credit Card
STA-O14136,STA-C7422,25-03-2023,Merchandise,3,22.21,Unknown,Cash
STA-O14282,STA-C7978,21-09-2025,Bakery,3,3.27,Delivered,Cash
STA-O8339,STA-C10173,01-11-2023,Frappuccino,1,6.76,Delivered,Mobile App
STA-O12042,STA-C5162,21-09-2024,Coffee Beans (Retail),4,20.14,Delivered,Mobile App
STA-O11020,STA-C6677,06-03-2023,Bakery,3,3.92,Unknown,Credit Card
STA-O6336,STA-C3122,13-03-2024,Tea,4,3.34,Delivered,Starbucks Card
STA-O11808,STA-C9252,27-02-2025,Sandwiches,4,5.57,Delivered,Cash
STA-O12690,STA-C1322,29-05-2024,Cold Coffee,5,5.6,Returned,Mobile App
STA-O9208,STA-C7476,08-12-2023,Frappuccino,4,7.13,Delivered,Mobile App
STA-O5730,STA-C5828,18-05-2023,Frappuccino,4,7.35,Delivered,Cash
STA-O13393,STA-C2636,10-02-2025,Hot Coffee,4,4.02,Delivered,Credit Card
STA-O6197,STA-C10786,02-10-2024,Coffee Beans (Retail),2,24.58,Delivered,Credit Card
STA-O7359,STA-C8086,24-09-2025,Cold Coffee,2,7.08,Pending,Starbucks Card
STA-O14867,STA-C7024,05-12-2025,Merchandise,4,39.97,Delivered,Starbucks Card
STA-O12145,STA-C7986,18-01-2024,Bakery,4,3.76,Unknown,Credit Card
STA-O11073,STA-C6762,26-11-2024,Hot Coffee,3,6.03,Delivered,Starbucks Card
STA-O6209,STA-C1125,16-05-2023,Coffee Beans (Retail),5,23.38,Pending,Mobile App
STA-O9609,STA-C2046,16-12-2023,Sandwiches,3,6.72,Returned,Cash
STA-O14502,STA-C9999,03-04-2024,Coffee Beans (Retail),3,15.63,Returned,Starbucks Card
STA-O6328,STA-C8354,05-04-2024,Frappuccino,3,6.84,Delivered,Starbucks Card
STA-O8031,STA-C2922,15-11-2024,Frappuccino,1,7.8,Pending,Credit Card
STA-O14105,STA-C9999,19-11-2024,Cold Coffee,5,7.79,Pending,Starbucks Card
STA-O14090,STA-C1667,17-03-2023,Bakery,1,4.28,Delivered,Cash
STA-O12546,STA-C5047,28-07-2025,Hot Coffee,4,5.12,Pending,Mobile App
STA-O9163,STA-C6131,08-05-2023,Bakery,5,5.35,Shipped,Starbucks Card
STA-O7391,STA-C8511,15-02-2023,Tea,2,3.44,Delivered,Starbucks Card
STA-O6583,STA-C7352,22-05-2025,Bakery,5,5.82,Delivered,Starbucks Card
STA-O13291,STA-C5759,01-07-2023,Hot Coffee,3,6.53,Delivered,Cash
STA-O9093,STA-C10125,04-09-2024,Merchandise,3,25.54,Cancelled,Starbucks Card
STA-O9004,STA-C2764,27-10-2025,Sandwiches,3,5.27,Delivered,Credit Card
STA-O8667,STA-C4247,29-11-2024,Merchandise,4,39.32,Returned,Starbucks Card
STA-O8744,STA-C6856,11-12-2023,Sandwiches,5,8.68,Delivered,Cash
STA-O10174,STA-C2357,19-10-2023,Sandwiches,4,6.55,Returned,Mobile App
STA-O6598,STA-C8340,31-05-2024,Sandwiches,4,5.26,Delivered,Starbucks Card
STA-O14562,STA-C5826,18-11-2023,Hot Coffee,5,3.15,Delivered,Starbucks Card
STA-O14341,STA-C4797,06-05-2024,Hot Coffee,1,3.02,Delivered,Mobile App
STA-O8205,STA-C3406,10-06-2024,Cold Coffee,3,4.18,Returned,Credit Card
STA-O12084,STA-C10795,22-10-2025,Tea,4,4.17,Delivered,Mobile App
STA-O5218,STA-C3735,20-07-2025,Hot Coffee,3,5.84,Pending,Starbucks Card
STA-O9947,STA-C9753,25-09-2024,Merchandise,4,26.68,Returned,Credit Card
STA-O6997,STA-C9879,15-03-2023,Sandwiches,3,6.14,Returned,Cash
STA-O5068,STA-C2139,10-07-2025,Sandwiches,1,5.88,Unknown,Credit Card
STA-O9606,STA-C6777,02-05-2024,Coffee Beans (Retail),3,12.82,Delivered,Starbucks Card
STA-O7027,STA-C4914,15-12-2025,Bakery,3,3.52,Delivered,Starbucks Card
STA-O11017,STA-C4361,25-09-2024,Merchandise,2,16.76,Delivered,Credit Card
STA-O6497,STA-C10533,13-04-2025,Merchandise,2,22.13,Delivered,Mobile App
STA-O14085,STA-C3079,01-10-2024,Frappuccino,3,6.77,Cancelled,Credit Card
STA-O11080,STA-C8864,15-04-2023,Frappuccino,2,8.57,Shipped,Cash
STA-O9291,STA-C4769,14-08-2025,Cold Coffee,4,4.72,Delivered,Credit Card
STA-O7006,STA-C1056,07-01-2025,Coffee Beans (Retail),3,10.54,Delivered,Cash
STA-O10428,STA-C1043,12-03-2023,Sandwiches,2,6.68,Shipped,Cash
STA-O8159,STA-C1122,18-08-2025,Bakery,2,3.82,Delivered,Credit Card
STA-O12703,STA-C8442,19-09-2023,Sandwiches,4,5.57,Shipped,Mobile App
STA-O12123,STA-C5680,18-01-2023,Sandwiches,2,6.74,Shipped,Cash
STA-O6898,STA-C3157,21-08-2023,Sandwiches,3,7.6,Pending,Cash
STA-O9861,STA-C2953,02-04-2024,Cold Coffee,4,6.6,Returned,Cash
STA-O9197,STA-C2442,01-07-2023,Cold Coffee,5,5.83,Cancelled,Credit Card
STA-O13392,STA-C5758,28-09-2025,Merchandise,1,39.28,Delivered,Cash
STA-O7917,STA-C8167,20-11-2025,Cold Coffee,1,6.55,Cancelled,Credit Card
STA-O9178,STA-C5415,24-11-2023,Merchandise,2,27.09,Unknown,Credit Card
STA-O14255,STA-C10407,11-05-2023,Sandwiches,2,8.21,Delivered,Mobile App
STA-O10595,STA-C7516,12-06-2025,Bakery,4,4.16,Shipped,Cash
STA-O11050,STA-C4865,15-08-2023,Tea,4,3.19,Delivered,Starbucks Card
STA-O7967,STA-C9799,09-03-2025,Sandwiches,4,8.22,Delivered,Cash
STA-O11591,STA-C7132,08-05-2025,Frappuccino,1,7.69,Delivered,Cash
STA-O12595,STA-C7520,25-01-2023,Merchandise,1,39.03,Pending,Starbucks Card
STA-O5567,STA-C9139,11-05-2024,Cold Coffee,3,4.83,Pending,Starbucks Card
STA-O10365,STA-C2684,20-03-2025,Bakery,5,3.31,Returned,Credit Card
STA-O5266,STA-C1168,07-01-2023,Coffee Beans (Retail),3,21.87,Delivered,Credit Card
STA-O12088,STA-C4780,19-06-2025,Cold Coffee,2,7.86,Returned,Mobile App
STA-O6882,STA-C2662,07-05-2024,Bakery,3,3.36,Delivered,Cash
STA-O12785,STA-C4001,17-05-2025,Tea,3,4.14,Shipped,Starbucks Card
STA-O8047,STA-C6518,12-11-2023,Tea,3,3.97,Returned,Starbucks Card
STA-O9698,STA-C6673,11-06-2023,Sandwiches,4,6.15,Returned,Cash
STA-O7335,STA-C5026,23-02-2023,Cold Coffee,1,7.63,Returned,Credit Card
STA-O14956,STA-C2945,03-12-2023,Bakery,2,4.19,Pending,Cash
STA-O6323,STA-C10536,04-08-2025,Hot Coffee,2,4.38,Delivered,Credit Card
STA-O6324,STA-C10770,14-06-2024,Coffee Beans (Retail),1,14.53,Delivered,Credit Card
STA-O7156,STA-C2256,12-03-2023,Cold Coffee,2,4.41,Cancelled,Credit Card
STA-O5079,STA-C2791,18-11-2024,Hot Coffee,5,6.54,Shipped,Credit Card
STA-O5069,STA-C10802,23-07-2023,Merchandise,1,13.61,Unknown,Cash
STA-O12486,STA-C6945,15-10-2023,Hot Coffee,1,4.56,Delivered,Starbucks Card
STA-O9675,STA-C1014,05-07-2025,Merchandise,4,37.55,Delivered,Cash
STA-O13206,STA-C7413,23-03-2023,Merchandise,5,16.46,Shipped,Starbucks Card
STA-O12646,STA-C2504,04-05-2023,Frappuccino,1,7.81,Delivered,Credit Card
STA-O12437,STA-C6812,04-12-2025,Coffee Beans (Retail),2,23.46,Delivered,Mobile App
STA-O9891,STA-C6087,31-01-2025,Frappuccino,1,5.78,Delivered,Starbucks Card
STA-O6737,STA-C6642,30-10-2025,Tea,1,4.35,Cancelled,Credit Card
STA-O5011,STA-C6428,23-10-2023,Hot Coffee,1,3.27,Delivered,Starbucks Card
STA-O6118,STA-C9091,08-06-2023,Cold Coffee,3,4.9,Delivered,Cash
STA-O13204,STA-C9510,24-06-2024,Sandwiches,2,6.43,Delivered,Credit Card
STA-O11450,STA-C4718,01-05-2024,Bakery,1,5.11,Delivered,Starbucks Card
STA-O10735,STA-C4080,18-09-2024,Frappuccino,1,5.1,Delivered,Starbucks Card
STA-O5293,STA-C6166,29-09-2024,Bakery,2,4.76,Shipped,Cash
STA-O6610,STA-C8312,02-05-2024,Hot Coffee,1,5.23,Delivered,Starbucks Card
STA-O6825,STA-C5336,01-05-2024,Cold Coffee,4,6.52,Pending,Cash
STA-O7519,STA-C2089,20-01-2023,Merchandise,5,28.07,Pending,Starbucks Card
STA-O14178,STA-C1606,24-07-2023,Bakery,2,5.65,Cancelled,Credit Card
STA-O9785,STA-C2340,24-10-2023,Coffee Beans (Retail),5,24.97,Delivered,Cash
STA-O11644,STA-C7614,24-12-2025,Coffee Beans (Retail),3,11.33,Shipped,Starbucks Card
STA-O10960,STA-C2925,08-07-2025,Hot Coffee,1,5.01,Delivered,Credit Card
STA-O5603,STA-C7352,21-09-2023,Tea,1,3.95,Delivered,Credit Card
STA-O10234,STA-C3394,13-03-2023,Coffee Beans (Retail),5,19.1,Delivered,Credit Card
STA-O12272,STA-C2126,27-01-2025,Hot Coffee,4,3.69,Delivered,Starbucks Card
STA-O5188,STA-C4619,03-05-2023,Merchandise,2,36.31,Delivered,Cash
STA-O14521,STA-C4421,26-07-2024,Sandwiches,5,7.65,Delivered,Credit Card
STA-O6529,STA-C9802,09-02-2025,Coffee Beans (Retail),4,19.65,Delivered,Credit Card
STA-O11011,STA-C8750,15-04-2025,Merchandise,1,19.38,Delivered,Starbucks Card
STA-O7120,STA-C7899,30-08-2024,Coffee Beans (Retail),4,18.64,Delivered,Starbucks Card
STA-O12904,STA-C10406,15-01-2025,Bakery,2,2.45,Delivered,Cash
STA-O6312,STA-C5199,27-08-2024,Hot Coffee,4,6.26,Delivered,Starbucks Card
STA-O12039,STA-C8168,27-08-2024,Cold Coffee,5,6.93,Delivered,Starbucks Card
STA-O8916,STA-C10894,29-04-2025,Hot Coffee,5,6.82,Delivered,Credit Card
STA-O14911,STA-C7356,05-09-2024,Coffee Beans (Retail),2,14.35,Shipped,Mobile App
STA-O5131,STA-C3178,11-06-2024,Cold Coffee,5,6.98,Delivered,Starbucks Card
STA-O6614,STA-C3272,25-12-2025,Cold Coffee,5,5.95,Delivered,Mobile App
STA-O5808,STA-C6773,10-09-2025,Sandwiches,5,7.27,Cancelled,Starbucks Card
STA-O11107,STA-C1984,17-03-2023,Frappuccino,2,6.12,Cancelled,Mobile App
STA-O5416,STA-C9692,25-02-2025,Bakery,4,4.74,Delivered,Mobile App
STA-O10794,STA-C5479,15-04-2024,Coffee Beans (Retail),1,19.44,Shipped,Starbucks Card
STA-O12256,STA-C1573,20-10-2023,Bakery,3,2.62,Returned,Mobile App
STA-O6149,STA-C9080,06-03-2024,Frappuccino,4,5.97,Cancelled,Mobile App
STA-O6484,STA-C8492,23-05-2025,Hot Coffee,4,4.13,Shipped,Cash
STA-O9176,STA-C3041,06-11-2024,Hot Coffee,2,5.13,Delivered,Starbucks Card
STA-O8300,STA-C7692,10-06-2024,Bakery,2,4.52,Delivered,Starbucks Card
STA-O8397,STA-C2519,25-03-2023,Sandwiches,4,5.45,Delivered,Credit Card
STA-O14047,STA-C10736,08-09-2024,Cold Coffee,1,5.66,Shipped,Credit Card
STA-O11788,STA-C6631,04-06-2025,Bakery,4,2.5,Cancelled,Credit Card
STA-O12512,STA-C9927,25-07-2023,Hot Coffee,5,4.98,Delivered,Credit Card
STA-O5021,STA-C8661,19-01-2024,Merchandise,4,30.78,Delivered,Credit Card
STA-O11719,STA-C3772,02-04-2024,Sandwiches,3,7.83,Cancelled,Mobile App
STA-O5715,STA-C9029,11-01-2024,Sandwiches,3,8.92,Delivered,Starbucks Card
STA-O13159,STA-C2666,16-04-2023,Merchandise,5,9.72,Unknown,Starbucks Card
STA-O7361,STA-C7264,27-12-2023,Frappuccino,3,8.22,Delivered,Mobile App
STA-O8641,STA-C6993,08-12-2025,Frappuccino,5,8.79,Returned,Mobile App
STA-O8163,STA-C4547,09-08-2024,Merchandise,2,29.03,Delivered,Cash
STA-O12108,STA-C1687,17-01-2024,Tea,3,3.33,Delivered,Starbucks Card
STA-O7469,STA-C4177,30-10-2023,Bakery,4,3.47,Delivered,Cash
STA-O10903,STA-C5542,29-01-2023,Cold Coffee,2,7.43,Delivered,Starbucks Card
STA-O12605,STA-C5048,21-07-2023,Cold Coffee,3,7.6,Delivered,Mobile App
STA-O7534,STA-C6400,17-11-2025,Merchandise,2,37.74,Delivered,Starbucks Card
STA-O7431,STA-C5193,05-02-2023,Hot Coffee,5,5.17,Shipped,Credit Card
STA-O7807,STA-C4997,21-10-2024,Bakery,2,5.29,Pending,Mobile App
STA-O11612,STA-C8980,09-07-2025,Bakery,2,3.61,Cancelled,Credit Card
STA-O8647,STA-C8609,11-10-2024,Bakery,4,3.16,Cancelled,Mobile App
STA-O8391,STA-C10603,22-03-2023,Coffee Beans (Retail),4,13.97,Cancelled,Cash
STA-O9119,STA-C10816,30-01-2024,Sandwiches,4,8.33,Pending,Cash
STA-O11176,STA-C5322,30-06-2025,Coffee Beans (Retail),3,22.66,Delivered,Credit Card
STA-O5983,STA-C4569,08-05-2025,Frappuccino,3,8.53,Delivered,Cash
STA-O7884,STA-C7517,31-03-2024,Tea,4,5.6,Cancelled,Mobile App
STA-O9319,STA-C9894,23-12-2024,Sandwiches,5,8.81,Pending,Mobile App
STA-O7439,STA-C5326,15-08-2025,Hot Coffee,4,6.04,Cancelled,Credit Card
STA-O5765,STA-C7607,09-01-2024,Frappuccino,1,5.81,Returned,Mobile App
STA-O9748,STA-C5277,29-07-2024,Coffee Beans (Retail),4,14.45,Shipped,Cash
STA-O13190,STA-C2382,16-09-2023,Frappuccino,2,7.85,Delivered,Mobile App
STA-O6011,STA-C1867,15-03-2024,Hot Coffee,1,3.04,Delivered,Credit Card
STA-O8004,STA-C9712,28-06-2023,Merchandise,4,8.52,Cancelled,Credit Card
STA-O14379,STA-C6571,09-10-2023,Coffee Beans (Retail),5,22.55,Delivered,Cash
STA-O11088,STA-C3018,17-03-2025,Hot Coffee,1,3.86,Shipped,Mobile App
STA-O8713,STA-C3365,23-12-2025,Cold Coffee,4,6.84,Returned,Credit Card
STA-O5710,STA-C10027,15-10-2024,Cold Coffee,2,6.86,Unknown,Mobile App
STA-O12214,STA-C2833,16-06-2025,Bakery,3,5.64,Cancelled,Mobile App
STA-O9849,STA-C1912,08-01-2025,Sandwiches,5,7.78,Returned,Mobile App
STA-O14423,STA-C5794,19-05-2025,Bakery,1,4.89,Delivered,Cash
STA-O7806,STA-C7823,23-01-2024,Sandwiches,1,7.24,Pending,Credit Card
STA-O6137,STA-C9741,06-12-2025,Frappuccino,4,7.92,Delivered,Credit Card
STA-O6780,STA-C9465,18-12-2023,Bakery,4,5.9,Returned,Credit Card
STA-O11721,STA-C4618,29-09-2023,Tea,3,5.02,Returned,Credit Card
STA-O10396,STA-C6132,06-09-2024,Frappuccino,1,6.22,Pending,Cash
STA-O8943,STA-C10773,24-08-2025,Merchandise,3,31.19,Delivered,Credit Card
STA-O7610,STA-C6703,02-01-2024,Frappuccino,1,8.87,Cancelled,Mobile App
STA-O5556,STA-C4727,20-07-2023,Tea,1,5.96,Pending,Credit Card
STA-O8441,STA-C9914,05-12-2025,Frappuccino,5,5.01,Shipped,Mobile App
STA-O10009,STA-C9997,09-09-2023,Hot Coffee,3,3.89,Shipped,Starbucks Card
STA-O13771,STA-C3220,01-11-2024,Cold Coffee,1,7.38,Unknown,Mobile App
STA-O13227,STA-C4621,06-03-2024,Merchandise,1,10.93,Delivered,Mobile App
STA-O9907,STA-C6020,08-07-2024,Frappuccino,3,7.3,Cancelled,Starbucks Card
STA-O8171,STA-C10888,23-12-2023,Tea,2,3.19,Delivered,Mobile App
STA-O5812,STA-C9214,02-12-2024,Hot Coffee,2,4.55,Cancelled,Cash
STA-O12403,STA-C8621,11-08-2025,Coffee Beans (Retail),3,19.71,Shipped,Cash
STA-O14937,STA-C10917,04-10-2024,Coffee Beans (Retail),2,20.7,Delivered,Credit Card
STA-O6746,STA-C8249,01-02-2025,Cold Coffee,2,6.87,Returned,Credit Card
STA-O7893,STA-C1392,30-03-2025,Hot Coffee,3,5.32,Returned,Starbucks Card
STA-O11220,STA-C6364,07-10-2023,Bakery,2,5.35,Delivered,Mobile App
STA-O11036,STA-C3515,15-01-2023,Bakery,1,4.29,Shipped,Starbucks Card
STA-O11729,STA-C4959,23-10-2024,Frappuccino,2,8.75,Pending,Mobile App
STA-O8126,STA-C9999,21-11-2025,Cold Coffee,4,4.08,Shipped,Credit Card
STA-O13172,STA-C2980,07-03-2023,Bakery,1,2.2,Delivered,Mobile App
STA-O9835,STA-C1306,12-06-2024,Hot Coffee,2,3.93,Delivered,Cash
STA-O7810,STA-C3101,25-08-2023,Sandwiches,2,5.27,Returned,Credit Card
STA-O12103,STA-C9157,14-06-2024,Tea,1,5.56,Cancelled,Cash
STA-O10265,STA-C4408,22-10-2025,Merchandise,3,29.86,Delivered,Credit Card
STA-O9720,STA-C7394,04-01-2023,Bakery,4,5.76,Delivered,Cash
STA-O10278,STA-C5314,17-03-2023,Merchandise,3,21.09,Delivered,Cash
STA-O12985,STA-C2324,31-05-2025,Cold Coffee,5,6.35,Delivered,Mobile App
STA-O13396,STA-C9833,16-06-2023,Tea,4,3.1,Delivered,Cash
STA-O6028,STA-C1942,07-09-2025,Frappuccino,4,7.02,Returned,Credit Card
STA-O10900,STA-C9244,10-05-2023,Hot Coffee,4,4.92,Cancelled,Credit Card
STA-O5996,STA-C5234,01-08-2023,Coffee Beans (Retail),2,13.4,Returned,Starbucks Card
STA-O12282,STA-C9174,21-02-2023,Frappuccino,2,8.93,Delivered,Cash
STA-O12641,STA-C8797,14-08-2024,Frappuccino,3,8.62,Delivered,Mobile App
STA-O6729,STA-C9281,05-08-2023,Hot Coffee,5,5.74,Delivered,Credit Card
STA-O7753,STA-C2585,21-01-2024,Sandwiches,3,5.51,Delivered,Starbucks Card
STA-O13179,STA-C1806,07-08-2025,Tea,3,4.03,Cancelled,Cash
STA-O7879,STA-C3632,14-07-2024,Tea,5,3.43,Delivered,Mobile App
STA-O14003,STA-C7528,29-12-2024,Bakery,4,3.57,Delivered,Starbucks Card
STA-O7932,STA-C10756,08-08-2024,Frappuccino,5,8.62,Pending,Cash
STA-O11127,STA-C3972,18-02-2024,Coffee Beans (Retail),3,10.01,Pending,Mobile App
STA-O11317,STA-C9999,24-11-2024,Tea,5,5.35,Delivered,Starbucks Card
STA-O6848,STA-C6522,26-06-2024,Frappuccino,1,6.87,Delivered,Cash
STA-O13294,STA-C3319,20-12-2024,Tea,1,3.19,Delivered,Mobile App
STA-O5573,STA-C3667,08-01-2023,Bakery,2,4.72,Cancelled,Cash
STA-O10683,STA-C8207,10-10-2024,Coffee Beans (Retail),4,10.87,Delivered,Credit Card
STA-O9841,STA-C2446,08-06-2023,Frappuccino,3,6.14,Pending,Cash
STA-O12594,STA-C6054,24-01-2024,Bakery,5,3.14,Pending,Mobile App
STA-O9511,STA-C6371,15-09-2023,Bakery,3,2.16,Pending,Mobile App
STA-O11998,STA-C3044,14-07-2024,Sandwiches,4,5.49,Returned,Cash
STA-O10077,STA-C4672,11-01-2025,Coffee Beans (Retail),5,14.27,Delivered,Cash
STA-O7704,STA-C9061,24-09-2024,Cold Coffee,3,7.29,Delivered,Cash
STA-O7104,STA-C6461,01-12-2023,Coffee Beans (Retail),2,18.49,Returned,Mobile App
STA-O5284,STA-C8633,31-12-2023,Tea,3,3.12,Cancelled,Cash
STA-O13542,STA-C2513,20-06-2023,Bakery,2,4.6,Returned,Cash
STA-O5667,STA-C8978,07-01-2025,Bakery,4,3.21,Shipped,Starbucks Card
STA-O14915,STA-C4720,08-06-2024,Tea,4,5.7,Cancelled,Starbucks Card
STA-O7061,STA-C9099,27-01-2024,Coffee Beans (Retail),2,19.31,Delivered,Mobile App
STA-O13523,STA-C10408,30-09-2023,Sandwiches,1,7.93,Delivered,Starbucks Card
STA-O6120,STA-C4709,18-03-2025,Merchandise,1,21.45,Delivered,Credit Card
STA-O9092,STA-C5878,21-08-2024,Hot Coffee,3,4.83,Pending,Mobile App
STA-O12310,STA-C9370,16-07-2025,Tea,3,3.1,Delivered,Cash
STA-O13526,STA-C4723,07-01-2024,Merchandise,3,27.61,Delivered,Starbucks Card
STA-O14990,STA-C1777,06-12-2024,Frappuccino,2,8.69,Shipped,Cash
STA-O13937,STA-C1508,02-01-2024,Tea,4,4.99,Delivered,Mobile App
STA-O12223,STA-C6972,09-11-2023,Cold Coffee,1,7.05,Shipped,Starbucks Card
STA-O8086,STA-C5701,22-11-2025,Hot Coffee,5,3.64,Delivered,Cash
STA-O11616,STA-C9877,21-08-2023,Merchandise,5,36.08,Delivered,Starbucks Card
STA-O10537,STA-C1535,12-08-2023,Coffee Beans (Retail),2,10.11,Pending,Cash
STA-O8520,STA-C5330,11-02-2023,Sandwiches,5,8.65,Delivered,Credit Card
STA-O5869,STA-C10729,11-10-2023,Tea,3,4.54,Cancelled,Credit Card
STA-O9275,STA-C2985,25-02-2023,Frappuccino,2,6.14,Returned,Starbucks Card
STA-O5265,STA-C4245,14-11-2023,Hot Coffee,2,4.18,Delivered,Credit Card
STA-O13562,STA-C4584,05-09-2024,Bakery,2,4.51,Pending,Starbucks Card
STA-O14748,STA-C3293,15-10-2024,Hot Coffee,4,3.19,Pending,Mobile App
STA-O10793,STA-C4538,05-01-2024,Tea,5,5.93,Delivered,Mobile App
STA-O14902,STA-C4470,05-07-2023,Merchandise,5,27.16,Delivered,Mobile App
STA-O14512,STA-C8590,05-09-2024,Bakery,3,2.73,Delivered,Starbucks Card
STA-O5390,STA-C2175,29-03-2024,Merchandise,4,12.75,Delivered,Starbucks Card
STA-O12767,STA-C7204,26-04-2024,Coffee Beans (Retail),5,18.2,Delivered,Credit Card
STA-O6477,STA-C3149,05-05-2025,Coffee Beans (Retail),4,18.58,Returned,Starbucks Card
STA-O14483,STA-C1725,14-10-2024,Bakery,5,2.64,Delivered,Credit Card
STA-O8364,STA-C5370,03-12-2024,Sandwiches,2,6.76,Pending,Cash
STA-O14494,STA-C4175,27-06-2023,Tea,5,5.97,Pending,Cash
STA-O12218,STA-C5267,28-05-2025,Frappuccino,3,6.94,Returned,Starbucks Card
STA-O6261,STA-C1917,22-01-2025,Coffee Beans (Retail),3,23.25,Delivered,Starbucks Card
STA-O9365,STA-C1575,20-05-2023,Cold Coffee,4,4.12,Pending,Mobile App
STA-O12783,STA-C5796,04-09-2023,Frappuccino,3,7,Delivered,Starbucks Card
STA-O5728,STA-C4107,24-09-2025,Tea,1,3.33,Delivered,Credit Card
STA-O14289,STA-C9377,01-04-2024,Sandwiches,2,8.18,Delivered,Mobile App
STA-O9535,STA-C6974,13-06-2025,Merchandise,3,15.54,Cancelled,Credit Card
STA-O7921,STA-C4262,27-02-2023,Cold Coffee,2,7.82,Pending,Credit Card
STA-O5484,STA-C9492,02-02-2024,Coffee Beans (Retail),4,11.58,Shipped,Mobile App
STA-O13445,STA-C6807,17-07-2025,Cold Coffee,1,7.63,Delivered,Starbucks Card
STA-O8287,STA-C2317,12-07-2025,Merchandise,2,36.57,Cancelled,Mobile App
STA-O14211,STA-C10600,26-02-2023,Coffee Beans (Retail),4,23.08,Pending,Cash
STA-O8257,STA-C10928,19-06-2023,Sandwiches,3,6.78,Pending,Starbucks Card
STA-O12274,STA-C8952,12-11-2024,Tea,3,3.18,Returned,Mobile App
STA-O7626,STA-C4286,25-11-2024,Frappuccino,2,5.48,Cancelled,Credit Card
STA-O14458,STA-C1978,08-05-2025,Bakery,1,3.13,Delivered,Starbucks Card
STA-O6301,STA-C7988,30-08-2024,Frappuccino,2,7.34,Returned,Credit Card
STA-O11812,STA-C1459,13-06-2023,Cold Coffee,1,7.53,Delivered,Cash
STA-O6850,STA-C2084,16-10-2024,Frappuccino,5,7.17,Cancelled,Mobile App
STA-O11711,STA-C4164,30-06-2024,Merchandise,1,17.31,Delivered,Credit Card
STA-O9810,STA-C7631,16-01-2024,Merchandise,5,20.72,Delivered,Mobile App
STA-O7094,STA-C3477,28-10-2025,Cold Coffee,5,7.98,Delivered,Starbucks Card
STA-O10686,STA-C10622,13-05-2025,Merchandise,1,35.97,Cancelled,Starbucks Card
STA-O14223,STA-C9999,18-08-2023,Frappuccino,1,8.08,Delivered,Credit Card
STA-O9842,STA-C10327,14-01-2024,Bakery,3,2.91,Delivered,Credit Card
STA-O13576,STA-C3016,16-01-2024,Frappuccino,3,8.4,Delivered,Credit Card
STA-O11887,STA-C10771,15-06-2023,Sandwiches,2,7.37,Delivered,Credit Card
STA-O10563,STA-C4507,17-08-2024,Sandwiches,2,6.06,Delivered,Starbucks Card
STA-O10022,STA-C2395,28-04-2025,Sandwiches,2,5.95,Delivered,Credit Card
STA-O9771,STA-C5444,02-02-2024,Sandwiches,4,5.95,Shipped,Mobile App
STA-O6525,STA-C7429,15-10-2025,Hot Coffee,3,4.42,Unknown,Starbucks Card
STA-O10002,STA-C6657,14-12-2024,Tea,4,5.19,Cancelled,Mobile App
STA-O13267,STA-C10222,04-08-2025,Sandwiches,1,6.62,Delivered,Starbucks Card
STA-O9295,STA-C3982,21-01-2025,Hot Coffee,5,3.64,Delivered,Starbucks Card
STA-O9440,STA-C2020,04-04-2025,Sandwiches,1,6.47,Shipped,Mobile App
STA-O11230,STA-C5491,26-01-2024,Hot Coffee,3,6.09,Delivered,Starbucks Card
STA-O13043,STA-C1692,08-05-2024,Sandwiches,1,6.23,Delivered,Credit Card
STA-O11891,STA-C7247,01-10-2024,Hot Coffee,4,4.79,Shipped,Mobile App
STA-O8729,STA-C1932,10-12-2023,Tea,5,3.76,Pending,Cash
STA-O13934,STA-C9999,30-04-2024,Hot Coffee,1,6.66,Returned,Credit Card
STA-O10164,STA-C3447,30-11-2023,Frappuccino,5,7.08,Pending,Cash
STA-O13840,STA-C7400,25-07-2024,Frappuccino,4,5.61,Delivered,Credit Card
STA-O13798,STA-C1100,20-07-2023,Frappuccino,3,5.69,Delivered,Credit Card
STA-O8992,STA-C2840,15-01-2024,Hot Coffee,1,5.86,Unknown,Cash
STA-O6801,STA-C9456,13-01-2023,Coffee Beans (Retail),5,13.64,Delivered,Mobile App
STA-O9387,STA-C7144,27-01-2023,Coffee Beans (Retail),5,13.7,Cancelled,Starbucks Card
STA-O5495,STA-C4551,26-03-2025,Coffee Beans (Retail),3,12.42,Delivered,Credit Card
STA-O7410,STA-C2416,19-01-2025,Hot Coffee,4,4.29,Cancelled,Starbucks Card
STA-O11045,STA-C1927,30-01-2023,Tea,3,4.29,Delivered,Cash
STA-O12983,STA-C5102,28-11-2025,Hot Coffee,2,4.54,Shipped,Mobile App
STA-O11593,STA-C5565,14-02-2025,Sandwiches,1,7.87,Returned,Mobile App
STA-O8408,STA-C7097,21-03-2023,Coffee Beans (Retail),4,12.94,Returned,Mobile App
STA-O5936,STA-C8641,10-01-2024,Tea,4,4.57,Delivered,Cash
STA-O5851,STA-C9323,06-09-2025,Hot Coffee,2,6.4,Delivered,Cash
STA-O10040,STA-C4664,06-08-2024,Sandwiches,1,6.6,Pending,Cash
STA-O13449,STA-C8819,17-01-2025,Bakery,5,3.02,Shipped,Mobile App
STA-O7045,STA-C10695,13-07-2023,Tea,1,5.96,Shipped,Mobile App
STA-O13115,STA-C7248,06-02-2024,Bakery,1,5.82,Delivered,Credit Card
STA-O12517,STA-C2397,26-09-2025,Coffee Beans (Retail),5,11.41,Delivered,Cash
STA-O13025,STA-C9065,26-09-2023,Bakery,1,2.82,Delivered,Cash
STA-O13654,STA-C3667,22-01-2025,Merchandise,2,12.26,Delivered,Starbucks Card
STA-O9764,STA-C2572,18-02-2023,Merchandise,3,29.05,Shipped,Mobile App
STA-O6770,STA-C2904,17-01-2025,Cold Coffee,2,4.66,Delivered,Cash
STA-O14052,STA-C8966,16-05-2023,Frappuccino,2,7.34,Shipped,Mobile App
STA-O12115,STA-C6010,04-09-2025,Bakery,4,4.48,Cancelled,Credit Card
STA-O7341,STA-C4248,18-07-2025,Hot Coffee,2,4.3,Delivered,Starbucks Card
STA-O13908,STA-C8545,25-02-2023,Merchandise,5,34.67,Pending,Credit Card
STA-O5987,STA-C1740,27-10-2025,Bakery,3,2.84,Delivered,Credit Card
STA-O14237,STA-C5772,26-01-2024,Sandwiches,5,7.31,Delivered,Cash
STA-O11548,STA-C10865,07-04-2024,Merchandise,4,21.71,Returned,Starbucks Card
STA-O9168,STA-C8904,24-05-2023,Sandwiches,3,8.44,Delivered,Credit Card
STA-O8219,STA-C3598,04-12-2025,Cold Coffee,2,4.74,Shipped,Mobile App
STA-O12579,STA-C10685,07-10-2024,Coffee Beans (Retail),2,12.25,Returned,Starbucks Card
STA-O9137,STA-C7980,11-08-2024,Frappuccino,3,7.03,Shipped,Mobile App
STA-O11102,STA-C10699,31-03-2024,Tea,1,4.62,Shipped,Starbucks Card
STA-O9400,STA-C1580,23-02-2023,Merchandise,4,13.41,Delivered,Cash
STA-O7894,STA-C2275,25-07-2025,Bakery,1,3.83,Delivered,Cash
STA-O10426,STA-C8707,20-03-2024,Tea,1,4.16,Shipped,Mobile App
STA-O10240,STA-C1042,12-11-2025,Tea,5,3.12,Shipped,Credit Card
STA-O6139,STA-C10226,14-11-2025,Sandwiches,4,8.33,Delivered,Mobile App
STA-O9198,STA-C4013,08-03-2025,Tea,1,3.06,Delivered,Mobile App
STA-O9230,STA-C4770,20-05-2023,Bakery,4,2.36,Shipped,Starbucks Card
STA-O12895,STA-C5479,07-01-2023,Tea,1,3.53,Shipped,Credit Card
STA-O14339,STA-C3220,16-12-2023,Hot Coffee,3,3.83,Pending,Mobile App
STA-O12166,STA-C7397,07-03-2023,Sandwiches,3,8.46,Delivered,Starbucks Card
STA-O5157,STA-C8370,05-10-2025,Bakery,3,2.59,Pending,Cash
STA-O10871,STA-C5944,04-05-2025,Cold Coffee,4,4.72,Delivered,Starbucks Card
STA-O11532,STA-C9999,31-03-2025,Merchandise,4,29.24,Delivered,Starbucks Card
STA-O7842,STA-C2081,02-03-2023,Hot Coffee,3,3.46,Cancelled,Mobile App
STA-O14993,STA-C8905,28-09-2025,Tea,3,3.75,Cancelled,Mobile App
STA-O10224,STA-C4446,13-05-2023,Hot Coffee,5,4.48,Pending,Credit Card
STA-O9856,STA-C6004,28-04-2024,Cold Coffee,3,6.28,Returned,Cash
STA-O9543,STA-C4960,28-05-2025,Sandwiches,1,8.51,Returned,Cash
STA-O5019,STA-C1170,03-08-2024,Frappuccino,3,7.17,Shipped,Starbucks Card
STA-O9645,STA-C8839,07-10-2025,Coffee Beans (Retail),4,24.21,Delivered,Starbucks Card
STA-O7492,STA-C7112,06-11-2025,Cold Coffee,5,7.47,Delivered,Mobile App
STA-O11780,STA-C5245,29-03-2024,Frappuccino,5,8.11,Returned,Starbucks Card
STA-O14242,STA-C9741,23-06-2025,Merchandise,2,14.16,Delivered,Mobile App
STA-O9490,STA-C8177,01-12-2023,Coffee Beans (Retail),5,19.12,Cancelled,Credit Card
STA-O6897,STA-C1124,17-02-2025,Frappuccino,3,5.13,Returned,Mobile App
STA-O11014,STA-C2791,15-05-2025,Frappuccino,5,5.52,Returned,Cash
STA-O8866,STA-C6460,05-05-2023,Sandwiches,1,7.84,Delivered,Cash
STA-O11372,STA-C9346,31-01-2025,Coffee Beans (Retail),5,22.58,Shipped,Cash
STA-O12705,STA-C10739,13-11-2025,Tea,2,3.21,Pending,Mobile App
STA-O14279,STA-C2482,15-07-2023,Merchandise,3,15.24,Delivered,Credit Card
STA-O9855,STA-C9199,13-10-2025,Tea,1,3.38,Shipped,Starbucks Card
STA-O11523,STA-C4004,29-02-2024,Tea,3,3.43,Delivered,Cash
STA-O14767,STA-C3030,18-01-2023,Hot Coffee,4,6.91,Shipped,Mobile App
STA-O10717,STA-C2849,26-09-2025,Tea,2,3.06,Delivered,Cash
STA-O12495,STA-C5044,12-09-2025,Sandwiches,3,7.87,Pending,Cash
STA-O5704,STA-C10422,08-06-2025,Frappuccino,2,8.83,Cancelled,Starbucks Card
STA-O9728,STA-C7979,05-01-2023,Hot Coffee,2,4.93,Cancelled,Starbucks Card
STA-O12316,STA-C5300,25-04-2024,Tea,3,5.62,Pending,Cash
STA-O5289,STA-C6153,03-09-2023,Hot Coffee,1,5.58,Pending,Cash
STA-O13314,STA-C3691,10-09-2023,Hot Coffee,2,4.71,Cancelled,Credit Card
STA-O12877,STA-C4908,22-02-2024,Coffee Beans (Retail),3,18.97,Pending,Cash
STA-O9075,STA-C10476,17-03-2023,Bakery,4,3.74,Delivered,Cash
STA-O9266,STA-C8351,25-07-2024,Coffee Beans (Retail),3,10.15,Shipped,Starbucks Card
STA-O13087,STA-C9077,13-04-2024,Coffee Beans (Retail),1,24.06,Delivered,Credit Card
STA-O14376,STA-C7970,28-07-2025,Merchandise,2,10.02,Pending,Cash
STA-O5100,STA-C1388,18-12-2024,Cold Coffee,5,4.24,Delivered,Credit Card
STA-O13646,STA-C5129,13-02-2025,Coffee Beans (Retail),1,24.7,Delivered,Cash
STA-O14747,STA-C7544,09-10-2024,Coffee Beans (Retail),4,10.77,Delivered,Cash
STA-O11019,STA-C6578,20-10-2023,Bakery,3,2.63,Delivered,Mobile App
STA-O13440,STA-C6356,23-04-2025,Tea,2,3.28,Returned,Cash
STA-O13741,STA-C1864,30-10-2024,Hot Coffee,5,6.47,Returned,Cash
STA-O6863,STA-C10755,11-05-2025,Frappuccino,1,5.55,Delivered,Starbucks Card
STA-O14326,STA-C8328,26-12-2023,Sandwiches,1,7.79,Delivered,Cash
STA-O6860,STA-C7496,15-07-2024,Merchandise,4,12.35,Delivered,Cash
STA-O12165,STA-C1198,26-10-2024,Cold Coffee,4,5.12,Delivered,Starbucks Card
STA-O9762,STA-C4323,27-02-2023,Sandwiches,5,6.12,Delivered,Mobile App
STA-O6887,STA-C7648,03-03-2025,Cold Coffee,2,7.41,Cancelled,Mobile App
STA-O13640,STA-C5886,11-02-2025,Coffee Beans (Retail),2,10.49,Delivered,Cash
STA-O5331,STA-C1635,07-08-2025,Cold Coffee,3,5.59,Delivered,Mobile App
STA-O8423,STA-C6772,26-06-2024,Cold Coffee,3,6.72,Delivered,Credit Card
STA-O7839,STA-C7223,15-03-2025,Cold Coffee,4,4.88,Delivered,Mobile App
STA-O9506,STA-C2885,02-08-2025,Merchandise,1,19.89,Delivered,Credit Card
STA-O14156,STA-C3573,26-06-2023,Tea,4,3.05,Delivered,Starbucks Card
STA-O10912,STA-C3510,11-04-2023,Coffee Beans (Retail),4,12.5,Delivered,Starbucks Card
STA-O8597,STA-C2922,25-11-2023,Merchandise,1,22.37,Delivered,Starbucks Card
STA-O11785,STA-C6900,01-09-2025,Frappuccino,3,6.41,Cancelled,Mobile App
STA-O13680,STA-C5723,20-05-2025,Bakery,3,5.77,Cancelled,Cash
STA-O10643,STA-C5989,03-11-2024,Coffee Beans (Retail),4,13.93,Shipped,Starbucks Card
STA-O5359,STA-C1341,01-08-2024,Merchandise,4,28.61,Cancelled,Mobile App
STA-O6989,STA-C5372,23-01-2025,Hot Coffee,2,3.68,Cancelled,Starbucks Card
STA-O10422,STA-C4781,25-05-2024,Coffee Beans (Retail),2,13.93,Cancelled,Starbucks Card
STA-O8908,STA-C6971,13-07-2023,Hot Coffee,1,4.67,Delivered,Cash
STA-O14571,STA-C7061,09-02-2024,Bakery,1,4.38,Delivered,Mobile App
STA-O10101,STA-C9311,18-01-2023,Tea,4,3.6,Shipped,Starbucks Card
STA-O10375,STA-C4375,20-01-2025,Cold Coffee,4,7.36,Shipped,Mobile App
STA-O5571,STA-C8698,30-12-2025,Bakery,1,4.76,Shipped,Starbucks Card
STA-O7827,STA-C2485,16-07-2023,Tea,5,3.19,Pending,Starbucks Card
STA-O7587,STA-C5989,02-04-2023,Merchandise,2,30.8,Delivered,Mobile App
STA-O6618,STA-C4933,14-11-2025,Cold Coffee,5,7.93,Delivered,Mobile App
STA-O5967,STA-C8511,01-06-2023,Merchandise,1,11.22,Delivered,Cash
STA-O9401,STA-C9185,01-04-2025,Frappuccino,2,7.51,Delivered,Cash
STA-O12799,STA-C4897,24-03-2025,Bakery,4,3.82,Delivered,Cash
STA-O9021,STA-C5887,01-09-2024,Hot Coffee,4,3.3,Returned,Cash
STA-O13073,STA-C7312,28-08-2024,Frappuccino,2,8.65,Delivered,Mobile App
STA-O8600,STA-C3237,04-09-2024,Cold Coffee,3,5.65,Shipped,Starbucks Card
STA-O5610,STA-C9555,28-11-2023,Frappuccino,3,7.09,Delivered,Starbucks Card
STA-O8939,STA-C9075,29-01-2023,Merchandise,2,27.8,Cancelled,Mobile App
STA-O8843,STA-C1496,08-11-2024,Cold Coffee,1,5.25,Cancelled,Credit Card
STA-O11552,STA-C3429,17-09-2023,Frappuccino,2,8.45,Delivered,Credit Card
STA-O13608,STA-C8967,01-04-2025,Sandwiches,5,7.32,Pending,Starbucks Card
STA-O12658,STA-C2844,08-11-2023,Coffee Beans (Retail),5,17.69,Delivered,Credit Card
STA-O14843,STA-C6376,24-03-2025,Frappuccino,5,6.01,Cancelled,Mobile App
STA-O10260,STA-C4527,08-05-2025,Tea,3,4,Returned,Mobile App
STA-O5779,STA-C3515,24-08-2023,Tea,4,3.17,Returned,Starbucks Card
STA-O9640,STA-C6600,14-02-2025,Merchandise,1,15.7,Shipped,Credit Card
STA-O9465,STA-C5763,13-11-2024,Tea,2,5.59,Shipped,Mobile App
STA-O14816,STA-C2385,21-12-2023,Bakery,1,5.52,Returned,Starbucks Card
STA-O7181,STA-C9999,04-05-2024,Bakery,3,2.59,Shipped,Starbucks Card
STA-O5211,STA-C1618,02-05-2025,Tea,5,5.29,Returned,Starbucks Card
STA-O6376,STA-C3027,27-01-2025,Frappuccino,2,7.3,Delivered,Cash
STA-O14882,STA-C9654,06-10-2025,Hot Coffee,5,3.8,Pending,Credit Card
STA-O6830,STA-C3858,22-02-2025,Cold Coffee,4,4.29,Cancelled,Mobile App
STA-O8330,STA-C7793,08-10-2025,Cold Coffee,1,7.71,Delivered,Mobile App
STA-O14667,STA-C4685,24-04-2024,Coffee Beans (Retail),1,23.11,Unknown,Mobile App
STA-O8750,STA-C9448,13-03-2023,Cold Coffee,4,7.96,Delivered,Mobile App
STA-O9321,STA-C1870,08-12-2023,Frappuccino,5,8.89,Shipped,Credit Card
STA-O5225,STA-C3261,23-09-2023,Sandwiches,5,5.84,Returned,Credit Card
STA-O5916,STA-C7057,09-01-2024,Tea,3,4.68,Delivered,Mobile App
STA-O11813,STA-C9999,23-04-2024,Coffee Beans (Retail),1,20.93,Shipped,Cash
STA-O10439,STA-C9688,21-07-2025,Cold Coffee,4,7.82,Delivered,Cash
STA-O10805,STA-C1400,25-07-2024,Frappuccino,3,8.72,Delivered,Starbucks Card
STA-O13832,STA-C8856,23-12-2024,Hot Coffee,3,4.21,Returned,Starbucks Card
STA-O10035,STA-C4117,07-04-2024,Frappuccino,1,8.27,Pending,Credit Card
STA-O13027,STA-C3232,28-07-2025,Hot Coffee,4,6.54,Delivered,Mobile App
STA-O9448,STA-C1087,24-09-2023,Merchandise,2,25.64,Pending,Cash
STA-O9447,STA-C8118,21-12-2025,Cold Coffee,4,4.72,Delivered,Credit Card
STA-O13878,STA-C4316,13-12-2025,Merchandise,2,21.67,Shipped,Credit Card
STA-O7076,STA-C9341,28-09-2024,Sandwiches,1,5.08,Pending,Mobile App
STA-O11642,STA-C3209,29-03-2025,Hot Coffee,3,5.03,Delivered,Mobile App
STA-O6498,STA-C8013,15-04-2025,Coffee Beans (Retail),4,13.39,Returned,Credit Card
STA-O10536,STA-C7770,19-10-2025,Cold Coffee,2,5.36,Returned,Credit Card
STA-O9776,STA-C1807,31-08-2024,Sandwiches,5,7.25,Delivered,Cash
STA-O7308,STA-C8167,25-04-2023,Frappuccino,5,6.26,Delivered,Cash
STA-O8074,STA-C7582,10-11-2023,Coffee Beans (Retail),4,24.14,Delivered,Credit Card
STA-O14729,STA-C8901,23-02-2024,Tea,2,5.82,Cancelled,Cash
STA-O10469,STA-C5517,22-05-2024,Merchandise,4,30.8,Pending,Credit Card
STA-O10782,STA-C1719,22-09-2023,Hot Coffee,3,3.6,Cancelled,Mobile App
STA-O9363,STA-C4974,25-12-2025,Cold Coffee,3,4.48,Pending,Credit Card
STA-O7550,STA-C4693,12-05-2023,Cold Coffee,1,6.94,Cancelled,Credit Card
STA-O9394,STA-C6913,27-09-2025,Merchandise,1,30.46,Cancelled,Starbucks Card
STA-O8014,STA-C10284,02-04-2023,Coffee Beans (Retail),4,11.36,Delivered,Cash
STA-O5238,STA-C1186,01-01-2024,Tea,1,4.29,Delivered,Starbucks Card
STA-O5998,STA-C1536,01-03-2023,Frappuccino,1,5.03,Delivered,Mobile App
STA-O12668,STA-C8881,15-11-2023,Coffee Beans (Retail),2,11.22,Cancelled,Starbucks Card
STA-O12083,STA-C10684,14-12-2025,Tea,3,4.66,Cancelled,Mobile App
STA-O9847,STA-C7769,30-12-2024,Frappuccino,2,8.73,Delivered,Credit Card
STA-O8596,STA-C7101,13-06-2024,Cold Coffee,1,4.13,Delivered,Mobile App
STA-O10455,STA-C1645,02-02-2023,Merchandise,1,24.56,Delivered,Starbucks Card
STA-O6875,STA-C2163,15-04-2024,Merchandise,4,18.18,Pending,Cash
STA-O13234,STA-C8041,19-10-2025,Hot Coffee,5,3.36,Returned,Starbucks Card
STA-O12160,STA-C8120,15-04-2023,Tea,2,5.77,Pending,Starbucks Card
STA-O12618,STA-C3420,21-02-2025,Coffee Beans (Retail),2,23.38,Delivered,Mobile App
STA-O6879,STA-C4709,05-07-2024,Sandwiches,2,6.87,Pending,Mobile App
STA-O13502,STA-C1767,14-08-2023,Coffee Beans (Retail),3,23.6,Pending,Credit Card
STA-O8658,STA-C9642,04-07-2025,Cold Coffee,3,7.93,Pending,Starbucks Card
STA-O10498,STA-C10658,05-11-2024,Tea,5,4.84,Pending,Credit Card
STA-O13644,STA-C5716,03-04-2025,Merchandise,5,35.53,Shipped,Cash
STA-O5882,STA-C4902,05-07-2025,Bakery,5,3.86,Pending,Mobile App
STA-O7584,STA-C4164,25-09-2025,Coffee Beans (Retail),4,15.45,Returned,Starbucks Card
STA-O6285,STA-C3650,27-06-2025,Hot Coffee,3,3.05,Shipped,Cash
STA-O6666,STA-C4701,08-04-2025,Frappuccino,1,6.33,Pending,Credit Card
STA-O11094,STA-C2608,24-07-2025,Hot Coffee,4,3.12,Returned,Mobile App
STA-O6827,STA-C3201,08-02-2024,Frappuccino,1,5.53,Delivered,Starbucks Card
STA-O12602,STA-C2007,17-07-2023,Cold Coffee,4,6.66,Cancelled,Credit Card
STA-O8608,STA-C1370,24-06-2025,Bakery,3,3.42,Delivered,Mobile App
STA-O6079,STA-C4243,05-10-2025,Tea,4,4.54,Delivered,Starbucks Card
STA-O7757,STA-C2137,21-04-2024,Cold Coffee,3,5.15,Delivered,Mobile App
STA-O8888,STA-C2281,26-02-2025,Bakery,1,4.64,Delivered,Cash
STA-O14013,STA-C5085,31-07-2024,Hot Coffee,1,4.7,Cancelled,Credit Card
STA-O13433,STA-C6540,07-02-2024,Sandwiches,2,6.9,Cancelled,Mobile App
STA-O12997,STA-C7560,20-06-2025,Tea,2,5.32,Delivered,Starbucks Card
STA-O13984,STA-C5817,27-11-2025,Bakery,3,3.71,Pending,Cash
STA-O5826,STA-C3609,21-06-2023,Frappuccino,2,6.43,Shipped,Starbucks Card
STA-O13701,STA-C3167,12-12-2024,Coffee Beans (Retail),3,23.92,Delivered,Credit Card
STA-O10991,STA-C4395,25-09-2025,Frappuccino,4,8.41,Delivered,Credit Card
STA-O12284,STA-C5148,10-01-2023,Frappuccino,3,5.29,Shipped,Starbucks Card
STA-O10734,STA-C9999,19-01-2025,Sandwiches,2,6.51,Cancelled,Starbucks Card
STA-O12795,STA-C7837,05-01-2023,Merchandise,3,23.86,Pending,Mobile App
STA-O10765,STA-C8574,17-03-2023,Tea,3,5.16,Pending,Cash
STA-O13854,STA-C10219,27-01-2025,Cold Coffee,4,7.47,Delivered,Cash
STA-O6189,STA-C3970,23-12-2023,Sandwiches,4,7.42,Cancelled,Mobile App
STA-O9759,STA-C1491,29-03-2024,Hot Coffee,5,6.62,Cancelled,Starbucks Card
STA-O5176,STA-C2018,21-09-2024,Merchandise,5,13.96,Delivered,Starbucks Card
STA-O6695,STA-C10885,25-07-2024,Hot Coffee,3,6.24,Pending,Starbucks Card
STA-O12687,STA-C3967,23-08-2024,Frappuccino,5,7.36,Delivered,Cash
STA-O9836,STA-C10218,04-01-2025,Sandwiches,1,7.56,Returned,Mobile App
STA-O5691,STA-C6418,19-05-2025,Hot Coffee,4,5.35,Delivered,Cash
STA-O10299,STA-C5451,21-07-2023,Cold Coffee,4,7.47,Returned,Starbucks Card
STA-O9887,STA-C10707,24-08-2025,Sandwiches,3,5.91,Delivered,Mobile App
STA-O11951,STA-C10737,31-10-2024,Merchandise,1,12.26,Pending,Credit Card
STA-O5183,STA-C8538,20-10-2023,Frappuccino,1,5.85,Shipped,Mobile App
STA-O10421,STA-C3769,26-08-2023,Bakery,5,2.29,Cancelled,Mobile App
STA-O12319,STA-C10675,07-09-2023,Cold Coffee,1,5.16,Delivered,Starbucks Card
STA-O5323,STA-C5445,27-11-2025,Merchandise,2,38.77,Unknown,Cash
STA-O6244,STA-C3814,17-05-2024,Cold Coffee,5,7.41,Delivered,Credit Card
STA-O13136,STA-C10996,04-01-2024,Coffee Beans (Retail),4,14.79,Delivered,Credit Card
STA-O13895,STA-C8347,14-10-2023,Bakery,2,3.48,Returned,Cash
STA-O8440,STA-C4468,13-12-2024,Tea,2,4.12,Pending,Mobile App
STA-O12089,STA-C7028,14-02-2023,Cold Coffee,4,7.31,Delivered,Cash
STA-O10635,STA-C2696,06-04-2023,Frappuccino,3,5.75,Returned,Credit Card
STA-O7652,STA-C3733,14-03-2024,Bakery,5,5.98,Delivered,Credit Card
STA-O14979,STA-C1506,03-08-2024,Tea,5,4.98,Shipped,Cash
STA-O14496,STA-C1289,07-07-2023,Coffee Beans (Retail),5,22.86,Shipped,Cash
STA-O5618,STA-C5343,09-03-2024,Coffee Beans (Retail),2,14.38,Cancelled,Credit Card
STA-O8651,STA-C1372,01-05-2023,Cold Coffee,5,5.4,Shipped,Starbucks Card
STA-O7169,STA-C7065,12-11-2023,Hot Coffee,3,4.77,Delivered,Starbucks Card
STA-O6544,STA-C1211,01-01-2025,Coffee Beans (Retail),4,20.5,Cancelled,Starbucks Card
STA-O11559,STA-C4001,14-08-2023,Merchandise,1,16.07,Shipped,Cash
STA-O11736,STA-C5748,30-05-2023,Coffee Beans (Retail),2,14.83,Returned,Credit Card
STA-O9267,STA-C5749,03-08-2024,Cold Coffee,5,5.32,Delivered,Credit Card
STA-O7464,STA-C8797,05-04-2023,Tea,5,5.61,Shipped,Starbucks Card
STA-O9673,STA-C4741,06-03-2024,Sandwiches,4,7.94,Returned,Credit Card
STA-O13211,STA-C2787,16-04-2025,Tea,3,5.69,Delivered,Starbucks Card
STA-O9674,STA-C8926,12-11-2025,Sandwiches,1,5.39,Pending,Starbucks Card
STA-O9061,STA-C9656,27-07-2024,Hot Coffee,2,4.34,Delivered,Starbucks Card
STA-O8049,STA-C4743,10-04-2024,Tea,5,5.55,Delivered,Starbucks Card
STA-O7923,STA-C2709,16-01-2025,Cold Coffee,3,7.45,Returned,Cash
STA-O14584,STA-C7329,23-05-2024,Coffee Beans (Retail),4,15.01,Pending,Cash
STA-O14611,STA-C4469,27-08-2024,Frappuccino,5,7.59,Delivered,Credit Card
STA-O13547,STA-C6244,29-02-2024,Cold Coffee,1,7.17,Shipped,Cash
STA-O9518,STA-C8442,12-08-2025,Coffee Beans (Retail),2,15.98,Cancelled,Mobile App
STA-O14555,STA-C6461,15-08-2025,Hot Coffee,3,5.48,Delivered,Credit Card
STA-O13279,STA-C7064,17-05-2023,Bakery,1,4.74,Delivered,Credit Card
STA-O12829,STA-C6336,28-04-2024,Hot Coffee,5,4.3,Delivered,Starbucks Card
STA-O9491,STA-C8487,13-03-2024,Cold Coffee,1,6.15,Delivered,Mobile App
STA-O6453,STA-C3763,16-08-2024,Frappuccino,4,7.78,Unknown,Mobile App
STA-O14939,STA-C2108,03-05-2024,Sandwiches,4,7.22,Delivered,Credit Card
STA-O10401,STA-C10747,19-02-2023,Bakery,5,5.46,Delivered,Starbucks Card
STA-O6357,STA-C4240,02-12-2024,Tea,4,4.37,Cancelled,Cash
STA-O9544,STA-C8431,30-06-2024,Cold Coffee,5,7.66,Cancelled,Credit Card
STA-O7698,STA-C5095,14-07-2023,Hot Coffee,4,5.81,Delivered,Credit Card
STA-O14285,STA-C1196,13-10-2025,Merchandise,1,31.89,Cancelled,Cash
STA-O7530,STA-C8872,19-04-2024,Cold Coffee,1,7.09,Pending,Credit Card
STA-O13131,STA-C6648,11-01-2024,Sandwiches,4,8.37,Delivered,Mobile App
STA-O13770,STA-C7605,04-10-2025,Bakery,2,3.57,Delivered,Cash
STA-O11617,STA-C9999,28-01-2024,Cold Coffee,4,4.56,Shipped,Credit Card
STA-O11115,STA-C6029,07-02-2025,Coffee Beans (Retail),2,14.2,Unknown,Mobile App
STA-O13287,STA-C4726,08-08-2025,Frappuccino,3,7.17,Pending,Credit Card
STA-O7426,STA-C3816,02-09-2025,Cold Coffee,5,7.36,Delivered,Credit Card
STA-O8378,STA-C9825,08-12-2025,Merchandise,1,31.24,Cancelled,Credit Card
STA-O12198,STA-C9966,02-07-2025,Cold Coffee,5,6.41,Cancelled,Credit Card
STA-O5196,STA-C7994,07-10-2024,Sandwiches,2,8.06,Delivered,Starbucks Card
STA-O13212,STA-C7795,26-03-2025,Cold Coffee,5,5.44,Returned,Cash
STA-O10363,STA-C7632,07-09-2025,Merchandise,5,23.49,Returned,Credit Card
STA-O10361,STA-C1912,18-06-2025,Cold Coffee,4,4.18,Returned,Credit Card
STA-O14364,STA-C10468,10-03-2024,Cold Coffee,4,5.99,Delivered,Starbucks Card
STA-O11314,STA-C2372,12-10-2024,Frappuccino,4,8.86,Returned,Mobile App
STA-O5652,STA-C2635,02-12-2023,Sandwiches,3,5.82,Returned,Starbucks Card
STA-O8058,STA-C6451,04-07-2024,Sandwiches,3,5.88,Delivered,Cash
STA-O11406,STA-C3435,22-10-2025,Hot Coffee,1,3.82,Delivered,Cash
STA-O13265,STA-C3048,20-05-2023,Merchandise,5,26.77,Cancelled,Credit Card
STA-O9018,STA-C4123,23-06-2023,Merchandise,5,36.91,Delivered,Mobile App
STA-O9017,STA-C6035,23-04-2023,Bakery,4,5.32,Delivered,Cash
STA-O8090,STA-C5137,31-03-2025,Frappuccino,5,6.2,Delivered,Starbucks Card
STA-O12362,STA-C9054,07-08-2025,Merchandise,1,11.88,Delivered,Mobile App
STA-O6627,STA-C10035,01-08-2024,Coffee Beans (Retail),4,22.05,Delivered,Mobile App
STA-O13622,STA-C10446,18-12-2023,Hot Coffee,5,4.54,Delivered,Mobile App
STA-O14455,STA-C8927,02-02-2025,Sandwiches,5,8.98,Cancelled,Credit Card
STA-O14757,STA-C3833,05-01-2023,Sandwiches,2,5.76,Returned,Credit Card
STA-O13835,STA-C1421,03-05-2023,Tea,2,4.28,Returned,Cash
STA-O11198,STA-C6346,11-09-2025,Frappuccino,5,8.07,Delivered,Mobile App
STA-O12212,STA-C4678,03-01-2024,Frappuccino,3,7.32,Delivered,Mobile App
STA-O11741,STA-C6049,22-04-2024,Tea,5,5.93,Delivered,Starbucks Card
STA-O14146,STA-C10918,28-06-2023,Hot Coffee,2,4.21,Delivered,Mobile App
STA-O9704,STA-C2658,02-09-2024,Merchandise,2,32.22,Delivered,Cash
STA-O7118,STA-C6880,05-12-2024,Cold Coffee,3,7.04,Delivered,Mobile App
STA-O9683,STA-C6016,11-03-2025,Bakery,1,3.04,Delivered,Starbucks Card
STA-O11958,STA-C4538,04-12-2024,Sandwiches,5,8.27,Delivered,Cash
STA-O5976,STA-C3270,09-05-2023,Sandwiches,5,5.47,Delivered,Cash
STA-O13700,STA-C10326,20-03-2024,Tea,2,4.19,Cancelled,Cash
STA-O14143,STA-C3014,01-06-2024,Merchandise,2,19.98,Delivered,Credit Card
STA-O6299,STA-C6464,08-11-2025,Merchandise,5,18.47,Shipped,Cash
STA-O8924,STA-C9608,28-12-2024,Tea,1,4.49,Cancelled,Cash
STA-O8413,STA-C3493,03-10-2023,Tea,1,5.03,Returned,Cash
STA-O6530,STA-C8908,01-04-2023,Bakery,5,4.61,Shipped,Credit Card
STA-O13439,STA-C2744,26-05-2023,Coffee Beans (Retail),1,17.57,Shipped,Cash
STA-O8609,STA-C7986,16-01-2024,Tea,3,5.57,Delivered,Credit Card
STA-O8849,STA-C7410,07-01-2024,Cold Coffee,2,4.84,Shipped,Starbucks Card
STA-O7343,STA-C3056,26-08-2025,Tea,2,4.71,Delivered,Cash
STA-O6741,STA-C9834,16-01-2024,Merchandise,4,13.57,Cancelled,Mobile App
STA-O14909,STA-C9108,22-10-2025,Sandwiches,2,6.71,Delivered,Starbucks Card
STA-O8161,STA-C5532,06-04-2023,Frappuccino,1,8.09,Cancelled,Credit Card
STA-O12120,STA-C9860,20-04-2023,Coffee Beans (Retail),4,11.49,Delivered,Mobile App
STA-O5035,STA-C1532,23-12-2024,Sandwiches,3,8.39,Cancelled,Mobile App
STA-O14122,STA-C1762,17-08-2023,Hot Coffee,1,3.83,Shipped,Starbucks Card
STA-O10100,STA-C8343,27-01-2025,Frappuccino,4,7.75,Delivered,Credit Card
STA-O10094,STA-C10050,17-03-2023,Coffee Beans (Retail),3,23.86,Returned,Credit Card
STA-O8460,STA-C6037,28-08-2023,Coffee Beans (Retail),5,21.47,Cancelled,Mobile App
STA-O12715,STA-C10265,07-04-2025,Merchandise,5,19.63,Shipped,Cash
STA-O8293,STA-C4128,21-03-2023,Hot Coffee,1,5.84,Delivered,Starbucks Card
STA-O8108,STA-C10739,28-03-2023,Sandwiches,1,6,Delivered,Cash
STA-O13643,STA-C6260,14-07-2024,Hot Coffee,5,5.99,Delivered,Cash
STA-O13794,STA-C6340,03-03-2025,Merchandise,4,31.01,Cancelled,Credit Card
STA-O6943,STA-C7239,19-03-2025,Merchandise,3,34.34,Pending,Credit Card
STA-O14221,STA-C4084,13-05-2023,Merchandise,2,21.94,Delivered,Mobile App
STA-O14878,STA-C2854,23-09-2023,Bakery,4,3.63,Delivered,Cash
STA-O7503,STA-C10356,02-02-2025,Frappuccino,1,7.05,Shipped,Credit Card
STA-O12522,STA-C1727,21-03-2023,Frappuccino,4,8.94,Delivered,Cash
STA-O14965,STA-C6095,28-08-2024,Frappuccino,2,8.44,Cancelled,Credit Card
STA-O12177,STA-C2656,01-10-2024,Bakery,1,5.68,Delivered,Mobile App
STA-O6591,STA-C3126,29-10-2025,Coffee Beans (Retail),4,11.82,Delivered,Starbucks Card
STA-O6067,STA-C10824,28-10-2025,Hot Coffee,3,3.69,Delivered,Starbucks Card
STA-O6835,STA-C8313,11-04-2023,Sandwiches,3,5.32,Returned,Starbucks Card
STA-O11689,STA-C8816,11-08-2025,Frappuccino,5,7.28,Shipped,Cash
STA-O5347,STA-C10035,17-05-2024,Sandwiches,2,7.92,Returned,Cash
STA-O12457,STA-C3633,11-09-2023,Cold Coffee,3,7.99,Shipped,Credit Card
STA-O14407,STA-C2259,19-02-2025,Frappuccino,4,5.73,Delivered,Credit Card
STA-O9791,STA-C6168,13-03-2025,Cold Coffee,1,4.92,Returned,Cash
STA-O8315,STA-C5769,28-03-2024,Frappuccino,5,7.64,Returned,Mobile App
STA-O10943,STA-C3911,21-12-2025,Cold Coffee,3,5.6,Pending,Credit Card
STA-O11521,STA-C6799,17-12-2024,Merchandise,3,12.97,Delivered,Starbucks Card
STA-O6566,STA-C7554,08-02-2025,Merchandise,1,10.93,Shipped,Cash
STA-O5815,STA-C5561,09-03-2023,Frappuccino,3,8.23,Pending,Credit Card
STA-O13707,STA-C6014,13-02-2025,Hot Coffee,3,4.77,Shipped,Mobile App
STA-O10195,STA-C7458,08-03-2023,Sandwiches,3,6.39,Delivered,Starbucks Card
STA-O14291,STA-C8267,24-03-2024,Tea,2,3.07,Cancelled,Credit Card
STA-O6719,STA-C2069,25-03-2025,Bakery,4,3.33,Returned,Starbucks Card
STA-O9600,STA-C3845,22-10-2023,Merchandise,5,35.67,Shipped,Starbucks Card
STA-O10630,STA-C1917,01-08-2023,Merchandise,5,23.72,Delivered,Mobile App
STA-O12323,STA-C10791,24-09-2024,Coffee Beans (Retail),4,16.31,Shipped,Starbucks Card
STA-O8475,STA-C7925,26-04-2024,Hot Coffee,3,5.59,Shipped,Cash
STA-O13764,STA-C6962,01-03-2023,Hot Coffee,5,3.41,Unknown,Starbucks Card
STA-O8240,STA-C9856,25-04-2024,Cold Coffee,2,5.78,Unknown,Mobile App
STA-O5965,STA-C8667,25-07-2023,Frappuccino,4,5.36,Delivered,Starbucks Card
STA-O8190,STA-C2686,13-03-2024,Merchandise,4,9.73,Returned,Mobile App
STA-O13304,STA-C2332,09-08-2023,Cold Coffee,5,4.2,Returned,Cash
STA-O8290,STA-C6447,26-12-2025,Tea,3,4.39,Shipped,Cash
STA-O7829,STA-C9404,02-01-2025,Bakery,1,5.11,Returned,Mobile App
STA-O11232,STA-C2612,19-12-2024,Tea,2,4.3,Shipped,Credit Card
STA-O7854,STA-C3557,16-07-2024,Bakery,3,3.53,Returned,Credit Card
STA-O8941,STA-C2448,01-08-2025,Hot Coffee,3,4.12,Shipped,Mobile App
STA-O12281,STA-C4143,12-01-2024,Merchandise,5,32.58,Delivered,Cash
STA-O8192,STA-C9526,08-05-2025,Cold Coffee,2,5.19,Pending,Starbucks Card
STA-O11853,STA-C7638,19-10-2023,Coffee Beans (Retail),3,24.5,Unknown,Starbucks Card
STA-O5278,STA-C5732,23-12-2024,Hot Coffee,3,6.7,Delivered,Mobile App
STA-O13713,STA-C2227,16-02-2024,Coffee Beans (Retail),2,10.26,Shipped,Credit Card
STA-O6055,STA-C2301,04-06-2025,Hot Coffee,3,3.29,Delivered,Mobile App
STA-O13215,STA-C10960,14-08-2025,Bakery,1,2.51,Cancelled,Starbucks Card
STA-O12971,STA-C7737,01-02-2025,Frappuccino,5,6.38,Delivered,Credit Card
STA-O7408,STA-C1728,18-10-2023,Tea,1,3.7,Delivered,Cash
STA-O6412,STA-C9478,08-06-2023,Merchandise,4,28.47,Cancelled,Cash
STA-O11967,STA-C9996,17-03-2023,Coffee Beans (Retail),3,13.48,Delivered,Starbucks Card
STA-O8637,STA-C6090,27-02-2023,Cold Coffee,4,6.1,Pending,Starbucks Card
STA-O12620,STA-C8613,12-07-2023,Cold Coffee,3,7.58,Delivered,Mobile App
STA-O7199,STA-C3810,18-02-2023,Cold Coffee,4,7.82,Delivered,Mobile App
STA-O9307,STA-C2239,27-11-2025,Tea,3,3.96,Delivered,Starbucks Card
STA-O13402,STA-C4149,28-08-2025,Cold Coffee,2,5.56,Returned,Cash
STA-O14944,STA-C8678,11-10-2024,Coffee Beans (Retail),2,11.04,Pending,Starbucks Card
STA-O6167,STA-C8948,24-01-2023,Tea,3,4.72,Pending,Mobile App
STA-O8777,STA-C1086,02-04-2023,Coffee Beans (Retail),5,16.1,Shipped,Credit Card
STA-O12924,STA-C5955,11-03-2023,Frappuccino,1,5.7,Delivered,Starbucks Card
STA-O8255,STA-C7120,06-06-2023,Coffee Beans (Retail),1,16.74,Delivered,Starbucks Card
STA-O7750,STA-C3675,21-03-2024,Tea,1,4.26,Delivered,Starbucks Card
STA-O6462,STA-C3784,22-06-2023,Merchandise,4,32.18,Returned,Credit Card
STA-O5091,STA-C6822,30-07-2025,Hot Coffee,4,4.2,Delivered,Credit Card
STA-O14542,STA-C4615,05-10-2023,Sandwiches,3,8.84,Cancelled,Starbucks Card
STA-O6828,STA-C7823,07-03-2023,Merchandise,2,32.18,Cancelled,Starbucks Card
STA-O8379,STA-C7224,11-02-2025,Coffee Beans (Retail),5,15.64,Returned,Cash
STA-O10246,STA-C8732,20-02-2023,Tea,4,3.62,Pending,Credit Card
STA-O14586,STA-C9100,02-08-2025,Merchandise,5,33.89,Returned,Credit Card
STA-O5249,STA-C1418,23-09-2025,Merchandise,3,9.77,Delivered,Mobile App
STA-O9488,STA-C8013,03-01-2024,Cold Coffee,2,6.05,Shipped,Mobile App
STA-O7452,STA-C4008,04-11-2024,Bakery,1,5.87,Delivered,Cash
STA-O9739,STA-C9999,21-08-2024,Cold Coffee,5,6.33,Delivered,Starbucks Card
STA-O9800,STA-C8985,18-11-2023,Bakery,2,3.43,Delivered,Mobile App
STA-O6592,STA-C2966,14-12-2023,Hot Coffee,3,5.33,Cancelled,Mobile App
STA-O8180,STA-C10039,16-09-2023,Hot Coffee,2,6.01,Delivered,Cash
STA-O10936,STA-C1464,05-03-2024,Coffee Beans (Retail),3,24.96,Delivered,Mobile App
STA-O11468,STA-C5276,31-01-2024,Frappuccino,3,6.4,Delivered,Credit Card
STA-O5517,STA-C4523,28-05-2024,Coffee Beans (Retail),5,23.54,Cancelled,Starbucks Card
STA-O12576,STA-C4009,15-09-2023,Bakery,1,4.77,Cancelled,Credit Card
STA-O10758,STA-C3803,19-12-2023,Merchandise,2,22.27,Returned,Credit Card
STA-O14020,STA-C10859,28-10-2023,Merchandise,4,27.83,Delivered,Mobile App
STA-O6986,STA-C4589,12-03-2025,Tea,4,4.32,Pending,Cash
STA-O8484,STA-C4632,09-10-2023,Merchandise,1,26.86,Cancelled,Mobile App
STA-O5412,STA-C9909,28-07-2024,Hot Coffee,3,4.88,Delivered,Mobile App
STA-O8626,STA-C7018,13-06-2023,Hot Coffee,5,3.66,Returned,Cash
STA-O9672,STA-C5657,18-08-2024,Cold Coffee,1,4.73,Delivered,Credit Card
STA-O6621,STA-C9083,01-06-2023,Hot Coffee,1,6.59,Delivered,Starbucks Card
STA-O7468,STA-C10939,04-10-2025,Bakery,5,2.84,Pending,Credit Card
STA-O13145,STA-C3013,15-02-2024,Sandwiches,5,8.67,Delivered,Credit Card
STA-O14397,STA-C7009,10-10-2024,Sandwiches,1,7.08,Shipped,Cash
STA-O6601,STA-C8190,02-08-2025,Tea,1,3.36,Shipped,Credit Card
STA-O8268,STA-C4024,13-09-2025,Frappuccino,2,6.51,Delivered,Mobile App
STA-O7182,STA-C9343,13-11-2025,Hot Coffee,1,4.7,Returned,Credit Card
STA-O6386,STA-C2216,02-03-2025,Cold Coffee,4,7.07,Returned,Mobile App
STA-O13953,STA-C5637,17-12-2023,Tea,5,3.35,Delivered,Mobile App
STA-O9533,STA-C4227,10-06-2023,Frappuccino,1,7.01,Pending,Starbucks Card
STA-O6448,STA-C9854,01-10-2025,Tea,5,5.45,Cancelled,Cash
STA-O6469,STA-C3443,09-01-2024,Sandwiches,1,7.96,Delivered,Credit Card
STA-O8030,STA-C6404,14-01-2023,Merchandise,3,33.73,Delivered,Cash
STA-O8216,STA-C4255,27-12-2024,Frappuccino,3,8.19,Cancelled,Mobile App
STA-O6047,STA-C2547,10-07-2024,Hot Coffee,1,6.27,Delivered,Starbucks Card
STA-O6740,STA-C1863,24-07-2025,Tea,1,3.79,Returned,Starbucks Card
STA-O12697,STA-C7878,11-09-2024,Frappuccino,1,5.37,Shipped,Starbucks Card
STA-O12814,STA-C7986,19-11-2023,Frappuccino,3,7.34,Returned,Starbucks Card
STA-O12235,STA-C4508,28-08-2025,Coffee Beans (Retail),3,24.24,Delivered,Credit Card
STA-O12794,STA-C10909,11-06-2024,Cold Coffee,4,5.55,Shipped,Starbucks Card
STA-O13157,STA-C9122,10-04-2025,Bakery,2,2.61,Delivered,Mobile App
STA-O8692,STA-C1271,22-02-2023,Hot Coffee,5,6,Returned,Starbucks Card
STA-O12040,STA-C6741,01-03-2024,Coffee Beans (Retail),5,24.44,Returned,Starbucks Card
STA-O8678,STA-C3012,24-02-2025,Hot Coffee,3,6.84,Returned,Cash
STA-O6768,STA-C4172,23-03-2025,Coffee Beans (Retail),4,22.07,Returned,Cash
STA-O12770,STA-C6379,07-04-2025,Sandwiches,4,8.73,Delivered,Cash
STA-O11695,STA-C8787,08-12-2024,Merchandise,2,16.41,Delivered,Starbucks Card
STA-O11277,STA-C7641,16-03-2024,Frappuccino,2,8.17,Delivered,Starbucks Card
STA-O12060,STA-C2145,19-10-2024,Bakery,2,2.55,Returned,Starbucks Card
STA-O13902,STA-C7198,17-02-2023,Cold Coffee,4,7.99,Cancelled,Credit Card
STA-O12419,STA-C5527,10-09-2024,Hot Coffee,5,4.87,Delivered,Credit Card
STA-O10331,STA-C10739,13-06-2025,Bakery,3,5.82,Delivered,Cash
STA-O5424,STA-C9485,28-04-2024,Coffee Beans (Retail),3,18.71,Delivered,Mobile App
STA-O12918,STA-C9847,22-06-2023,Hot Coffee,2,4.68,Delivered,Starbucks Card
STA-O13769,STA-C1318,13-04-2024,Cold Coffee,3,5.3,Delivered,Mobile App
STA-O7602,STA-C10918,05-08-2025,Tea,5,5.08,Delivered,Credit Card
STA-O6305,STA-C6166,13-10-2023,Hot Coffee,2,3.49,Pending,Mobile App
STA-O10558,STA-C4111,01-08-2025,Bakery,4,4.24,Delivered,Starbucks Card
STA-O7354,STA-C3585,10-06-2023,Cold Coffee,5,5.83,Delivered,Mobile App
STA-O13346,STA-C1747,18-04-2023,Sandwiches,4,8.66,Cancelled,Starbucks Card
STA-O8528,STA-C8036,22-09-2023,Sandwiches,1,6.88,Pending,Credit Card
STA-O6691,STA-C5247,07-09-2025,Cold Coffee,1,5.32,Returned,Cash
STA-O13511,STA-C10539,19-02-2024,Sandwiches,4,8.95,Cancelled,Starbucks Card
STA-O12497,STA-C2237,27-08-2024,Merchandise,2,9.41,Shipped,Cash
STA-O5028,STA-C9401,14-06-2025,Sandwiches,2,8.98,Delivered,Mobile App
STA-O5541,STA-C2339,23-05-2024,Sandwiches,1,5.12,Delivered,Cash
STA-O5906,STA-C2072,12-08-2025,Bakery,1,2.26,Returned,Credit Card
STA-O10204,STA-C1590,16-05-2025,Hot Coffee,5,6.92,Returned,Cash
STA-O6939,STA-C6840,25-10-2024,Sandwiches,3,5.64,Cancelled,Cash
STA-O11151,STA-C9384,22-04-2025,Tea,3,4.72,Cancelled,Starbucks Card
STA-O5004,STA-C6607,18-10-2025,Merchandise,3,30.21,Delivered,Cash
STA-O11187,STA-C3795,10-01-2025,Frappuccino,2,6.25,Pending,Cash
STA-O10430,STA-C9846,26-09-2023,Sandwiches,1,7.77,Delivered,Mobile App
STA-O9369,STA-C9999,23-11-2024,Hot Coffee,4,3.86,Delivered,Credit Card
STA-O9296,STA-C1566,06-04-2023,Hot Coffee,4,3.7,Delivered,Cash
STA-O7440,STA-C8514,05-06-2023,Tea,3,3.74,Shipped,Starbucks Card
STA-O8392,STA-C5100,27-02-2025,Bakery,3,3.6,Returned,Cash
STA-O10193,STA-C7855,09-05-2025,Tea,4,4.85,Delivered,Starbucks Card
STA-O6836,STA-C4396,22-05-2024,Cold Coffee,2,6.87,Cancelled,Credit Card
STA-O10095,STA-C6228,25-01-2024,Tea,4,5.21,Cancelled,Cash
STA-O5764,STA-C9771,03-12-2024,Frappuccino,2,8.33,Delivered,Mobile App
STA-O14027,STA-C7083,28-09-2025,Tea,1,4.78,Delivered,Mobile App
STA-O5859,STA-C10492,22-08-2025,Merchandise,2,8.28,Delivered,Mobile App
STA-O7071,STA-C3357,10-02-2024,Bakery,1,5.48,Delivered,Credit Card
STA-O13661,STA-C1287,04-04-2023,Tea,3,4.99,Unknown,Credit Card
STA-O8135,STA-C5334,14-05-2024,Cold Coffee,5,6.73,Delivered,Mobile App
STA-O7207,STA-C4982,05-03-2023,Sandwiches,1,5.41,Delivered,Credit Card
STA-O9262,STA-C9352,20-05-2023,Merchandise,4,16.92,Delivered,Starbucks Card
STA-O8353,STA-C10262,30-03-2024,Hot Coffee,2,6.53,Shipped,Cash
STA-O9118,STA-C4866,19-02-2025,Hot Coffee,2,4.52,Cancelled,Starbucks Card
STA-O8271,STA-C4507,06-05-2025,Sandwiches,4,6.2,Cancelled,Starbucks Card
STA-O12065,STA-C8813,27-01-2024,Hot Coffee,1,6.18,Delivered,Starbucks Card
STA-O5934,STA-C1116,11-05-2024,Cold Coffee,5,7.77,Delivered,Cash
STA-O12170,STA-C1321,02-04-2024,Sandwiches,2,7.44,Unknown,Credit Card
STA-O10229,STA-C1224,10-10-2023,Sandwiches,2,7.4,Delivered,Starbucks Card
STA-O14644,STA-C5873,24-12-2025,Hot Coffee,1,5.76,Pending,Cash
STA-O8611,STA-C6718,25-08-2025,Tea,3,5.87,Delivered,Cash
STA-O8173,STA-C8332,05-08-2024,Bakery,4,5.72,Pending,Starbucks Card
STA-O14671,STA-C5202,20-06-2025,Tea,1,5.98,Delivered,Credit Card
STA-O11160,STA-C2054,05-03-2023,Frappuccino,5,7.76,Delivered,Starbucks Card
STA-O14861,STA-C10375,10-05-2023,Cold Coffee,3,6.78,Shipped,Mobile App
STA-O5427,STA-C5759,03-07-2025,Frappuccino,4,8.93,Returned,Credit Card
STA-O12996,STA-C3293,21-01-2025,Bakery,4,5.59,Pending,Mobile App
STA-O7558,STA-C7815,16-05-2025,Cold Coffee,5,6.48,Cancelled,Cash
STA-O8184,STA-C2951,23-10-2025,Bakery,5,2.3,Returned,Cash
STA-O10225,STA-C3642,26-02-2023,Cold Coffee,2,6.43,Delivered,Cash
STA-O8702,STA-C3369,03-11-2025,Tea,2,5.76,Cancelled,Cash
STA-O11648,STA-C5500,10-11-2024,Tea,2,3.1,Returned,Credit Card
STA-O9270,STA-C2679,06-07-2023,Cold Coffee,2,8,Delivered,Starbucks Card
STA-O12671,STA-C9794,22-05-2024,Frappuccino,5,8.55,Shipped,Cash
STA-O10381,STA-C1632,05-04-2025,Sandwiches,3,7.37,Shipped,Cash
STA-O11664,STA-C4222,17-10-2023,Sandwiches,4,8.36,Cancelled,Mobile App
STA-O5580,STA-C7320,13-09-2024,Merchandise,5,38.79,Delivered,Cash
STA-O11698,STA-C2960,08-01-2023,Cold Coffee,5,4.33,Delivered,Cash
STA-O7388,STA-C5906,23-04-2025,Merchandise,3,24.51,Delivered,Starbucks Card
STA-O7927,STA-C7716,18-11-2024,Hot Coffee,3,6.12,Shipped,Mobile App
STA-O13808,STA-C3443,15-03-2023,Coffee Beans (Retail),4,22.1,Pending,Cash
STA-O11217,STA-C6496,01-02-2023,Frappuccino,5,6.19,Returned,Credit Card
STA-O12726,STA-C6456,19-07-2023,Cold Coffee,1,7.55,Returned,Cash
STA-O5494,STA-C5677,04-04-2023,Coffee Beans (Retail),3,17.66,Cancelled,Credit Card
STA-O6452,STA-C10606,16-04-2024,Tea,3,4.01,Delivered,Credit Card
STA-O13269,STA-C4775,01-12-2024,Tea,1,4.09,Delivered,Mobile App
STA-O6351,STA-C9111,15-08-2023,Tea,2,4.66,Pending,Credit Card
STA-O14181,STA-C9679,23-09-2024,Sandwiches,2,5.79,Unknown,Starbucks Card
STA-O5005,STA-C1466,03-03-2025,Frappuccino,5,8.3,Delivered,Mobile App
STA-O13846,STA-C3098,22-08-2023,Coffee Beans (Retail),2,24.02,Pending,Credit Card
STA-O8292,STA-C5014,05-04-2023,Merchandise,1,19.33,Returned,Credit Card
STA-O12806,STA-C9279,15-06-2023,Tea,4,3.69,Shipped,Credit Card
STA-O7983,STA-C6156,27-11-2024,Cold Coffee,1,5.82,Pending,Credit Card
STA-O14838,STA-C4108,31-03-2024,Coffee Beans (Retail),4,22.22,Delivered,Cash
STA-O9141,STA-C7465,03-09-2024,Hot Coffee,4,5.21,Returned,Credit Card
STA-O6641,STA-C4681,24-07-2023,Hot Coffee,5,4.54,Delivered,Credit Card
STA-O9951,STA-C2050,31-03-2023,Cold Coffee,2,4.2,Pending,Mobile App
STA-O8169,STA-C7263,21-11-2023,Tea,5,3.88,Shipped,Credit Card
STA-O7520,STA-C6543,19-01-2025,Merchandise,5,38.29,Cancelled,Cash
STA-O12878,STA-C4792,27-03-2023,Sandwiches,1,5.36,Cancelled,Cash
STA-O7012,STA-C1103,16-09-2023,Bakery,2,3.48,Cancelled,Starbucks Card
STA-O12175,STA-C1731,16-03-2024,Bakery,2,3.68,Returned,Cash
STA-O6980,STA-C7463,16-07-2025,Cold Coffee,5,6.39,Delivered,Credit Card
STA-O11340,STA-C7927,11-10-2023,Bakery,4,3.22,Delivered,Cash
STA-O6123,STA-C10840,20-12-2024,Hot Coffee,1,5.71,Cancelled,Cash
STA-O12128,STA-C5517,12-03-2025,Tea,2,4.01,Cancelled,Starbucks Card
STA-O13930,STA-C4470,11-11-2023,Hot Coffee,2,4.88,Delivered,Mobile App
STA-O8699,STA-C10354,19-07-2025,Merchandise,2,22.56,Cancelled,Starbucks Card
STA-O13853,STA-C8470,16-08-2024,Tea,4,5.56,Delivered,Credit Card
STA-O6913,STA-C4282,03-11-2023,Frappuccino,4,8.24,Delivered,Credit Card
STA-O5461,STA-C7921,10-12-2023,Sandwiches,5,7.71,Shipped,Cash
STA-O11078,STA-C7146,25-07-2025,Frappuccino,3,6.24,Returned,Cash
STA-O9839,STA-C9133,28-04-2024,Coffee Beans (Retail),4,16.2,Pending,Starbucks Card
STA-O11268,STA-C6153,15-10-2023,Tea,3,3.15,Delivered,Starbucks Card
STA-O14885,STA-C6264,08-04-2025,Bakery,3,5.05,Delivered,Starbucks Card
STA-O13956,STA-C3733,01-11-2024,Cold Coffee,2,5.52,Pending,Starbucks Card
STA-O12583,STA-C8078,16-11-2023,Tea,3,3.97,Delivered,Cash
STA-O14574,STA-C1955,30-10-2025,Coffee Beans (Retail),2,17.01,Cancelled,Cash
STA-O11469,STA-C7324,16-10-2023,Cold Coffee,5,6.99,Cancelled,Mobile App
STA-O10356,STA-C6378,22-03-2023,Sandwiches,5,7.39,Returned,Starbucks Card
STA-O13712,STA-C1217,18-04-2024,Sandwiches,3,6.59,Delivered,Credit Card
STA-O14700,STA-C1015,20-06-2025,Cold Coffee,5,4.84,Shipped,Starbucks Card
STA-O6657,STA-C2740,12-12-2025,Frappuccino,3,8.37,Cancelled,Cash
STA-O13110,STA-C4028,27-02-2023,Tea,3,3.06,Pending,Mobile App
STA-O14424,STA-C5304,19-08-2023,Frappuccino,5,5.69,Returned,Credit Card
STA-O12650,STA-C8106,22-06-2025,Coffee Beans (Retail),4,17.13,Delivered,Cash
STA-O9016,STA-C1384,24-07-2024,Coffee Beans (Retail),2,23.65,Returned,Starbucks Card
STA-O6295,STA-C6882,16-12-2025,Bakery,2,5.14,Delivered,Cash
STA-O6982,STA-C2492,09-12-2024,Coffee Beans (Retail),4,23.15,Pending,Cash
STA-O8264,STA-C5800,04-03-2024,Cold Coffee,3,7.6,Pending,Cash
STA-O14172,STA-C3512,10-10-2025,Frappuccino,4,7.08,Delivered,Starbucks Card
STA-O9340,STA-C9999,26-02-2024,Hot Coffee,1,4.43,Returned,Credit Card
STA-O11038,STA-C3666,21-11-2023,Bakery,2,3.09,Cancelled,Mobile App
STA-O9788,STA-C4678,16-02-2024,Frappuccino,3,5.25,Delivered,Cash
STA-O11682,STA-C6221,23-12-2023,Tea,3,3.14,Cancelled,Mobile App
STA-O7047,STA-C4342,10-04-2023,Bakery,3,5.62,Returned,Mobile App
STA-O9890,STA-C7696,10-05-2023,Merchandise,2,35.04,Pending,Credit Card
STA-O13604,STA-C3955,09-04-2025,Hot Coffee,4,4.91,Delivered,Mobile App
STA-O11465,STA-C4362,12-10-2023,Frappuccino,2,5.7,Pending,Credit Card
STA-O7709,STA-C6240,17-01-2025,Coffee Beans (Retail),2,14.06,Returned,Mobile App
STA-O6562,STA-C8278,13-09-2025,Sandwiches,3,8.36,Delivered,Cash
STA-O5939,STA-C3466,01-04-2025,Sandwiches,1,8.7,Delivered,Credit Card
STA-O11300,STA-C1224,11-02-2025,Hot Coffee,4,4.7,Delivered,Credit Card
STA-O6206,STA-C5075,05-08-2024,Sandwiches,1,6.72,Pending,Starbucks Card
STA-O14281,STA-C7018,07-05-2023,Merchandise,3,28.59,Pending,Starbucks Card
STA-O13999,STA-C2322,24-11-2025,Frappuccino,1,6,Cancelled,Cash
STA-O14732,STA-C6826,19-07-2024,Merchandise,4,28.07,Pending,Mobile App
STA-O6769,STA-C6552,09-01-2025,Merchandise,2,12.56,Delivered,Credit Card
STA-O6015,STA-C5593,03-12-2025,Bakery,5,4.64,Shipped,Credit Card
STA-O11955,STA-C2099,25-08-2024,Frappuccino,2,5.53,Cancelled,Credit Card
STA-O9398,STA-C4813,04-11-2025,Frappuccino,3,6.37,Delivered,Cash
STA-O10979,STA-C2398,19-01-2025,Frappuccino,3,7.84,Shipped,Cash
STA-O8649,STA-C2502,20-11-2023,Sandwiches,1,7.32,Unknown,Credit Card
STA-O14534,STA-C2414,05-12-2025,Hot Coffee,2,5.4,Pending,Mobile App
STA-O6125,STA-C4908,07-05-2025,Hot Coffee,5,6.91,Shipped,Starbucks Card
STA-O14506,STA-C1129,11-03-2024,Merchandise,3,16.22,Shipped,Starbucks Card
STA-O6995,STA-C4188,13-08-2023,Bakery,5,4,Returned,Starbucks Card
STA-O6395,STA-C1825,11-07-2025,Bakery,1,2.49,Shipped,Credit Card
STA-O7018,STA-C7624,04-02-2023,Tea,5,3.8,Shipped,Mobile App
STA-O8109,STA-C10453,08-04-2025,Bakery,5,4.82,Pending,Credit Card
STA-O12847,STA-C9999,16-05-2024,Merchandise,4,8.47,Delivered,Starbucks Card
STA-O5742,STA-C6955,10-11-2025,Bakery,1,2.63,Cancelled,Cash
STA-O10191,STA-C1377,04-06-2025,Merchandise,3,16.33,Cancelled,Cash
STA-O10639,STA-C1754,21-12-2025,Hot Coffee,2,4.56,Shipped,Cash
STA-O13480,STA-C6208,08-10-2024,Tea,3,3.88,Delivered,Cash
STA-O5189,STA-C7974,10-07-2024,Frappuccino,5,6.13,Pending,Cash
STA-O8695,STA-C3586,21-08-2023,Coffee Beans (Retail),2,17.46,Pending,Starbucks Card
STA-O12147,STA-C9999,04-07-2023,Merchandise,5,15.95,Delivered,Credit Card
STA-O10072,STA-C3472,05-08-2024,Sandwiches,3,6.08,Pending,Mobile App
STA-O8395,STA-C6787,12-02-2023,Hot Coffee,1,3.52,Cancelled,Starbucks Card
STA-O9144,STA-C6675,19-10-2024,Frappuccino,1,8.07,Pending,Credit Card
STA-O7804,STA-C4709,06-07-2023,Sandwiches,3,7.91,Unknown,Starbucks Card
STA-O13316,STA-C7956,02-11-2025,Tea,3,3.85,Cancelled,Mobile App
STA-O14306,STA-C6542,04-11-2025,Frappuccino,5,7.33,Delivered,Mobile App
STA-O8703,STA-C9262,19-11-2025,Merchandise,4,39.93,Shipped,Starbucks Card
STA-O7976,STA-C5408,18-10-2023,Coffee Beans (Retail),5,23.01,Delivered,Credit Card
STA-O10533,STA-C9079,30-11-2023,Frappuccino,4,5.57,Returned,Mobile App
STA-O6267,STA-C8478,08-07-2023,Cold Coffee,2,6.57,Pending,Starbucks Card
STA-O6063,STA-C9474,14-12-2024,Hot Coffee,1,6.85,Delivered,Credit Card
STA-O9521,STA-C4105,26-08-2025,Frappuccino,5,6.52,Delivered,Starbucks Card
STA-O6839,STA-C1177,05-02-2023,Sandwiches,2,7.71,Delivered,Starbucks Card
STA-O14257,STA-C6607,24-11-2025,Coffee Beans (Retail),4,12.02,Pending,Starbucks Card
STA-O6767,STA-C2694,21-03-2024,Bakery,4,5.57,Delivered,Credit Card
STA-O8753,STA-C7472,21-12-2024,Cold Coffee,1,7.36,Pending,Starbucks Card
STA-O12660,STA-C5387,09-12-2024,Bakery,3,3.05,Cancelled,Starbucks Card
STA-O14273,STA-C10864,04-11-2023,Merchandise,4,8.54,Cancelled,Mobile App
STA-O8455,STA-C1463,12-09-2024,Merchandise,5,29.8,Shipped,Mobile App
STA-O6293,STA-C9520,03-11-2024,Merchandise,4,28.62,Shipped,Cash
STA-O7122,STA-C1064,06-09-2024,Merchandise,1,16.9,Returned,Starbucks Card
STA-O10126,STA-C7665,01-01-2025,Tea,2,5.76,Returned,Mobile App
STA-O10935,STA-C10086,19-07-2025,Merchandise,2,39.08,Returned,Cash
STA-O9290,STA-C10223,06-11-2025,Tea,1,5.27,Delivered,Cash
STA-O5570,STA-C7163,18-03-2023,Cold Coffee,4,7.19,Shipped,Cash
STA-O9746,STA-C10383,07-08-2025,Cold Coffee,4,6.84,Cancelled,Mobile App
STA-O10581,STA-C5115,21-06-2025,Merchandise,1,26.95,Returned,Mobile App
STA-O14065,STA-C4529,22-06-2023,Coffee Beans (Retail),3,13.13,Pending,Mobile App
STA-O11242,STA-C7808,15-07-2024,Cold Coffee,1,5.78,Cancelled,Starbucks Card
STA-O14310,STA-C1780,07-06-2024,Cold Coffee,2,4.82,Cancelled,Mobile App
STA-O10812,STA-C1011,05-12-2025,Coffee Beans (Retail),3,19.63,Delivered,Cash
STA-O14408,STA-C1120,02-05-2024,Cold Coffee,2,5.93,Delivered,Credit Card
STA-O9384,STA-C8052,02-07-2023,Tea,2,5.34,Delivered,Starbucks Card
STA-O10818,STA-C6344,10-11-2025,Tea,5,5.15,Delivered,Credit Card
STA-O8080,STA-C7636,20-07-2023,Merchandise,3,15.9,Delivered,Cash
STA-O11930,STA-C5543,12-07-2024,Merchandise,4,29.7,Returned,Mobile App
STA-O10392,STA-C6694,29-04-2025,Coffee Beans (Retail),2,18.88,Pending,Starbucks Card
STA-O8799,STA-C5309,11-07-2023,Tea,5,5.01,Delivered,Cash
STA-O7073,STA-C6336,07-06-2024,Sandwiches,3,5.51,Returned,Starbucks Card
STA-O14841,STA-C5610,27-01-2025,Cold Coffee,2,6.77,Shipped,Mobile App
STA-O8537,STA-C8622,21-07-2023,Sandwiches,2,7.37,Delivered,Cash
STA-O10653,STA-C1188,10-07-2023,Tea,5,5.09,Delivered,Credit Card
STA-O7828,STA-C3074,03-05-2024,Merchandise,2,22.45,Cancelled,Mobile App
STA-O5797,STA-C5452,23-09-2024,Sandwiches,3,5.39,Delivered,Cash
STA-O6258,STA-C10300,03-12-2024,Sandwiches,5,5.06,Delivered,Starbucks Card
STA-O8707,STA-C8064,03-09-2024,Frappuccino,3,7.43,Pending,Starbucks Card
STA-O12466,STA-C4748,22-09-2025,Sandwiches,5,8.58,Delivered,Credit Card
STA-O14130,STA-C1460,13-09-2024,Tea,5,5.27,Delivered,Cash
STA-O13041,STA-C5483,07-02-2023,Tea,1,4.79,Delivered,Credit Card
STA-O11237,STA-C9369,23-06-2025,Bakery,4,5.13,Shipped,Credit Card
STA-O9821,STA-C7395,03-02-2024,Sandwiches,5,5.11,Unknown,Cash
STA-O8168,STA-C9725,14-04-2023,Hot Coffee,4,6.94,Cancelled,Cash
STA-O9071,STA-C10822,13-05-2023,Frappuccino,5,7.31,Shipped,Mobile App
STA-O14964,STA-C9787,08-01-2025,Coffee Beans (Retail),2,23.87,Delivered,Cash
STA-O6073,STA-C6441,13-08-2023,Tea,4,4.95,Delivered,Cash
STA-O7474,STA-C9077,05-12-2024,Cold Coffee,3,6.24,Shipped,Mobile App
STA-O5094,STA-C9177,10-04-2023,Coffee Beans (Retail),3,22.92,Cancelled,Cash
STA-O9936,STA-C6324,20-04-2024,Bakery,1,5.37,Delivered,Cash
STA-O8306,STA-C5509,13-05-2024,Frappuccino,1,8.85,Pending,Starbucks Card
STA-O10000,STA-C7092,11-03-2025,Tea,5,5.98,Shipped,Mobile App
STA-O9984,STA-C7519,09-03-2023,Coffee Beans (Retail),4,23.75,Delivered,Starbucks Card
STA-O10165,STA-C5913,20-08-2023,Merchandise,4,31.14,Delivered,Credit Card
STA-O5435,STA-C10479,30-10-2023,Hot Coffee,1,5.41,Delivered,Starbucks Card
STA-O7769,STA-C2018,17-07-2025,Bakery,4,2.93,Shipped,Mobile App
STA-O14928,STA-C1959,31-12-2025,Bakery,3,5.42,Pending,Cash
STA-O13209,STA-C1342,12-10-2024,Hot Coffee,1,3.29,Cancelled,Mobile App
STA-O10339,STA-C4305,26-01-2025,Tea,3,3.69,Returned,Mobile App
STA-O12874,STA-C7528,15-03-2025,Frappuccino,2,7.2,Pending,Cash
STA-O6161,STA-C8344,10-12-2025,Sandwiches,2,8.09,Returned,Credit Card
STA-O5050,STA-C4259,04-07-2024,Sandwiches,1,6.82,Delivered,Cash
STA-O13214,STA-C10829,14-10-2024,Coffee Beans (Retail),3,11.19,Unknown,Cash
STA-O5469,STA-C8892,06-08-2025,Cold Coffee,1,6.87,Delivered,Cash
STA-O11205,STA-C2722,24-09-2023,Sandwiches,1,5.69,Pending,Cash
STA-O13388,STA-C10329,15-09-2024,Merchandise,1,12.17,Delivered,Credit Card
STA-O14053,STA-C5109,08-01-2024,Coffee Beans (Retail),4,14.65,Shipped,Starbucks Card
STA-O6136,STA-C10067,14-12-2025,Cold Coffee,5,5.67,Returned,Cash
STA-O6685,STA-C7405,08-01-2024,Sandwiches,3,5.57,Returned,Mobile App
STA-O9731,STA-C3299,15-08-2023,Frappuccino,4,8.05,Returned,Starbucks Card
STA-O13281,STA-C7197,14-10-2023,Cold Coffee,4,5.38,Cancelled,Mobile App
STA-O9580,STA-C3012,29-07-2024,Merchandise,1,25.23,Returned,Mobile App
STA-O6325,STA-C8274,08-05-2024,Bakery,4,3.92,Delivered,Starbucks Card
STA-O7214,STA-C6413,29-07-2024,Merchandise,1,21.25,Pending,Cash
STA-O14159,STA-C1944,16-12-2024,Coffee Beans (Retail),4,23.76,Shipped,Starbucks Card
STA-O12456,STA-C7380,26-06-2023,Frappuccino,4,5.96,Returned,Cash
STA-O10029,STA-C8909,03-02-2025,Sandwiches,4,7.15,Cancelled,Starbucks Card
STA-O9064,STA-C9583,19-05-2023,Sandwiches,4,7.24,Delivered,Credit Card
STA-O10681,STA-C7338,09-07-2025,Bakery,2,3.34,Cancelled,Mobile App
STA-O12588,STA-C2958,23-02-2025,Sandwiches,4,8.25,Delivered,Mobile App
STA-O7010,STA-C9584,09-09-2023,Sandwiches,1,5.21,Shipped,Starbucks Card
STA-O10609,STA-C1296,11-11-2024,Frappuccino,4,8.1,Delivered,Credit Card
STA-O13431,STA-C6402,09-12-2023,Tea,5,4.78,Cancelled,Credit Card
STA-O10599,STA-C3360,17-10-2024,Tea,1,4.43,Delivered,Credit Card
STA-O7947,STA-C8535,03-02-2023,Bakery,1,5.52,Delivered,Mobile App
STA-O12598,STA-C1217,19-05-2023,Merchandise,5,38.52,Unknown,Mobile App
STA-O13522,STA-C8162,14-04-2023,Bakery,1,5,Delivered,Starbucks Card
STA-O10824,STA-C1381,14-10-2025,Merchandise,4,12.46,Delivered,Mobile App
STA-O7656,STA-C4934,30-01-2024,Merchandise,2,8.75,Returned,Mobile App
STA-O9333,STA-C2624,21-09-2025,Bakery,2,3.49,Pending,Credit Card
STA-O6929,STA-C4814,11-12-2025,Tea,2,4.88,Delivered,Starbucks Card
STA-O6372,STA-C3077,29-05-2025,Sandwiches,1,8.76,Delivered,Starbucks Card
STA-O12086,STA-C8101,29-05-2023,Hot Coffee,4,5.11,Unknown,Mobile App
STA-O13909,STA-C7739,20-11-2025,Sandwiches,5,6.91,Pending,Cash
STA-O13614,STA-C5327,12-11-2025,Merchandise,2,24.85,Delivered,Mobile App
STA-O14580,STA-C6851,03-12-2025,Frappuccino,3,8.77,Delivered,Starbucks Card
STA-O11032,STA-C10416,06-08-2025,Bakery,2,2.12,Delivered,Starbucks Card
STA-O13540,STA-C8083,08-04-2025,Hot Coffee,3,5.01,Delivered,Starbucks Card
STA-O8083,STA-C5795,30-01-2024,Sandwiches,3,6.31,Returned,Starbucks Card
STA-O5904,STA-C5641,26-09-2023,Coffee Beans (Retail),4,24.4,Delivered,Starbucks Card
STA-O7216,STA-C3571,08-08-2024,Hot Coffee,4,5.77,Shipped,Starbucks Card
STA-O7370,STA-C9855,15-08-2023,Coffee Beans (Retail),2,19.1,Pending,Credit Card
STA-O14982,STA-C8820,27-07-2024,Cold Coffee,2,4.82,Returned,Mobile App
STA-O7414,STA-C6521,23-12-2023,Frappuccino,5,8.54,Pending,Cash
STA-O6635,STA-C7785,05-05-2024,Tea,2,3.33,Delivered,Starbucks Card
STA-O5492,STA-C3831,01-06-2023,Merchandise,4,8.53,Delivered,Cash
STA-O13694,STA-C1017,31-05-2024,Bakery,1,5.48,Returned,Starbucks Card
STA-O9766,STA-C7703,27-10-2023,Frappuccino,3,5.52,Cancelled,Starbucks Card
STA-O5677,STA-C5387,15-09-2024,Hot Coffee,5,4.84,Shipped,Starbucks Card
STA-O10677,STA-C9999,27-11-2023,Frappuccino,1,7.11,Delivered,Starbucks Card
STA-O12634,STA-C6530,01-10-2023,Bakery,3,5.47,Shipped,Credit Card
STA-O8768,STA-C1810,13-02-2023,Frappuccino,2,7.34,Shipped,Mobile App
STA-O5038,STA-C1210,27-06-2025,Tea,1,3.44,Shipped,Cash
STA-O10390,STA-C4627,16-03-2025,Frappuccino,3,5.49,Returned,Credit Card
STA-O12518,STA-C7473,01-02-2024,Tea,4,5.58,Delivered,Mobile App
STA-O10350,STA-C3101,07-02-2023,Tea,4,4.99,Delivered,Credit Card
STA-O13693,STA-C5875,14-04-2025,Coffee Beans (Retail),5,21.33,Pending,Credit Card
STA-O10068,STA-C3536,01-01-2024,Hot Coffee,5,5.22,Pending,Mobile App
STA-O14254,STA-C6763,05-10-2024,Bakery,3,3.71,Delivered,Mobile App
STA-O14058,STA-C2863,26-08-2023,Coffee Beans (Retail),5,18.95,Delivered,Credit Card
STA-O10211,STA-C2129,09-03-2024,Tea,2,4.18,Pending,Mobile App
STA-O7717,STA-C9999,13-01-2025,Hot Coffee,1,6.94,Pending,Cash
STA-O11164,STA-C10849,04-12-2025,Bakery,3,6,Delivered,Starbucks Card
STA-O5409,STA-C2536,18-06-2025,Coffee Beans (Retail),3,14.5,Delivered,Cash
STA-O6023,STA-C4594,13-10-2024,Frappuccino,2,8.99,Pending,Starbucks Card
STA-O6804,STA-C2200,26-03-2024,Tea,3,4.92,Delivered,Credit Card
STA-O7527,STA-C8384,22-01-2024,Sandwiches,4,8.35,Shipped,Starbucks Card
STA-O10996,STA-C1035,21-10-2025,Tea,4,3.56,Pending,Mobile App
STA-O7168,STA-C4637,10-10-2023,Sandwiches,5,6.34,Pending,Starbucks Card
STA-O12205,STA-C3843,03-10-2024,Merchandise,5,21.42,Delivered,Credit Card
STA-O6078,STA-C9728,24-11-2023,Sandwiches,3,8.28,Delivered,Starbucks Card
STA-O11770,STA-C2470,05-08-2024,Sandwiches,3,8.6,Delivered,Starbucks Card
STA-O14813,STA-C2323,24-12-2024,Frappuccino,2,5.86,Shipped,Cash
STA-O6148,STA-C3965,08-03-2025,Cold Coffee,3,7.6,Cancelled,Starbucks Card
STA-O11180,STA-C6727,25-09-2023,Bakery,3,5.49,Returned,Credit Card
STA-O9318,STA-C1744,21-05-2024,Merchandise,4,19.26,Delivered,Credit Card
STA-O5137,STA-C6805,10-03-2023,Hot Coffee,4,6.02,Pending,Mobile App
STA-O14605,STA-C6320,16-09-2025,Coffee Beans (Retail),4,19.7,Pending,Credit Card
STA-O12366,STA-C3955,09-01-2023,Merchandise,2,21.28,Pending,Starbucks Card
STA-O12861,STA-C4435,30-12-2023,Coffee Beans (Retail),3,12.17,Cancelled,Starbucks Card
STA-O10387,STA-C4320,11-11-2025,Merchandise,1,8.9,Delivered,Credit Card
STA-O9918,STA-C9341,01-09-2025,Bakery,4,5.16,Pending,Mobile App
STA-O10306,STA-C2435,26-02-2024,Bakery,4,5.01,Delivered,Mobile App
STA-O7649,STA-C9950,27-04-2024,Frappuccino,2,5.93,Returned,Credit Card
STA-O11461,STA-C6659,05-01-2025,Tea,4,5.43,Pending,Mobile App
STA-O7669,STA-C9376,07-08-2025,Sandwiches,5,8.81,Cancelled,Cash
STA-O9996,STA-C9433,18-10-2023,Sandwiches,4,7.09,Shipped,Cash
STA-O13371,STA-C2641,30-10-2024,Tea,1,3.36,Delivered,Starbucks Card
STA-O11909,STA-C7096,16-04-2023,Hot Coffee,5,5.46,Cancelled,Starbucks Card
STA-O9074,STA-C4450,11-11-2025,Coffee Beans (Retail),1,19.37,Pending,Cash
STA-O13687,STA-C1493,21-07-2024,Hot Coffee,3,4.67,Delivered,Starbucks Card
STA-O5369,STA-C9518,24-01-2023,Tea,4,3.74,Cancelled,Starbucks Card
STA-O14772,STA-C1210,16-05-2025,Sandwiches,2,6.48,Cancelled,Cash
STA-O14345,STA-C8939,03-07-2025,Tea,5,5.26,Pending,Credit Card
STA-O5097,STA-C8936,17-11-2025,Hot Coffee,3,3.04,Cancelled,Credit Card
STA-O5852,STA-C2700,18-01-2023,Cold Coffee,3,6.95,Delivered,Credit Card
STA-O11175,STA-C7167,22-11-2025,Frappuccino,1,7.25,Delivered,Starbucks Card
STA-O9913,STA-C2088,29-04-2023,Merchandise,1,32.43,Delivered,Starbucks Card
STA-O9427,STA-C4135,26-05-2023,Merchandise,4,20.65,Delivered,Cash
STA-O12769,STA-C8368,12-06-2025,Merchandise,4,25.7,Returned,Mobile App
STA-O14124,STA-C1485,15-03-2023,Coffee Beans (Retail),4,21.4,Shipped,Cash
STA-O9382,STA-C6069,31-05-2025,Tea,3,5.08,Cancelled,Starbucks Card
STA-O6032,STA-C5146,11-02-2024,Sandwiches,5,6.58,Shipped,Starbucks Card
STA-O6584,STA-C8674,13-01-2024,Tea,1,4.12,Unknown,Cash
STA-O10001,STA-C7431,22-10-2025,Sandwiches,2,5.13,Pending,Cash
STA-O9022,STA-C3749,28-05-2024,Frappuccino,5,6.33,Delivered,Starbucks Card
STA-O14112,STA-C2005,10-12-2023,Sandwiches,3,6.43,Cancelled,Credit Card
STA-O11939,STA-C8154,05-10-2025,Coffee Beans (Retail),1,10.23,Delivered,Starbucks Card
STA-O6888,STA-C8175,02-03-2024,Tea,3,5.31,Pending,Mobile App
STA-O12408,STA-C1122,08-03-2023,Bakery,2,4.18,Shipped,Cash
STA-O5501,STA-C1609,21-11-2023,Cold Coffee,4,7.82,Delivered,Credit Card
STA-O5355,STA-C4228,01-09-2025,Cold Coffee,3,6.44,Delivered,Credit Card
STA-O8787,STA-C7210,12-03-2024,Hot Coffee,3,5.18,Pending,Credit Card
STA-O8585,STA-C5189,15-12-2025,Cold Coffee,3,7.17,Delivered,Cash
STA-O7114,STA-C9060,24-01-2025,Hot Coffee,3,3.84,Pending,Cash
STA-O6061,STA-C9085,27-09-2024,Sandwiches,1,8.56,Cancelled,Mobile App
STA-O12763,STA-C10012,18-11-2024,Merchandise,3,30.14,Delivered,Mobile App
STA-O9696,STA-C4135,28-12-2023,Hot Coffee,3,4.29,Pending,Credit Card
STA-O11700,STA-C1826,27-03-2024,Coffee Beans (Retail),5,14.57,Returned,Credit Card
STA-O9282,STA-C8137,01-08-2025,Hot Coffee,2,4.33,Returned,Starbucks Card
STA-O8584,STA-C7042,18-03-2023,Frappuccino,1,7.24,Delivered,Mobile App
STA-O12817,STA-C5423,14-02-2025,Merchandise,1,25.01,Shipped,Credit Card
STA-O9997,STA-C7904,08-03-2023,Merchandise,3,35.47,Delivered,Credit Card
STA-O14693,STA-C1653,11-02-2025,Sandwiches,3,8.18,Returned,Credit Card
STA-O6411,STA-C10197,23-08-2023,Frappuccino,1,7.85,Cancelled,Mobile App
STA-O7741,STA-C8659,12-10-2025,Coffee Beans (Retail),3,24.82,Delivered,Starbucks Card
STA-O13170,STA-C3711,03-01-2023,Merchandise,5,17.24,Shipped,Cash
STA-O14583,STA-C2086,05-01-2025,Bakery,4,4.03,Shipped,Mobile App
STA-O7909,STA-C4873,10-03-2024,Hot Coffee,5,6.62,Returned,Starbucks Card
STA-O7813,STA-C6430,07-07-2024,Tea,2,6,Delivered,Credit Card
STA-O13408,STA-C10842,25-09-2025,Merchandise,5,10.39,Cancelled,Starbucks Card
STA-O5096,STA-C7578,13-12-2023,Tea,2,3.86,Delivered,Starbucks Card
STA-O13099,STA-C4417,10-10-2023,Frappuccino,4,6.84,Delivered,Credit Card
STA-O9019,STA-C8506,03-10-2023,Merchandise,4,8.72,Delivered,Credit Card
STA-O12146,STA-C1410,21-02-2025,Coffee Beans (Retail),3,21.52,Cancelled,Starbucks Card
STA-O12334,STA-C4732,09-02-2024,Coffee Beans (Retail),5,24.43,Returned,Starbucks Card
STA-O7356,STA-C3149,22-04-2025,Sandwiches,3,5.53,Cancelled,Cash
STA-O13890,STA-C2483,03-09-2024,Tea,2,4.85,Delivered,Mobile App
STA-O12058,STA-C7829,28-07-2023,Frappuccino,5,7.34,Delivered,Mobile App
STA-O11714,STA-C2869,21-04-2025,Cold Coffee,1,4.51,Pending,Cash
STA-O14460,STA-C3223,05-01-2024,Cold Coffee,2,6.04,Delivered,Starbucks Card
STA-O6511,STA-C1158,22-08-2023,Hot Coffee,3,6.43,Delivered,Credit Card
STA-O12231,STA-C2390,21-11-2024,Cold Coffee,3,7.37,Pending,Starbucks Card
STA-O12537,STA-C6791,21-09-2023,Hot Coffee,1,3.55,Delivered,Mobile App
STA-O9656,STA-C10729,14-01-2023,Sandwiches,2,5.86,Delivered,Credit Card
STA-O10250,STA-C4026,09-08-2024,Sandwiches,1,5.26,Pending,Mobile App
STA-O6098,STA-C6849,07-10-2023,Tea,4,4.13,Delivered,Starbucks Card
STA-O8672,STA-C9567,14-07-2023,Frappuccino,5,6.95,Delivered,Credit Card
STA-O14352,STA-C10216,22-08-2024,Sandwiches,5,6.49,Delivered,Credit Card
STA-O8603,STA-C10681,11-07-2023,Coffee Beans (Retail),3,13.18,Returned,Mobile App
STA-O12993,STA-C4392,22-10-2024,Frappuccino,4,7.71,Returned,Credit Card
STA-O11565,STA-C9999,25-09-2025,Frappuccino,1,5.2,Returned,Starbucks Card
STA-O11539,STA-C8182,29-11-2023,Hot Coffee,5,6.69,Delivered,Cash
STA-O5274,STA-C6724,08-03-2025,Frappuccino,2,5.9,Cancelled,Starbucks Card
STA-O13201,STA-C9999,05-11-2025,Hot Coffee,2,4.86,Delivered,Cash
STA-O11983,STA-C10909,04-08-2023,Merchandise,5,18.45,Shipped,Mobile App
STA-O8952,STA-C7061,22-07-2024,Hot Coffee,5,3.01,Delivered,Starbucks Card
STA-O10316,STA-C5955,20-09-2023,Hot Coffee,5,3.48,Delivered,Credit Card
STA-O13642,STA-C5435,30-05-2025,Bakery,5,3.29,Delivered,Cash
STA-O13519,STA-C4009,30-11-2025,Coffee Beans (Retail),3,19.28,Delivered,Mobile App
STA-O12380,STA-C8737,21-05-2024,Merchandise,5,11.92,Delivered,Credit Card
STA-O11355,STA-C1770,06-09-2024,Hot Coffee,1,6.9,Delivered,Cash
STA-O5954,STA-C9680,28-04-2023,Sandwiches,5,7.76,Pending,Cash
STA-O8314,STA-C2023,21-06-2025,Merchandise,3,33.25,Pending,Starbucks Card
STA-O14426,STA-C7647,13-03-2023,Bakery,4,2.17,Shipped,Mobile App
STA-O11446,STA-C10691,25-09-2023,Tea,5,5.34,Delivered,Credit Card
STA-O6513,STA-C9846,18-02-2025,Coffee Beans (Retail),2,10.56,Pending,Mobile App
STA-O5702,STA-C4768,17-10-2023,Coffee Beans (Retail),3,10.9,Delivered,Cash
STA-O9495,STA-C10201,10-01-2024,Tea,3,3.82,Cancelled,Cash
STA-O12391,STA-C7065,06-03-2025,Cold Coffee,5,6.56,Shipped,Cash
STA-O9859,STA-C7305,23-10-2024,Tea,2,4.38,Shipped,Credit Card
STA-O5120,STA-C9999,21-07-2025,Bakery,3,4.32,Returned,Cash
STA-O13061,STA-C8482,24-02-2023,Bakery,5,5.89,Shipped,Credit Card
STA-O7731,STA-C7113,10-03-2025,Bakery,5,5.28,Delivered,Mobile App
STA-O7322,STA-C7192,23-07-2025,Coffee Beans (Retail),3,14.29,Delivered,Credit Card
STA-O14753,STA-C7140,04-02-2023,Sandwiches,4,5.95,Cancelled,Starbucks Card
STA-O14151,STA-C5100,18-07-2024,Coffee Beans (Retail),4,23.59,Pending,Credit Card
STA-O13906,STA-C3514,01-06-2024,Sandwiches,1,7.1,Delivered,Mobile App
STA-O5138,STA-C4148,23-04-2024,Bakery,4,4.05,Pending,Cash
STA-O7349,STA-C10690,31-10-2023,Merchandise,2,33.11,Returned,Cash
STA-O5227,STA-C7844,22-12-2023,Tea,4,3.55,Delivered,Cash
STA-O9743,STA-C4863,05-09-2024,Bakery,4,3.16,Delivered,Mobile App
STA-O12125,STA-C1245,04-03-2023,Frappuccino,4,7.77,Cancelled,Starbucks Card
STA-O12445,STA-C10660,28-09-2025,Bakery,3,5.26,Delivered,Starbucks Card
STA-O11283,STA-C8795,06-11-2024,Frappuccino,1,8.86,Shipped,Cash
STA-O13107,STA-C2064,01-11-2024,Cold Coffee,1,6.4,Delivered,Starbucks Card
STA-O10389,STA-C3693,21-07-2025,Bakery,5,2.41,Returned,Mobile App
STA-O10178,STA-C2809,05-11-2023,Bakery,2,2.91,Delivered,Cash
STA-O9786,STA-C2722,25-08-2024,Frappuccino,3,6.59,Delivered,Cash
STA-O8362,STA-C6028,02-07-2023,Coffee Beans (Retail),3,12.97,Pending,Cash
STA-O13240,STA-C2418,14-03-2024,Sandwiches,2,8.82,Delivered,Cash
STA-O14311,STA-C4727,26-08-2025,Tea,4,4.06,Pending,Cash
STA-O6370,STA-C4035,29-01-2024,Frappuccino,2,7.5,Delivered,Credit Card
STA-O9154,STA-C6441,13-02-2023,Tea,5,4.26,Pending,Cash
STA-O6138,STA-C9794,20-04-2024,Cold Coffee,5,6.23,Delivered,Starbucks Card
STA-O5833,STA-C3883,26-06-2024,Hot Coffee,1,3.79,Delivered,Cash
STA-O14069,STA-C4141,07-02-2025,Bakery,1,5.52,Delivered,Cash
STA-O10990,STA-C5369,10-06-2025,Tea,1,5.23,Delivered,Cash
STA-O10590,STA-C10834,28-04-2025,Bakery,3,2.55,Cancelled,Credit Card
STA-O13029,STA-C4576,08-11-2023,Cold Coffee,1,6.24,Delivered,Mobile App
STA-O10304,STA-C5001,29-08-2025,Cold Coffee,1,5.68,Pending,Cash
STA-O13447,STA-C8685,23-08-2025,Frappuccino,4,7.06,Returned,Cash
STA-O5194,STA-C8085,07-08-2024,Tea,4,5.07,Shipped,Cash
STA-O14108,STA-C1519,28-07-2024,Frappuccino,2,7.44,Delivered,Cash
STA-O9617,STA-C1072,15-07-2023,Hot Coffee,2,4.29,Cancelled,Mobile App
STA-O12568,STA-C9589,10-07-2025,Tea,4,4.37,Shipped,Mobile App
STA-O6523,STA-C6566,26-03-2024,Coffee Beans (Retail),3,19.29,Pending,Credit Card
STA-O13454,STA-C9306,23-09-2024,Sandwiches,4,8.24,Pending,Cash
STA-O11329,STA-C5947,20-12-2023,Tea,5,4.29,Delivered,Credit Card
STA-O8021,STA-C3087,20-11-2025,Tea,2,5.88,Cancelled,Mobile App
STA-O5151,STA-C3792,18-08-2023,Cold Coffee,1,6.51,Returned,Credit Card
STA-O6187,STA-C7827,31-05-2023,Tea,1,5.81,Pending,Credit Card
STA-O13796,STA-C1189,27-05-2025,Hot Coffee,1,6.46,Delivered,Cash
STA-O5012,STA-C3911,30-01-2025,Merchandise,2,16.61,Cancelled,Credit Card
STA-O13018,STA-C9257,23-08-2024,Hot Coffee,5,3.88,Returned,Credit Card
STA-O11551,STA-C10002,07-11-2025,Sandwiches,4,5.95,Delivered,Credit Card
STA-O8891,STA-C8417,08-07-2023,Frappuccino,3,6.54,Shipped,Mobile App
STA-O5285,STA-C5793,29-08-2024,Cold Coffee,1,5.91,Returned,Starbucks Card
STA-O14855,STA-C7907,26-03-2024,Sandwiches,1,5.57,Delivered,Mobile App
STA-O9078,STA-C1507,07-10-2024,Tea,1,5.74,Cancelled,Starbucks Card
STA-O8911,STA-C8117,20-02-2025,Coffee Beans (Retail),5,16.14,Delivered,Cash
STA-O13400,STA-C6954,16-08-2025,Frappuccino,4,8.42,Pending,Mobile App
STA-O9098,STA-C5283,17-08-2023,Frappuccino,2,7.88,Cancelled,Mobile App
STA-O7319,STA-C1022,01-11-2023,Merchandise,3,22.15,Delivered,Starbucks Card
STA-O12151,STA-C5384,09-09-2024,Tea,3,5.37,Cancelled,Cash
STA-O6428,STA-C8189,04-06-2025,Coffee Beans (Retail),3,17.77,Cancelled,Starbucks Card
STA-O9203,STA-C9999,09-10-2025,Merchandise,3,39.59,Cancelled,Mobile App
STA-O7636,STA-C10124,29-12-2023,Coffee Beans (Retail),4,17.35,Delivered,Mobile App
STA-O7960,STA-C10154,13-04-2025,Cold Coffee,5,5.33,Returned,Credit Card
STA-O12987,STA-C5147,17-11-2024,Bakery,1,5.99,Delivered,Credit Card
STA-O11057,STA-C8369,08-05-2024,Cold Coffee,1,5.52,Delivered,Cash
STA-O14590,STA-C10704,07-02-2025,Frappuccino,3,5.95,Delivered,Starbucks Card
STA-O8711,STA-C6368,11-10-2025,Sandwiches,3,6.93,Delivered,Starbucks Card
STA-O7900,STA-C5004,05-01-2024,Sandwiches,1,5.88,Returned,Cash
STA-O6628,STA-C1139,30-11-2025,Sandwiches,1,8.93,Delivered,Mobile App
STA-O5909,STA-C3512,17-08-2023,Tea,4,3.65,Delivered,Cash
STA-O11171,STA-C3219,16-08-2023,Coffee Beans (Retail),5,20.67,Delivered,Credit Card
STA-O14142,STA-C5794,23-07-2023,Tea,2,4.35,Returned,Cash
STA-O9241,STA-C10524,17-11-2025,Merchandise,4,11.03,Delivered,Credit Card
STA-O12004,STA-C6748,03-06-2024,Hot Coffee,5,6.99,Pending,Mobile App
STA-O11765,STA-C1502,21-03-2025,Frappuccino,5,5.53,Delivered,Mobile App
STA-O10625,STA-C4333,01-05-2024,Frappuccino,1,6.24,Cancelled,Credit Card
STA-O6730,STA-C7621,15-08-2025,Hot Coffee,4,4.29,Delivered,Mobile App
STA-O11919,STA-C2971,26-02-2024,Sandwiches,1,6.72,Pending,Starbucks Card
STA-O8068,STA-C3363,17-06-2023,Sandwiches,4,8.17,Cancelled,Credit Card
STA-O6037,STA-C8147,25-01-2023,Bakery,3,5.91,Delivered,Cash
STA-O5798,STA-C7087,16-08-2023,Bakery,2,3.29,Delivered,Mobile App
STA-O10049,STA-C1433,01-03-2025,Hot Coffee,2,5.42,Delivered,Credit Card
STA-O13324,STA-C2687,11-03-2023,Sandwiches,5,6.86,Delivered,Mobile App
STA-O9815,STA-C9631,05-12-2023,Bakery,2,3.23,Delivered,Credit Card
STA-O13698,STA-C9940,22-03-2025,Sandwiches,2,6.97,Shipped,Cash
STA-O11301,STA-C1160,31-10-2025,Tea,5,5.58,Delivered,Cash
STA-O11398,STA-C3755,02-12-2024,Cold Coffee,1,7.67,Shipped,Cash
STA-O13001,STA-C8054,24-09-2023,Merchandise,3,18.1,Pending,Cash
STA-O10951,STA-C5519,07-08-2024,Cold Coffee,2,5.79,Cancelled,Credit Card
STA-O9710,STA-C7986,20-11-2024,Hot Coffee,5,5.37,Returned,Mobile App
STA-O7454,STA-C9477,07-09-2024,Hot Coffee,2,6.07,Delivered,Credit Card
STA-O11157,STA-C7229,23-11-2024,Sandwiches,3,8.37,Delivered,Starbucks Card
STA-O13779,STA-C8888,17-08-2023,Bakery,1,4.65,Delivered,Cash
STA-O11776,STA-C8729,04-05-2025,Frappuccino,3,7.71,Delivered,Cash
STA-O10564,STA-C4773,31-03-2024,Sandwiches,1,7.56,Delivered,Cash
STA-O12777,STA-C8691,06-09-2023,Hot Coffee,1,6.94,Delivered,Starbucks Card
STA-O10138,STA-C7125,25-10-2025,Cold Coffee,3,6.9,Delivered,Cash
STA-O5491,STA-C10359,17-03-2023,Merchandise,5,27.04,Delivered,Credit Card
STA-O12867,STA-C7241,23-07-2025,Cold Coffee,2,4.33,Returned,Credit Card
STA-O11124,STA-C4656,12-01-2024,Sandwiches,5,8.82,Returned,Starbucks Card
STA-O7176,STA-C4825,10-04-2023,Merchandise,4,38.53,Pending,Starbucks Card
STA-O14169,STA-C1417,23-01-2025,Hot Coffee,3,4.24,Returned,Starbucks Card
STA-O12485,STA-C4668,26-06-2024,Cold Coffee,3,6.65,Pending,Mobile App
STA-O7692,STA-C10931,16-07-2025,Sandwiches,3,5.5,Delivered,Mobile App
STA-O8105,STA-C9999,09-05-2023,Tea,1,4.09,Returned,Starbucks Card
STA-O11511,STA-C5484,08-02-2023,Hot Coffee,2,3.1,Shipped,Mobile App
STA-O14702,STA-C4272,06-02-2023,Bakery,2,5.57,Delivered,Starbucks Card
STA-O11323,STA-C5601,26-09-2024,Coffee Beans (Retail),4,24.81,Pending,Mobile App
STA-O6701,STA-C5528,08-11-2024,Frappuccino,5,5.63,Delivered,Cash
STA-O6143,STA-C5994,04-01-2023,Frappuccino,4,7.22,Delivered,Credit Card
STA-O10913,STA-C10650,08-07-2025,Sandwiches,2,5.76,Shipped,Credit Card
STA-O10797,STA-C8280,12-06-2025,Frappuccino,2,6.91,Returned,Cash
STA-O14553,STA-C7226,14-12-2023,Frappuccino,1,7.02,Shipped,Cash
STA-O5942,STA-C5881,21-02-2024,Frappuccino,3,7.03,Delivered,Credit Card
STA-O11814,STA-C6696,04-05-2024,Frappuccino,5,5.69,Cancelled,Mobile App
STA-O12747,STA-C4509,30-03-2023,Hot Coffee,1,4.55,Shipped,Starbucks Card
STA-O14205,STA-C6817,13-05-2024,Frappuccino,3,7.92,Delivered,Credit Card
STA-O8470,STA-C10021,30-11-2023,Coffee Beans (Retail),1,21.38,Shipped,Cash
STA-O7730,STA-C5387,04-05-2025,Frappuccino,4,5.48,Shipped,Starbucks Card
STA-O8348,STA-C4966,31-12-2024,Bakery,5,5.49,Shipped,Cash
STA-O8386,STA-C5187,09-05-2025,Coffee Beans (Retail),5,19.39,Unknown,Cash
STA-O14633,STA-C4075,18-06-2025,Coffee Beans (Retail),2,22.75,Shipped,Starbucks Card
STA-O7254,STA-C4649,12-05-2023,Merchandise,5,20.58,Shipped,Cash
STA-O9235,STA-C3919,21-09-2023,Sandwiches,5,6.52,Shipped,Mobile App
STA-O5177,STA-C8989,10-09-2024,Hot Coffee,2,4.6,Delivered,Credit Card
STA-O7102,STA-C4844,09-02-2025,Frappuccino,3,6.39,Cancelled,Starbucks Card
STA-O9486,STA-C10714,03-11-2025,Hot Coffee,5,5.19,Returned,Credit Card
STA-O6423,STA-C9419,14-02-2024,Tea,2,3.58,Delivered,Starbucks Card
STA-O6396,STA-C1676,08-07-2025,Merchandise,4,19.38,Delivered,Starbucks Card
STA-O14066,STA-C1855,13-02-2023,Merchandise,4,35.23,Delivered,Cash
STA-O5575,STA-C5027,19-05-2025,Cold Coffee,3,7.94,Cancelled,Credit Card
STA-O10971,STA-C1750,21-01-2025,Sandwiches,4,8.17,Delivered,Starbucks Card
STA-O5872,STA-C4702,19-04-2025,Sandwiches,5,8.27,Delivered,Mobile App
STA-O12094,STA-C5988,28-03-2023,Hot Coffee,5,3.11,Cancelled,Starbucks Card
STA-O5837,STA-C1611,05-04-2025,Bakery,1,2.27,Delivered,Credit Card
STA-O11804,STA-C3274,02-02-2025,Hot Coffee,4,3.08,Returned,Credit Card
STA-O11252,STA-C5587,18-07-2024,Tea,2,3.35,Shipped,Mobile App
STA-O10593,STA-C6485,20-06-2025,Cold Coffee,2,7.36,Cancelled,Cash
STA-O7057,STA-C5175,01-09-2024,Frappuccino,5,7.78,Shipped,Starbucks Card
STA-O5149,STA-C5842,31-07-2025,Merchandise,3,35.5,Delivered,Credit Card
STA-O13341,STA-C10495,08-10-2023,Frappuccino,5,5.1,Returned,Credit Card
STA-O12659,STA-C2939,25-09-2024,Merchandise,2,30.38,Delivered,Cash
STA-O11597,STA-C7771,31-08-2024,Hot Coffee,1,5.44,Shipped,Cash
STA-O8176,STA-C9999,18-11-2025,Merchandise,5,18.26,Shipped,Credit Card
STA-O12161,STA-C4137,03-05-2024,Coffee Beans (Retail),2,18.22,Cancelled,Starbucks Card
STA-O5003,STA-C5808,05-04-2024,Frappuccino,1,8.51,Delivered,Credit Card
STA-O6129,STA-C3500,08-11-2023,Frappuccino,1,8.2,Delivered,Cash
STA-O6128,STA-C7350,15-12-2025,Hot Coffee,2,3.21,Unknown,Mobile App
STA-O8599,STA-C9712,29-05-2023,Sandwiches,5,7.29,Returned,Credit Card
STA-O14718,STA-C1551,13-11-2024,Tea,2,5.64,Delivered,Starbucks Card
STA-O8950,STA-C5785,26-10-2023,Bakery,3,2.37,Pending,Cash
STA-O10559,STA-C8213,10-06-2024,Bakery,4,4.75,Pending,Cash
STA-O12293,STA-C1086,29-05-2024,Hot Coffee,3,6.59,Unknown,Starbucks Card
STA-O8967,STA-C2953,21-11-2024,Bakery,5,3.48,Returned,Cash
STA-O6902,STA-C6645,17-02-2024,Frappuccino,1,5.72,Shipped,Cash
STA-O14736,STA-C1931,09-08-2023,Hot Coffee,5,4.93,Returned,Credit Card
STA-O9414,STA-C7611,26-04-2023,Sandwiches,2,5.01,Cancelled,Cash
STA-O5830,STA-C5950,26-06-2023,Tea,1,5.44,Delivered,Starbucks Card
STA-O6869,STA-C10238,13-02-2025,Cold Coffee,2,5.13,Delivered,Mobile App
STA-O11483,STA-C2164,22-09-2025,Sandwiches,2,5.14,Cancelled,Mobile App
STA-O14565,STA-C4917,05-08-2024,Coffee Beans (Retail),1,17.76,Shipped,Cash
STA-O14162,STA-C2135,24-09-2025,Hot Coffee,5,4.69,Delivered,Cash
STA-O12879,STA-C7417,20-11-2025,Sandwiches,5,5.66,Cancelled,Starbucks Card
STA-O5233,STA-C9496,11-11-2024,Frappuccino,2,6.84,Delivered,Cash
STA-O12387,STA-C4422,04-01-2023,Sandwiches,4,6.54,Shipped,Cash
STA-O6925,STA-C1288,04-02-2024,Coffee Beans (Retail),5,20.97,Shipped,Cash
STA-O9714,STA-C5737,07-02-2025,Bakery,1,4.38,Delivered,Cash
STA-O5230,STA-C6289,21-03-2023,Coffee Beans (Retail),4,18.33,Returned,Mobile App
STA-O5721,STA-C8860,24-12-2023,Coffee Beans (Retail),1,17.78,Delivered,Credit Card
STA-O10066,STA-C2551,23-12-2025,Bakery,1,4.69,Delivered,Cash
STA-O14575,STA-C10069,20-06-2024,Tea,5,4.08,Delivered,Cash
STA-O14951,STA-C8508,04-03-2023,Sandwiches,3,5.15,Delivered,Mobile App
STA-O6101,STA-C5842,11-09-2023,Hot Coffee,3,5.17,Delivered,Starbucks Card
STA-O6841,STA-C7087,17-02-2024,Cold Coffee,3,4.14,Returned,Cash
STA-O13833,STA-C9074,21-01-2025,Coffee Beans (Retail),2,24.59,Returned,Cash
STA-O10142,STA-C5268,19-07-2023,Frappuccino,2,6.64,Returned,Credit Card
STA-O6168,STA-C9500,09-07-2025,Cold Coffee,3,5.2,Pending,Starbucks Card
STA-O8574,STA-C7682,23-11-2024,Tea,3,5.65,Delivered,Starbucks Card
STA-O14120,STA-C10194,28-10-2024,Hot Coffee,5,4.81,Delivered,Starbucks Card
STA-O13218,STA-C2171,16-08-2023,Cold Coffee,2,6.74,Cancelled,Credit Card
STA-O12989,STA-C7025,29-09-2024,Bakery,3,4.78,Cancelled,Cash
STA-O5032,STA-C8281,30-09-2024,Bakery,1,3.92,Pending,Cash
STA-O13513,STA-C6975,29-05-2023,Merchandise,3,12.85,Cancelled,Cash
STA-O14603,STA-C5949,30-08-2025,Coffee Beans (Retail),4,10.22,Returned,Mobile App
STA-O14906,STA-C7573,05-07-2025,Cold Coffee,5,4.05,Pending,Credit Card
STA-O11754,STA-C4897,31-10-2025,Tea,1,5.88,Returned,Starbucks Card
STA-O10982,STA-C3662,13-02-2024,Hot Coffee,5,7,Shipped,Mobile App
STA-O8017,STA-C10724,25-03-2025,Sandwiches,5,5.94,Returned,Starbucks Card
STA-O12776,STA-C2240,29-11-2025,Frappuccino,2,7.35,Delivered,Cash
STA-O11366,STA-C10775,01-06-2023,Coffee Beans (Retail),4,14.09,Returned,Starbucks Card
STA-O13947,STA-C5876,06-11-2024,Tea,3,4.18,Cancelled,Credit Card
STA-O6642,STA-C6519,09-04-2025,Frappuccino,4,7.04,Delivered,Starbucks Card
STA-O9607,STA-C10565,02-09-2025,Merchandise,5,20.88,Returned,Credit Card
STA-O11159,STA-C8230,28-06-2023,Hot Coffee,2,5.98,Returned,Mobile App
STA-O6885,STA-C8771,24-03-2024,Merchandise,1,38.68,Cancelled,Cash
STA-O13163,STA-C6616,05-04-2024,Hot Coffee,3,5.01,Delivered,Starbucks Card
STA-O9386,STA-C1872,01-07-2023,Bakery,2,5.35,Shipped,Mobile App
STA-O6313,STA-C2195,02-01-2024,Sandwiches,4,5.2,Delivered,Mobile App
STA-O12297,STA-C6578,11-01-2025,Hot Coffee,2,5.41,Shipped,Cash
STA-O11566,STA-C3326,19-10-2023,Sandwiches,3,8.14,Pending,Credit Card
STA-O14121,STA-C5445,10-10-2023,Merchandise,4,27.73,Delivered,Cash
STA-O13483,STA-C2553,11-05-2023,Merchandise,5,11.45,Delivered,Mobile App
STA-O10445,STA-C7003,24-02-2025,Coffee Beans (Retail),3,19.62,Delivered,Mobile App
STA-O5871,STA-C2158,31-05-2025,Merchandise,3,9.95,Pending,Mobile App
STA-O9406,STA-C5664,10-03-2024,Coffee Beans (Retail),3,15.74,Delivered,Starbucks Card
STA-O14401,STA-C2995,13-02-2023,Cold Coffee,1,5.23,Returned,Starbucks Card
STA-O12744,STA-C4135,05-07-2025,Merchandise,2,21.23,Pending,Starbucks Card
STA-O13035,STA-C1615,25-10-2024,Bakery,2,5.87,Pending,Cash
STA-O13210,STA-C4654,10-11-2025,Tea,4,4.91,Delivered,Mobile App
STA-O8208,STA-C9999,31-03-2023,Coffee Beans (Retail),5,21.15,Cancelled,Mobile App
STA-O5489,STA-C9778,24-12-2025,Hot Coffee,3,3.47,Cancelled,Cash
STA-O7819,STA-C4043,01-01-2023,Hot Coffee,3,3.86,Delivered,Cash
STA-O5902,STA-C6736,21-01-2024,Hot Coffee,5,5.21,Delivered,Cash
STA-O11226,STA-C10640,21-09-2023,Hot Coffee,2,4.01,Returned,Credit Card
STA-O12393,STA-C2048,04-04-2024,Merchandise,5,16.68,Shipped,Mobile App
STA-O8515,STA-C8370,24-06-2023,Sandwiches,4,8.27,Shipped,Starbucks Card
STA-O12318,STA-C7989,11-04-2025,Merchandise,5,31.2,Cancelled,Cash
STA-O10209,STA-C1243,19-12-2023,Coffee Beans (Retail),1,18.67,Unknown,Credit Card
STA-O5123,STA-C5707,03-08-2023,Tea,4,5.28,Delivered,Starbucks Card
STA-O10309,STA-C2102,25-01-2025,Frappuccino,4,6.92,Pending,Cash
STA-O12851,STA-C3833,29-11-2023,Cold Coffee,1,6.63,Cancelled,Cash
STA-O9872,STA-C6673,28-01-2024,Sandwiches,3,5.36,Shipped,Starbucks Card
STA-O11183,STA-C10226,14-11-2023,Frappuccino,3,7.35,Cancelled,Mobile App
STA-O8937,STA-C10494,11-03-2023,Tea,1,5.7,Delivered,Mobile App
STA-O11367,STA-C4282,22-12-2025,Sandwiches,1,5.52,Delivered,Cash
STA-O6342,STA-C10652,21-07-2024,Tea,2,4.47,Delivered,Mobile App
STA-O10140,STA-C6591,10-10-2023,Coffee Beans (Retail),2,17,Delivered,Mobile App
STA-O13404,STA-C10062,30-01-2023,Coffee Beans (Retail),3,16.38,Returned,Mobile App
STA-O11090,STA-C9342,16-03-2025,Hot Coffee,5,5.44,Delivered,Mobile App
STA-O10842,STA-C1966,20-11-2025,Frappuccino,1,7.29,Pending,Cash
STA-O12780,STA-C7469,30-12-2025,Cold Coffee,4,7.59,Delivered,Starbucks Card
STA-O14847,STA-C7234,20-02-2025,Sandwiches,2,8.6,Cancelled,Starbucks Card
STA-O5854,STA-C2943,12-01-2023,Hot Coffee,1,6.44,Cancelled,Credit Card
STA-O5360,STA-C7062,02-09-2023,Coffee Beans (Retail),5,15.26,Shipped,Mobile App
STA-O12037,STA-C4018,02-02-2024,Tea,5,5.07,Shipped,Cash
STA-O13255,STA-C2072,21-09-2025,Cold Coffee,3,6.53,Cancelled,Starbucks Card
STA-O7555,STA-C9186,14-02-2024,Hot Coffee,4,4.85,Delivered,Starbucks Card
STA-O5660,STA-C10503,07-07-2023,Hot Coffee,4,3.51,Pending,Credit Card
STA-O13072,STA-C2243,26-08-2024,Coffee Beans (Retail),4,16.21,Delivered,Cash
STA-O12150,STA-C2310,29-09-2024,Frappuccino,4,6.88,Cancelled,Starbucks Card
STA-O6742,STA-C4032,26-01-2024,Tea,3,3.51,Delivered,Cash
STA-O10739,STA-C10050,10-06-2023,Frappuccino,2,5.66,Unknown,Mobile App
STA-O9648,STA-C3879,22-11-2024,Hot Coffee,3,4.04,Delivered,Credit Card
STA-O14106,STA-C4638,01-05-2025,Frappuccino,2,5.45,Pending,Cash
STA-O11563,STA-C6937,09-01-2025,Coffee Beans (Retail),2,13.17,Delivered,Starbucks Card
STA-O11589,STA-C4885,01-07-2024,Cold Coffee,4,4.87,Returned,Credit Card
STA-O8123,STA-C2610,30-11-2023,Coffee Beans (Retail),3,17.4,Delivered,Starbucks Card
STA-O13588,STA-C2445,26-11-2025,Cold Coffee,3,5.81,Delivered,Cash
STA-O14514,STA-C7752,14-11-2025,Frappuccino,4,7.84,Returned,Credit Card
STA-O11480,STA-C4638,16-04-2024,Coffee Beans (Retail),4,22,Returned,Mobile App
STA-O5210,STA-C9963,02-07-2023,Sandwiches,3,7.1,Delivered,Cash
STA-O9991,STA-C1707,18-06-2025,Frappuccino,1,7.25,Cancelled,Cash
STA-O5687,STA-C5444,13-06-2025,Coffee Beans (Retail),3,24.34,Cancelled,Credit Card
STA-O8357,STA-C9617,27-10-2023,Frappuccino,1,7.25,Delivered,Mobile App
STA-O5876,STA-C10783,02-03-2024,Merchandise,5,26.27,Cancelled,Cash
STA-O7995,STA-C9999,18-07-2025,Frappuccino,4,6.89,Returned,Cash
STA-O12865,STA-C4849,13-11-2023,Coffee Beans (Retail),2,16.78,Delivered,Cash
STA-O10861,STA-C9489,27-02-2025,Tea,5,4.67,Delivered,Starbucks Card
STA-O10713,STA-C9002,16-10-2024,Frappuccino,1,6.43,Returned,Mobile App
STA-O14889,STA-C2764,03-10-2024,Cold Coffee,1,7.56,Shipped,Cash
STA-O5108,STA-C10542,14-10-2025,Sandwiches,2,8.71,Delivered,Cash
STA-O10524,STA-C8354,22-09-2025,Cold Coffee,3,4.83,Delivered,Cash
STA-O11143,STA-C9999,08-03-2023,Hot Coffee,1,3.01,Delivered,Mobile App
STA-O13942,STA-C2409,09-12-2024,Tea,2,5.31,Unknown,Credit Card
STA-O5881,STA-C7724,19-11-2024,Tea,5,4.58,Cancelled,Mobile App
STA-O12800,STA-C4677,27-02-2024,Bakery,2,3.95,Delivered,Mobile App
STA-O6358,STA-C9209,05-08-2023,Coffee Beans (Retail),1,18.94,Delivered,Starbucks Card
STA-O9527,STA-C1162,13-09-2025,Hot Coffee,4,4.84,Pending,Credit Card
STA-O13606,STA-C10074,16-01-2025,Merchandise,4,26.02,Delivered,Starbucks Card
STA-O5103,STA-C8810,29-05-2025,Cold Coffee,1,5.29,Delivered,Starbucks Card
STA-O7292,STA-C4066,06-04-2023,Cold Coffee,1,5.86,Returned,Mobile App
STA-O9013,STA-C10390,23-10-2025,Frappuccino,2,7.14,Delivered,Starbucks Card
STA-O8885,STA-C3249,30-09-2025,Frappuccino,1,6.29,Returned,Credit Card
STA-O7144,STA-C3628,03-06-2023,Cold Coffee,4,4.65,Delivered,Mobile App
STA-O10884,STA-C8852,23-02-2023,Cold Coffee,4,7.89,Delivered,Cash
STA-O8887,STA-C2509,13-03-2025,Coffee Beans (Retail),2,13.92,Cancelled,Starbucks Card
STA-O12837,STA-C9704,03-06-2023,Coffee Beans (Retail),5,15.25,Cancelled,Mobile App
STA-O7621,STA-C10191,07-08-2025,Sandwiches,4,6.92,Shipped,Credit Card
STA-O7375,STA-C7097,03-04-2025,Hot Coffee,2,4.1,Unknown,Starbucks Card
STA-O7890,STA-C10301,12-12-2024,Merchandise,5,36.97,Shipped,Mobile App
STA-O11947,STA-C8978,12-03-2025,Merchandise,4,30.85,Delivered,Cash
STA-O5649,STA-C3773,11-05-2024,Tea,3,5.91,Delivered,Cash
STA-O8989,STA-C4495,12-03-2025,Tea,5,5.69,Delivered,Starbucks Card
STA-O14431,STA-C4759,17-04-2024,Merchandise,3,34.48,Delivered,Starbucks Card
STA-O13744,STA-C1855,28-10-2025,Tea,5,5.56,Delivered,Starbucks Card
STA-O8288,STA-C5160,15-07-2025,Cold Coffee,5,4.83,Delivered,Credit Card
STA-O5029,STA-C6667,28-05-2024,Merchandise,4,17.03,Delivered,Starbucks Card
STA-O8359,STA-C6309,10-09-2023,Sandwiches,4,5.28,Delivered,Mobile App
STA-O6626,STA-C3812,21-02-2023,Tea,1,5.53,Cancelled,Mobile App
STA-O14135,STA-C6059,12-10-2024,Coffee Beans (Retail),2,13.12,Delivered,Mobile App
STA-O12412,STA-C9112,29-09-2023,Cold Coffee,2,5.79,Delivered,Mobile App
STA-O13166,STA-C10354,17-01-2023,Cold Coffee,5,5.94,Pending,Credit Card
STA-O13448,STA-C9513,19-10-2024,Hot Coffee,4,6.37,Cancelled,Cash
STA-O11790,STA-C9116,23-03-2024,Sandwiches,1,7.06,Pending,Cash
STA-O7924,STA-C5268,15-03-2023,Sandwiches,1,8.28,Returned,Starbucks Card
STA-O12199,STA-C10978,06-07-2025,Bakery,4,4.62,Shipped,Credit Card
STA-O10970,STA-C3547,30-11-2024,Tea,2,4.09,Delivered,Credit Card
STA-O14262,STA-C4490,16-10-2023,Tea,5,3.15,Shipped,Cash
STA-O13213,STA-C10443,16-06-2024,Cold Coffee,3,4.49,Shipped,Cash
STA-O5273,STA-C10882,10-04-2024,Sandwiches,3,7.62,Delivered,Credit Card
STA-O6456,STA-C2006,16-02-2025,Cold Coffee,5,4.52,Pending,Cash
STA-O6233,STA-C10662,23-09-2023,Hot Coffee,3,6.15,Delivered,Credit Card
STA-O7901,STA-C10783,07-02-2025,Coffee Beans (Retail),1,21.6,Delivered,Credit Card
STA-O11417,STA-C3935,04-10-2024,Cold Coffee,5,5.44,Returned,Credit Card
STA-O7997,STA-C1221,14-08-2025,Coffee Beans (Retail),4,13.9,Delivered,Starbucks Card
STA-O8172,STA-C2398,07-03-2024,Sandwiches,4,8.17,Shipped,Starbucks Card
STA-O5199,STA-C1681,26-12-2024,Cold Coffee,1,7.43,Returned,Credit Card
STA-O6720,STA-C2482,05-04-2023,Tea,1,5.94,Delivered,Credit Card
STA-O14596,STA-C8523,11-10-2025,Frappuccino,3,6.4,Delivered,Credit Card
STA-O8567,STA-C2532,02-11-2025,Bakery,3,2.99,Delivered,Starbucks Card
STA-O11600,STA-C6801,17-08-2023,Frappuccino,1,6.76,Shipped,Mobile App
STA-O10725,STA-C1694,19-07-2025,Bakery,1,5.71,Returned,Mobile App
STA-O7521,STA-C3274,08-10-2023,Hot Coffee,2,6.39,Pending,Credit Card
STA-O5834,STA-C1616,25-09-2023,Cold Coffee,3,5.39,Cancelled,Mobile App
STA-O10243,STA-C5642,28-05-2024,Merchandise,3,13.5,Delivered,Cash
STA-O11917,STA-C8280,22-01-2024,Sandwiches,2,5.29,Shipped,Cash
STA-O11970,STA-C7914,23-06-2024,Hot Coffee,2,6.1,Shipped,Mobile App
STA-O8478,STA-C3731,21-04-2023,Hot Coffee,1,4.48,Cancelled,Mobile App
STA-O7999,STA-C3523,02-01-2024,Sandwiches,1,7.61,Delivered,Starbucks Card
STA-O13193,STA-C4148,21-03-2025,Coffee Beans (Retail),4,20.16,Delivered,Starbucks Card
STA-O13811,STA-C9660,27-09-2023,Merchandise,2,35.85,Cancelled,Credit Card
STA-O10377,STA-C3095,11-01-2025,Frappuccino,1,5.84,Cancelled,Mobile App
STA-O14530,STA-C3201,07-06-2024,Cold Coffee,5,6.1,Delivered,Cash
STA-O9405,STA-C8843,13-06-2024,Coffee Beans (Retail),4,17.63,Pending,Credit Card
STA-O13830,STA-C10561,06-04-2024,Frappuccino,1,8.85,Returned,Cash
STA-O6292,STA-C6846,13-03-2025,Coffee Beans (Retail),1,24.05,Pending,Starbucks Card
STA-O11212,STA-C1253,16-12-2023,Bakery,3,2.7,Pending,Starbucks Card
STA-O7778,STA-C7233,04-10-2023,Sandwiches,2,7.27,Delivered,Cash
STA-O8590,STA-C1090,23-08-2025,Tea,2,3.44,Pending,Credit Card
STA-O5442,STA-C8941,20-09-2023,Frappuccino,5,5.3,Delivered,Mobile App
STA-O11911,STA-C7516,20-10-2025,Merchandise,5,31.95,Cancelled,Cash
STA-O10155,STA-C2547,10-11-2025,Hot Coffee,4,4.03,Shipped,Starbucks Card
STA-O14197,STA-C2378,20-07-2023,Frappuccino,4,7.13,Cancelled,Starbucks Card
STA-O14665,STA-C2558,26-09-2024,Tea,5,3.33,Delivered,Cash
STA-O13297,STA-C1133,26-12-2024,Merchandise,2,32.79,Delivered,Cash
STA-O6649,STA-C3081,16-06-2023,Sandwiches,3,7.89,Pending,Mobile App
STA-O6946,STA-C5744,13-04-2025,Tea,5,4.15,Delivered,Credit Card
STA-O11676,STA-C8503,03-10-2024,Sandwiches,1,8.78,Delivered,Mobile App
STA-O12122,STA-C9990,22-08-2025,Frappuccino,2,5.01,Delivered,Starbucks Card
STA-O13982,STA-C7230,03-09-2023,Merchandise,5,32.35,Delivered,Cash
STA-O7433,STA-C5517,22-01-2025,Merchandise,4,27.41,Delivered,Mobile App
STA-O14186,STA-C5474,05-01-2025,Merchandise,1,28.55,Delivered,Cash
STA-O8400,STA-C2165,20-02-2023,Cold Coffee,3,5,Delivered,Starbucks Card
STA-O12898,STA-C3359,22-09-2023,Hot Coffee,1,3.54,Pending,Starbucks Card
STA-O10499,STA-C8428,23-01-2023,Frappuccino,3,8.59,Delivered,Credit Card
STA-O6114,STA-C4206,21-08-2024,Hot Coffee,4,4.46,Delivered,Cash
STA-O8525,STA-C10521,09-05-2023,Bakery,5,5.21,Delivered,Cash
STA-O5326,STA-C5920,17-03-2024,Hot Coffee,4,5.04,Shipped,Credit Card
STA-O11034,STA-C10860,09-10-2023,Tea,3,5.1,Returned,Starbucks Card
STA-O14730,STA-C5848,08-05-2025,Tea,2,3.04,Shipped,Starbucks Card
STA-O5304,STA-C8937,14-09-2025,Frappuccino,4,5.87,Delivered,Cash
STA-O5282,STA-C1569,16-04-2023,Coffee Beans (Retail),3,23.44,Delivered,Mobile App
STA-O13872,STA-C7996,21-11-2025,Merchandise,5,33.36,Pending,Mobile App
STA-O12428,STA-C10286,15-11-2024,Bakery,2,3.2,Shipped,Starbucks Card
STA-O5270,STA-C8259,26-07-2023,Coffee Beans (Retail),3,21.25,Pending,Starbucks Card
STA-O13274,STA-C9852,23-11-2024,Merchandise,1,39.71,Shipped,Credit Card
STA-O10938,STA-C10791,21-12-2023,Sandwiches,4,8.97,Returned,Cash
STA-O8114,STA-C4866,01-08-2023,Merchandise,2,21.58,Pending,Cash
STA-O13709,STA-C8678,08-06-2025,Coffee Beans (Retail),4,13.3,Delivered,Mobile App
STA-O14643,STA-C9610,24-04-2024,Cold Coffee,3,7.52,Delivered,Credit Card
STA-O6864,STA-C7056,17-06-2024,Cold Coffee,3,6.8,Delivered,Cash
STA-O13389,STA-C8989,25-02-2025,Sandwiches,2,6.42,Shipped,Cash
STA-O5722,STA-C5567,02-08-2025,Bakery,3,4.3,Delivered,Starbucks Card
STA-O10088,STA-C3654,08-05-2023,Frappuccino,2,8.1,Delivered,Mobile App
STA-O11526,STA-C5124,26-05-2025,Bakery,1,5.72,Pending,Cash
STA-O12717,STA-C8816,16-03-2024,Cold Coffee,5,5.89,Unknown,Credit Card
STA-O5345,STA-C5465,21-04-2024,Hot Coffee,1,5.48,Unknown,Mobile App
STA-O9845,STA-C3014,27-11-2025,Bakery,2,4.5,Delivered,Mobile App
STA-O11033,STA-C9942,12-04-2023,Sandwiches,5,8.87,Returned,Mobile App
STA-O12072,STA-C1304,05-11-2025,Bakery,3,3.34,Cancelled,Cash
STA-O12444,STA-C2907,12-03-2025,Sandwiches,1,8.63,Pending,Mobile App
STA-O14983,STA-C2944,19-12-2024,Tea,5,4.89,Delivered,Cash
STA-O6602,STA-C10470,08-07-2025,Bakery,2,3.54,Cancelled,Cash
STA-O7491,STA-C10954,27-12-2023,Merchandise,3,30.82,Shipped,Credit Card
STA-O13021,STA-C2543,03-01-2024,Cold Coffee,1,5.19,Delivered,Mobile App
STA-O7137,STA-C6672,12-11-2024,Tea,2,4.65,Pending,Mobile App
STA-O5156,STA-C4281,06-11-2024,Coffee Beans (Retail),2,21.89,Delivered,Credit Card
STA-O5729,STA-C9999,25-04-2023,Frappuccino,1,5.31,Delivered,Starbucks Card
STA-O13718,STA-C10636,11-07-2023,Tea,2,4.96,Delivered,Credit Card
STA-O5773,STA-C8422,22-05-2023,Coffee Beans (Retail),2,20.3,Returned,Mobile App
STA-O12941,STA-C4316,07-04-2024,Cold Coffee,3,7.16,Pending,Starbucks Card
STA-O11873,STA-C7107,23-02-2025,Coffee Beans (Retail),3,24.46,Delivered,Cash
STA-O14360,STA-C8675,17-04-2023,Hot Coffee,1,6.89,Returned,Credit Card
STA-O14625,STA-C7556,09-10-2025,Cold Coffee,1,7.92,Delivered,Mobile App
STA-O11691,STA-C4105,23-10-2024,Merchandise,5,28.38,Shipped,Cash
STA-O13442,STA-C2692,02-12-2025,Frappuccino,4,5.94,Unknown,Credit Card
STA-O6402,STA-C8342,18-01-2024,Sandwiches,5,6.75,Delivered,Starbucks Card
STA-O14599,STA-C2689,15-10-2023,Cold Coffee,2,6.62,Shipped,Credit Card
STA-O6667,STA-C1444,18-11-2023,Cold Coffee,4,6.46,Returned,Credit Card
STA-O11291,STA-C5773,13-02-2025,Tea,4,3.65,Returned,Mobile App
STA-O14060,STA-C9501,12-07-2024,Sandwiches,1,7.76,Shipped,Mobile App
STA-O12206,STA-C3446,08-04-2025,Coffee Beans (Retail),3,16.69,Cancelled,Cash
STA-O12138,STA-C1161,09-08-2023,Coffee Beans (Retail),1,14.17,Shipped,Cash
STA-O8930,STA-C1473,04-02-2024,Cold Coffee,2,4.73,Pending,Cash
STA-O8552,STA-C9523,11-05-2025,Frappuccino,2,6.87,Cancelled,Starbucks Card
STA-O6561,STA-C4656,13-10-2023,Sandwiches,4,6.11,Delivered,Credit Card
STA-O13926,STA-C4788,14-12-2023,Bakery,1,5.47,Delivered,Mobile App
STA-O10235,STA-C1127,09-04-2025,Cold Coffee,1,4.96,Delivered,Starbucks Card
STA-O8389,STA-C2061,12-03-2024,Tea,4,4.31,Shipped,Mobile App
STA-O12560,STA-C6531,25-02-2023,Frappuccino,3,8.18,Cancelled,Mobile App
STA-O13122,STA-C2384,13-06-2025,Hot Coffee,4,6.05,Delivered,Starbucks Card
STA-O6581,STA-C7256,06-02-2024,Merchandise,1,13.03,Pending,Starbucks Card
STA-O14457,STA-C4206,02-04-2025,Sandwiches,3,6.03,Delivered,Starbucks Card
STA-O8686,STA-C8803,10-04-2024,Merchandise,3,23.24,Cancelled,Credit Card
STA-O11354,STA-C2021,09-02-2025,Bakery,3,5.04,Delivered,Starbucks Card
STA-O13612,STA-C10705,25-10-2025,Frappuccino,2,8.41,Pending,Cash
STA-O11239,STA-C1165,01-01-2024,Cold Coffee,2,6.3,Delivered,Credit Card
STA-O13579,STA-C4929,23-02-2024,Merchandise,4,39.05,Delivered,Starbucks Card
STA-O11290,STA-C2523,07-12-2023,Frappuccino,1,8.5,Returned,Starbucks Card
STA-O6102,STA-C4827,19-04-2023,Coffee Beans (Retail),5,16.79,Shipped,Mobile App
STA-O9263,STA-C9430,29-12-2025,Cold Coffee,2,5.87,Pending,Starbucks Card
STA-O8994,STA-C4305,21-12-2024,Hot Coffee,3,6.83,Delivered,Credit Card
STA-O5219,STA-C5723,06-10-2025,Cold Coffee,4,5.22,Delivered,Mobile App
STA-O7080,STA-C10399,08-10-2023,Merchandise,5,37.18,Pending,Cash
STA-O5678,STA-C8671,16-08-2025,Cold Coffee,4,4.84,Returned,Mobile App
STA-O13118,STA-C2020,22-06-2025,Frappuccino,1,5.71,Returned,Cash
STA-O6486,STA-C9316,18-09-2023,Cold Coffee,3,5.78,Shipped,Mobile App
STA-O6704,STA-C3134,19-11-2024,Merchandise,2,14.28,Returned,Mobile App
STA-O11053,STA-C9954,23-11-2024,Coffee Beans (Retail),3,14.74,Cancelled,Mobile App
STA-O7014,STA-C9497,08-04-2024,Bakery,2,2.69,Delivered,Starbucks Card
STA-O5422,STA-C3930,06-06-2023,Hot Coffee,2,5.34,Returned,Credit Card
STA-O11668,STA-C7704,18-09-2023,Merchandise,3,13.16,Delivered,Mobile App
STA-O8934,STA-C1569,18-07-2023,Merchandise,2,35.47,Delivered,Mobile App
STA-O8458,STA-C1235,25-01-2025,Bakery,2,2.41,Delivered,Starbucks Card
STA-O7974,STA-C10046,15-11-2025,Merchandise,3,35.31,Returned,Starbucks Card
STA-O6204,STA-C2354,25-03-2024,Hot Coffee,2,6.26,Unknown,Cash
STA-O12675,STA-C2314,24-12-2024,Sandwiches,4,8.38,Shipped,Starbucks Card
STA-O5929,STA-C3851,15-07-2025,Cold Coffee,2,5.52,Delivered,Mobile App
STA-O8957,STA-C3480,13-10-2024,Sandwiches,3,8.11,Delivered,Cash
STA-O10410,STA-C2676,24-05-2024,Sandwiches,4,7.3,Delivered,Credit Card
STA-O11146,STA-C8904,11-06-2024,Cold Coffee,5,7.07,Cancelled,Cash
STA-O14050,STA-C2364,10-09-2025,Tea,2,3.79,Shipped,Credit Card
STA-O10061,STA-C5624,19-09-2024,Merchandise,5,17.17,Pending,Credit Card
STA-O9758,STA-C10691,30-11-2023,Sandwiches,1,5.11,Delivered,Credit Card
STA-O12052,STA-C5516,16-04-2023,Merchandise,4,37.64,Returned,Credit Card
STA-O6176,STA-C9573,18-02-2024,Hot Coffee,4,6.16,Shipped,Mobile App
STA-O6558,STA-C1241,19-11-2024,Frappuccino,5,5.35,Cancelled,Mobile App
STA-O9151,STA-C1644,10-11-2023,Frappuccino,3,6.57,Delivered,Cash
STA-O12886,STA-C9999,03-02-2024,Frappuccino,1,8.54,Delivered,Cash
STA-O7455,STA-C4416,12-07-2023,Hot Coffee,3,6.56,Delivered,Mobile App
STA-O7419,STA-C10739,08-04-2024,Cold Coffee,2,4.43,Shipped,Starbucks Card
STA-O7856,STA-C10401,22-06-2025,Merchandise,3,20.6,Returned,Cash
STA-O9701,STA-C4722,29-05-2024,Cold Coffee,3,4.24,Delivered,Cash
STA-O10572,STA-C8424,22-02-2023,Hot Coffee,4,3.79,Cancelled,Credit Card
STA-O13488,STA-C6633,03-09-2024,Merchandise,2,13.63,Cancelled,Cash
STA-O8674,STA-C5332,27-10-2025,Sandwiches,1,7.6,Returned,Cash
STA-O13605,STA-C7014,20-07-2025,Tea,4,3.48,Unknown,Mobile App
STA-O12774,STA-C1445,07-04-2025,Bakery,4,3.2,Shipped,Mobile App
STA-O14617,STA-C1897,14-01-2023,Frappuccino,3,8.77,Delivered,Credit Card
STA-O8900,STA-C1569,27-11-2025,Tea,1,5.75,Cancelled,Mobile App
STA-O12716,STA-C4619,28-08-2023,Tea,1,3.41,Shipped,Cash
STA-O10814,STA-C6209,03-11-2023,Hot Coffee,3,4.54,Pending,Credit Card
STA-O10680,STA-C5493,13-09-2023,Merchandise,5,21.25,Cancelled,Mobile App
STA-O10020,STA-C7881,14-07-2025,Sandwiches,5,7.19,Delivered,Cash
STA-O7042,STA-C10070,09-12-2023,Cold Coffee,1,7.92,Returned,Cash
STA-O11928,STA-C2709,02-12-2025,Cold Coffee,4,4.93,Delivered,Starbucks Card
STA-O11009,STA-C3355,16-03-2023,Bakery,5,5.11,Delivered,Credit Card
STA-O13776,STA-C1120,14-07-2025,Hot Coffee,2,4.41,Shipped,Mobile App
STA-O10429,STA-C9122,12-01-2024,Bakery,5,4.33,Unknown,Cash
STA-O8203,STA-C8945,19-02-2023,Merchandise,2,15.97,Shipped,Mobile App
STA-O13962,STA-C10843,10-09-2025,Merchandise,5,37.25,Pending,Mobile App
STA-O13963,STA-C5640,20-07-2023,Bakery,1,3.44,Cancelled,Mobile App
STA-O5057,STA-C4086,30-10-2025,Frappuccino,1,6.36,Returned,Cash
STA-O11604,STA-C8292,27-03-2025,Frappuccino,1,7.3,Pending,Cash
STA-O9265,STA-C5283,25-06-2024,Hot Coffee,4,5.52,Shipped,Mobile App
STA-O5417,STA-C6084,02-04-2024,Hot Coffee,2,3.62,Delivered,Mobile App
STA-O9094,STA-C8572,01-05-2025,Bakery,5,2.13,Delivered,Starbucks Card
STA-O10554,STA-C1632,08-09-2024,Tea,3,5.15,Shipped,Starbucks Card
STA-O13800,STA-C2152,09-11-2023,Coffee Beans (Retail),2,23.34,Delivered,Starbucks Card
STA-O13112,STA-C6486,31-07-2025,Bakery,2,3.21,Unknown,Cash
STA-O13626,STA-C9206,12-03-2023,Coffee Beans (Retail),2,16.39,Delivered,Starbucks Card
STA-O7221,STA-C6002,17-07-2024,Sandwiches,2,8.63,Delivered,Mobile App
STA-O7865,STA-C1876,14-01-2023,Merchandise,5,21.31,Returned,Credit Card
STA-O7660,STA-C6843,27-11-2024,Bakery,4,5.42,Delivered,Starbucks Card
STA-O12262,STA-C7070,13-10-2023,Cold Coffee,3,6.16,Pending,Cash
STA-O5453,STA-C6078,20-08-2025,Tea,1,5.59,Returned,Credit Card
STA-O11971,STA-C6183,14-04-2024,Hot Coffee,1,4.9,Pending,Credit Card
STA-O7166,STA-C4068,12-03-2024,Coffee Beans (Retail),2,20.38,Delivered,Credit Card
STA-O5999,STA-C2852,31-01-2024,Merchandise,4,11.26,Delivered,Mobile App
STA-O7162,STA-C8960,31-03-2024,Hot Coffee,5,6.21,Pending,Cash
STA-O5126,STA-C9821,17-11-2025,Coffee Beans (Retail),2,11.99,Delivered,Starbucks Card
STA-O7457,STA-C8311,22-06-2024,Merchandise,1,39.91,Delivered,Cash
STA-O12032,STA-C4297,26-11-2023,Frappuccino,4,6.58,Pending,Mobile App
STA-O8880,STA-C3605,15-05-2024,Hot Coffee,5,5.87,Shipped,Credit Card
STA-O5822,STA-C9826,12-07-2024,Coffee Beans (Retail),3,14.67,Cancelled,Mobile App
STA-O12353,STA-C1814,27-03-2023,Hot Coffee,4,6.88,Delivered,Cash
STA-O9885,STA-C6707,04-10-2023,Bakery,1,2.23,Delivered,Cash
STA-O8462,STA-C2393,28-05-2025,Tea,1,5.48,Delivered,Cash
STA-O11271,STA-C2380,20-11-2024,Hot Coffee,3,6.41,Returned,Credit Card
STA-O7397,STA-C7051,26-11-2025,Hot Coffee,3,6.25,Shipped,Mobile App
STA-O8922,STA-C2217,04-09-2023,Cold Coffee,3,5.39,Shipped,Credit Card
STA-O6427,STA-C9999,13-07-2025,Coffee Beans (Retail),3,16.75,Cancelled,Starbucks Card
STA-O10727,STA-C2207,19-08-2023,Frappuccino,3,6.69,Unknown,Mobile App
STA-O5547,STA-C3598,11-12-2025,Coffee Beans (Retail),1,21.37,Delivered,Credit Card
STA-O7283,STA-C2627,21-11-2023,Merchandise,5,9.52,Returned,Mobile App
STA-O14214,STA-C9211,22-10-2024,Cold Coffee,3,6.41,Unknown,Cash
STA-O8859,STA-C9999,03-09-2025,Merchandise,1,38.63,Shipped,Cash
STA-O7324,STA-C7902,28-04-2025,Frappuccino,5,5.18,Shipped,Credit Card
STA-O8043,STA-C6083,15-04-2023,Coffee Beans (Retail),4,13.58,Delivered,Mobile App
STA-O12696,STA-C2444,06-07-2023,Sandwiches,2,5.25,Pending,Credit Card
STA-O12863,STA-C7716,27-03-2025,Frappuccino,4,6.26,Delivered,Cash
STA-O13139,STA-C8593,05-05-2024,Bakery,3,3.31,Cancelled,Mobile App
STA-O12302,STA-C2200,13-10-2023,Cold Coffee,1,4.41,Shipped,Starbucks Card
STA-O12549,STA-C9197,01-03-2025,Sandwiches,3,7.32,Shipped,Mobile App
STA-O9561,STA-C7163,30-08-2025,Hot Coffee,4,6.86,Delivered,Mobile App
STA-O9915,STA-C8221,02-05-2024,Cold Coffee,4,4.43,Pending,Mobile App
STA-O9693,STA-C1510,09-02-2023,Bakery,5,4.09,Delivered,Mobile App
STA-O5010,STA-C4333,27-10-2023,Tea,1,5.5,Cancelled,Cash
STA-O14271,STA-C6200,22-01-2024,Cold Coffee,1,5.53,Shipped,Starbucks Card
STA-O5092,STA-C10075,16-04-2024,Hot Coffee,3,4.83,Delivered,Starbucks Card
STA-O12330,STA-C2194,14-06-2025,Bakery,3,3.77,Cancelled,Cash
STA-O7123,STA-C3152,11-09-2023,Frappuccino,3,8.06,Returned,Mobile App
STA-O11104,STA-C7132,24-06-2023,Sandwiches,2,8.45,Returned,Starbucks Card
STA-O6889,STA-C5777,26-12-2024,Hot Coffee,1,5.77,Pending,Mobile App
STA-O12672,STA-C1396,24-01-2024,Frappuccino,3,5.74,Pending,Mobile App
STA-O5478,STA-C2552,21-03-2025,Merchandise,5,11.41,Pending,Mobile App
STA-O14318,STA-C10068,13-07-2024,Coffee Beans (Retail),2,12.57,Shipped,Mobile App
STA-O8972,STA-C9999,22-12-2023,Sandwiches,3,8.39,Returned,Mobile App
STA-O5421,STA-C9621,25-04-2025,Bakery,1,4.3,Delivered,Mobile App
STA-O11876,STA-C1157,08-09-2024,Frappuccino,1,8.26,Shipped,Credit Card
STA-O8514,STA-C2009,25-01-2025,Coffee Beans (Retail),4,17.47,Returned,Mobile App
STA-O7934,STA-C8490,05-02-2025,Cold Coffee,4,6.89,Delivered,Mobile App
STA-O14529,STA-C3435,22-12-2025,Sandwiches,5,8.74,Delivered,Credit Card
STA-O9277,STA-C4708,07-03-2023,Bakery,5,3.12,Cancelled,Cash
STA-O8005,STA-C10170,04-03-2023,Merchandise,5,18.33,Delivered,Starbucks Card
STA-O12141,STA-C4082,03-09-2025,Sandwiches,3,7.13,Shipped,Credit Card
STA-O13812,STA-C4443,05-05-2025,Tea,1,3.55,Delivered,Mobile App
STA-O14561,STA-C3471,20-04-2025,Merchandise,2,26.7,Pending,Mobile App
STA-O8285,STA-C2756,25-04-2025,Coffee Beans (Retail),4,24.67,Delivered,Mobile App
STA-O13468,STA-C5916,24-06-2024,Hot Coffee,4,5.95,Cancelled,Starbucks Card
STA-O8065,STA-C5930,12-09-2023,Hot Coffee,4,6.23,Pending,Mobile App
STA-O14744,STA-C6286,02-01-2024,Merchandise,2,39.55,Pending,Credit Card
STA-O5090,STA-C9707,23-05-2024,Coffee Beans (Retail),3,23.67,Cancelled,Starbucks Card
STA-O7628,STA-C4304,22-02-2025,Frappuccino,2,5.46,Returned,Cash
STA-O11712,STA-C4146,04-12-2025,Bakery,5,3.67,Delivered,Starbucks Card
STA-O11178,STA-C2107,13-05-2025,Sandwiches,5,7.57,Pending,Mobile App
STA-O7496,STA-C3002,02-11-2025,Frappuccino,5,6.77,Returned,Starbucks Card
STA-O12561,STA-C3464,30-06-2023,Tea,5,3.71,Cancelled,Credit Card
STA-O8535,STA-C5086,22-03-2023,Coffee Beans (Retail),2,17.51,Returned,Credit Card
STA-O8310,STA-C10469,20-04-2024,Merchandise,1,19.17,Pending,Starbucks Card
STA-O8426,STA-C8494,21-01-2024,Coffee Beans (Retail),3,20.86,Unknown,Mobile App
STA-O8736,STA-C4282,06-06-2024,Sandwiches,4,7.21,Delivered,Credit Card
STA-O8617,STA-C7301,04-12-2025,Hot Coffee,5,5.9,Pending,Credit Card
STA-O14820,STA-C3331,03-02-2025,Frappuccino,4,6.02,Returned,Credit Card
STA-O10189,STA-C10022,03-05-2024,Cold Coffee,1,5.15,Shipped,Starbucks Card
STA-O14866,STA-C4570,05-10-2023,Bakery,4,4.47,Shipped,Starbucks Card
STA-O11985,STA-C8637,29-12-2024,Bakery,5,2.08,Delivered,Credit Card
STA-O13413,STA-C3255,28-07-2024,Hot Coffee,5,5.03,Shipped,Credit Card
STA-O7510,STA-C5965,12-01-2024,Sandwiches,1,7.42,Delivered,Credit Card
STA-O6188,STA-C9699,17-08-2025,Coffee Beans (Retail),3,15.32,Delivered,Credit Card
STA-O14717,STA-C6457,01-04-2024,Cold Coffee,1,5.48,Shipped,Starbucks Card
STA-O8029,STA-C4883,30-09-2023,Coffee Beans (Retail),4,17.45,Shipped,Credit Card
STA-O6932,STA-C9298,16-01-2023,Cold Coffee,2,6.96,Delivered,Cash
STA-O5305,STA-C10805,13-01-2023,Sandwiches,1,5.26,Delivered,Credit Card
STA-O11082,STA-C8284,11-09-2025,Merchandise,3,19.55,Unknown,Mobile App
STA-O5164,STA-C8571,17-02-2025,Sandwiches,5,5.7,Returned,Cash
STA-O5025,STA-C1201,06-07-2023,Sandwiches,4,7.73,Delivered,Credit Card
STA-O14896,STA-C6625,07-01-2024,Hot Coffee,2,5.45,Delivered,Starbucks Card
STA-O14511,STA-C6231,26-12-2025,Sandwiches,2,5.05,Cancelled,Cash
STA-O13052,STA-C2720,21-11-2024,Tea,5,3.37,Pending,Cash
STA-O7971,STA-C9748,11-06-2023,Hot Coffee,1,3.88,Delivered,Cash
STA-O12343,STA-C2821,10-10-2024,Hot Coffee,4,5.2,Delivered,Mobile App
STA-O7785,STA-C8383,04-02-2025,Sandwiches,4,7.77,Cancelled,Mobile App
STA-O13856,STA-C1673,16-09-2023,Merchandise,4,28.43,Cancelled,Starbucks Card
STA-O10534,STA-C4071,30-08-2024,Merchandise,5,11.68,Shipped,Cash
STA-O10391,STA-C6341,01-11-2023,Frappuccino,2,7.72,Cancelled,Credit Card
STA-O7973,STA-C5444,03-08-2025,Bakery,4,2.13,Returned,Mobile App
STA-O9336,STA-C6249,16-01-2024,Cold Coffee,3,5.21,Delivered,Credit Card
STA-O9240,STA-C4399,07-09-2025,Merchandise,1,25.15,Shipped,Mobile App
STA-O7948,STA-C4235,16-12-2025,Frappuccino,3,5.58,Returned,Cash
STA-O6458,STA-C7621,18-08-2023,Hot Coffee,2,4.76,Returned,Cash
STA-O9080,STA-C10974,14-06-2024,Bakery,5,5.55,Returned,Credit Card
STA-O12683,STA-C2103,03-11-2025,Hot Coffee,2,4.44,Shipped,Credit Card
STA-O6594,STA-C4302,26-11-2024,Merchandise,4,36.54,Pending,Credit Card
STA-O5609,STA-C1008,04-09-2024,Tea,3,4.07,Pending,Cash
STA-O11699,STA-C8914,30-12-2025,Bakery,4,2.48,Delivered,Credit Card
STA-O9921,STA-C6670,14-07-2024,Hot Coffee,3,5.48,Returned,Mobile App
STA-O14755,STA-C5574,01-07-2024,Hot Coffee,2,6.95,Returned,Cash
STA-O11211,STA-C9629,16-02-2025,Frappuccino,5,6.05,Delivered,Cash
STA-O14648,STA-C8535,02-08-2025,Cold Coffee,2,7.59,Delivered,Credit Card
STA-O8063,STA-C5761,16-09-2023,Merchandise,1,15.61,Cancelled,Cash
STA-O11371,STA-C8759,26-06-2024,Cold Coffee,1,5.57,Pending,Mobile App
STA-O9695,STA-C7600,22-12-2023,Hot Coffee,3,5.45,Delivered,Credit Card
STA-O6084,STA-C8192,12-08-2025,Coffee Beans (Retail),3,17.8,Delivered,Credit Card
STA-O10889,STA-C4134,29-11-2023,Frappuccino,1,8.09,Shipped,Credit Card
STA-O11067,STA-C10285,04-08-2024,Bakery,3,2.82,Pending,Cash
STA-O13101,STA-C10163,04-12-2025,Cold Coffee,3,5.26,Delivered,Starbucks Card
STA-O9657,STA-C5846,11-11-2025,Cold Coffee,4,7.83,Returned,Cash
STA-O13142,STA-C6434,27-10-2025,Tea,2,4.66,Delivered,Cash
STA-O14336,STA-C8779,23-07-2025,Bakery,2,4.46,Delivered,Cash
STA-O12999,STA-C4647,23-07-2025,Sandwiches,5,6.78,Delivered,Mobile App
STA-O11428,STA-C7523,15-04-2025,Frappuccino,1,8.44,Delivered,Starbucks Card
STA-O9097,STA-C10338,01-11-2025,Hot Coffee,2,5,Pending,Cash
STA-O8748,STA-C5614,18-08-2024,Sandwiches,3,7.21,Delivered,Mobile App
STA-O5434,STA-C5734,01-04-2025,Merchandise,2,37.07,Delivered,Mobile App
STA-O5201,STA-C10876,21-11-2024,Hot Coffee,5,5.17,Delivered,Mobile App
STA-O5596,STA-C5047,27-09-2023,Bakery,4,2.36,Cancelled,Credit Card
STA-O14204,STA-C9641,18-06-2023,Hot Coffee,3,5.27,Shipped,Mobile App
STA-O8443,STA-C5831,03-08-2023,Sandwiches,4,7.76,Cancelled,Cash
STA-O11054,STA-C3240,22-08-2023,Merchandise,5,39.14,Pending,Cash
STA-O13988,STA-C5131,04-09-2024,Coffee Beans (Retail),4,23.55,Delivered,Cash
STA-O10941,STA-C4262,12-11-2024,Bakery,3,3.99,Delivered,Mobile App
STA-O8101,STA-C9999,02-04-2024,Cold Coffee,4,6.41,Delivered,Cash
STA-O7239,STA-C8370,14-02-2025,Merchandise,1,28.75,Cancelled,Mobile App
STA-O8640,STA-C4010,26-03-2023,Bakery,4,2.42,Returned,Starbucks Card
STA-O9124,STA-C10322,23-09-2023,Hot Coffee,5,3.64,Delivered,Mobile App
STA-O6119,STA-C6419,04-05-2024,Cold Coffee,5,7.5,Pending,Starbucks Card
STA-O8565,STA-C2300,12-01-2025,Bakery,4,4.8,Cancelled,Starbucks Card
STA-O7087,STA-C10655,26-07-2023,Frappuccino,2,7.32,Shipped,Starbucks Card
STA-O12200,STA-C2614,20-09-2023,Coffee Beans (Retail),3,11.74,Delivered,Mobile App
STA-O8334,STA-C2817,23-01-2024,Cold Coffee,3,4.17,Returned,Mobile App
STA-O5697,STA-C9112,06-06-2025,Cold Coffee,5,6.61,Delivered,Starbucks Card
STA-O6687,STA-C9289,23-11-2025,Tea,3,5.29,Delivered,Starbucks Card
STA-O8411,STA-C8080,16-10-2025,Hot Coffee,4,3.4,Shipped,Credit Card
STA-O9482,STA-C8616,10-02-2023,Frappuccino,1,5.64,Delivered,Starbucks Card
STA-O11373,STA-C1855,05-05-2024,Coffee Beans (Retail),4,19.58,Pending,Mobile App
STA-O13084,STA-C10117,30-07-2025,Sandwiches,2,6.82,Shipped,Starbucks Card
STA-O9512,STA-C6366,28-06-2023,Sandwiches,2,6.15,Delivered,Cash
STA-O14883,STA-C6967,04-07-2024,Tea,3,5.32,Delivered,Credit Card
STA-O13671,STA-C10068,28-05-2025,Merchandise,1,29.41,Delivered,Mobile App
STA-O5726,STA-C1360,13-01-2024,Merchandise,2,9.03,Returned,Cash
STA-O10236,STA-C1056,02-07-2024,Coffee Beans (Retail),2,20.2,Returned,Credit Card
STA-O9065,STA-C9872,06-02-2024,Tea,3,3.02,Shipped,Cash
STA-O8819,STA-C9873,21-08-2023,Merchandise,3,32.45,Returned,Starbucks Card
STA-O12722,STA-C6308,20-01-2024,Frappuccino,2,6.22,Delivered,Credit Card
STA-O13578,STA-C6056,24-01-2024,Cold Coffee,5,5.93,Returned,Credit Card
STA-O11966,STA-C7807,20-04-2023,Coffee Beans (Retail),4,19.57,Shipped,Cash
STA-O10974,STA-C1102,17-12-2023,Coffee Beans (Retail),1,17.84,Delivered,Starbucks Card
STA-O12676,STA-C10485,28-08-2023,Merchandise,1,38.66,Returned,Credit Card
STA-O6026,STA-C5849,12-10-2025,Cold Coffee,4,6.34,Returned,Credit Card
STA-O14533,STA-C10773,15-07-2024,Coffee Beans (Retail),3,16.21,Returned,Cash
STA-O14547,STA-C5020,04-10-2023,Hot Coffee,4,3.98,Returned,Mobile App
STA-O11425,STA-C5381,01-07-2025,Sandwiches,5,5.73,Delivered,Cash
STA-O12067,STA-C9426,03-05-2025,Merchandise,5,24.74,Delivered,Starbucks Card
STA-O6928,STA-C3992,14-01-2024,Sandwiches,3,5.38,Shipped,Credit Card
STA-O8351,STA-C8327,23-04-2023,Frappuccino,4,7.83,Pending,Cash
STA-O12386,STA-C5136,27-03-2024,Cold Coffee,5,5.49,Shipped,Starbucks Card
STA-O13391,STA-C4798,10-07-2023,Sandwiches,1,7.17,Delivered,Starbucks Card
STA-O10216,STA-C5808,26-07-2025,Sandwiches,3,5.96,Delivered,Mobile App
STA-O8761,STA-C1138,05-10-2023,Hot Coffee,1,3.23,Delivered,Cash
STA-O6162,STA-C6470,06-09-2025,Hot Coffee,5,4.61,Returned,Credit Card
STA-O9735,STA-C7547,02-12-2024,Coffee Beans (Retail),4,22.44,Delivered,Credit Card
STA-O6435,STA-C7067,08-08-2024,Tea,5,4.85,Delivered,Mobile App
STA-O11056,STA-C3676,22-12-2023,Merchandise,3,19.09,Delivered,Starbucks Card
STA-O11775,STA-C9959,24-01-2023,Hot Coffee,4,3.43,Delivered,Cash
STA-O6100,STA-C3507,18-01-2025,Merchandise,4,20.98,Delivered,Mobile App
STA-O8015,STA-C3518,10-09-2024,Sandwiches,3,5.31,Delivered,Cash
STA-O11508,STA-C2818,13-12-2025,Bakery,5,2.28,Delivered,Cash
STA-O7097,STA-C5460,14-10-2024,Cold Coffee,3,6.21,Returned,Mobile App
STA-O13347,STA-C1450,12-12-2025,Frappuccino,1,6.76,Returned,Mobile App
STA-O5684,STA-C1089,18-11-2025,Merchandise,3,29.77,Shipped,Mobile App
STA-O6311,STA-C10501,27-09-2023,Cold Coffee,5,5.78,Cancelled,Starbucks Card
STA-O12494,STA-C5018,13-05-2023,Tea,3,3.02,Returned,Cash
STA-O9423,STA-C1076,09-05-2024,Hot Coffee,4,5.59,Shipped,Starbucks Card
STA-O10221,STA-C10126,24-09-2025,Hot Coffee,2,3.27,Shipped,Starbucks Card
STA-O10058,STA-C10485,28-02-2023,Coffee Beans (Retail),3,16.35,Delivered,Credit Card
STA-O5817,STA-C9539,02-08-2024,Sandwiches,2,8.24,Returned,Cash
STA-O8076,STA-C8263,17-03-2023,Tea,3,4.68,Pending,Credit Card
STA-O13247,STA-C6742,19-04-2025,Cold Coffee,3,4.05,Cancelled,Mobile App
STA-O10723,STA-C9999,20-05-2024,Hot Coffee,1,3.77,Unknown,Starbucks Card
STA-O8927,STA-C6391,29-01-2025,Merchandise,3,20.93,Cancelled,Credit Card
STA-O9412,STA-C9116,16-09-2024,Coffee Beans (Retail),2,18.25,Delivered,Mobile App
STA-O6193,STA-C6103,15-05-2024,Hot Coffee,2,6.39,Shipped,Cash
STA-O13137,STA-C2032,15-11-2025,Cold Coffee,1,5.82,Returned,Credit Card
STA-O5519,STA-C4519,23-12-2023,Merchandise,4,19.02,Delivered,Cash
STA-O5022,STA-C3761,03-01-2023,Merchandise,1,39.75,Shipped,Credit Card
STA-O13990,STA-C8677,24-04-2023,Tea,3,3.69,Returned,Mobile App
STA-O5841,STA-C9830,25-09-2024,Tea,3,5.76,Pending,Cash
STA-O9905,STA-C8854,17-02-2024,Sandwiches,1,8.99,Returned,Cash
STA-O14572,STA-C9810,07-03-2023,Bakery,5,2.81,Delivered,Mobile App
STA-O10359,STA-C7158,16-06-2025,Bakery,2,5.82,Delivered,Credit Card
STA-O7488,STA-C7033,13-01-2025,Bakery,2,5.76,Delivered,Mobile App
STA-O9722,STA-C4319,26-03-2024,Tea,1,5.49,Returned,Starbucks Card
STA-O11385,STA-C7856,26-06-2025,Tea,1,4.1,Cancelled,Credit Card
STA-O14692,STA-C9738,14-06-2025,Coffee Beans (Retail),3,23.64,Delivered,Mobile App
STA-O8725,STA-C4668,21-10-2024,Coffee Beans (Retail),1,10.97,Pending,Mobile App
STA-O6302,STA-C5578,08-07-2025,Merchandise,3,33.22,Returned,Cash
STA-O8616,STA-C9735,13-01-2024,Tea,5,3.85,Shipped,Cash
STA-O8233,STA-C2280,17-02-2024,Hot Coffee,1,3.36,Shipped,Starbucks Card
STA-O8436,STA-C5753,05-06-2023,Tea,4,4.05,Returned,Starbucks Card
STA-O8133,STA-C5150,03-05-2023,Hot Coffee,4,6.32,Delivered,Mobile App
STA-O8412,STA-C7445,09-08-2024,Merchandise,3,12.9,Cancelled,Starbucks Card
STA-O10968,STA-C1504,29-07-2024,Hot Coffee,3,3.03,Delivered,Cash
STA-O10997,STA-C7627,18-06-2024,Coffee Beans (Retail),4,20.56,Delivered,Mobile App
STA-O11514,STA-C7964,24-08-2025,Cold Coffee,2,4.27,Delivered,Cash
STA-O14100,STA-C4180,07-12-2024,Cold Coffee,1,7.9,Pending,Mobile App
STA-O9083,STA-C8638,23-01-2024,Cold Coffee,5,5.62,Delivered,Mobile App
STA-O11840,STA-C4713,24-12-2024,Merchandise,3,39.64,Cancelled,Credit Card
STA-O14218,STA-C7958,08-08-2023,Cold Coffee,5,6.49,Delivered,Credit Card
STA-O12389,STA-C7094,20-01-2025,Coffee Beans (Retail),5,22.05,Delivered,Mobile App
STA-O7896,STA-C7388,28-08-2023,Bakery,3,4.58,Shipped,Credit Card
STA-O14743,STA-C7683,08-05-2024,Merchandise,4,19.95,Unknown,Cash
STA-O9823,STA-C9665,16-05-2025,Hot Coffee,2,6.59,Returned,Starbucks Card
STA-O10867,STA-C5153,09-05-2025,Cold Coffee,5,7.39,Shipped,Mobile App
STA-O11149,STA-C5526,15-07-2023,Tea,3,5.39,Delivered,Starbucks Card
STA-O5923,STA-C6814,14-06-2024,Bakery,3,4.85,Shipped,Starbucks Card
STA-O9397,STA-C1002,09-03-2024,Merchandise,1,28.66,Returned,Starbucks Card
STA-O10766,STA-C5430,12-05-2025,Frappuccino,2,5.64,Cancelled,Mobile App
STA-O14299,STA-C8081,21-10-2025,Tea,1,4.43,Returned,Cash
STA-O13696,STA-C4197,18-10-2025,Tea,4,4.79,Cancelled,Credit Card
STA-O6821,STA-C9866,27-01-2023,Merchandise,5,29.47,Delivered,Cash
STA-O6754,STA-C4522,01-12-2023,Hot Coffee,1,6.94,Delivered,Mobile App
STA-O12677,STA-C2601,10-03-2025,Bakery,4,3.51,Returned,Cash
STA-O6093,STA-C7355,15-12-2023,Frappuccino,2,5.97,Cancelled,Mobile App
STA-O6890,STA-C10826,01-11-2023,Tea,2,3.58,Cancelled,Credit Card
STA-O10344,STA-C4392,24-01-2025,Tea,4,4.91,Shipped,Cash
STA-O6014,STA-C9448,18-01-2025,Coffee Beans (Retail),2,16.13,Delivered,Cash
STA-O10457,STA-C9658,19-02-2025,Coffee Beans (Retail),4,16.91,Delivered,Starbucks Card
STA-O6896,STA-C9058,24-10-2025,Coffee Beans (Retail),1,20.94,Shipped,Cash
STA-O11353,STA-C3660,15-02-2024,Tea,4,3.58,Returned,Credit Card
STA-O11436,STA-C9413,07-09-2024,Coffee Beans (Retail),5,18.77,Returned,Mobile App
STA-O13570,STA-C4339,03-02-2025,Sandwiches,1,7.97,Delivered,Cash
STA-O14250,STA-C3429,11-04-2024,Bakery,1,3.74,Pending,Cash
STA-O8606,STA-C4236,24-04-2024,Frappuccino,5,5.84,Cancelled,Starbucks Card
STA-O7425,STA-C4472,23-04-2024,Sandwiches,4,7.63,Returned,Mobile App
STA-O10781,STA-C9888,29-09-2023,Sandwiches,5,6.79,Delivered,Starbucks Card
STA-O10096,STA-C6323,29-07-2024,Hot Coffee,1,5.8,Cancelled,Starbucks Card
STA-O14576,STA-C3044,30-06-2025,Bakery,1,3.37,Delivered,Credit Card
STA-O10788,STA-C10759,15-04-2025,Cold Coffee,3,5.66,Delivered,Starbucks Card
STA-O11209,STA-C6351,26-07-2023,Sandwiches,1,5.32,Shipped,Starbucks Card
STA-O10662,STA-C9149,08-04-2025,Tea,1,4.77,Shipped,Credit Card
STA-O9060,STA-C1655,03-12-2024,Frappuccino,3,7.95,Pending,Mobile App
STA-O7866,STA-C9319,27-05-2025,Coffee Beans (Retail),3,15.48,Cancelled,Starbucks Card
STA-O12912,STA-C8690,18-09-2023,Hot Coffee,4,6.72,Shipped,Credit Card
STA-O11903,STA-C7157,05-07-2024,Cold Coffee,3,7.67,Shipped,Cash
STA-O8403,STA-C8670,09-05-2023,Sandwiches,3,6.67,Delivered,Cash
STA-O6996,STA-C3266,12-03-2024,Sandwiches,5,8.16,Shipped,Mobile App
STA-O10220,STA-C8547,26-09-2023,Merchandise,1,17.43,Pending,Credit Card
STA-O13315,STA-C3366,23-11-2023,Cold Coffee,1,5.2,Returned,Credit Card
STA-O9146,STA-C8048,08-03-2023,Hot Coffee,5,3.04,Shipped,Credit Card
STA-O7771,STA-C2016,27-05-2023,Sandwiches,1,5.6,Delivered,Mobile App
STA-O9862,STA-C2513,24-07-2023,Coffee Beans (Retail),3,19.9,Cancelled,Cash
STA-O9243,STA-C10506,14-07-2025,Cold Coffee,3,5.36,Returned,Credit Card
STA-O11272,STA-C8626,16-02-2023,Bakery,1,4.04,Delivered,Cash
STA-O5401,STA-C3258,08-02-2023,Frappuccino,4,8.82,Returned,Starbucks Card
STA-O10367,STA-C2588,25-07-2025,Frappuccino,2,5.06,Pending,Credit Card
STA-O7524,STA-C8854,03-01-2025,Sandwiches,4,5.7,Delivered,Credit Card
STA-O14433,STA-C5462,17-12-2024,Merchandise,1,14.28,Delivered,Mobile App
STA-O11058,STA-C2434,08-01-2025,Bakery,5,5.98,Returned,Mobile App
STA-O11622,STA-C5111,07-03-2023,Hot Coffee,5,3.89,Shipped,Mobile App
STA-O12884,STA-C6529,17-05-2025,Cold Coffee,5,4.89,Pending,Credit Card
STA-O7873,STA-C2150,01-12-2025,Bakery,1,3.07,Shipped,Starbucks Card
STA-O12953,STA-C7527,22-11-2025,Tea,5,5.5,Returned,Credit Card
STA-O12582,STA-C5387,16-07-2023,Merchandise,4,28.12,Unknown,Cash
STA-O11984,STA-C2293,14-06-2025,Cold Coffee,4,6.93,Unknown,Starbucks Card
STA-O11185,STA-C6150,22-11-2023,Sandwiches,2,5.65,Delivered,Credit Card
STA-O12555,STA-C5046,01-11-2024,Coffee Beans (Retail),4,16.41,Delivered,Mobile App
STA-O5220,STA-C4745,02-09-2025,Tea,4,4.5,Delivered,Starbucks Card
STA-O5127,STA-C2585,16-03-2025,Bakery,5,3.67,Delivered,Starbucks Card
STA-O9047,STA-C3362,01-06-2023,Tea,1,3.96,Pending,Credit Card
STA-O6749,STA-C10300,25-08-2024,Tea,5,3.62,Shipped,Mobile App
STA-O14471,STA-C1346,29-03-2024,Hot Coffee,5,6.92,Cancelled,Mobile App
STA-O12692,STA-C4574,23-05-2025,Tea,2,3.8,Pending,Starbucks Card
STA-O13377,STA-C10634,20-04-2024,Tea,5,4.45,Delivered,Credit Card
STA-O6907,STA-C9372,12-08-2025,Frappuccino,2,6.21,Pending,Mobile App
STA-O6360,STA-C9537,09-03-2024,Sandwiches,5,8.32,Delivered,Mobile App
STA-O6793,STA-C3942,08-07-2023,Coffee Beans (Retail),1,13.78,Cancelled,Mobile App
STA-O14703,STA-C5786,03-07-2024,Merchandise,5,35.4,Delivered,Starbucks Card
STA-O5533,STA-C4123,24-12-2023,Bakery,4,3.11,Pending,Cash
STA-O6574,STA-C10509,30-06-2023,Tea,4,5.7,Cancelled,Credit Card
STA-O12889,STA-C3784,07-08-2023,Sandwiches,4,8.25,Delivered,Mobile App
STA-O8150,STA-C10688,25-01-2023,Sandwiches,4,7.24,Delivered,Mobile App
STA-O13855,STA-C5829,17-09-2025,Sandwiches,5,8.26,Shipped,Mobile App
STA-O9804,STA-C7721,03-09-2023,Frappuccino,5,7.54,Shipped,Mobile App
STA-O10137,STA-C7827,10-10-2024,Cold Coffee,5,6.02,Delivered,Cash
STA-O12034,STA-C1938,17-08-2023,Sandwiches,1,8.48,Cancelled,Cash
STA-O11387,STA-C10299,12-07-2023,Merchandise,4,18.76,Cancelled,Credit Card
STA-O11392,STA-C5784,06-02-2025,Bakery,3,5.93,Cancelled,Starbucks Card
STA-O6948,STA-C7691,29-07-2023,Frappuccino,5,5.87,Delivered,Credit Card
STA-O13512,STA-C4554,24-07-2023,Tea,1,5.91,Shipped,Credit Card
STA-O7748,STA-C6042,07-02-2024,Merchandise,2,16.62,Unknown,Starbucks Card
STA-O7592,STA-C5846,13-05-2025,Cold Coffee,3,6.18,Cancelled,Mobile App
STA-O7588,STA-C1869,09-08-2025,Bakery,1,3.57,Shipped,Mobile App
STA-O14564,STA-C5660,06-05-2024,Coffee Beans (Retail),1,18.32,Cancelled,Starbucks Card
STA-O6363,STA-C5081,31-01-2023,Cold Coffee,3,6.08,Delivered,Cash
STA-O7475,STA-C5633,21-01-2025,Sandwiches,2,8.18,Returned,Starbucks Card
STA-O5115,STA-C6315,09-10-2025,Cold Coffee,5,4.38,Cancelled,Cash
STA-O6246,STA-C4671,19-10-2024,Coffee Beans (Retail),5,18.5,Delivered,Credit Card
STA-O6650,STA-C2705,01-09-2023,Merchandise,4,25.52,Returned,Mobile App
STA-O11135,STA-C5944,26-01-2024,Cold Coffee,3,7.07,Delivered,Credit Card
STA-O12339,STA-C9847,02-06-2025,Bakery,1,4.76,Delivered,Credit Card
STA-O9584,STA-C1535,10-12-2024,Merchandise,3,11.85,Delivered,Credit Card
STA-O13144,STA-C5190,22-08-2023,Bakery,4,4.29,Returned,Credit Card
STA-O8048,STA-C7436,07-06-2023,Coffee Beans (Retail),2,18.11,Shipped,Credit Card
STA-O14716,STA-C10137,10-05-2023,Merchandise,5,20.79,Delivered,Starbucks Card
STA-O9425,STA-C4430,05-07-2024,Cold Coffee,3,7.24,Pending,Mobile App
STA-O8788,STA-C8189,25-03-2023,Cold Coffee,1,4.3,Returned,Mobile App
STA-O14675,STA-C4397,15-06-2025,Frappuccino,3,7.38,Delivered,Credit Card
STA-O9411,STA-C8160,10-02-2025,Hot Coffee,3,4.27,Delivered,Cash
STA-O12385,STA-C3172,04-02-2025,Bakery,4,3.66,Delivered,Mobile App
STA-O6575,STA-C2004,03-02-2023,Frappuccino,5,6.49,Cancelled,Mobile App
STA-O10256,STA-C6914,08-12-2024,Bakery,3,5.16,Delivered,Credit Card
STA-O13780,STA-C10619,14-05-2023,Hot Coffee,4,5.41,Returned,Credit Card
STA-O7654,STA-C7017,21-01-2025,Merchandise,3,11.97,Delivered,Starbucks Card
STA-O8798,STA-C9999,25-02-2025,Coffee Beans (Retail),3,21.88,Cancelled,Cash
STA-O6331,STA-C9240,03-09-2023,Frappuccino,3,5.51,Cancelled,Mobile App
STA-O12832,STA-C9351,28-12-2024,Sandwiches,2,6.98,Returned,Starbucks Card
STA-O13875,STA-C1227,03-08-2025,Bakery,4,3.59,Cancelled,Cash
STA-O14860,STA-C2623,26-11-2025,Bakery,4,5.29,Returned,Starbucks Card
STA-O11384,STA-C5442,19-11-2023,Sandwiches,1,6.73,Shipped,Starbucks Card
STA-O12821,STA-C5484,26-12-2025,Hot Coffee,4,3.2,Delivered,Credit Card
STA-O7481,STA-C6100,18-04-2023,Coffee Beans (Retail),4,22.25,Cancelled,Starbucks Card
STA-O9399,STA-C7360,10-03-2025,Cold Coffee,4,6.68,Delivered,Credit Card
STA-O14049,STA-C9645,23-04-2024,Bakery,3,5.97,Delivered,Mobile App
STA-O6820,STA-C3946,22-10-2024,Frappuccino,4,5.78,Pending,Cash
STA-O7793,STA-C8742,12-01-2025,Coffee Beans (Retail),4,14.8,Returned,Mobile App
STA-O13774,STA-C9758,11-11-2025,Hot Coffee,1,3.43,Shipped,Starbucks Card
STA-O10692,STA-C10309,20-02-2025,Coffee Beans (Retail),1,13.04,Delivered,Mobile App
STA-O5350,STA-C5943,05-02-2023,Hot Coffee,5,3.72,Returned,Credit Card
STA-O5888,STA-C8962,27-06-2024,Cold Coffee,1,7.58,Pending,Cash
STA-O7643,STA-C5026,27-06-2023,Merchandise,1,35.93,Delivered,Credit Card
STA-O6447,STA-C6754,05-04-2023,Sandwiches,3,6.25,Delivered,Starbucks Card
STA-O12631,STA-C6294,19-11-2023,Merchandise,3,34.36,Delivered,Cash
STA-O13116,STA-C1114,16-01-2025,Cold Coffee,1,5.46,Delivered,Mobile App
STA-O10474,STA-C5931,20-10-2024,Bakery,4,3.63,Delivered,Credit Card
STA-O14303,STA-C10810,28-05-2023,Hot Coffee,2,3.37,Returned,Credit Card
STA-O10144,STA-C1574,29-07-2023,Cold Coffee,4,5.78,Returned,Starbucks Card
STA-O7327,STA-C6714,29-04-2025,Frappuccino,4,5.22,Cancelled,Credit Card
STA-O8325,STA-C2905,24-07-2023,Cold Coffee,1,4.8,Delivered,Cash
STA-O6096,STA-C9148,09-06-2024,Bakery,2,2.56,Shipped,Credit Card
STA-O13684,STA-C8828,06-07-2024,Frappuccino,2,8.88,Delivered,Credit Card
STA-O7299,STA-C8456,05-09-2023,Merchandise,1,32.62,Pending,Starbucks Card
STA-O10443,STA-C1614,11-06-2024,Merchandise,1,11.82,Unknown,Mobile App
STA-O6895,STA-C8066,11-11-2023,Tea,5,5,Cancelled,Credit Card
STA-O7337,STA-C9000,15-01-2024,Bakery,5,4.98,Delivered,Starbucks Card
STA-O8654,STA-C9761,28-10-2023,Hot Coffee,3,3.54,Delivered,Mobile App
STA-O14329,STA-C10710,05-02-2025,Cold Coffee,1,7.46,Delivered,Mobile App
STA-O13824,STA-C3662,12-05-2025,Frappuccino,1,5.86,Delivered,Starbucks Card
STA-O5700,STA-C1374,22-01-2023,Tea,2,5.27,Delivered,Cash
STA-O10462,STA-C7681,12-01-2025,Hot Coffee,4,3.04,Cancelled,Credit Card
STA-O7595,STA-C6390,20-06-2023,Bakery,3,4.81,Shipped,Cash
STA-O8870,STA-C5528,15-07-2025,Coffee Beans (Retail),5,10.34,Delivered,Cash
STA-O7248,STA-C1735,09-08-2024,Cold Coffee,4,5.43,Delivered,Mobile App
STA-O14283,STA-C3993,15-12-2025,Hot Coffee,1,3.45,Cancelled,Credit Card
STA-O12533,STA-C10582,18-04-2024,Tea,5,3.75,Delivered,Starbucks Card
STA-O13009,STA-C4652,05-07-2025,Merchandise,4,33.43,Delivered,Cash
STA-O6774,STA-C3651,10-06-2024,Hot Coffee,1,6.84,Shipped,Cash
STA-O10041,STA-C10945,20-06-2025,Hot Coffee,2,6.35,Delivered,Mobile App
STA-O6281,STA-C8389,28-08-2023,Hot Coffee,1,4.3,Cancelled,Credit Card
STA-O5701,STA-C1943,16-02-2023,Merchandise,3,9.01,Delivered,Starbucks Card
STA-O13491,STA-C8331,21-08-2024,Bakery,2,3.65,Returned,Credit Card
STA-O14919,STA-C10288,25-05-2023,Frappuccino,2,6.52,Delivered,Credit Card
STA-O12666,STA-C2239,12-06-2024,Coffee Beans (Retail),3,20.5,Returned,Mobile App
STA-O13152,STA-C7703,02-05-2023,Coffee Beans (Retail),1,22.73,Unknown,Starbucks Card
STA-O8517,STA-C10492,03-03-2025,Merchandise,3,10.98,Cancelled,Starbucks Card
STA-O5354,STA-C2131,25-02-2025,Bakery,1,5.7,Pending,Mobile App
STA-O11973,STA-C1276,20-12-2025,Coffee Beans (Retail),4,23.26,Cancelled,Mobile App
STA-O9818,STA-C1157,05-11-2023,Bakery,2,2.46,Delivered,Credit Card
STA-O9908,STA-C2117,19-12-2023,Coffee Beans (Retail),3,12.79,Returned,Mobile App
STA-O13816,STA-C7964,11-03-2024,Cold Coffee,2,5.29,Pending,Mobile App
STA-O5485,STA-C10872,14-10-2023,Coffee Beans (Retail),1,15.39,Returned,Credit Card
STA-O6268,STA-C1251,11-04-2023,Cold Coffee,4,6.57,Delivered,Mobile App
STA-O7725,STA-C10021,13-04-2024,Coffee Beans (Retail),5,24.02,Delivered,Cash
STA-O8889,STA-C9671,01-01-2023,Merchandise,2,10.69,Delivered,Cash
STA-O11874,STA-C9405,13-10-2025,Hot Coffee,3,4.45,Pending,Credit Card
STA-O13305,STA-C1759,14-06-2023,Coffee Beans (Retail),1,13.42,Returned,Mobile App
STA-O11269,STA-C3468,11-09-2024,Hot Coffee,1,5.09,Pending,Mobile App
STA-O9186,STA-C8625,22-08-2025,Sandwiches,3,6.6,Delivered,Credit Card
STA-O10966,STA-C1951,17-03-2024,Sandwiches,5,5.95,Returned,Starbucks Card
STA-O11035,STA-C6553,10-03-2024,Bakery,5,3.51,Returned,Starbucks Card
STA-O9153,STA-C8963,10-03-2024,Frappuccino,1,6.17,Delivered,Mobile App
STA-O7063,STA-C6023,16-04-2024,Bakery,5,3.15,Returned,Cash
STA-O5669,STA-C6467,12-07-2024,Merchandise,4,36.17,Delivered,Starbucks Card
STA-O10074,STA-C5021,17-04-2023,Sandwiches,4,7.09,Shipped,Mobile App
STA-O7449,STA-C6872,20-01-2024,Bakery,5,2.36,Cancelled,Starbucks Card
STA-O8263,STA-C6340,07-02-2025,Bakery,4,4.76,Delivered,Mobile App
STA-O8540,STA-C9988,14-10-2023,Tea,3,5.53,Delivered,Credit Card
STA-O8754,STA-C9999,02-03-2023,Cold Coffee,4,5.18,Returned,Credit Card
STA-O6010,STA-C10999,04-09-2023,Frappuccino,1,7.7,Delivered,Mobile App
STA-O11429,STA-C10090,18-03-2023,Cold Coffee,4,5.36,Unknown,Credit Card
STA-O10693,STA-C1569,12-04-2023,Sandwiches,3,6.04,Delivered,Mobile App
STA-O12563,STA-C9682,11-05-2025,Frappuccino,4,5.05,Cancelled,Credit Card
STA-O9545,STA-C2213,23-05-2025,Sandwiches,5,7.08,Delivered,Starbucks Card
STA-O5685,STA-C3703,02-11-2023,Hot Coffee,3,5.27,Cancelled,Cash
STA-O12416,STA-C7239,20-11-2025,Tea,1,5.51,Delivered,Cash
STA-O8252,STA-C6653,17-09-2025,Cold Coffee,1,7.67,Pending,Mobile App
STA-O14604,STA-C4968,13-10-2024,Merchandise,5,22.66,Cancelled,Cash
STA-O6958,STA-C6558,14-05-2024,Bakery,4,2.89,Delivered,Starbucks Card
STA-O5585,STA-C10010,04-03-2023,Hot Coffee,1,6.75,Delivered,Credit Card
STA-O10495,STA-C4348,08-05-2024,Sandwiches,4,6.29,Returned,Mobile App
STA-O11658,STA-C6851,26-05-2023,Cold Coffee,2,6.63,Returned,Cash
STA-O9354,STA-C2549,28-03-2024,Frappuccino,3,7.6,Unknown,Cash
STA-O11249,STA-C8301,30-05-2023,Sandwiches,5,5.37,Pending,Mobile App
STA-O6314,STA-C4839,30-08-2023,Coffee Beans (Retail),4,10.41,Pending,Cash
STA-O6732,STA-C4174,18-12-2023,Bakery,4,4.81,Delivered,Credit Card
STA-O10701,STA-C10681,23-07-2025,Tea,3,4.75,Delivered,Mobile App
STA-O12471,STA-C4489,21-09-2024,Bakery,1,4.33,Pending,Credit Card
STA-O11675,STA-C7191,17-01-2025,Bakery,1,4.65,Shipped,Starbucks Card
STA-O6496,STA-C5499,29-01-2025,Coffee Beans (Retail),4,14.5,Cancelled,Credit Card
STA-O13363,STA-C4150,03-12-2025,Frappuccino,3,7.86,Pending,Starbucks Card
STA-O5159,STA-C10115,01-10-2023,Cold Coffee,4,5.16,Delivered,Credit Card
STA-O12309,STA-C9211,15-10-2023,Sandwiches,5,8.33,Delivered,Starbucks Card
STA-O14657,STA-C7128,03-12-2025,Sandwiches,5,7.33,Cancelled,Starbucks Card
STA-O12921,STA-C8755,12-07-2024,Hot Coffee,3,4.56,Shipped,Cash
STA-O12390,STA-C2083,27-02-2025,Frappuccino,2,6.07,Cancelled,Credit Card
STA-O10827,STA-C8858,18-01-2023,Bakery,2,3.67,Shipped,Mobile App
STA-O8247,STA-C2756,12-04-2025,Cold Coffee,1,7.46,Pending,Mobile App
STA-O6017,STA-C3085,29-04-2023,Bakery,3,3.93,Cancelled,Credit Card
STA-O11234,STA-C6671,04-07-2024,Merchandise,2,25.72,Delivered,Credit Card
STA-O12868,STA-C8180,15-08-2023,Bakery,2,5.25,Delivered,Mobile App
STA-O14770,STA-C2231,28-10-2025,Sandwiches,3,7.43,Delivered,Mobile App
STA-O9371,STA-C7579,07-10-2023,Coffee Beans (Retail),4,12.6,Cancelled,Starbucks Card
STA-O9359,STA-C9639,08-10-2023,Cold Coffee,5,7.55,Delivered,Credit Card
STA-O7463,STA-C3291,09-04-2025,Bakery,1,3.1,Returned,Mobile App
STA-O6257,STA-C3670,03-06-2024,Sandwiches,2,8.92,Shipped,Starbucks Card
STA-O6278,STA-C8774,24-07-2023,Tea,3,5.71,Pending,Cash
STA-O6253,STA-C9325,11-12-2024,Coffee Beans (Retail),4,12.01,Cancelled,Starbucks Card
STA-O14233,STA-C2536,03-10-2024,Hot Coffee,3,4.62,Pending,Credit Card
STA-O11750,STA-C9102,15-06-2025,Bakery,5,4.31,Delivered,Credit Card
STA-O11764,STA-C6557,24-11-2024,Bakery,4,3.58,Delivered,Credit Card
STA-O8013,STA-C1204,16-06-2024,Sandwiches,2,8.71,Delivered,Mobile App
STA-O7282,STA-C3977,05-07-2025,Frappuccino,5,5.18,Cancelled,Cash
STA-O10010,STA-C6214,16-12-2025,Frappuccino,3,5.19,Delivered,Credit Card
STA-O9725,STA-C10694,12-01-2023,Tea,1,3.73,Returned,Starbucks Card
STA-O13355,STA-C8024,27-05-2023,Bakery,1,4.63,Shipped,Cash
STA-O8499,STA-C1272,04-09-2023,Merchandise,2,33.01,Delivered,Credit Card
STA-O11932,STA-C3166,08-08-2023,Frappuccino,5,5.22,Delivered,Mobile App
STA-O8580,STA-C1795,31-05-2024,Coffee Beans (Retail),1,23.17,Delivered,Starbucks Card
STA-O13224,STA-C9186,26-10-2025,Sandwiches,1,5.63,Delivered,Credit Card
STA-O6557,STA-C8359,07-07-2025,Cold Coffee,1,4.51,Shipped,Starbucks Card
STA-O5150,STA-C3024,17-02-2024,Coffee Beans (Retail),2,15,Delivered,Starbucks Card
STA-O7936,STA-C7908,26-06-2024,Cold Coffee,4,4.51,Cancelled,Credit Card
STA-O5063,STA-C7971,06-05-2024,Merchandise,1,30.73,Delivered,Credit Card
STA-O6294,STA-C1051,21-04-2025,Frappuccino,2,5.26,Cancelled,Credit Card
STA-O5366,STA-C6825,24-02-2024,Merchandise,1,37.41,Shipped,Cash
STA-O6715,STA-C9433,17-10-2023,Frappuccino,4,5.99,Shipped,Cash
STA-O7437,STA-C4372,01-10-2025,Hot Coffee,4,5.04,Pending,Starbucks Card
STA-O12465,STA-C7168,06-04-2023,Hot Coffee,1,4.5,Cancelled,Mobile App
STA-O9797,STA-C8076,02-03-2024,Tea,4,4.09,Delivered,Starbucks Card
STA-O6388,STA-C1696,19-10-2024,Bakery,1,5.07,Returned,Credit Card
STA-O12870,STA-C3226,05-07-2023,Merchandise,3,17.52,Delivered,Mobile App
STA-O10539,STA-C7525,17-06-2024,Bakery,2,2.92,Unknown,Starbucks Card
STA-O13768,STA-C3830,21-05-2024,Coffee Beans (Retail),5,13.61,Cancelled,Mobile App
STA-O9224,STA-C4933,06-02-2025,Cold Coffee,1,6.04,Shipped,Credit Card
STA-O13778,STA-C2991,06-04-2023,Hot Coffee,3,6.05,Returned,Mobile App
STA-O5174,STA-C5599,02-06-2025,Hot Coffee,5,6.31,Returned,Starbucks Card
STA-O5771,STA-C9829,06-10-2025,Coffee Beans (Retail),4,24.62,Delivered,Starbucks Card
STA-O9328,STA-C3749,13-08-2025,Merchandise,3,38.81,Shipped,Starbucks Card
STA-O13130,STA-C2458,02-10-2023,Sandwiches,3,6.92,Delivered,Starbucks Card
STA-O10747,STA-C2101,21-09-2023,Frappuccino,5,8.26,Returned,Starbucks Card
STA-O9252,STA-C5966,10-02-2023,Hot Coffee,4,3.09,Delivered,Credit Card
STA-O5986,STA-C3713,24-02-2023,Hot Coffee,5,5.02,Returned,Credit Card
STA-O8564,STA-C6318,26-12-2024,Merchandise,1,13.42,Shipped,Starbucks Card
STA-O11866,STA-C10035,07-07-2024,Coffee Beans (Retail),1,20.2,Delivered,Mobile App
STA-O5560,STA-C9662,20-06-2025,Frappuccino,1,5.42,Pending,Cash
STA-O8766,STA-C3473,25-10-2023,Cold Coffee,3,6.82,Shipped,Starbucks Card
STA-O11132,STA-C7124,11-11-2024,Tea,2,4.44,Cancelled,Credit Card
STA-O8100,STA-C1552,27-06-2023,Cold Coffee,5,7.11,Shipped,Mobile App
STA-O8094,STA-C4570,09-04-2025,Merchandise,2,12.91,Delivered,Credit Card
STA-O10277,STA-C7750,08-01-2025,Coffee Beans (Retail),1,14.53,Delivered,Starbucks Card
STA-O8959,STA-C7999,18-02-2025,Sandwiches,4,6.63,Cancelled,Cash
STA-O9285,STA-C7962,02-08-2024,Tea,4,5.44,Delivered,Credit Card
STA-O13617,STA-C2978,31-01-2023,Sandwiches,3,8.05,Pending,Mobile App
STA-O6717,STA-C9999,25-10-2025,Sandwiches,3,8.01,Cancelled,Starbucks Card
STA-O10318,STA-C3921,17-01-2023,Merchandise,1,8.87,Delivered,Mobile App
STA-O12810,STA-C9015,07-03-2024,Coffee Beans (Retail),3,19.79,Shipped,Mobile App
STA-O7054,STA-C8960,19-12-2023,Hot Coffee,1,6.46,Cancelled,Credit Card
STA-O10807,STA-C6005,25-08-2023,Tea,1,4.68,Delivered,Cash
STA-O8328,STA-C4176,09-11-2025,Coffee Beans (Retail),2,19.01,Shipped,Cash
STA-O11733,STA-C9440,24-09-2024,Cold Coffee,3,7.93,Delivered,Credit Card
STA-O14620,STA-C3848,03-01-2024,Hot Coffee,5,5.24,Delivered,Mobile App
STA-O11781,STA-C7681,23-09-2025,Frappuccino,5,6.23,Returned,Cash
STA-O14083,STA-C1655,13-04-2023,Frappuccino,4,8.92,Cancelled,Cash
STA-O14175,STA-C2260,02-07-2024,Hot Coffee,2,4.24,Cancelled,Cash
STA-O9418,STA-C6288,27-11-2025,Cold Coffee,1,5.11,Returned,Mobile App
STA-O14829,STA-C5595,06-12-2025,Merchandise,2,30.17,Pending,Starbucks Card
STA-O7243,STA-C9170,07-12-2025,Cold Coffee,5,5.55,Cancelled,Starbucks Card
STA-O11830,STA-C3551,08-11-2024,Hot Coffee,2,3.78,Delivered,Starbucks Card
STA-O11608,STA-C8645,29-11-2025,Frappuccino,3,5.19,Returned,Cash
STA-O8573,STA-C4746,08-01-2025,Hot Coffee,4,4.5,Delivered,Starbucks Card
STA-O14653,STA-C1957,27-08-2024,Hot Coffee,4,3.1,Shipped,Starbucks Card
STA-O10594,STA-C9931,20-09-2023,Bakery,1,3.17,Returned,Credit Card
STA-O9147,STA-C3698,06-08-2024,Hot Coffee,2,3.98,Shipped,Mobile App
STA-O12590,STA-C9973,23-07-2023,Sandwiches,1,5.49,Shipped,Credit Card
STA-O9034,STA-C6748,09-03-2023,Tea,4,4.15,Unknown,Credit Card
STA-O12152,STA-C8819,22-10-2023,Sandwiches,2,5.31,Returned,Cash
STA-O5356,STA-C2228,18-03-2025,Hot Coffee,5,3.01,Shipped,Mobile App
STA-O10937,STA-C8281,14-07-2023,Tea,1,4.56,Delivered,Mobile App
STA-O9280,STA-C10393,30-07-2024,Bakery,1,4.58,Pending,Credit Card
STA-O8224,STA-C9999,01-06-2024,Cold Coffee,3,6.04,Delivered,Credit Card
STA-O9699,STA-C5848,28-10-2025,Sandwiches,3,5.75,Delivered,Mobile App
STA-O12834,STA-C1610,07-07-2023,Coffee Beans (Retail),3,20.05,Delivered,Credit Card
STA-O13734,STA-C7870,24-12-2023,Tea,2,4.46,Delivered,Starbucks Card
STA-O10932,STA-C5762,06-09-2023,Frappuccino,1,5.02,Delivered,Starbucks Card
STA-O10652,STA-C1450,11-01-2023,Merchandise,3,26.02,Returned,Credit Card
STA-O7456,STA-C1841,16-04-2025,Frappuccino,4,7.07,Pending,Starbucks Card
STA-O10319,STA-C10702,10-12-2023,Cold Coffee,2,6.84,Delivered,Mobile App
STA-O10186,STA-C1922,04-12-2023,Tea,2,3.06,Delivered,Mobile App
STA-O12180,STA-C3159,23-07-2024,Bakery,1,2.39,Pending,Credit Card
STA-O10073,STA-C1415,07-05-2024,Frappuccino,1,8.67,Pending,Credit Card
STA-O11095,STA-C1475,12-01-2023,Bakery,3,3.43,Delivered,Credit Card
STA-O9777,STA-C4506,02-03-2023,Coffee Beans (Retail),4,12.49,Delivered,Mobile App
STA-O5633,STA-C1386,04-07-2025,Cold Coffee,1,6.12,Shipped,Mobile App
STA-O13566,STA-C6216,09-04-2024,Sandwiches,4,6.4,Shipped,Credit Card
STA-O12197,STA-C10522,03-04-2024,Tea,4,4.13,Delivered,Credit Card
STA-O5505,STA-C5447,28-03-2023,Hot Coffee,5,3.33,Shipped,Mobile App
STA-O14071,STA-C2471,01-04-2025,Hot Coffee,5,5.4,Delivered,Mobile App
STA-O7583,STA-C1691,13-12-2025,Coffee Beans (Retail),3,19.36,Delivered,Cash
STA-O8892,STA-C6206,28-06-2023,Tea,3,3.62,Returned,Cash
STA-O7907,STA-C1188,19-01-2025,Coffee Beans (Retail),3,12.72,Delivered,Credit Card
STA-O10487,STA-C9981,26-03-2024,Merchandise,1,21.32,Returned,Starbucks Card
STA-O13569,STA-C3055,02-12-2023,Bakery,2,3.23,Pending,Cash
STA-O12689,STA-C10819,24-01-2024,Cold Coffee,2,7.59,Pending,Credit Card
STA-O8446,STA-C4531,19-03-2025,Hot Coffee,5,5.28,Cancelled,Mobile App
STA-O8694,STA-C8921,06-01-2024,Hot Coffee,2,3.04,Shipped,Cash
STA-O7830,STA-C10145,19-04-2024,Tea,2,4.78,Delivered,Mobile App
STA-O12636,STA-C2518,27-08-2024,Tea,5,3.17,Unknown,Mobile App
STA-O12078,STA-C7553,06-11-2023,Merchandise,5,26.37,Shipped,Mobile App
STA-O13223,STA-C10001,04-08-2024,Coffee Beans (Retail),5,24.57,Cancelled,Starbucks Card
STA-O8110,STA-C5133,16-11-2024,Sandwiches,3,7,Pending,Mobile App
STA-O13499,STA-C8836,01-01-2024,Tea,4,3.25,Delivered,Mobile App
STA-O10485,STA-C9016,27-07-2024,Coffee Beans (Retail),1,11.87,Delivered,Credit Card
STA-O6991,STA-C4959,14-06-2024,Merchandise,4,15.79,Cancelled,Mobile App
STA-O12191,STA-C9793,22-06-2024,Hot Coffee,5,5.84,Cancelled,Credit Card
STA-O11332,STA-C3057,19-11-2025,Cold Coffee,5,6.31,Pending,Credit Card
STA-O10616,STA-C9591,03-09-2025,Hot Coffee,1,6.63,Delivered,Mobile App
STA-O14076,STA-C4564,13-08-2024,Frappuccino,1,7.26,Shipped,Cash
STA-O12848,STA-C8153,14-04-2025,Tea,3,5.08,Cancelled,Mobile App
STA-O10280,STA-C4442,02-07-2023,Coffee Beans (Retail),2,10.09,Delivered,Starbucks Card
STA-O12709,STA-C5621,08-11-2023,Sandwiches,3,6.44,Shipped,Cash
STA-O13135,STA-C2267,08-10-2023,Frappuccino,2,6.33,Shipped,Cash
STA-O5294,STA-C2367,04-04-2024,Bakery,1,4.9,Delivered,Cash
STA-O10258,STA-C3889,26-02-2024,Hot Coffee,1,6.41,Cancelled,Mobile App
STA-O13272,STA-C9705,28-07-2023,Cold Coffee,5,7.82,Shipped,Cash
STA-O10731,STA-C2422,26-01-2025,Hot Coffee,2,5,Delivered,Credit Card
STA-O7150,STA-C10209,07-07-2025,Coffee Beans (Retail),3,17.65,Delivered,Credit Card
STA-O11028,STA-C3833,01-09-2024,Cold Coffee,1,5.33,Delivered,Starbucks Card
STA-O8759,STA-C3875,26-11-2025,Frappuccino,3,8.14,Shipped,Cash
STA-O10427,STA-C10422,28-07-2025,Tea,3,4.63,Shipped,Cash
STA-O11123,STA-C6884,05-06-2024,Merchandise,4,33.8,Returned,Starbucks Card
STA-O11426,STA-C5656,12-04-2025,Sandwiches,5,6.44,Returned,Credit Card
STA-O5818,STA-C1264,13-07-2024,Tea,4,3.07,Delivered,Starbucks Card
STA-O7895,STA-C4260,29-12-2023,Sandwiches,1,5.71,Returned,Credit Card
STA-O14927,STA-C6907,09-07-2023,Frappuccino,1,8.23,Returned,Credit Card
STA-O5467,STA-C6787,04-06-2023,Bakery,4,3.7,Delivered,Cash
STA-O13695,STA-C6743,07-10-2023,Coffee Beans (Retail),4,15.36,Delivered,Starbucks Card
STA-O7645,STA-C3111,09-05-2024,Sandwiches,2,8.15,Pending,Cash
STA-O6703,STA-C6234,05-09-2025,Cold Coffee,4,4.55,Shipped,Cash
STA-O12338,STA-C9433,10-08-2024,Merchandise,3,23.17,Delivered,Starbucks Card
STA-O6750,STA-C7763,12-04-2025,Bakery,1,5.74,Returned,Mobile App
STA-O5098,STA-C4749,28-08-2023,Sandwiches,2,8.44,Shipped,Starbucks Card
STA-O14731,STA-C6479,15-06-2024,Merchandise,2,39.99,Returned,Credit Card
STA-O8333,STA-C8706,09-02-2025,Frappuccino,1,6.83,Shipped,Cash
STA-O14807,STA-C5340,17-08-2023,Merchandise,2,29.22,Shipped,Starbucks Card
STA-O5634,STA-C10138,21-11-2023,Merchandise,5,16.18,Delivered,Cash
STA-O11727,STA-C8885,05-04-2023,Tea,2,5.18,Returned,Starbucks Card
STA-O7531,STA-C6692,27-04-2025,Cold Coffee,1,7.95,Cancelled,Starbucks Card
STA-O7870,STA-C7623,11-10-2023,Coffee Beans (Retail),3,20.17,Cancelled,Mobile App
STA-O10288,STA-C7507,10-10-2024,Merchandise,2,35.84,Delivered,Credit Card
STA-O9896,STA-C6031,11-08-2025,Sandwiches,4,7.52,Cancelled,Credit Card
STA-O10413,STA-C1194,12-11-2023,Sandwiches,3,5.93,Delivered,Credit Card
STA-O11667,STA-C2602,16-09-2024,Cold Coffee,3,6.07,Delivered,Cash
STA-O9950,STA-C4361,25-12-2023,Frappuccino,1,5.96,Cancelled,Credit Card
STA-O6115,STA-C8203,01-03-2025,Cold Coffee,2,5.79,Returned,Cash
STA-O9747,STA-C5031,29-04-2023,Hot Coffee,1,5.34,Delivered,Starbucks Card
STA-O12951,STA-C1315,17-01-2025,Sandwiches,2,8.3,Delivered,Credit Card
STA-O9058,STA-C3301,18-02-2023,Sandwiches,5,5.01,Delivered,Credit Card
STA-O9944,STA-C9335,30-10-2025,Hot Coffee,5,3.7,Pending,Starbucks Card
STA-O10523,STA-C4515,24-06-2023,Tea,1,3.68,Pending,Mobile App
STA-O14097,STA-C9352,29-12-2024,Hot Coffee,2,5.86,Delivered,Cash
STA-O9623,STA-C7913,02-09-2023,Bakery,4,3.02,Pending,Mobile App
STA-O5418,STA-C7526,30-12-2024,Frappuccino,2,5.36,Delivered,Credit Card
STA-O10667,STA-C10499,13-07-2023,Tea,1,4.19,Pending,Credit Card
STA-O11076,STA-C2748,23-02-2025,Tea,2,5.06,Pending,Cash
STA-O7143,STA-C1593,04-11-2023,Hot Coffee,4,3.75,Delivered,Mobile App
STA-O14722,STA-C10884,27-02-2024,Coffee Beans (Retail),1,22.06,Cancelled,Starbucks Card
STA-O8839,STA-C1159,20-03-2024,Sandwiches,4,6.44,Delivered,Starbucks Card
STA-O8206,STA-C3023,07-04-2024,Hot Coffee,5,3.01,Delivered,Mobile App
STA-O8991,STA-C1283,25-12-2024,Cold Coffee,1,7.33,Cancelled,Starbucks Card
STA-O6062,STA-C4628,04-10-2025,Sandwiches,2,6.25,Delivered,Credit Card
STA-O10298,STA-C1034,19-09-2025,Coffee Beans (Retail),1,13.35,Delivered,Cash
STA-O7690,STA-C10561,01-09-2024,Merchandise,2,11.15,Pending,Cash
STA-O10385,STA-C7576,19-04-2025,Hot Coffee,5,3.35,Returned,Mobile App
STA-O13721,STA-C5291,21-04-2025,Sandwiches,5,6.26,Delivered,Mobile App
STA-O10640,STA-C10580,10-06-2025,Cold Coffee,5,5.86,Returned,Credit Card
STA-O14598,STA-C10563,12-03-2025,Sandwiches,2,6.44,Delivered,Credit Card
STA-O10993,STA-C8243,25-11-2024,Sandwiches,3,5.46,Unknown,Credit Card
STA-O8635,STA-C1094,20-04-2025,Bakery,1,2.71,Pending,Mobile App
STA-O11697,STA-C9999,17-09-2024,Merchandise,3,26.31,Shipped,Mobile App
STA-O8576,STA-C5735,07-03-2025,Merchandise,3,19.13,Delivered,Starbucks Card
STA-O8664,STA-C5476,07-12-2023,Coffee Beans (Retail),2,10.3,Delivered,Cash
STA-O6534,STA-C4320,22-05-2024,Tea,1,4.41,Delivered,Mobile App
STA-O6783,STA-C8108,19-05-2024,Tea,4,3.19,Unknown,Starbucks Card
STA-O12301,STA-C9970,15-07-2023,Frappuccino,3,6.96,Pending,Credit Card
STA-O10959,STA-C7334,25-02-2023,Merchandise,5,39,Delivered,Credit Card
STA-O12679,STA-C1886,14-08-2025,Hot Coffee,3,3.48,Cancelled,Starbucks Card
STA-O8120,STA-C7593,07-11-2025,Cold Coffee,4,4.76,Cancelled,Starbucks Card
STA-O8064,STA-C3140,29-03-2025,Cold Coffee,4,4.99,Cancelled,Credit Card
STA-O11707,STA-C9999,26-04-2024,Cold Coffee,3,7.9,Returned,Starbucks Card
STA-O14402,STA-C3061,25-07-2023,Hot Coffee,4,5.25,Returned,Credit Card
STA-O9534,STA-C9049,03-11-2025,Merchandise,1,18.76,Delivered,Mobile App
STA-O11110,STA-C6712,20-10-2023,Bakery,3,3,Shipped,Cash
STA-O13757,STA-C8037,12-09-2024,Hot Coffee,1,5.33,Pending,Mobile App
STA-O13762,STA-C3840,14-05-2023,Coffee Beans (Retail),3,10.71,Shipped,Starbucks Card
STA-O14858,STA-C6200,25-02-2025,Bakery,4,3.58,Returned,Starbucks Card
STA-O6130,STA-C1390,27-07-2025,Coffee Beans (Retail),5,15.84,Cancelled,Cash
STA-O11030,STA-C4761,09-03-2025,Merchandise,5,16.1,Delivered,Mobile App
STA-O9404,STA-C9276,28-05-2025,Coffee Beans (Retail),2,13.8,Cancelled,Starbucks Card
STA-O14070,STA-C6078,29-10-2023,Merchandise,5,39.9,Delivered,Mobile App
STA-O6908,STA-C6905,25-07-2025,Bakery,1,2.99,Cancelled,Starbucks Card
STA-O7662,STA-C10695,24-03-2023,Sandwiches,5,8.06,Delivered,Mobile App
STA-O6873,STA-C1296,30-03-2023,Frappuccino,3,8.08,Shipped,Starbucks Card
STA-O8593,STA-C6491,17-10-2024,Hot Coffee,2,6.99,Unknown,Credit Card
STA-O9963,STA-C9411,15-01-2025,Cold Coffee,2,4.12,Delivered,Starbucks Card
STA-O8780,STA-C2531,14-06-2025,Merchandise,5,21.71,Cancelled,Credit Card
STA-O13572,STA-C8091,27-10-2024,Frappuccino,3,5.51,Delivered,Credit Card
STA-O5855,STA-C10108,08-06-2025,Cold Coffee,2,7.6,Delivered,Mobile App
STA-O10358,STA-C5602,07-10-2024,Sandwiches,3,6.14,Delivered,Starbucks Card
STA-O10830,STA-C1615,15-12-2024,Bakery,1,2.88,Shipped,Credit Card
STA-O12803,STA-C6511,27-05-2024,Merchandise,3,24.37,Delivered,Cash
STA-O8808,STA-C7183,09-09-2024,Coffee Beans (Retail),1,13.99,Pending,Cash
STA-O11878,STA-C1475,28-05-2025,Merchandise,1,30.4,Cancelled,Cash
STA-O13487,STA-C6224,22-06-2024,Coffee Beans (Retail),5,22.11,Pending,Mobile App
STA-O6573,STA-C9999,28-12-2024,Frappuccino,2,7.49,Delivered,Mobile App
STA-O8077,STA-C5769,27-07-2024,Merchandise,1,8.04,Cancelled,Starbucks Card
STA-O9668,STA-C3883,06-02-2024,Merchandise,1,37.09,Pending,Mobile App
STA-O13784,STA-C4309,05-10-2025,Sandwiches,4,5.18,Cancelled,Cash
STA-O12171,STA-C5039,22-03-2024,Merchandise,3,38.75,Pending,Starbucks Card
STA-O9320,STA-C8532,15-11-2023,Cold Coffee,3,5.2,Delivered,Credit Card
STA-O9183,STA-C9802,07-04-2025,Merchandise,2,38.62,Pending,Mobile App
STA-O13387,STA-C5695,13-05-2025,Bakery,5,4.97,Cancelled,Starbucks Card
STA-O6644,STA-C1758,17-05-2024,Merchandise,2,39.58,Cancelled,Cash
STA-O5776,STA-C10009,22-10-2025,Merchandise,4,38.18,Delivered,Cash
STA-O10545,STA-C2553,09-02-2025,Merchandise,3,34.47,Returned,Starbucks Card
STA-O7956,STA-C6006,03-12-2024,Merchandise,3,13.82,Delivered,Cash
STA-O6846,STA-C2845,14-03-2023,Bakery,4,4.88,Cancelled,Credit Card
STA-O6634,STA-C3864,25-01-2024,Tea,4,5.5,Shipped,Starbucks Card
STA-O12538,STA-C7237,25-11-2025,Coffee Beans (Retail),5,21.62,Delivered,Mobile App
STA-O5774,STA-C6342,17-10-2023,Hot Coffee,3,3.8,Delivered,Starbucks Card
STA-O8755,STA-C8442,06-06-2023,Hot Coffee,2,4.56,Delivered,Credit Card
STA-O7344,STA-C7147,09-11-2024,Sandwiches,3,7.37,Pending,Credit Card
STA-O10891,STA-C1895,22-08-2023,Tea,5,5.51,Pending,Mobile App
STA-O12596,STA-C5319,23-01-2023,Bakery,3,3.46,Returned,Cash
STA-O11740,STA-C7959,02-09-2024,Bakery,3,2.98,Delivered,Credit Card
STA-O13567,STA-C4689,03-10-2025,Bakery,2,4.67,Cancelled,Cash
STA-O13986,STA-C8600,30-07-2024,Hot Coffee,1,6.24,Shipped,Cash
STA-O6799,STA-C4147,02-10-2024,Merchandise,2,12.43,Pending,Cash
STA-O10956,STA-C3420,05-03-2023,Coffee Beans (Retail),2,16.4,Pending,Starbucks Card
STA-O11568,STA-C3453,15-04-2023,Hot Coffee,4,3.44,Pending,Credit Card
STA-O5341,STA-C6607,05-05-2024,Coffee Beans (Retail),1,13.18,Cancelled,Starbucks Card
STA-O10728,STA-C10901,27-05-2023,Cold Coffee,5,5.73,Cancelled,Mobile App
STA-O7857,STA-C2727,03-07-2023,Tea,5,3.98,Cancelled,Mobile App
STA-O7296,STA-C7649,28-02-2024,Hot Coffee,2,6.41,Shipped,Starbucks Card
STA-O10467,STA-C5513,09-08-2024,Sandwiches,3,7.69,Shipped,Credit Card
STA-O7772,STA-C3587,14-05-2023,Coffee Beans (Retail),3,12.89,Delivered,Starbucks Card
STA-O8659,STA-C10917,02-01-2025,Bakery,1,2.91,Delivered,Cash
STA-O13034,STA-C6767,04-09-2025,Hot Coffee,4,5.83,Shipped,Credit Card
STA-O9010,STA-C7580,08-11-2024,Tea,4,4.07,Delivered,Starbucks Card
STA-O5252,STA-C6312,25-01-2025,Hot Coffee,3,5.16,Delivered,Credit Card
STA-O5657,STA-C5442,06-05-2023,Hot Coffee,3,6.65,Shipped,Mobile App
STA-O9622,STA-C2754,14-11-2025,Hot Coffee,5,5.33,Cancelled,Credit Card
STA-O10376,STA-C8141,09-12-2023,Sandwiches,5,6.68,Pending,Mobile App
STA-O11632,STA-C10573,07-08-2025,Sandwiches,2,6.81,Pending,Starbucks Card
STA-O11499,STA-C3715,18-03-2023,Cold Coffee,4,5.63,Cancelled,Credit Card
STA-O5946,STA-C7650,28-04-2023,Hot Coffee,2,6.94,Pending,Starbucks Card
STA-O14055,STA-C10457,30-01-2024,Frappuccino,1,5.47,Delivered,Mobile App
STA-O14267,STA-C5837,04-08-2024,Frappuccino,2,7.11,Returned,Mobile App
STA-O13623,STA-C3119,13-10-2023,Coffee Beans (Retail),1,11.07,Pending,Cash
STA-O6588,STA-C6105,11-01-2023,Cold Coffee,4,4.35,Shipped,Cash
STA-O8132,STA-C5687,13-11-2024,Hot Coffee,4,5.08,Cancelled,Mobile App
STA-O11421,STA-C6046,12-10-2023,Coffee Beans (Retail),4,14.41,Cancelled,Credit Card
STA-O9734,STA-C8533,07-12-2024,Frappuccino,1,5.7,Cancelled,Starbucks Card
STA-O5253,STA-C2556,31-01-2025,Hot Coffee,5,3.05,Delivered,Credit Card
STA-O9189,STA-C8941,17-02-2024,Bakery,1,4.25,Pending,Credit Card
STA-O5795,STA-C9872,07-11-2024,Tea,1,3.19,Cancelled,Starbucks Card
STA-O7396,STA-C4209,01-07-2024,Merchandise,1,21.83,Delivered,Mobile App
STA-O6886,STA-C6620,07-10-2024,Hot Coffee,3,6.81,Shipped,Starbucks Card
STA-O12786,STA-C3620,22-07-2025,Bakery,2,4.41,Shipped,Mobile App
STA-O9798,STA-C3341,23-06-2023,Merchandise,5,13.27,Returned,Starbucks Card
STA-O14123,STA-C8257,14-10-2023,Merchandise,3,17.78,Delivered,Cash
STA-O9894,STA-C8473,15-04-2024,Hot Coffee,2,6.1,Pending,Cash
STA-O11125,STA-C6456,04-01-2024,Bakery,1,4.35,Delivered,Credit Card
STA-O6348,STA-C2563,05-12-2025,Merchandise,3,13.17,Cancelled,Mobile App
STA-O10722,STA-C5854,07-07-2023,Cold Coffee,4,6.68,Pending,Cash
STA-O7222,STA-C6804,01-03-2023,Bakery,2,5.88,Cancelled,Mobile App
STA-O12299,STA-C2786,05-04-2023,Coffee Beans (Retail),4,12.58,Cancelled,Starbucks Card
STA-O8745,STA-C8644,07-02-2025,Frappuccino,4,8.95,Shipped,Mobile App
STA-O12237,STA-C7748,11-12-2024,Hot Coffee,4,6.49,Delivered,Cash
STA-O5893,STA-C10132,25-06-2024,Coffee Beans (Retail),4,13.78,Pending,Mobile App
STA-O14367,STA-C9999,05-07-2023,Tea,3,5.78,Pending,Cash
STA-O12267,STA-C10911,07-04-2024,Cold Coffee,2,5.44,Pending,Mobile App
STA-O8239,STA-C7482,11-04-2025,Cold Coffee,3,5.71,Shipped,Starbucks Card
STA-O14327,STA-C3555,14-07-2025,Frappuccino,2,5.25,Shipped,Credit Card
STA-O5242,STA-C5169,17-02-2023,Tea,2,5.09,Shipped,Credit Card
STA-O11628,STA-C3901,23-02-2025,Frappuccino,3,7.51,Cancelled,Cash
STA-O6567,STA-C1568,23-07-2024,Hot Coffee,4,6.87,Pending,Cash
STA-O9205,STA-C9854,22-03-2023,Coffee Beans (Retail),2,19.02,Returned,Starbucks Card
STA-O7688,STA-C4485,18-07-2023,Merchandise,5,23.15,Unknown,Credit Card
STA-O13283,STA-C9999,11-10-2024,Coffee Beans (Retail),1,17.31,Delivered,Starbucks Card
STA-O7925,STA-C4560,26-08-2024,Frappuccino,1,5.83,Delivered,Mobile App
STA-O10031,STA-C3543,12-06-2024,Coffee Beans (Retail),3,22.16,Shipped,Mobile App
STA-O12694,STA-C3124,12-01-2024,Tea,5,5.56,Shipped,Starbucks Card
STA-O14628,STA-C3066,20-12-2023,Frappuccino,1,7.43,Shipped,Credit Card
STA-O12356,STA-C2031,11-12-2023,Sandwiches,2,6.81,Unknown,Starbucks Card
STA-O13382,STA-C9999,24-08-2024,Sandwiches,5,5.69,Delivered,Cash
STA-O8521,STA-C7682,30-06-2023,Frappuccino,4,5.15,Delivered,Cash
STA-O12496,STA-C10628,27-07-2023,Coffee Beans (Retail),4,15.5,Delivered,Credit Card
STA-O14952,STA-C10056,03-10-2025,Cold Coffee,2,4.05,Unknown,Cash
STA-O6531,STA-C9699,06-08-2024,Hot Coffee,5,3.15,Delivered,Credit Card
STA-O11534,STA-C8071,19-08-2025,Sandwiches,2,7.71,Cancelled,Mobile App
STA-O14678,STA-C6601,01-07-2025,Sandwiches,2,7.98,Delivered,Cash
STA-O6006,STA-C3275,06-07-2025,Merchandise,5,10.68,Cancelled,Mobile App
STA-O10420,STA-C2837,08-03-2024,Frappuccino,2,6.22,Delivered,Starbucks Card
STA-O8151,STA-C2730,04-11-2023,Cold Coffee,5,5.15,Pending,Starbucks Card
STA-O9990,STA-C7837,01-05-2023,Hot Coffee,5,5.97,Returned,Mobile App
STA-O5695,STA-C2827,30-11-2024,Sandwiches,3,5.4,Cancelled,Mobile App
STA-O10775,STA-C9169,06-08-2025,Hot Coffee,3,5.08,Shipped,Cash
STA-O8632,STA-C7469,31-10-2025,Merchandise,4,31.24,Delivered,Mobile App
STA-O7313,STA-C4035,06-07-2023,Coffee Beans (Retail),2,14.33,Delivered,Credit Card
STA-O8269,STA-C3230,26-07-2025,Hot Coffee,2,4.2,Delivered,Cash
STA-O10535,STA-C5297,24-05-2025,Tea,4,5.72,Delivered,Credit Card
STA-O8832,STA-C10093,22-08-2025,Cold Coffee,3,7.7,Unknown,Mobile App
STA-O9934,STA-C9999,20-06-2024,Bakery,5,4.11,Delivered,Cash
STA-O5301,STA-C10085,13-05-2025,Coffee Beans (Retail),1,20.24,Returned,Starbucks Card
STA-O14478,STA-C4383,08-12-2023,Frappuccino,1,8.87,Shipped,Credit Card
STA-O13633,STA-C2077,28-12-2025,Hot Coffee,2,4.83,Cancelled,Mobile App
STA-O13602,STA-C2365,13-07-2023,Tea,4,3.84,Returned,Mobile App
STA-O5320,STA-C7345,29-01-2025,Coffee Beans (Retail),4,20.04,Pending,Mobile App
STA-O6636,STA-C10054,17-02-2024,Cold Coffee,2,6.39,Returned,Credit Card
STA-O12371,STA-C3118,14-12-2024,Tea,5,5.88,Shipped,Starbucks Card
STA-O14021,STA-C6122,21-09-2023,Frappuccino,4,6.09,Delivered,Starbucks Card
STA-O6637,STA-C9260,08-08-2025,Bakery,3,4.94,Delivered,Cash
STA-O8228,STA-C1197,30-06-2024,Bakery,3,2.28,Delivered,Mobile App
STA-O11231,STA-C2213,09-10-2024,Sandwiches,2,7.57,Cancelled,Cash
STA-O12448,STA-C5112,25-01-2025,Merchandise,2,9.48,Delivered,Credit Card
STA-O10926,STA-C2868,31-10-2023,Cold Coffee,2,5.13,Delivered,Starbucks Card
STA-O12541,STA-C3539,27-09-2025,Hot Coffee,1,5.71,Delivered,Starbucks Card
STA-O14670,STA-C9326,13-12-2023,Cold Coffee,4,6.91,Cancelled,Starbucks Card
STA-O5160,STA-C5423,06-03-2023,Hot Coffee,3,6.19,Delivered,Credit Card
STA-O8346,STA-C6143,10-12-2023,Merchandise,4,28.66,Pending,Cash
STA-O13077,STA-C1174,10-02-2024,Frappuccino,3,5.06,Delivered,Credit Card
STA-O7548,STA-C8364,09-08-2025,Frappuccino,3,5.35,Delivered,Cash
STA-O6762,STA-C9829,15-03-2023,Sandwiches,3,5.41,Pending,Cash
STA-O7616,STA-C7966,12-06-2024,Hot Coffee,5,3.93,Cancelled,Mobile App
STA-O6337,STA-C7540,08-05-2024,Frappuccino,4,5.3,Delivered,Credit Card
STA-O8551,STA-C5810,11-03-2025,Frappuccino,4,6.37,Cancelled,Cash
STA-O6795,STA-C7910,25-04-2025,Hot Coffee,5,4.66,Cancelled,Cash
STA-O5109,STA-C3782,19-12-2024,Hot Coffee,1,5.55,Cancelled,Mobile App
STA-O8602,STA-C5387,07-10-2025,Merchandise,3,33.59,Cancelled,Starbucks Card
STA-O14034,STA-C6562,29-04-2023,Sandwiches,5,7.29,Delivered,Credit Card
STA-O7075,STA-C2675,16-05-2025,Cold Coffee,3,4.16,Shipped,Cash
STA-O8232,STA-C1226,06-01-2024,Coffee Beans (Retail),2,24.22,Pending,Mobile App
STA-O7831,STA-C4957,22-12-2024,Cold Coffee,3,6.85,Delivered,Credit Card
STA-O9620,STA-C10329,03-02-2024,Cold Coffee,1,6.44,Delivered,Mobile App
STA-O13469,STA-C8619,17-01-2024,Coffee Beans (Retail),4,13.62,Cancelled,Cash
STA-O5664,STA-C7166,07-10-2023,Sandwiches,3,8.32,Pending,Mobile App
STA-O11195,STA-C4919,16-09-2024,Merchandise,5,9.03,Shipped,Cash
STA-O7263,STA-C6908,14-10-2023,Bakery,4,5.43,Delivered,Cash
STA-O12483,STA-C1452,30-01-2025,Cold Coffee,3,5.36,Delivered,Cash
STA-O14726,STA-C2776,05-06-2023,Bakery,2,4.75,Shipped,Credit Card
STA-O13039,STA-C7419,20-06-2023,Tea,3,4.11,Cancelled,Starbucks Card
STA-O14005,STA-C1860,09-12-2025,Tea,3,4.28,Delivered,Cash
STA-O14302,STA-C7911,25-11-2024,Merchandise,5,28.47,Pending,Cash
STA-O7635,STA-C3976,25-06-2024,Frappuccino,3,6.41,Delivered,Mobile App
STA-O9402,STA-C2577,07-02-2025,Frappuccino,1,7.31,Shipped,Cash
STA-O11330,STA-C4210,11-04-2025,Sandwiches,3,7.4,Delivered,Mobile App
STA-O14287,STA-C7175,17-01-2024,Bakery,3,2.22,Pending,Credit Card
STA-O12670,STA-C8352,26-05-2023,Bakery,3,3.85,Returned,Mobile App
STA-O6842,STA-C2385,06-07-2024,Coffee Beans (Retail),2,24.58,Delivered,Credit Card
STA-O13239,STA-C7720,05-10-2023,Frappuccino,4,7.91,Delivered,Credit Card
STA-O8737,STA-C9985,01-11-2023,Sandwiches,3,5.44,Delivered,Cash
STA-O11918,STA-C5431,08-04-2024,Sandwiches,4,5.55,Delivered,Cash
STA-O12377,STA-C7218,15-12-2024,Coffee Beans (Retail),3,22.65,Delivered,Starbucks Card
STA-O6923,STA-C5102,03-10-2023,Merchandise,5,39.2,Shipped,Mobile App
STA-O11229,STA-C4025,16-08-2023,Frappuccino,2,8.58,Delivered,Starbucks Card
STA-O13057,STA-C2585,11-10-2024,Frappuccino,2,8.67,Returned,Mobile App
STA-O10998,STA-C7937,08-06-2023,Cold Coffee,2,6.17,Delivered,Credit Card
STA-O10506,STA-C10391,12-09-2025,Merchandise,2,31.96,Delivered,Credit Card
STA-O12242,STA-C6161,02-06-2023,Hot Coffee,2,3.7,Shipped,Cash
STA-O8570,STA-C3967,20-08-2024,Hot Coffee,5,3.56,Shipped,Mobile App
STA-O11994,STA-C8439,19-02-2024,Cold Coffee,3,5.97,Shipped,Cash
STA-O12350,STA-C8201,10-03-2023,Hot Coffee,2,4.76,Returned,Mobile App
STA-O14209,STA-C8569,20-06-2023,Cold Coffee,1,6.68,Returned,Mobile App
STA-O14961,STA-C7951,18-11-2024,Merchandise,5,19.83,Delivered,Cash
STA-O6611,STA-C6924,12-01-2023,Coffee Beans (Retail),2,22.68,Delivered,Starbucks Card
STA-O5756,STA-C4373,21-11-2024,Tea,2,5.06,Cancelled,Mobile App
STA-O12788,STA-C2248,08-10-2024,Frappuccino,1,8.63,Delivered,Starbucks Card
STA-O7129,STA-C3408,26-10-2025,Coffee Beans (Retail),1,21.71,Cancelled,Starbucks Card
STA-O14171,STA-C5940,24-01-2025,Cold Coffee,2,5.62,Delivered,Credit Card
STA-O10783,STA-C6831,16-01-2025,Tea,4,3.72,Delivered,Starbucks Card
STA-O8243,STA-C1889,04-09-2025,Coffee Beans (Retail),5,22.99,Delivered,Credit Card
STA-O8185,STA-C7892,06-12-2023,Tea,3,4.23,Shipped,Cash
STA-O14818,STA-C5502,07-09-2023,Tea,2,4.67,Delivered,Credit Card
STA-O7315,STA-C10189,30-07-2025,Coffee Beans (Retail),5,23.63,Shipped,Credit Card
STA-O9614,STA-C3693,08-03-2023,Tea,1,3.47,Delivered,Credit Card
STA-O13401,STA-C2261,25-09-2025,Coffee Beans (Retail),2,15.66,Delivered,Cash
STA-O8743,STA-C5092,23-12-2023,Bakery,2,5.59,Delivered,Mobile App
STA-O10588,STA-C5463,02-10-2025,Hot Coffee,1,3.27,Delivered,Credit Card
STA-O12373,STA-C9999,04-11-2024,Bakery,4,2.27,Pending,Cash
STA-O8481,STA-C8819,30-11-2024,Cold Coffee,2,6.42,Shipped,Starbucks Card
STA-O11463,STA-C6911,17-12-2025,Cold Coffee,2,6.66,Returned,Starbucks Card
STA-O8140,STA-C5828,24-11-2025,Cold Coffee,5,7.36,Delivered,Mobile App
STA-O7837,STA-C3444,12-03-2024,Tea,3,5.35,Pending,Starbucks Card
STA-O10556,STA-C6301,16-02-2023,Bakery,3,3.29,Delivered,Starbucks Card
STA-O13381,STA-C9143,27-02-2024,Tea,1,4.52,Returned,Cash
STA-O7624,STA-C7855,20-06-2024,Cold Coffee,5,6.28,Cancelled,Starbucks Card
STA-O13864,STA-C4988,11-06-2024,Hot Coffee,2,5.13,Delivered,Mobile App
STA-O11297,STA-C4786,18-11-2024,Bakery,3,2.74,Cancelled,Credit Card
STA-O8033,STA-C3466,22-09-2023,Coffee Beans (Retail),2,16.52,Pending,Starbucks Card
STA-O12553,STA-C3236,17-07-2023,Bakery,4,3.94,Pending,Starbucks Card
STA-O14485,STA-C2954,06-02-2025,Tea,3,3.22,Delivered,Mobile App
STA-O6054,STA-C5294,18-09-2024,Coffee Beans (Retail),1,12.45,Shipped,Starbucks Card
STA-O8433,STA-C2635,04-10-2024,Tea,4,4.67,Pending,Credit Card
STA-O11129,STA-C3999,27-04-2023,Tea,1,5.88,Cancelled,Cash
STA-O5222,STA-C7769,14-10-2025,Hot Coffee,3,3.26,Delivered,Credit Card
STA-O5295,STA-C9491,11-12-2025,Bakery,3,5.91,Returned,Starbucks Card
STA-O12578,STA-C1580,26-06-2024,Cold Coffee,1,7.57,Cancelled,Cash
STA-O13936,STA-C4633,03-04-2024,Frappuccino,2,8.77,Returned,Starbucks Card
STA-O14552,STA-C1759,12-06-2023,Hot Coffee,5,5.15,Delivered,Starbucks Card
STA-O7826,STA-C9234,09-07-2025,Bakery,4,5.69,Pending,Starbucks Card
STA-O9901,STA-C5698,06-12-2024,Merchandise,4,8.19,Returned,Cash
STA-O8179,STA-C6886,01-02-2024,Hot Coffee,4,4.51,Shipped,Credit Card
STA-O14011,STA-C3540,30-04-2025,Merchandise,1,35.73,Pending,Cash
STA-O11573,STA-C7730,18-01-2023,Cold Coffee,3,5.31,Delivered,Cash
STA-O10405,STA-C8099,05-12-2023,Bakery,3,4.98,Pending,Mobile App
STA-O5800,STA-C9890,23-03-2024,Merchandise,2,33.68,Unknown,Starbucks Card
STA-O8422,STA-C5040,14-12-2025,Tea,2,3.6,Delivered,Starbucks Card
STA-O11310,STA-C5407,17-06-2023,Merchandise,2,14.48,Shipped,Cash
STA-O12203,STA-C1684,09-12-2025,Sandwiches,2,8.77,Delivered,Starbucks Card
STA-O9250,STA-C9108,29-07-2025,Coffee Beans (Retail),2,15.59,Returned,Starbucks Card
STA-O5620,STA-C7239,07-01-2025,Sandwiches,3,5.55,Unknown,Cash
STA-O5026,STA-C4848,13-05-2024,Hot Coffee,1,3.75,Returned,Starbucks Card
STA-O5865,STA-C8746,08-04-2024,Merchandise,2,27.91,Returned,Cash
STA-O12755,STA-C3422,23-12-2025,Merchandise,5,29.12,Returned,Cash
STA-O5843,STA-C5841,10-02-2024,Bakery,3,5.08,Cancelled,Mobile App
STA-O5877,STA-C6466,07-08-2023,Coffee Beans (Retail),2,23.26,Returned,Mobile App
STA-O7382,STA-C6729,02-11-2025,Bakery,5,3,Delivered,Starbucks Card
STA-O12423,STA-C8440,13-07-2024,Cold Coffee,2,5.32,Delivered,Cash
STA-O12213,STA-C6290,31-12-2024,Bakery,4,5.3,Pending,Starbucks Card
STA-O8251,STA-C9524,05-10-2025,Sandwiches,2,9,Delivered,Credit Card
STA-O5158,STA-C9375,09-12-2025,Hot Coffee,1,3.63,Shipped,Starbucks Card
STA-O5403,STA-C2665,06-01-2024,Cold Coffee,3,4.02,Returned,Credit Card
STA-O14390,STA-C5479,09-06-2024,Hot Coffee,3,3.39,Shipped,Cash
STA-O8533,STA-C1766,15-09-2023,Cold Coffee,4,7.41,Pending,Starbucks Card
STA-O8217,STA-C4523,23-04-2024,Merchandise,4,33.05,Cancelled,Mobile App
STA-O11807,STA-C2657,07-03-2024,Hot Coffee,1,3.52,Pending,Starbucks Card
STA-O5844,STA-C7359,25-03-2023,Merchandise,2,8.77,Shipped,Mobile App
STA-O8404,STA-C6938,29-09-2023,Coffee Beans (Retail),2,21.94,Shipped,Starbucks Card
STA-O8390,STA-C7817,22-05-2023,Bakery,4,2.93,Delivered,Cash
STA-O6009,STA-C9550,07-01-2025,Bakery,2,5.1,Pending,Cash
STA-O14343,STA-C3890,05-10-2025,Merchandise,5,29.26,Pending,Mobile App
STA-O11857,STA-C1790,16-10-2023,Cold Coffee,1,6.02,Cancelled,Cash
STA-O9276,STA-C6948,06-10-2024,Cold Coffee,4,6.58,Pending,Mobile App
STA-O8226,STA-C8591,07-12-2024,Tea,5,4.31,Delivered,Cash
STA-O6840,STA-C10800,10-10-2023,Sandwiches,1,5.09,Returned,Credit Card
STA-O5318,STA-C6683,06-11-2024,Sandwiches,3,5.88,Cancelled,Mobile App
STA-O8926,STA-C6627,11-10-2023,Bakery,2,5.48,Returned,Starbucks Card
STA-O5520,STA-C2199,14-07-2023,Frappuccino,4,6.21,Shipped,Cash
STA-O7226,STA-C5253,29-09-2024,Cold Coffee,1,7.45,Pending,Mobile App
STA-O7285,STA-C3480,02-12-2024,Bakery,1,4.62,Delivered,Credit Card
STA-O9730,STA-C9101,24-08-2024,Tea,1,3.3,Shipped,Credit Card
STA-O13168,STA-C1692,30-06-2025,Cold Coffee,1,6.3,Delivered,Cash
STA-O7234,STA-C1144,07-06-2024,Sandwiches,3,7.72,Pending,Mobile App
STA-O10434,STA-C1918,04-07-2023,Frappuccino,5,9,Cancelled,Cash
STA-O7817,STA-C5722,09-03-2024,Hot Coffee,4,4.22,Delivered,Credit Card
STA-O11215,STA-C10826,19-05-2025,Frappuccino,4,5.75,Delivered,Credit Card
STA-O10167,STA-C6932,06-06-2025,Tea,5,5.57,Cancelled,Starbucks Card
STA-O9377,STA-C7858,11-07-2025,Bakery,4,4.87,Returned,Cash
STA-O13905,STA-C9394,07-11-2023,Bakery,2,2.11,Returned,Credit Card
STA-O9028,STA-C8913,21-02-2023,Tea,5,4.22,Delivered,Cash
STA-O13243,STA-C9261,15-01-2023,Sandwiches,2,6.95,Delivered,Starbucks Card
STA-O10810,STA-C9529,23-06-2023,Coffee Beans (Retail),2,11.66,Delivered,Mobile App
STA-O7291,STA-C3542,30-05-2023,Bakery,5,2.87,Delivered,Mobile App
STA-O9303,STA-C10175,28-11-2025,Cold Coffee,2,4.16,Shipped,Cash
STA-O7373,STA-C1780,17-08-2024,Coffee Beans (Retail),3,18.64,Delivered,Mobile App
STA-O6866,STA-C2775,04-02-2023,Coffee Beans (Retail),3,19.9,Delivered,Credit Card
STA-O14962,STA-C7311,04-07-2024,Sandwiches,5,8.36,Pending,Credit Card
STA-O10864,STA-C4637,16-02-2024,Hot Coffee,1,4.48,Shipped,Cash
STA-O12420,STA-C8196,09-03-2023,Hot Coffee,2,3.88,Delivered,Credit Card
STA-O12022,STA-C3040,19-02-2024,Coffee Beans (Retail),1,21.78,Shipped,Starbucks Card
STA-O12639,STA-C4374,20-01-2025,Bakery,1,5.52,Delivered,Cash
STA-O12970,STA-C9999,07-07-2025,Frappuccino,3,8.7,Pending,Starbucks Card
STA-O6818,STA-C8844,14-03-2024,Hot Coffee,4,3.37,Shipped,Credit Card
STA-O5641,STA-C7063,07-01-2025,Sandwiches,4,6.19,Shipped,Mobile App
STA-O10027,STA-C8220,16-07-2024,Sandwiches,2,5.86,Cancelled,Credit Card
STA-O9236,STA-C4905,29-01-2025,Hot Coffee,3,5.32,Delivered,Starbucks Card
STA-O12196,STA-C7773,02-06-2025,Bakery,1,3.36,Shipped,Credit Card
STA-O14425,STA-C3507,07-05-2025,Cold Coffee,5,4.7,Returned,Credit Card
STA-O8668,STA-C5959,12-06-2025,Tea,5,4.17,Pending,Starbucks Card
STA-O7365,STA-C3804,03-04-2025,Frappuccino,5,8.87,Delivered,Cash
STA-O13597,STA-C4761,03-11-2025,Frappuccino,2,8.51,Cancelled,Cash
STA-O8363,STA-C2979,29-12-2023,Merchandise,4,9.96,Delivered,Cash
STA-O10477,STA-C3490,17-04-2024,Frappuccino,3,5.5,Unknown,Mobile App
STA-O14676,STA-C2948,19-09-2025,Coffee Beans (Retail),1,15.85,Delivered,Mobile App
STA-O12950,STA-C9760,20-11-2024,Frappuccino,3,6.51,Delivered,Mobile App
STA-O6177,STA-C5243,09-01-2025,Coffee Beans (Retail),4,19.95,Delivered,Cash
STA-O6615,STA-C3195,19-07-2025,Coffee Beans (Retail),2,17.26,Delivered,Cash
STA-O8660,STA-C9197,02-04-2024,Hot Coffee,3,3.5,Cancelled,Mobile App
STA-O5045,STA-C6270,01-02-2023,Sandwiches,5,6.47,Cancelled,Mobile App
STA-O11531,STA-C5630,21-11-2024,Cold Coffee,3,5.33,Returned,Mobile App
STA-O12221,STA-C6524,17-09-2025,Tea,2,4.25,Delivered,Cash
STA-O9166,STA-C2673,15-11-2023,Coffee Beans (Retail),5,10.03,Delivered,Starbucks Card
STA-O8811,STA-C10516,11-07-2025,Merchandise,5,18.79,Pending,Cash
STA-O6859,STA-C7358,30-12-2024,Bakery,5,4.01,Cancelled,Starbucks Card
STA-O7676,STA-C10090,27-07-2024,Cold Coffee,3,4.09,Delivered,Cash
STA-O11222,STA-C1430,28-07-2023,Cold Coffee,5,5.85,Shipped,Credit Card
STA-O5806,STA-C10550,29-03-2025,Tea,1,5.07,Delivered,Mobile App
STA-O7298,STA-C9223,17-04-2023,Frappuccino,5,5.82,Unknown,Mobile App
STA-O9711,STA-C5748,30-11-2024,Merchandise,5,18.38,Delivered,Credit Card
STA-O11554,STA-C5560,11-12-2023,Cold Coffee,5,7.3,Delivered,Starbucks Card
STA-O8246,STA-C4403,10-12-2025,Bakery,5,5.83,Pending,Mobile App
STA-O7749,STA-C10147,27-05-2023,Bakery,1,3.24,Pending,Credit Card
STA-O11649,STA-C2896,15-02-2023,Merchandise,2,27.28,Returned,Credit Card
STA-O10162,STA-C3793,06-02-2023,Merchandise,5,19.37,Pending,Credit Card
STA-O7501,STA-C2784,31-05-2025,Sandwiches,4,8.12,Delivered,Cash
STA-O14780,STA-C1043,06-11-2025,Merchandise,2,20.85,Pending,Cash
STA-O9322,STA-C3245,09-04-2024,Bakery,5,5.38,Pending,Credit Card
STA-O10016,STA-C10310,08-11-2025,Tea,1,5.95,Shipped,Credit Card
STA-O7912,STA-C10643,15-04-2023,Cold Coffee,3,5.16,Delivered,Credit Card
STA-O7378,STA-C8525,22-09-2024,Coffee Beans (Retail),2,14.47,Pending,Mobile App
STA-O9509,STA-C2245,26-02-2024,Tea,1,3.5,Delivered,Credit Card
STA-O6899,STA-C4942,18-10-2024,Hot Coffee,1,4.42,Returned,Cash
STA-O7763,STA-C5456,13-12-2025,Hot Coffee,3,6.63,Shipped,Credit Card
STA-O12686,STA-C2395,06-08-2023,Merchandise,5,11.48,Cancelled,Mobile App
STA-O5184,STA-C1908,25-05-2024,Sandwiches,4,8.07,Delivered,Mobile App
STA-O11418,STA-C7942,10-01-2024,Frappuccino,3,5.5,Pending,Cash
STA-O11759,STA-C7861,18-04-2024,Tea,1,4.05,Delivered,Mobile App
STA-O6956,STA-C7724,27-07-2024,Frappuccino,3,7.19,Returned,Mobile App
STA-O5569,STA-C1566,28-10-2024,Bakery,3,4.99,Unknown,Starbucks Card
STA-O8760,STA-C4380,24-08-2023,Hot Coffee,3,3.33,Returned,Cash
STA-O11012,STA-C6868,29-12-2024,Sandwiches,1,6.38,Cancelled,Starbucks Card
STA-O13226,STA-C9887,16-03-2023,Hot Coffee,1,6.23,Delivered,Credit Card
STA-O7484,STA-C8454,20-01-2025,Coffee Beans (Retail),5,10.4,Cancelled,Credit Card
STA-O10780,STA-C3705,19-02-2024,Sandwiches,2,7.36,Pending,Credit Card
STA-O7954,STA-C2826,30-01-2023,Coffee Beans (Retail),4,21.65,Pending,Mobile App
STA-O5629,STA-C1184,31-03-2024,Frappuccino,4,6.89,Delivered,Cash
STA-O7040,STA-C4706,24-02-2024,Hot Coffee,5,4.63,Pending,Mobile App
STA-O8623,STA-C4276,20-06-2025,Sandwiches,3,5.28,Delivered,Starbucks Card
STA-O8912,STA-C5525,12-12-2025,Hot Coffee,2,5.96,Returned,Cash
STA-O13005,STA-C4751,11-06-2025,Merchandise,5,15.92,Shipped,Credit Card
STA-O10032,STA-C3723,20-06-2024,Bakery,5,3.71,Returned,Credit Card
STA-O13124,STA-C3258,18-08-2024,Sandwiches,1,8.8,Delivered,Credit Card
STA-O13861,STA-C3575,09-11-2025,Frappuccino,1,7.92,Returned,Starbucks Card
STA-O6849,STA-C1653,14-08-2024,Frappuccino,5,5.27,Returned,Starbucks Card
STA-O6643,STA-C1188,09-02-2025,Sandwiches,4,5.46,Returned,Starbucks Card
STA-O6174,STA-C4127,07-04-2024,Cold Coffee,3,6.67,Returned,Credit Card
STA-O10578,STA-C4272,23-09-2024,Frappuccino,4,7.03,Shipped,Credit Card
STA-O5502,STA-C6057,12-09-2025,Sandwiches,2,7.04,Delivered,Cash
STA-O6333,STA-C7502,02-06-2025,Cold Coffee,3,4.32,Shipped,Mobile App
STA-O11194,STA-C1548,23-05-2025,Cold Coffee,4,4.61,Delivered,Mobile App
STA-O13165,STA-C6204,26-08-2024,Coffee Beans (Retail),3,10.51,Delivered,Cash
STA-O11635,STA-C4241,14-04-2023,Frappuccino,1,8.21,Cancelled,Credit Card
STA-O11510,STA-C6060,11-02-2025,Frappuccino,3,5.44,Pending,Starbucks Card
STA-O11877,STA-C10020,24-03-2023,Bakery,5,5.16,Cancelled,Starbucks Card
STA-O9283,STA-C3405,15-04-2024,Bakery,4,3.94,Shipped,Cash
STA-O13831,STA-C9818,25-08-2024,Tea,5,5,Shipped,Credit Card
STA-O13360,STA-C2256,07-05-2023,Coffee Beans (Retail),1,24.92,Shipped,Credit Card
STA-O5088,STA-C5731,26-10-2025,Coffee Beans (Retail),3,23.56,Pending,Starbucks Card
STA-O6726,STA-C3332,13-07-2024,Hot Coffee,2,3.88,Delivered,Credit Card
STA-O13012,STA-C7140,12-10-2024,Sandwiches,5,7.38,Returned,Mobile App
STA-O12400,STA-C10669,13-01-2025,Frappuccino,1,5.55,Cancelled,Starbucks Card
STA-O13407,STA-C6804,23-01-2023,Hot Coffee,4,4.91,Delivered,Mobile App
STA-O5582,STA-C2374,24-09-2023,Sandwiches,3,8.13,Delivered,Credit Card
STA-O14012,STA-C3096,08-10-2024,Coffee Beans (Retail),3,24.34,Shipped,Mobile App
STA-O11576,STA-C8947,16-12-2024,Coffee Beans (Retail),2,17.88,Delivered,Starbucks Card
STA-O8398,STA-C10199,07-04-2025,Frappuccino,4,5.63,Pending,Starbucks Card
STA-O10501,STA-C8802,07-01-2023,Coffee Beans (Retail),5,24.8,Pending,Starbucks Card
STA-O13766,STA-C8832,27-08-2024,Bakery,3,2.51,Shipped,Credit Card
STA-O8577,STA-C4567,06-10-2024,Hot Coffee,4,3.57,Returned,Starbucks Card
STA-O6446,STA-C9897,02-12-2024,Hot Coffee,2,6.26,Pending,Starbucks Card
STA-O9549,STA-C2826,09-02-2025,Coffee Beans (Retail),5,21.1,Shipped,Cash
STA-O12570,STA-C7595,22-03-2025,Merchandise,2,26.15,Returned,Credit Card
STA-O9628,STA-C4789,27-01-2023,Bakery,5,5.6,Pending,Cash
STA-O10923,STA-C7474,30-04-2024,Sandwiches,1,6.61,Returned,Starbucks Card
STA-O10136,STA-C5592,27-01-2023,Tea,1,5.13,Pending,Credit Card
STA-O11382,STA-C8506,23-03-2023,Sandwiches,4,6.45,Shipped,Cash
STA-O10163,STA-C8672,29-08-2025,Tea,1,4.85,Delivered,Mobile App
STA-O8527,STA-C3362,06-08-2025,Merchandise,5,18.86,Returned,Cash
STA-O7175,STA-C10920,17-09-2023,Bakery,5,2.56,Returned,Cash
STA-O9299,STA-C2276,02-09-2023,Coffee Beans (Retail),5,24.76,Cancelled,Starbucks Card
STA-O8301,STA-C8220,01-07-2025,Tea,5,3.06,Delivered,Credit Card
STA-O10120,STA-C2536,16-10-2023,Coffee Beans (Retail),5,11.31,Pending,Credit Card
STA-O14081,STA-C2581,25-02-2025,Tea,5,4.64,Delivered,Cash
STA-O13150,STA-C9419,21-11-2023,Hot Coffee,2,5.74,Delivered,Cash
STA-O14498,STA-C10462,19-03-2023,Merchandise,1,22.93,Returned,Credit Card
STA-O6377,STA-C7137,08-03-2025,Bakery,1,3.12,Delivered,Credit Card
STA-O6346,STA-C3997,06-07-2025,Cold Coffee,5,7.27,Delivered,Starbucks Card
STA-O6306,STA-C4031,26-01-2024,Cold Coffee,3,4.16,Shipped,Credit Card
STA-O9466,STA-C2745,18-03-2024,Sandwiches,1,6.8,Delivered,Mobile App
STA-O9783,STA-C8144,13-07-2023,Sandwiches,2,7.82,Pending,Cash
STA-O11581,STA-C10336,21-10-2023,Hot Coffee,1,4.45,Shipped,Mobile App
STA-O7959,STA-C9373,15-11-2024,Frappuccino,4,6.9,Shipped,Mobile App
STA-O8480,STA-C2783,07-07-2024,Frappuccino,2,8.45,Delivered,Credit Card
STA-O8942,STA-C6329,04-06-2025,Hot Coffee,3,5.48,Shipped,Mobile App
STA-O14231,STA-C1929,24-10-2024,Tea,4,4.15,Delivered,Cash
STA-O12029,STA-C5257,28-12-2025,Frappuccino,2,8.42,Delivered,Mobile App
STA-O7937,STA-C5071,15-04-2023,Frappuccino,5,7.11,Shipped,Credit Card
STA-O10147,STA-C9965,22-08-2024,Bakery,5,3.86,Shipped,Starbucks Card
STA-O7525,STA-C1402,08-06-2024,Tea,1,4.31,Delivered,Cash
STA-O11502,STA-C4149,15-09-2024,Tea,3,5.61,Delivered,Credit Card
STA-O14207,STA-C4571,27-05-2025,Cold Coffee,2,6.72,Pending,Starbucks Card
STA-O12779,STA-C5805,06-02-2025,Sandwiches,5,6.04,Delivered,Starbucks Card
STA-O12812,STA-C7890,30-04-2023,Bakery,5,2.66,Shipped,Starbucks Card
STA-O9104,STA-C6814,18-10-2023,Tea,1,5.7,Shipped,Cash
STA-O6961,STA-C8175,26-05-2023,Merchandise,3,15.46,Shipped,Mobile App
STA-O8507,STA-C8197,12-08-2023,Tea,3,5.05,Returned,Cash
STA-O6214,STA-C8398,03-04-2023,Tea,1,3.35,Returned,Starbucks Card
STA-O13121,STA-C7049,18-04-2025,Bakery,5,4.95,Shipped,Credit Card
STA-O5240,STA-C3200,18-02-2024,Hot Coffee,2,6.31,Pending,Starbucks Card
STA-O9314,STA-C10070,12-06-2025,Merchandise,1,11.87,Delivered,Mobile App
STA-O6517,STA-C8808,18-10-2023,Sandwiches,1,7.13,Delivered,Starbucks Card
STA-O12667,STA-C3918,23-03-2023,Frappuccino,3,5.2,Pending,Credit Card
STA-O14357,STA-C3804,25-10-2023,Coffee Beans (Retail),2,17.02,Returned,Starbucks Card
STA-O12758,STA-C2193,24-07-2024,Tea,2,4.81,Unknown,Credit Card
STA-O12134,STA-C10307,04-07-2023,Coffee Beans (Retail),1,12.16,Delivered,Cash
STA-O14991,STA-C4549,23-01-2024,Coffee Beans (Retail),3,19.54,Pending,Cash
STA-O10591,STA-C5189,03-10-2025,Merchandise,3,29.84,Returned,Mobile App
STA-O9941,STA-C4762,11-06-2025,Sandwiches,2,5.04,Delivered,Starbucks Card
STA-O6664,STA-C7690,24-10-2023,Tea,5,4.72,Delivered,Cash
STA-O7028,STA-C3963,22-10-2025,Tea,4,3.34,Delivered,Mobile App
STA-O8547,STA-C3469,26-10-2024,Frappuccino,5,8.66,Cancelled,Credit Card
STA-O11640,STA-C6440,07-09-2025,Merchandise,5,10.44,Delivered,Cash
STA-O7767,STA-C8005,20-04-2024,Sandwiches,5,7.93,Cancelled,Credit Card
STA-O12964,STA-C3003,03-04-2023,Tea,2,4.41,Pending,Credit Card
STA-O5927,STA-C1463,09-07-2024,Tea,1,5.82,Cancelled,Cash
STA-O11471,STA-C10757,29-09-2025,Cold Coffee,2,7.88,Delivered,Mobile App
STA-O5548,STA-C4605,28-12-2024,Coffee Beans (Retail),5,18.24,Cancelled,Credit Card
STA-O7316,STA-C9725,18-03-2024,Sandwiches,3,8.3,Delivered,Cash
STA-O14697,STA-C8816,24-07-2023,Sandwiches,1,7.28,Cancelled,Cash
STA-O14024,STA-C5184,15-01-2025,Merchandise,3,28.54,Delivered,Credit Card
STA-O13631,STA-C1719,07-12-2024,Coffee Beans (Retail),1,13.01,Cancelled,Starbucks Card
STA-O10519,STA-C4679,04-07-2025,Hot Coffee,5,4.32,Shipped,Starbucks Card
STA-O12384,STA-C6354,11-09-2024,Tea,2,5.55,Shipped,Credit Card
STA-O12063,STA-C10290,15-11-2025,Frappuccino,5,5.72,Shipped,Starbucks Card
STA-O8117,STA-C6143,02-04-2024,Sandwiches,3,5.83,Cancelled,Starbucks Card
STA-O11276,STA-C4415,31-08-2024,Frappuccino,1,8.78,Pending,Mobile App
STA-O5112,STA-C2250,22-02-2023,Sandwiches,1,6.17,Delivered,Cash
STA-O14749,STA-C10490,30-07-2025,Coffee Beans (Retail),3,12.18,Shipped,Cash
STA-O6535,STA-C9093,29-03-2023,Hot Coffee,3,3.04,Delivered,Cash
STA-O8689,STA-C1974,21-04-2024,Cold Coffee,3,5.95,Delivered,Mobile App
STA-O6341,STA-C6777,11-10-2023,Tea,4,5.9,Shipped,Starbucks Card
STA-O10463,STA-C9008,31-03-2023,Frappuccino,1,6.75,Returned,Starbucks Card
STA-O11989,STA-C9318,21-11-2023,Hot Coffee,1,3.25,Delivered,Starbucks Card
STA-O6589,STA-C9204,20-12-2023,Sandwiches,2,7.54,Delivered,Starbucks Card
STA-O10762,STA-C10245,14-05-2024,Coffee Beans (Retail),1,24.65,Delivered,Mobile App
STA-O6540,STA-C3871,09-05-2025,Merchandise,1,12.16,Delivered,Credit Card
STA-O13342,STA-C10569,16-02-2025,Hot Coffee,1,5.51,Pending,Mobile App
STA-O10326,STA-C2464,02-06-2024,Frappuccino,5,5.12,Cancelled,Starbucks Card
STA-O14393,STA-C1046,06-11-2025,Tea,4,4.94,Delivered,Mobile App
STA-O13375,STA-C8032,22-03-2025,Tea,5,4.93,Unknown,Cash
STA-O13026,STA-C8869,13-02-2023,Merchandise,5,12.18,Returned,Mobile App
STA-O12043,STA-C9519,17-12-2025,Frappuccino,4,6.52,Returned,Starbucks Card
STA-O11572,STA-C7897,11-07-2023,Bakery,4,2.59,Delivered,Starbucks Card
STA-O6475,STA-C7589,05-07-2025,Cold Coffee,3,5.75,Delivered,Cash
STA-O8836,STA-C6733,16-06-2025,Bakery,1,5.17,Delivered,Credit Card
STA-O14652,STA-C6302,15-02-2023,Frappuccino,4,7.08,Delivered,Credit Card
STA-O13915,STA-C9387,17-03-2023,Frappuccino,1,6.82,Delivered,Cash
STA-O9373,STA-C7450,17-09-2024,Cold Coffee,2,5.36,Unknown,Mobile App
STA-O10786,STA-C4354,08-06-2025,Tea,1,5.53,Shipped,Cash
STA-O6466,STA-C3726,08-02-2024,Merchandise,3,27.37,Delivered,Credit Card
STA-O12623,STA-C8384,22-03-2024,Sandwiches,5,8.89,Delivered,Starbucks Card
STA-O12581,STA-C9159,29-07-2025,Merchandise,4,30.15,Shipped,Mobile App
STA-O14705,STA-C10435,05-06-2023,Bakery,2,3.32,Returned,Credit Card
STA-O8899,STA-C1713,17-05-2025,Bakery,1,5.3,Delivered,Cash
STA-O14687,STA-C7066,02-02-2024,Cold Coffee,1,7.36,Delivered,Credit Card
STA-O7309,STA-C7631,18-07-2025,Frappuccino,2,8.22,Returned,Credit Card
STA-O8722,STA-C4529,24-12-2023,Hot Coffee,2,6.09,Delivered,Cash
STA-O8526,STA-C8728,13-05-2025,Merchandise,2,35.73,Delivered,Credit Card
STA-O9376,STA-C3741,21-08-2024,Hot Coffee,3,3.14,Returned,Cash
STA-O12540,STA-C4512,27-04-2023,Sandwiches,5,8.04,Cancelled,Mobile App
STA-O10303,STA-C5361,04-10-2025,Coffee Beans (Retail),1,21.88,Delivered,Mobile App
STA-O13420,STA-C5736,27-03-2025,Tea,3,4.34,Delivered,Mobile App
STA-O5982,STA-C8407,29-10-2024,Bakery,2,3.25,Delivered,Mobile App
STA-O12980,STA-C5862,22-05-2023,Merchandise,4,27.23,Cancelled,Mobile App
STA-O5058,STA-C3701,29-05-2025,Hot Coffee,1,5.21,Delivered,Mobile App
STA-O12888,STA-C5168,20-04-2024,Sandwiches,2,7.8,Delivered,Cash
STA-O7013,STA-C5736,23-12-2023,Merchandise,5,26.75,Returned,Starbucks Card
STA-O9143,STA-C5776,31-08-2025,Coffee Beans (Retail),4,23.37,Pending,Mobile App
STA-O5209,STA-C9149,30-07-2023,Bakery,3,5.12,Delivered,Starbucks Card
STA-O5047,STA-C3015,20-11-2024,Coffee Beans (Retail),2,12,Delivered,Cash
STA-O10036,STA-C7035,22-07-2025,Frappuccino,1,6.87,Returned,Cash
STA-O8220,STA-C9060,06-11-2023,Hot Coffee,2,4.15,Cancelled,Starbucks Card
STA-O8837,STA-C6667,25-05-2024,Hot Coffee,2,5.22,Delivered,Credit Card
STA-O12728,STA-C6328,29-08-2025,Tea,4,4.52,Pending,Mobile App
STA-O12615,STA-C3008,20-11-2025,Tea,3,3.16,Delivered,Credit Card
STA-O14182,STA-C6514,09-06-2024,Tea,1,3.96,Delivered,Cash
STA-O9366,STA-C10239,19-07-2025,Sandwiches,2,6.63,Pending,Credit Card
STA-O9498,STA-C1814,06-09-2025,Sandwiches,1,8.28,Returned,Mobile App
STA-O12936,STA-C8539,30-09-2025,Sandwiches,2,5.06,Pending,Mobile App
STA-O5632,STA-C2807,23-12-2024,Tea,3,4.3,Returned,Credit Card
STA-O7136,STA-C6002,17-05-2025,Tea,2,5.93,Delivered,Mobile App
STA-O7405,STA-C7246,03-09-2025,Bakery,4,5.29,Delivered,Starbucks Card
STA-O13326,STA-C10992,11-02-2023,Tea,5,5.19,Pending,Cash
STA-O9087,STA-C8000,06-02-2025,Sandwiches,1,5.31,Cancelled,Starbucks Card
STA-O11703,STA-C3420,14-03-2023,Tea,5,3.67,Delivered,Cash
STA-O10233,STA-C5679,19-04-2023,Coffee Beans (Retail),5,16.22,Delivered,Cash
STA-O9012,STA-C8991,11-11-2025,Sandwiches,3,8.99,Shipped,Mobile App
STA-O13357,STA-C3720,01-08-2023,Merchandise,1,17.49,Returned,Cash
STA-O13105,STA-C7302,08-07-2023,Frappuccino,5,6.5,Pending,Credit Card
STA-O12411,STA-C3368,18-06-2023,Bakery,3,5.34,Pending,Cash
STA-O13000,STA-C4164,23-08-2025,Merchandise,4,24.23,Pending,Starbucks Card
STA-O9605,STA-C1844,03-07-2023,Merchandise,3,21.87,Delivered,Starbucks Card
STA-O12461,STA-C7456,10-09-2023,Merchandise,5,22.82,Delivered,Credit Card
STA-O7708,STA-C4972,21-02-2024,Tea,2,4.54,Returned,Credit Card
STA-O11710,STA-C1236,02-08-2023,Bakery,4,4.42,Shipped,Mobile App
STA-O8505,STA-C10288,27-08-2025,Coffee Beans (Retail),1,24.4,Delivered,Starbucks Card
STA-O11343,STA-C3162,10-12-2023,Bakery,5,2.15,Cancelled,Credit Card
STA-O10705,STA-C9672,05-06-2024,Tea,4,4.99,Cancelled,Mobile App
STA-O10732,STA-C5270,11-05-2024,Frappuccino,1,7.11,Pending,Mobile App
STA-O5624,STA-C3083,20-05-2025,Frappuccino,2,8.93,Delivered,Mobile App
STA-O13787,STA-C4687,30-05-2023,Cold Coffee,3,6.44,Delivered,Cash
STA-O11520,STA-C10468,06-01-2023,Sandwiches,3,7.24,Delivered,Credit Card
STA-O13751,STA-C2634,09-07-2023,Coffee Beans (Retail),4,12.21,Delivered,Starbucks Card
STA-O10042,STA-C5994,06-04-2023,Tea,3,5.03,Shipped,Starbucks Card
STA-O13074,STA-C5286,05-06-2024,Coffee Beans (Retail),1,11.89,Returned,Mobile App
STA-O12453,STA-C8457,11-07-2025,Tea,3,5.2,Returned,Starbucks Card
STA-O6563,STA-C3308,08-05-2025,Cold Coffee,4,5.59,Returned,Starbucks Card
STA-O8747,STA-C4466,12-02-2023,Frappuccino,1,6.62,Returned,Mobile App
STA-O9099,STA-C10596,13-10-2023,Sandwiches,5,5.38,Shipped,Mobile App
STA-O6905,STA-C9560,27-02-2023,Sandwiches,3,8.92,Delivered,Mobile App
STA-O14852,STA-C5461,04-04-2023,Frappuccino,5,8.26,Shipped,Credit Card
STA-O11165,STA-C5364,20-12-2024,Frappuccino,2,8.5,Cancelled,Cash
STA-O13007,STA-C8017,21-02-2024,Bakery,5,2.35,Pending,Credit Card
STA-O7187,STA-C1072,01-09-2024,Hot Coffee,2,4.37,Pending,Mobile App
STA-O6755,STA-C3391,15-06-2023,Hot Coffee,5,3.12,Returned,Mobile App
STA-O12418,STA-C5798,12-10-2025,Merchandise,4,19.75,Delivered,Cash
STA-O10322,STA-C3633,27-03-2024,Merchandise,5,16.4,Delivered,Credit Card
STA-O6056,STA-C9999,07-11-2024,Bakery,1,3.12,Pending,Mobile App
STA-O6550,STA-C5372,09-05-2023,Sandwiches,1,5.99,Shipped,Cash
STA-O11938,STA-C2006,27-06-2023,Sandwiches,4,6.68,Delivered,Starbucks Card
STA-O10023,STA-C10170,06-09-2023,Hot Coffee,2,6.73,Delivered,Cash
STA-O5864,STA-C9219,03-06-2025,Coffee Beans (Retail),1,21.37,Delivered,Credit Card
STA-O12966,STA-C10715,25-10-2023,Coffee Beans (Retail),1,13.22,Returned,Cash
STA-O8111,STA-C6259,01-06-2023,Coffee Beans (Retail),2,13.82,Delivered,Cash
STA-O6845,STA-C2241,16-07-2023,Bakery,5,3.82,Delivered,Starbucks Card
STA-O5173,STA-C8102,26-03-2024,Frappuccino,1,5.54,Delivered,Mobile App
STA-O5692,STA-C4235,15-08-2024,Tea,1,5.18,Cancelled,Mobile App
STA-O6381,STA-C7696,21-03-2023,Cold Coffee,1,5.8,Pending,Mobile App
STA-O5562,STA-C8933,26-12-2025,Bakery,3,3.25,Cancelled,Mobile App
STA-O10388,STA-C2113,28-05-2025,Merchandise,2,23.24,Pending,Credit Card
STA-O13583,STA-C5427,22-01-2024,Sandwiches,3,6.83,Delivered,Cash
STA-O14275,STA-C2287,29-01-2024,Hot Coffee,3,3.71,Cancelled,Starbucks Card
STA-O9357,STA-C9100,10-12-2024,Cold Coffee,2,4.53,Cancelled,Credit Card
STA-O14519,STA-C8146,07-11-2025,Frappuccino,2,7.67,Delivered,Cash
STA-O7158,STA-C10208,07-12-2025,Sandwiches,1,6.88,Delivered,Credit Card
STA-O14714,STA-C5358,06-06-2023,Cold Coffee,4,4.07,Cancelled,Credit Card
STA-O9231,STA-C10980,04-11-2024,Coffee Beans (Retail),5,18.21,Delivered,Starbucks Card
STA-O9100,STA-C8883,27-11-2025,Cold Coffee,1,5.79,Delivered,Mobile App
STA-O5343,STA-C6347,08-09-2025,Merchandise,4,34.51,Pending,Starbucks Card
STA-O5785,STA-C1884,11-05-2023,Sandwiches,3,7.02,Delivered,Starbucks Card
STA-O8724,STA-C10121,11-11-2023,Frappuccino,1,6.18,Pending,Credit Card
STA-O9489,STA-C9029,04-06-2024,Hot Coffee,5,5.37,Delivered,Starbucks Card
STA-O13611,STA-C1836,14-07-2024,Cold Coffee,3,6.04,Pending,Mobile App
STA-O7678,STA-C7073,06-04-2024,Sandwiches,3,8.71,Delivered,Mobile App
STA-O10568,STA-C3231,13-08-2023,Bakery,1,2.32,Delivered,Starbucks Card
STA-O11040,STA-C1066,02-12-2024,Coffee Beans (Retail),2,21.74,Shipped,Cash
STA-O9214,STA-C2086,09-10-2023,Cold Coffee,3,6.57,Cancelled,Credit Card
STA-O13471,STA-C1227,02-08-2024,Cold Coffee,2,4.53,Delivered,Mobile App
STA-O13584,STA-C6176,13-07-2025,Sandwiches,2,6.48,Shipped,Cash
STA-O12290,STA-C9207,13-02-2025,Cold Coffee,5,4.76,Delivered,Starbucks Card
STA-O10773,STA-C9999,11-03-2024,Frappuccino,5,7.67,Cancelled,Credit Card
STA-O13752,STA-C4891,12-11-2023,Frappuccino,3,7.53,Shipped,Mobile App
STA-O5190,STA-C2788,27-05-2025,Hot Coffee,2,3.94,Delivered,Credit Card
STA-O10671,STA-C10261,03-12-2024,Bakery,5,4.67,Delivered,Cash
STA-O8003,STA-C6201,08-06-2023,Coffee Beans (Retail),2,14.39,Delivered,Cash
STA-O7547,STA-C5591,05-10-2025,Cold Coffee,1,4.06,Delivered,Cash
STA-O5850,STA-C10688,03-07-2024,Bakery,5,4,Delivered,Starbucks Card
STA-O11899,STA-C5219,11-05-2023,Merchandise,2,12.84,Cancelled,Mobile App
STA-O10045,STA-C7237,04-02-2024,Hot Coffee,3,6.18,Returned,Starbucks Card
STA-O8242,STA-C1288,01-02-2023,Bakery,1,2.3,Delivered,Credit Card
STA-O5972,STA-C8183,09-01-2025,Hot Coffee,5,6.6,Cancelled,Credit Card
STA-O5955,STA-C1576,28-10-2025,Coffee Beans (Retail),1,14.51,Pending,Starbucks Card
STA-O10885,STA-C1764,29-08-2024,Tea,4,5.05,Returned,Cash
STA-O5898,STA-C9480,10-11-2025,Frappuccino,2,6.85,Returned,Credit Card
STA-O10809,STA-C6679,11-11-2023,Sandwiches,5,7.21,Shipped,Cash
STA-O13183,STA-C3366,18-11-2023,Hot Coffee,3,5.81,Delivered,Starbucks Card
STA-O13463,STA-C5761,20-11-2023,Tea,4,5.98,Pending,Cash
STA-O14420,STA-C6125,08-11-2025,Sandwiches,1,5.84,Delivered,Credit Card
STA-O8842,STA-C4242,05-01-2024,Hot Coffee,4,3.66,Pending,Starbucks Card
STA-O6545,STA-C6945,31-12-2024,Cold Coffee,5,5.81,Delivered,Credit Card
STA-O11068,STA-C2565,01-06-2024,Sandwiches,3,8.39,Cancelled,Cash
STA-O10792,STA-C2767,09-06-2024,Frappuccino,1,6.18,Cancelled,Cash
STA-O10933,STA-C1794,10-08-2024,Tea,3,3.29,Delivered,Credit Card
STA-O9558,STA-C5307,15-04-2025,Bakery,1,5.92,Pending,Credit Card
STA-O6712,STA-C7779,26-04-2024,Bakery,1,2.81,Pending,Cash
STA-O13943,STA-C6807,01-11-2024,Bakery,5,5.29,Pending,Starbucks Card
STA-O11875,STA-C4312,19-10-2025,Sandwiches,3,8.79,Delivered,Credit Card
STA-O8365,STA-C8678,24-10-2024,Frappuccino,4,7.55,Delivered,Credit Card
STA-O10275,STA-C4016,20-10-2024,Hot Coffee,4,5.86,Shipped,Credit Card
STA-O12015,STA-C3155,24-08-2024,Bakery,3,4.67,Cancelled,Credit Card
STA-O13273,STA-C8079,18-05-2023,Hot Coffee,3,5.1,Pending,Cash
STA-O6074,STA-C9178,02-05-2025,Hot Coffee,1,3.31,Delivered,Cash
STA-O14857,STA-C4338,06-07-2024,Tea,1,4.97,Cancelled,Credit Card
STA-O14201,STA-C9659,19-04-2023,Sandwiches,4,6.28,Returned,Mobile App
STA-O9831,STA-C7411,25-07-2025,Merchandise,1,39.8,Delivered,Credit Card
STA-O7357,STA-C10874,08-03-2025,Coffee Beans (Retail),4,18.3,Delivered,Credit Card
STA-O6107,STA-C5627,04-06-2024,Merchandise,3,39.89,Delivered,Starbucks Card
STA-O8487,STA-C4575,17-11-2023,Sandwiches,3,5.38,Delivered,Credit Card
STA-O11943,STA-C7597,07-07-2023,Bakery,5,3.36,Returned,Mobile App
STA-O10213,STA-C10804,14-07-2024,Cold Coffee,1,7.38,Returned,Cash
STA-O10400,STA-C9717,02-01-2025,Coffee Beans (Retail),5,21.48,Cancelled,Starbucks Card
STA-O7536,STA-C10715,08-07-2023,Frappuccino,5,6,Pending,Starbucks Card
STA-O8914,STA-C5430,11-10-2024,Frappuccino,5,7.07,Delivered,Starbucks Card
STA-O6479,STA-C10172,07-06-2023,Coffee Beans (Retail),3,12.45,Pending,Credit Card
STA-O5145,STA-C8128,11-05-2023,Sandwiches,4,8.54,Delivered,Mobile App
STA-O6992,STA-C1007,19-06-2023,Hot Coffee,2,5.04,Delivered,Cash
STA-O6714,STA-C8573,15-08-2025,Bakery,3,5.16,Cancelled,Credit Card
STA-O14699,STA-C9566,02-10-2025,Cold Coffee,1,4.98,Pending,Mobile App
STA-O13648,STA-C4319,15-12-2023,Coffee Beans (Retail),1,21.21,Returned,Mobile App
STA-O10248,STA-C8909,11-01-2025,Hot Coffee,3,3.23,Shipped,Mobile App
STA-O9629,STA-C8452,13-10-2024,Bakery,4,3.49,Delivered,Credit Card
STA-O14811,STA-C5714,18-02-2023,Cold Coffee,5,6.66,Returned,Mobile App
STA-O14522,STA-C7496,24-11-2024,Tea,3,4.53,Returned,Starbucks Card
STA-O8996,STA-C5695,04-01-2025,Sandwiches,3,5.9,Pending,Cash
STA-O6963,STA-C9717,10-09-2025,Hot Coffee,4,5.21,Returned,Mobile App
STA-O7261,STA-C4178,20-04-2024,Tea,4,3.13,Delivered,Cash
STA-O14669,STA-C4639,24-12-2024,Merchandise,1,18.64,Returned,Credit Card
STA-O5563,STA-C8745,20-06-2023,Frappuccino,4,8.24,Delivered,Credit Card
STA-O13870,STA-C5660,14-01-2024,Tea,5,4.83,Unknown,Starbucks Card
STA-O10113,STA-C9040,21-01-2024,Hot Coffee,4,5.68,Delivered,Credit Card
STA-O14588,STA-C8929,02-05-2025,Frappuccino,4,7.23,Shipped,Mobile App
STA-O14470,STA-C9586,19-12-2023,Tea,4,4.95,Returned,Mobile App
STA-O9803,STA-C5004,30-08-2023,Cold Coffee,1,6.77,Delivered,Starbucks Card
STA-O5093,STA-C9150,03-05-2024,Sandwiches,4,8.15,Delivered,Starbucks Card
STA-O5378,STA-C6390,01-10-2024,Frappuccino,3,5.15,Delivered,Mobile App
STA-O14934,STA-C5337,31-10-2025,Bakery,2,4.44,Pending,Credit Card
STA-O10541,STA-C8859,24-03-2025,Coffee Beans (Retail),2,24.12,Delivered,Mobile App
STA-O10585,STA-C2881,26-02-2025,Cold Coffee,5,6.64,Pending,Credit Card
STA-O12255,STA-C7386,19-12-2025,Cold Coffee,2,7.86,Pending,Credit Card
STA-O8186,STA-C3302,15-03-2023,Cold Coffee,4,6.42,Pending,Cash
STA-O8534,STA-C7235,16-08-2025,Cold Coffee,2,6.98,Shipped,Mobile App
STA-O8879,STA-C8197,08-11-2025,Frappuccino,1,7.41,Cancelled,Cash
STA-O13271,STA-C9024,24-08-2024,Coffee Beans (Retail),1,15.24,Delivered,Mobile App
STA-O11167,STA-C4636,07-06-2025,Bakery,2,3.24,Cancelled,Cash
STA-O9211,STA-C8920,24-09-2025,Tea,5,4.16,Pending,Cash
STA-O5375,STA-C1385,04-07-2023,Coffee Beans (Retail),4,12.89,Cancelled,Starbucks Card
STA-O6236,STA-C2010,16-08-2024,Cold Coffee,5,6.43,Delivered,Starbucks Card
STA-O5953,STA-C9950,20-12-2025,Hot Coffee,2,4.84,Pending,Credit Card
STA-O8201,STA-C8162,12-08-2024,Sandwiches,3,8.27,Pending,Starbucks Card
STA-O10105,STA-C7968,15-11-2024,Coffee Beans (Retail),1,10.63,Pending,Mobile App
STA-O14400,STA-C5637,01-05-2023,Bakery,4,6,Cancelled,Cash
STA-O12714,STA-C1840,08-04-2025,Sandwiches,2,6.29,Shipped,Starbucks Card
STA-O7659,STA-C9531,16-04-2024,Cold Coffee,3,5.92,Shipped,Cash
STA-O8709,STA-C3462,13-11-2024,Sandwiches,3,7.16,Delivered,Starbucks Card
STA-O9001,STA-C9075,19-03-2024,Sandwiches,2,5.38,Delivered,Starbucks Card
STA-O12502,STA-C8389,24-11-2025,Cold Coffee,2,7.81,Returned,Mobile App
STA-O12264,STA-C5683,19-11-2023,Cold Coffee,3,5.92,Delivered,Mobile App
STA-O11113,STA-C7286,20-11-2025,Bakery,3,2.64,Returned,Starbucks Card
STA-O5497,STA-C7974,18-01-2023,Tea,1,4.77,Returned,Starbucks Card
STA-O10562,STA-C8466,13-02-2025,Coffee Beans (Retail),4,21.41,Shipped,Mobile App
STA-O10433,STA-C1227,14-09-2023,Cold Coffee,3,5.09,Shipped,Mobile App
STA-O14199,STA-C3740,19-09-2023,Frappuccino,4,6.36,Delivered,Credit Card
STA-O5193,STA-C6979,27-10-2025,Merchandise,2,30.04,Returned,Cash
STA-O6653,STA-C9999,19-02-2023,Tea,3,3.03,Returned,Mobile App
STA-O8697,STA-C1068,17-04-2024,Frappuccino,1,8.71,Delivered,Starbucks Card
STA-O5381,STA-C10298,12-05-2023,Bakery,3,4.63,Delivered,Credit Card
STA-O14224,STA-C3284,14-02-2024,Coffee Beans (Retail),2,24.62,Pending,Cash
STA-O8877,STA-C4925,29-07-2024,Cold Coffee,3,4.93,Returned,Cash
STA-O7478,STA-C5659,08-01-2024,Tea,1,4.11,Delivered,Mobile App
STA-O9973,STA-C6139,23-03-2024,Hot Coffee,1,6.35,Shipped,Cash
STA-O11620,STA-C3416,25-05-2023,Frappuccino,1,8.94,Delivered,Cash
STA-O7685,STA-C7556,26-04-2025,Cold Coffee,5,4.81,Shipped,Mobile App
STA-O11732,STA-C9570,08-06-2025,Cold Coffee,1,5.07,Delivered,Credit Card
STA-O13754,STA-C10972,17-01-2023,Coffee Beans (Retail),2,11.97,Cancelled,Starbucks Card
STA-O11138,STA-C8153,28-01-2024,Frappuccino,3,6.51,Returned,Credit Card
STA-O9346,STA-C4069,12-06-2023,Cold Coffee,1,6.83,Shipped,Credit Card
STA-O10270,STA-C5387,22-05-2023,Merchandise,4,31.14,Pending,Cash
STA-O9160,STA-C4375,25-12-2024,Coffee Beans (Retail),5,15.72,Delivered,Starbucks Card
STA-O8456,STA-C3631,22-05-2024,Frappuccino,4,6.76,Delivered,Cash
STA-O8656,STA-C7181,16-05-2023,Hot Coffee,2,6.49,Returned,Mobile App
STA-O6569,STA-C3805,31-08-2024,Hot Coffee,4,4.86,Pending,Cash
STA-O12459,STA-C2497,30-04-2023,Merchandise,2,31.52,Unknown,Starbucks Card
STA-O10922,STA-C8358,29-01-2025,Hot Coffee,5,4.48,Returned,Credit Card
STA-O9442,STA-C7404,23-02-2025,Merchandise,4,18.51,Pending,Cash
STA-O12421,STA-C5475,15-02-2023,Tea,2,3.85,Pending,Mobile App
STA-O6538,STA-C7054,24-10-2024,Cold Coffee,1,7.2,Delivered,Credit Card
STA-O6110,STA-C3318,09-04-2024,Hot Coffee,1,4.1,Delivered,Credit Card
STA-O12621,STA-C4731,15-07-2024,Merchandise,3,20.89,Delivered,Mobile App
STA-O14525,STA-C1406,28-10-2025,Cold Coffee,5,5.47,Delivered,Cash
STA-O12010,STA-C10155,22-07-2023,Coffee Beans (Retail),4,13.03,Cancelled,Cash
STA-O7069,STA-C1662,01-12-2024,Cold Coffee,3,7.12,Pending,Starbucks Card
STA-O7533,STA-C4707,16-05-2023,Sandwiches,5,6.12,Shipped,Cash
STA-O12782,STA-C8322,26-04-2024,Frappuccino,5,6.04,Delivered,Starbucks Card
STA-O7110,STA-C7773,13-07-2025,Tea,2,5.94,Delivered,Credit Card
STA-O9530,STA-C1189,23-09-2025,Hot Coffee,3,3.53,Returned,Starbucks Card
STA-O13773,STA-C2854,26-10-2025,Tea,5,5.75,Shipped,Starbucks Card
STA-O8572,STA-C5092,11-03-2025,Bakery,1,4.95,Delivered,Credit Card
STA-O14419,STA-C4580,11-07-2025,Sandwiches,1,7.54,Delivered,Credit Card
STA-O13821,STA-C1520,25-09-2024,Merchandise,2,26.72,Pending,Mobile App
STA-O12915,STA-C1819,12-05-2024,Merchandise,3,29.33,Delivered,Mobile App
STA-O6232,STA-C4356,09-12-2025,Tea,2,5.5,Pending,Credit Card
STA-O11850,STA-C1089,23-10-2024,Bakery,5,2.96,Shipped,Credit Card
STA-O7989,STA-C9619,10-03-2024,Bakery,4,3.34,Delivered,Mobile App
STA-O10592,STA-C7834,24-06-2025,Bakery,1,2.71,Delivered,Cash
STA-O12450,STA-C4285,06-12-2023,Cold Coffee,4,4.1,Cancelled,Mobile App
STA-O13162,STA-C2576,27-02-2025,Tea,5,3.1,Delivered,Starbucks Card
STA-O12552,STA-C9911,27-08-2023,Coffee Beans (Retail),5,10.43,Returned,Cash
STA-O7540,STA-C9999,21-06-2024,Tea,2,3.06,Delivered,Credit Card
STA-O11902,STA-C6356,25-01-2024,Sandwiches,1,7.98,Delivered,Credit Card
STA-O11473,STA-C8351,12-02-2023,Tea,5,3.4,Delivered,Mobile App
STA-O8421,STA-C3912,31-05-2023,Cold Coffee,1,5.92,Returned,Mobile App
STA-O10548,STA-C7245,26-12-2024,Sandwiches,4,6.01,Delivered,Credit Card
STA-O11720,STA-C7202,13-09-2023,Coffee Beans (Retail),2,24.71,Pending,Cash
STA-O6039,STA-C1371,30-04-2024,Bakery,4,4.83,Delivered,Mobile App
STA-O13022,STA-C8212,15-03-2023,Sandwiches,3,7.7,Cancelled,Credit Card
STA-O5296,STA-C6231,17-05-2023,Merchandise,5,23.43,Pending,Credit Card
STA-O7154,STA-C3566,10-11-2024,Frappuccino,3,7.12,Cancelled,Mobile App
STA-O6876,STA-C2268,30-01-2024,Cold Coffee,3,6.57,Cancelled,Credit Card
STA-O14931,STA-C3516,15-10-2025,Coffee Beans (Retail),3,23.9,Cancelled,Mobile App
STA-O10557,STA-C3686,05-03-2025,Merchandise,3,39.59,Cancelled,Starbucks Card
STA-O7609,STA-C9093,05-02-2024,Sandwiches,3,5.89,Delivered,Starbucks Card
STA-O13981,STA-C4674,02-06-2023,Frappuccino,1,6.36,Pending,Cash
STA-O8420,STA-C6855,21-04-2024,Bakery,5,5.55,Delivered,Cash
STA-O9664,STA-C4574,25-04-2024,Tea,4,4.13,Shipped,Cash
STA-O13156,STA-C6836,23-07-2025,Frappuccino,4,7.21,Delivered,Cash
STA-O8337,STA-C10459,23-04-2023,Coffee Beans (Retail),1,18.74,Pending,Credit Card
STA-O6303,STA-C8269,16-02-2025,Tea,3,3.38,Cancelled,Cash
STA-O8756,STA-C2034,09-01-2024,Coffee Beans (Retail),4,10.61,Delivered,Starbucks Card
STA-O13053,STA-C7729,29-07-2023,Coffee Beans (Retail),4,15.17,Delivered,Credit Card
STA-O9825,STA-C6355,19-04-2025,Frappuccino,3,7.33,Delivered,Credit Card
STA-O9920,STA-C6237,18-07-2024,Sandwiches,2,5.36,Pending,Starbucks Card
STA-O11254,STA-C2443,24-10-2023,Frappuccino,4,8.27,Pending,Cash
STA-O8662,STA-C9116,13-08-2024,Cold Coffee,2,6.32,Delivered,Starbucks Card
STA-O5914,STA-C6017,17-07-2024,Merchandise,1,15.36,Returned,Starbucks Card
STA-O7978,STA-C8488,21-04-2025,Cold Coffee,1,6.73,Delivered,Starbucks Card
STA-O5574,STA-C4023,19-06-2025,Tea,1,3.53,Returned,Starbucks Card
STA-O7920,STA-C7523,24-04-2025,Merchandise,5,30.03,Delivered,Cash
STA-O14538,STA-C4209,16-08-2023,Sandwiches,4,8.1,Delivered,Cash
STA-O9953,STA-C2859,22-02-2023,Hot Coffee,2,3.12,Cancelled,Credit Card
STA-O8826,STA-C6427,02-01-2025,Bakery,1,3.44,Cancelled,Mobile App
STA-O10262,STA-C5690,31-05-2024,Hot Coffee,1,5.03,Delivered,Credit Card
STA-O14618,STA-C2804,28-01-2023,Sandwiches,1,8.01,Delivered,Mobile App
STA-O7629,STA-C1544,19-04-2023,Coffee Beans (Retail),3,12.11,Pending,Cash
STA-O6374,STA-C4743,12-11-2025,Frappuccino,3,8.53,Delivered,Cash
STA-O5175,STA-C4633,19-06-2023,Cold Coffee,2,7.43,Unknown,Credit Card
STA-O7268,STA-C6596,10-07-2023,Bakery,2,4.72,Delivered,Mobile App
STA-O8136,STA-C8339,12-06-2025,Tea,2,3.99,Delivered,Cash
STA-O13834,STA-C3118,31-01-2024,Frappuccino,5,7.54,Delivered,Cash
STA-O14557,STA-C6899,14-01-2025,Coffee Beans (Retail),1,21.26,Pending,Mobile App
STA-O7743,STA-C4836,31-10-2025,Cold Coffee,4,6.36,Pending,Cash
STA-O14809,STA-C5918,13-06-2023,Bakery,4,2.38,Shipped,Starbucks Card
STA-O11529,STA-C1858,07-02-2025,Sandwiches,1,5.53,Delivered,Mobile App
STA-O5504,STA-C3030,17-11-2024,Coffee Beans (Retail),3,17.13,Cancelled,Mobile App
STA-O5340,STA-C7413,09-07-2024,Coffee Beans (Retail),5,13.92,Pending,Credit Card
STA-O14627,STA-C8383,18-01-2025,Hot Coffee,2,6.18,Returned,Credit Card
STA-O5466,STA-C7451,25-12-2024,Coffee Beans (Retail),1,12.45,Returned,Mobile App
STA-O14978,STA-C5741,13-05-2024,Bakery,4,4.96,Pending,Credit Card
STA-O12265,STA-C7881,11-10-2024,Hot Coffee,5,4.31,Delivered,Cash
STA-O14243,STA-C2538,04-10-2025,Cold Coffee,1,6.5,Delivered,Mobile App
STA-O14681,STA-C2249,06-03-2024,Bakery,1,3.39,Delivered,Mobile App
STA-O10704,STA-C4539,04-07-2024,Hot Coffee,3,5.6,Returned,Credit Card
STA-O13814,STA-C8793,27-02-2025,Bakery,3,5.63,Shipped,Starbucks Card
STA-O8199,STA-C6238,27-01-2023,Cold Coffee,5,7.68,Delivered,Credit Card
STA-O12278,STA-C10028,03-05-2025,Frappuccino,1,7.09,Cancelled,Cash
STA-O8730,STA-C2419,17-07-2023,Cold Coffee,3,5.06,Shipped,Mobile App
STA-O12626,STA-C5107,06-11-2025,Cold Coffee,3,7.88,Returned,Mobile App
STA-O12401,STA-C1450,04-11-2024,Coffee Beans (Retail),4,20.18,Returned,Mobile App
STA-O11798,STA-C9373,15-10-2024,Cold Coffee,3,5.47,Pending,Credit Card
STA-O7875,STA-C7148,12-07-2024,Cold Coffee,1,5.61,Cancelled,Mobile App
STA-O12087,STA-C9325,06-12-2023,Tea,5,5.5,Returned,Cash
STA-O14766,STA-C5773,16-03-2025,Coffee Beans (Retail),4,19.23,Cancelled,Starbucks Card
STA-O7835,STA-C4048,08-03-2025,Bakery,1,2.57,Returned,Mobile App
STA-O7000,STA-C3513,01-04-2023,Sandwiches,5,5.82,Delivered,Credit Card
STA-O12118,STA-C2806,06-04-2023,Merchandise,3,30.76,Returned,Cash
STA-O13873,STA-C2518,16-09-2025,Tea,1,4.39,Delivered,Mobile App
STA-O8103,STA-C2105,08-01-2023,Cold Coffee,3,6.32,Cancelled,Credit Card
STA-O8983,STA-C5663,19-05-2024,Hot Coffee,3,6.04,Delivered,Mobile App
STA-O10465,STA-C5099,30-01-2025,Cold Coffee,2,4.5,Shipped,Mobile App
STA-O10542,STA-C8986,27-06-2024,Sandwiches,5,6.88,Shipped,Cash
STA-O7323,STA-C1456,24-03-2024,Tea,2,5.23,Cancelled,Cash
STA-O12345,STA-C4095,30-05-2024,Frappuccino,3,6.27,Pending,Mobile App
STA-O11025,STA-C3518,28-04-2023,Hot Coffee,1,6.78,Cancelled,Starbucks Card
STA-O14682,STA-C1492,09-03-2024,Cold Coffee,3,6.59,Delivered,Starbucks Card
STA-O10750,STA-C8159,18-11-2024,Coffee Beans (Retail),3,15.64,Pending,Cash
STA-O9995,STA-C6591,23-08-2024,Cold Coffee,5,4.61,Unknown,Starbucks Card
STA-O13318,STA-C1036,20-03-2024,Sandwiches,5,7.6,Pending,Starbucks Card
STA-O5950,STA-C5662,10-05-2023,Cold Coffee,5,4.86,Pending,Cash
STA-O7447,STA-C5192,06-02-2025,Coffee Beans (Retail),3,22.39,Cancelled,Credit Card
STA-O6816,STA-C2837,01-10-2025,Frappuccino,2,7.64,Delivered,Mobile App
STA-O11623,STA-C6662,19-02-2025,Frappuccino,4,8.03,Delivered,Starbucks Card
STA-O8958,STA-C8195,24-01-2023,Cold Coffee,1,4.54,Delivered,Cash
STA-O12942,STA-C7695,15-09-2024,Cold Coffee,5,4.66,Delivered,Starbucks Card
STA-O7023,STA-C6028,27-04-2023,Frappuccino,4,6.48,Delivered,Starbucks Card
STA-O7619,STA-C9999,01-03-2023,Tea,2,4.99,Delivered,Mobile App
STA-O5528,STA-C4486,10-08-2024,Sandwiches,4,5.72,Delivered,Mobile App
STA-O6981,STA-C9999,21-06-2023,Cold Coffee,5,5.38,Delivered,Cash
STA-O14614,STA-C6923,30-10-2024,Coffee Beans (Retail),3,13.35,Shipped,Starbucks Card
STA-O13692,STA-C7414,23-03-2025,Cold Coffee,5,7.53,Pending,Credit Card
STA-O14386,STA-C3291,12-06-2024,Frappuccino,2,7.96,Shipped,Credit Card
STA-O6440,STA-C2328,12-09-2025,Cold Coffee,4,5.19,Returned,Cash
STA-O14018,STA-C6612,12-08-2025,Bakery,4,4.49,Pending,Credit Card
STA-O9826,STA-C3428,09-05-2024,Cold Coffee,5,5.39,Returned,Mobile App
STA-O12462,STA-C3709,25-02-2024,Coffee Beans (Retail),4,15.56,Delivered,Starbucks Card
STA-O11325,STA-C5735,19-10-2025,Cold Coffee,4,5.93,Returned,Cash
STA-O6007,STA-C5910,03-05-2023,Bakery,5,2.18,Delivered,Credit Card
STA-O5662,STA-C4700,20-07-2023,Cold Coffee,2,7.07,Delivered,Starbucks Card
STA-O7093,STA-C5331,07-07-2024,Tea,2,3.51,Delivered,Credit Card
STA-O14371,STA-C2769,12-12-2023,Merchandise,5,22.05,Shipped,Cash
STA-O7560,STA-C10924,08-07-2024,Merchandise,4,10.14,Delivered,Credit Card
STA-O9932,STA-C9999,09-05-2025,Cold Coffee,5,4.99,Shipped,Cash
STA-O5067,STA-C10971,04-05-2025,Bakery,1,4.69,Delivered,Starbucks Card
STA-O14342,STA-C10718,21-09-2023,Frappuccino,5,7.13,Delivered,Starbucks Card
STA-O14591,STA-C9999,21-02-2023,Sandwiches,5,7.64,Pending,Starbucks Card
STA-O6856,STA-C2996,22-01-2023,Merchandise,4,22.16,Delivered,Starbucks Card
STA-O8864,STA-C2503,02-05-2024,Coffee Beans (Retail),1,24.09,Cancelled,Mobile App
STA-O11758,STA-C10163,07-01-2024,Cold Coffee,1,6.58,Delivered,Mobile App
STA-O7284,STA-C1556,14-09-2023,Bakery,5,5.49,Delivered,Mobile App
STA-O11288,STA-C7853,18-07-2023,Bakery,5,2.81,Cancelled,Starbucks Card
STA-O6016,STA-C10435,27-08-2024,Merchandise,2,37.7,Returned,Mobile App
STA-O8835,STA-C3714,16-05-2024,Hot Coffee,1,6.88,Delivered,Mobile App
STA-O8001,STA-C6929,28-03-2024,Frappuccino,3,5.38,Pending,Mobile App
STA-O14901,STA-C3757,16-06-2024,Coffee Beans (Retail),3,10.12,Pending,Mobile App
STA-O11747,STA-C5768,26-03-2025,Tea,3,3.96,Delivered,Starbucks Card
STA-O8483,STA-C9035,08-02-2025,Frappuccino,4,8.26,Shipped,Starbucks Card
STA-O5061,STA-C3831,30-12-2023,Hot Coffee,4,6.22,Returned,Cash
STA-O11694,STA-C10071,10-04-2024,Coffee Beans (Retail),2,12.52,Delivered,Cash
STA-O7897,STA-C4590,07-01-2023,Sandwiches,1,5.79,Cancelled,Starbucks Card
STA-O6422,STA-C1795,29-01-2024,Frappuccino,4,7.08,Delivered,Cash
STA-O12611,STA-C1053,20-03-2023,Hot Coffee,4,3.34,Cancelled,Cash
STA-O5543,STA-C3090,10-09-2023,Cold Coffee,3,4.19,Returned,Cash
STA-O10623,STA-C6983,16-07-2024,Bakery,3,2.16,Delivered,Cash
STA-O11478,STA-C9999,13-01-2024,Frappuccino,2,7.03,Delivered,Cash
STA-O7908,STA-C9564,21-05-2024,Tea,4,5.31,Delivered,Starbucks Card
STA-O12982,STA-C8153,17-12-2024,Frappuccino,3,7.04,Delivered,Mobile App
STA-O8696,STA-C10310,07-08-2025,Cold Coffee,5,4.77,Delivered,Mobile App
STA-O13686,STA-C1910,12-02-2023,Merchandise,2,17.68,Shipped,Cash
STA-O6872,STA-C1529,05-10-2024,Coffee Beans (Retail),3,17.04,Delivered,Starbucks Card
STA-O11570,STA-C1071,29-07-2023,Tea,3,5.72,Unknown,Mobile App
STA-O12431,STA-C8079,26-07-2024,Frappuccino,4,6.27,Delivered,Credit Card
STA-O9502,STA-C2491,25-03-2024,Cold Coffee,3,7.71,Delivered,Starbucks Card
STA-O11263,STA-C3112,14-11-2023,Coffee Beans (Retail),1,10.56,Delivered,Mobile App
STA-O7600,STA-C6835,28-04-2023,Sandwiches,2,7.79,Delivered,Credit Card
STA-O7383,STA-C6147,03-12-2024,Sandwiches,5,5.48,Unknown,Mobile App
STA-O12635,STA-C6510,07-10-2024,Tea,4,4.54,Delivered,Credit Card
STA-O5736,STA-C8260,26-02-2023,Hot Coffee,1,6.26,Delivered,Cash
STA-O9916,STA-C7010,16-10-2023,Cold Coffee,1,6.22,Delivered,Mobile App
STA-O11835,STA-C8738,01-08-2023,Coffee Beans (Retail),2,20.9,Pending,Cash
STA-O5698,STA-C9315,10-01-2024,Cold Coffee,5,5.4,Pending,Mobile App
STA-O14680,STA-C3718,02-08-2024,Coffee Beans (Retail),5,10.64,Returned,Mobile App
STA-O14091,STA-C9643,13-06-2025,Coffee Beans (Retail),3,14.67,Pending,Mobile App
STA-O5487,STA-C8698,23-09-2023,Merchandise,4,30.49,Returned,Credit Card
STA-O14907,STA-C5494,02-11-2023,Merchandise,4,9.14,Cancelled,Mobile App
STA-O9353,STA-C8313,16-07-2025,Merchandise,4,29.22,Shipped,Starbucks Card
STA-O6805,STA-C3605,03-06-2025,Frappuccino,2,8.49,Cancelled,Credit Card
STA-O11610,STA-C8362,29-11-2023,Hot Coffee,2,4.95,Delivered,Mobile App
STA-O13557,STA-C9476,12-12-2023,Cold Coffee,3,7.62,Delivered,Cash
STA-O5959,STA-C9346,09-11-2025,Merchandise,3,10.68,Returned,Starbucks Card
STA-O12937,STA-C8961,15-09-2023,Frappuccino,3,7.35,Cancelled,Mobile App
STA-O11043,STA-C6748,14-11-2024,Sandwiches,3,6.27,Pending,Mobile App
STA-O14416,STA-C2385,26-07-2025,Tea,3,3.72,Returned,Starbucks Card
STA-O6266,STA-C7582,18-02-2023,Cold Coffee,1,6.5,Delivered,Starbucks Card
STA-O6099,STA-C6138,23-02-2025,Merchandise,2,37.41,Cancelled,Starbucks Card
STA-O5317,STA-C5814,31-12-2024,Cold Coffee,4,6.74,Delivered,Credit Card
STA-O7381,STA-C8636,16-06-2025,Frappuccino,1,5.13,Returned,Mobile App
STA-O7065,STA-C9999,08-05-2023,Frappuccino,2,8.93,Delivered,Mobile App
STA-O5481,STA-C8726,15-12-2025,Merchandise,5,27.64,Delivered,Cash
STA-O10202,STA-C5425,05-10-2025,Frappuccino,1,8.67,Shipped,Starbucks Card
STA-O5368,STA-C5483,09-05-2023,Frappuccino,5,8.78,Delivered,Starbucks Card
STA-O9480,STA-C8717,21-06-2024,Sandwiches,5,6.95,Cancelled,Starbucks Card
STA-O9045,STA-C5519,03-03-2023,Coffee Beans (Retail),3,10.89,Delivered,Credit Card
STA-O11202,STA-C10072,13-12-2023,Cold Coffee,4,5.64,Returned,Credit Card
STA-O6940,STA-C10436,01-04-2025,Frappuccino,4,5.84,Delivered,Cash
STA-O14161,STA-C6259,23-10-2024,Merchandise,4,9.63,Pending,Credit Card
STA-O6105,STA-C6970,01-07-2023,Hot Coffee,3,4.44,Shipped,Cash
STA-O5361,STA-C7146,02-01-2023,Frappuccino,4,5.81,Returned,Credit Card
STA-O7385,STA-C9434,06-09-2023,Sandwiches,1,6.13,Pending,Mobile App
STA-O11865,STA-C10604,08-10-2025,Sandwiches,5,5.49,Unknown,Mobile App
STA-O10152,STA-C1044,30-05-2024,Merchandise,2,36.92,Delivered,Cash
STA-O7264,STA-C2864,12-10-2024,Merchandise,1,32.97,Cancelled,Mobile App
STA-O6344,STA-C6097,20-08-2023,Coffee Beans (Retail),2,16.39,Delivered,Mobile App
STA-O10266,STA-C8276,05-02-2024,Bakery,4,4.92,Shipped,Mobile App
STA-O7736,STA-C10295,29-06-2025,Frappuccino,2,7.13,Delivered,Cash
STA-O5676,STA-C3744,01-05-2023,Coffee Beans (Retail),2,11.45,Delivered,Starbucks Card
STA-O9086,STA-C2330,09-12-2023,Merchandise,3,15.8,Shipped,Starbucks Card
STA-O8801,STA-C2360,03-02-2023,Bakery,4,4.7,Pending,Credit Card
STA-O11859,STA-C10053,24-03-2024,Merchandise,2,12.03,Delivered,Starbucks Card
STA-O13109,STA-C8375,07-02-2024,Frappuccino,4,6.44,Delivered,Starbucks Card
STA-O14967,STA-C9147,27-12-2025,Cold Coffee,4,5.57,Delivered,Credit Card
STA-O5839,STA-C9319,16-07-2024,Tea,4,4.33,Delivered,Cash
STA-O7486,STA-C9873,06-08-2025,Sandwiches,4,7.37,Shipped,Starbucks Card
STA-O12974,STA-C2479,19-05-2024,Bakery,1,2.88,Pending,Credit Card
STA-O12333,STA-C2161,05-06-2024,Tea,1,5.18,Pending,Credit Card
STA-O10955,STA-C10948,09-06-2024,Merchandise,3,18.93,Returned,Credit Card
STA-O7944,STA-C8537,17-10-2024,Merchandise,4,16.65,Returned,Starbucks Card
STA-O13596,STA-C5704,11-09-2023,Coffee Beans (Retail),5,19.05,Cancelled,Credit Card
STA-O9435,STA-C9202,29-12-2024,Bakery,2,2.55,Delivered,Cash
STA-O14147,STA-C5450,09-03-2025,Coffee Beans (Retail),1,20.96,Delivered,Mobile App
STA-O6738,STA-C7420,30-04-2023,Coffee Beans (Retail),2,21.14,Returned,Mobile App
STA-O12331,STA-C1378,09-08-2025,Coffee Beans (Retail),5,17.42,Shipped,Credit Card
STA-O7108,STA-C6621,17-02-2023,Sandwiches,1,8.85,Delivered,Credit Card
STA-O14848,STA-C4958,22-12-2024,Coffee Beans (Retail),5,21.99,Cancelled,Starbucks Card
STA-O7613,STA-C9963,01-10-2025,Hot Coffee,5,6.73,Cancelled,Credit Card
STA-O11307,STA-C7266,12-12-2024,Sandwiches,4,8.38,Pending,Cash
STA-O14068,STA-C10472,27-01-2024,Tea,1,5.02,Shipped,Starbucks Card
STA-O9419,STA-C4136,24-05-2023,Cold Coffee,3,4.08,Delivered,Cash
STA-O11540,STA-C9999,05-04-2023,Hot Coffee,4,4.85,Delivered,Cash
STA-O6970,STA-C4304,06-08-2024,Sandwiches,4,7.42,Cancelled,Mobile App
STA-O13987,STA-C1825,20-08-2023,Cold Coffee,4,4.1,Returned,Cash
STA-O11141,STA-C9366,30-03-2025,Frappuccino,5,7.78,Cancelled,Starbucks Card
STA-O9899,STA-C9263,05-10-2024,Frappuccino,3,7.45,Delivered,Mobile App
STA-O9553,STA-C7369,25-04-2025,Coffee Beans (Retail),2,22.46,Cancelled,Credit Card
STA-O14733,STA-C6938,18-08-2023,Hot Coffee,3,4.68,Pending,Mobile App
STA-O10456,STA-C6832,03-02-2025,Tea,1,5.11,Pending,Cash
STA-O9288,STA-C2325,22-02-2025,Cold Coffee,4,7.09,Shipped,Cash
STA-O12947,STA-C10034,15-06-2024,Tea,1,5.3,Cancelled,Mobile App
STA-O13149,STA-C8795,04-05-2024,Hot Coffee,3,4.15,Shipped,Cash
STA-O13731,STA-C7545,01-09-2023,Cold Coffee,1,4.88,Pending,Mobile App
STA-O9040,STA-C8682,12-10-2024,Cold Coffee,1,7.81,Cancelled,Cash
STA-O12361,STA-C9687,13-03-2023,Cold Coffee,4,6.86,Cancelled,Cash
STA-O11879,STA-C9976,29-08-2023,Cold Coffee,5,4.86,Delivered,Mobile App
STA-O9116,STA-C6320,25-10-2023,Frappuccino,5,5.86,Delivered,Credit Card
STA-O8644,STA-C6187,07-03-2025,Frappuccino,4,6.01,Cancelled,Starbucks Card
STA-O11327,STA-C9439,07-07-2023,Hot Coffee,4,6.76,Unknown,Cash
STA-O13013,STA-C9259,20-11-2024,Tea,3,4.4,Shipped,Credit Card
STA-O8723,STA-C10542,30-03-2024,Tea,3,4.78,Delivered,Starbucks Card
STA-O9292,STA-C2034,27-02-2025,Cold Coffee,1,5,Shipped,Mobile App
STA-O7965,STA-C8878,17-02-2024,Tea,5,3.54,Returned,Credit Card
STA-O10017,STA-C6314,14-06-2025,Bakery,4,4.81,Delivered,Mobile App
STA-O11381,STA-C3540,03-06-2024,Merchandise,1,39.56,Delivered,Cash
STA-O8612,STA-C10353,02-12-2023,Tea,2,5.82,Delivered,Cash
STA-O13863,STA-C10277,26-09-2024,Tea,4,5.26,Returned,Credit Card
STA-O7996,STA-C4064,20-02-2024,Tea,4,5.16,Pending,Credit Card
STA-O7267,STA-C8527,04-12-2023,Merchandise,3,35.15,Returned,Mobile App
STA-O8652,STA-C8630,22-01-2023,Frappuccino,2,8.77,Pending,Cash
STA-O7650,STA-C9999,23-05-2023,Coffee Beans (Retail),5,15.17,Cancelled,Mobile App
STA-O9719,STA-C1243,06-07-2024,Sandwiches,5,5.26,Delivered,Credit Card
STA-O8207,STA-C1956,13-12-2024,Hot Coffee,3,4.81,Delivered,Credit Card
STA-O6442,STA-C9999,23-11-2023,Coffee Beans (Retail),1,21.62,Shipped,Credit Card
STA-O13913,STA-C3860,25-12-2023,Hot Coffee,3,5.97,Pending,Credit Card
STA-O13536,STA-C6939,12-01-2023,Hot Coffee,2,6.28,Shipped,Credit Card
STA-O6747,STA-C3599,12-09-2023,Frappuccino,2,6.31,Cancelled,Credit Card
STA-O9200,STA-C9080,01-05-2023,Coffee Beans (Retail),3,15.51,Returned,Starbucks Card
STA-O7864,STA-C1165,23-08-2025,Cold Coffee,5,5.68,Delivered,Cash
STA-O12154,STA-C4861,28-12-2024,Hot Coffee,1,6.17,Unknown,Credit Card
STA-O11619,STA-C7668,14-08-2025,Sandwiches,4,5.21,Returned,Starbucks Card
STA-O9123,STA-C9212,28-03-2024,Bakery,1,5.18,Cancelled,Starbucks Card
STA-O9268,STA-C9040,08-04-2024,Frappuccino,2,5.99,Delivered,Cash
STA-O8556,STA-C6577,02-08-2024,Frappuccino,1,8.59,Delivered,Credit Card
STA-O10529,STA-C2632,04-10-2024,Merchandise,5,21.51,Delivered,Starbucks Card
STA-O5268,STA-C3000,12-12-2024,Bakery,1,4.68,Delivered,Starbucks Card
STA-O5593,STA-C7596,10-06-2024,Tea,4,5.72,Delivered,Credit Card
STA-O5308,STA-C3789,14-11-2023,Cold Coffee,4,7.15,Delivered,Mobile App
STA-O7565,STA-C10989,16-02-2023,Bakery,2,5.45,Pending,Mobile App
STA-O10945,STA-C2136,10-03-2024,Hot Coffee,5,4.33,Cancelled,Mobile App
STA-O6595,STA-C3335,13-09-2024,Coffee Beans (Retail),1,22.76,Pending,Starbucks Card
STA-O5404,STA-C4567,24-01-2025,Sandwiches,4,5.68,Delivered,Credit Card
STA-O12121,STA-C9890,03-12-2023,Merchandise,1,24.01,Cancelled,Mobile App
STA-O9264,STA-C7543,18-05-2024,Frappuccino,1,7.58,Delivered,Mobile App
STA-O6985,STA-C6681,07-02-2025,Hot Coffee,3,4.9,Shipped,Starbucks Card
STA-O5951,STA-C10443,14-08-2023,Merchandise,1,18.82,Delivered,Starbucks Card
STA-O6282,STA-C9442,24-10-2023,Merchandise,2,26.27,Returned,Starbucks Card
STA-O11883,STA-C8268,29-07-2025,Bakery,4,4.64,Delivered,Cash
STA-O14559,STA-C2253,19-10-2025,Cold Coffee,5,7.78,Delivered,Credit Card
STA-O7304,STA-C9789,01-03-2025,Coffee Beans (Retail),4,23.48,Pending,Credit Card
STA-O6365,STA-C9294,14-05-2025,Sandwiches,4,5.37,Delivered,Credit Card
STA-O14269,STA-C8825,26-06-2023,Tea,5,4.77,Cancelled,Starbucks Card
STA-O14980,STA-C9297,08-08-2025,Frappuccino,5,8.35,Pending,Credit Card
STA-O8384,STA-C5958,05-08-2023,Hot Coffee,2,5.21,Delivered,Cash
STA-O14762,STA-C3213,21-07-2025,Merchandise,1,25.42,Pending,Starbucks Card
STA-O13280,STA-C10903,19-11-2024,Hot Coffee,1,6.47,Delivered,Mobile App
STA-O14198,STA-C8809,22-03-2023,Bakery,2,3.41,Cancelled,Starbucks Card
STA-O9461,STA-C1708,18-04-2024,Coffee Beans (Retail),5,10.5,Cancelled,Starbucks Card
STA-O12773,STA-C8617,13-01-2023,Cold Coffee,5,5,Delivered,Starbucks Card
STA-O11374,STA-C6339,12-09-2025,Hot Coffee,5,6.35,Delivered,Credit Card
STA-O14444,STA-C3183,14-07-2023,Sandwiches,5,5.27,Delivered,Cash
STA-O9572,STA-C5697,17-03-2025,Cold Coffee,1,7.84,Delivered,Starbucks Card
STA-O6416,STA-C9999,21-08-2024,Hot Coffee,1,5.33,Cancelled,Credit Card
STA-O8069,STA-C9077,13-03-2023,Sandwiches,1,5.95,Shipped,Mobile App
STA-O9125,STA-C10112,24-12-2024,Cold Coffee,3,5.81,Cancelled,Cash
STA-O11150,STA-C7105,28-04-2023,Coffee Beans (Retail),5,17.84,Cancelled,Starbucks Card
STA-O11914,STA-C9144,28-11-2023,Coffee Beans (Retail),1,23.54,Delivered,Mobile App
STA-O6263,STA-C9999,13-03-2025,Sandwiches,3,7.95,Cancelled,Credit Card
STA-O5370,STA-C3807,30-06-2023,Merchandise,3,22.28,Cancelled,Credit Card
STA-O12661,STA-C6643,18-04-2025,Sandwiches,2,6.87,Delivered,Credit Card
STA-O12864,STA-C10666,25-04-2025,Cold Coffee,1,5.66,Delivered,Credit Card
STA-O12796,STA-C1797,13-09-2023,Hot Coffee,1,4.15,Shipped,Credit Card
STA-O14999,STA-C8055,15-03-2025,Bakery,1,5.87,Delivered,Credit Card
STA-O5601,STA-C1632,01-03-2024,Hot Coffee,2,3.36,Delivered,Starbucks Card
STA-O8375,STA-C1524,16-08-2025,Cold Coffee,3,5.41,Delivered,Starbucks Card
STA-O11674,STA-C2536,06-07-2024,Sandwiches,1,7.7,Cancelled,Credit Card
STA-O10135,STA-C6772,13-06-2024,Hot Coffee,1,4.93,Unknown,Credit Card
STA-O6901,STA-C8362,27-09-2025,Bakery,3,4.84,Pending,Starbucks Card
STA-O8174,STA-C4595,23-02-2023,Bakery,4,5.49,Delivered,Mobile App
STA-O8081,STA-C6861,10-05-2024,Sandwiches,5,7.91,Shipped,Cash
STA-O13534,STA-C3026,28-04-2024,Merchandise,3,27.66,Returned,Mobile App
STA-O11479,STA-C1970,25-05-2024,Coffee Beans (Retail),3,16.39,Cancelled,Credit Card
STA-O11688,STA-C9999,02-07-2024,Bakery,1,3,Shipped,Starbucks Card
STA-O6640,STA-C6610,22-01-2024,Frappuccino,1,7.14,Cancelled,Starbucks Card
STA-O7070,STA-C9546,15-10-2025,Sandwiches,3,7.22,Returned,Cash
STA-O7088,STA-C2925,20-03-2023,Merchandise,4,25.17,Delivered,Cash
STA-O13486,STA-C8912,28-01-2025,Cold Coffee,2,7.45,Delivered,Starbucks Card
STA-O10622,STA-C6831,28-11-2024,Merchandise,3,12.51,Delivered,Mobile App
STA-O5827,STA-C8541,22-04-2025,Bakery,2,5.17,Shipped,Mobile App
STA-O6027,STA-C4828,05-03-2025,Frappuccino,4,8.83,Delivered,Starbucks Card
STA-O11988,STA-C2219,08-03-2023,Frappuccino,1,5.64,Pending,Credit Card
STA-O6298,STA-C2871,27-09-2024,Frappuccino,4,6.22,Pending,Starbucks Card
STA-O9805,STA-C9969,19-11-2025,Bakery,2,5.84,Shipped,Starbucks Card
STA-O7504,STA-C2636,27-08-2025,Cold Coffee,4,6.17,Unknown,Starbucks Card
STA-O11800,STA-C10539,29-12-2024,Sandwiches,3,8.41,Delivered,Mobile App
STA-O7387,STA-C4023,28-05-2025,Bakery,1,4.87,Pending,Starbucks Card
STA-O7034,STA-C10602,12-04-2023,Frappuccino,2,7.37,Delivered,Mobile App
STA-O5446,STA-C3181,04-11-2024,Bakery,1,2.51,Delivered,Credit Card
STA-O13261,STA-C8376,03-09-2024,Hot Coffee,5,5.05,Delivered,Credit Card
STA-O5737,STA-C5091,25-11-2025,Merchandise,4,22.07,Returned,Credit Card
STA-O5842,STA-C5812,11-07-2023,Bakery,3,3.71,Cancelled,Starbucks Card
STA-O10720,STA-C10460,28-07-2025,Hot Coffee,1,5.64,Shipped,Cash
STA-O5781,STA-C7038,01-06-2024,Merchandise,2,11.84,Delivered,Mobile App
STA-O5342,STA-C2852,16-03-2024,Hot Coffee,4,5.67,Cancelled,Mobile App
STA-O12760,STA-C1160,04-11-2024,Tea,4,3.34,Pending,Cash
STA-O12516,STA-C9954,30-09-2023,Cold Coffee,1,6.97,Pending,Mobile App
STA-O10531,STA-C10538,05-10-2023,Sandwiches,5,5.8,Cancelled,Cash
STA-O14509,STA-C2141,20-03-2023,Hot Coffee,1,6.67,Delivered,Starbucks Card
STA-O14369,STA-C7293,21-06-2025,Hot Coffee,3,4.12,Shipped,Mobile App
STA-O8160,STA-C1953,16-05-2024,Merchandise,2,32.23,Delivered,Cash
STA-O7155,STA-C8464,07-06-2023,Bakery,3,5.47,Delivered,Cash
STA-O6792,STA-C6068,11-12-2024,Bakery,1,2.38,Delivered,Mobile App
STA-O12753,STA-C2217,23-05-2024,Merchandise,2,32.91,Delivered,Mobile App
STA-O11013,STA-C9166,13-05-2023,Sandwiches,4,8.17,Pending,Mobile App
STA-O9201,STA-C3010,17-11-2023,Bakery,2,3.54,Delivered,Cash
STA-O9961,STA-C4600,27-05-2024,Sandwiches,1,6.31,Returned,Cash
STA-O11611,STA-C2612,18-09-2024,Frappuccino,1,6.88,Delivered,Cash
STA-O5258,STA-C5567,29-09-2024,Sandwiches,2,7.39,Pending,Starbucks Card
STA-O8448,STA-C4152,28-08-2023,Cold Coffee,3,7.91,Pending,Credit Card
STA-O8431,STA-C3034,13-05-2023,Merchandise,4,33.18,Delivered,Mobile App
STA-O13356,STA-C2616,28-02-2024,Frappuccino,5,6.87,Shipped,Credit Card
STA-O11454,STA-C5130,15-01-2024,Merchandise,1,12.93,Pending,Starbucks Card
STA-O10411,STA-C8087,12-09-2023,Sandwiches,5,5.43,Delivered,Mobile App
STA-O11633,STA-C1554,02-11-2024,Bakery,4,5.42,Delivered,Credit Card
STA-O7194,STA-C10458,10-05-2025,Sandwiches,5,5.4,Shipped,Cash
STA-O9505,STA-C1035,09-08-2024,Tea,2,5.44,Delivered,Mobile App
STA-O11228,STA-C6081,31-12-2025,Cold Coffee,1,6.4,Returned,Cash
STA-O10567,STA-C3040,28-05-2024,Tea,1,5.88,Pending,Starbucks Card
STA-O6586,STA-C6424,12-06-2025,Tea,3,5.13,Delivered,Mobile App
STA-O11069,STA-C7610,30-03-2024,Cold Coffee,5,6.51,Shipped,Starbucks Card
STA-O6433,STA-C4661,05-01-2025,Coffee Beans (Retail),2,22.75,Shipped,Credit Card
STA-O6317,STA-C9549,16-10-2024,Cold Coffee,2,5.57,Unknown,Credit Card
STA-O5786,STA-C5521,21-07-2024,Bakery,1,3,Returned,Mobile App
STA-O7133,STA-C8122,08-06-2024,Hot Coffee,3,5.18,Delivered,Starbucks Card
STA-O13911,STA-C10770,16-03-2025,Cold Coffee,2,6.64,Delivered,Mobile App
STA-O13772,STA-C8599,06-04-2025,Coffee Beans (Retail),5,19.42,Shipped,Credit Card
STA-O7271,STA-C2704,19-04-2024,Tea,1,5.42,Returned,Mobile App
STA-O7276,STA-C1615,12-11-2024,Tea,2,3.94,Cancelled,Credit Card
STA-O9501,STA-C9205,07-07-2025,Bakery,3,2.73,Delivered,Cash
STA-O8366,STA-C8138,18-09-2023,Frappuccino,1,5.27,Unknown,Starbucks Card
STA-O7406,STA-C7970,08-03-2025,Bakery,1,2.3,Shipped,Credit Card
STA-O10312,STA-C4132,24-07-2025,Hot Coffee,3,5.82,Unknown,Starbucks Card
STA-O7611,STA-C10740,17-05-2023,Bakery,2,2.71,Shipped,Starbucks Card
STA-O9477,STA-C9560,12-10-2023,Bakery,4,5.65,Cancelled,Credit Card
STA-O10715,STA-C2259,14-11-2024,Bakery,4,2.45,Unknown,Starbucks Card
STA-O14176,STA-C1371,27-11-2023,Merchandise,2,20.01,Cancelled,Cash
STA-O6472,STA-C6809,20-06-2023,Hot Coffee,2,6.99,Delivered,Cash
STA-O11411,STA-C2782,19-09-2024,Merchandise,1,30.05,Delivered,Mobile App
STA-O9271,STA-C5562,18-04-2024,Coffee Beans (Retail),2,17.94,Pending,Cash
STA-O11679,STA-C1726,03-11-2023,Frappuccino,2,7.64,Pending,Cash
STA-O7420,STA-C9843,17-01-2023,Bakery,2,4.79,Delivered,Cash
STA-O11041,STA-C3808,15-08-2024,Sandwiches,1,7.44,Returned,Cash
STA-O9327,STA-C5688,23-03-2025,Hot Coffee,1,5.52,Delivered,Credit Card
STA-O14905,STA-C7238,08-03-2025,Frappuccino,2,5.83,Delivered,Starbucks Card
STA-O7301,STA-C3976,04-03-2025,Merchandise,3,25.66,Shipped,Cash
STA-O7429,STA-C4779,17-01-2023,Tea,1,3.23,Shipped,Mobile App
STA-O5782,STA-C6250,27-05-2023,Merchandise,1,13.69,Shipped,Starbucks Card
STA-O14785,STA-C5178,28-01-2023,Coffee Beans (Retail),3,23.79,Delivered,Mobile App
STA-O7052,STA-C6195,04-10-2025,Frappuccino,1,5.28,Cancelled,Credit Card
STA-O11236,STA-C7098,14-10-2024,Coffee Beans (Retail),3,16.91,Delivered,Cash
STA-O14155,STA-C2274,12-10-2023,Merchandise,4,31.09,Returned,Credit Card
STA-O7472,STA-C4026,26-08-2024,Tea,5,3.02,Shipped,Starbucks Card
STA-O6002,STA-C6306,06-10-2025,Bakery,4,2.38,Returned,Mobile App
STA-O6638,STA-C4303,17-02-2025,Frappuccino,1,8.88,Delivered,Credit Card
STA-O8335,STA-C2423,06-08-2023,Frappuccino,1,6,Pending,Cash
STA-O5940,STA-C4662,24-04-2023,Coffee Beans (Retail),3,24.44,Delivered,Starbucks Card
STA-O10985,STA-C7122,27-03-2023,Bakery,4,5.54,Delivered,Credit Card
STA-O9579,STA-C1681,19-03-2023,Cold Coffee,2,4.54,Cancelled,Credit Card
STA-O13691,STA-C2467,24-04-2024,Merchandise,5,18.3,Delivered,Mobile App
STA-O5654,STA-C1318,21-01-2025,Frappuccino,1,7.65,Shipped,Credit Card
STA-O13960,STA-C7853,08-02-2025,Frappuccino,5,7.36,Returned,Credit Card
STA-O8041,STA-C5908,12-05-2024,Cold Coffee,1,6.51,Delivered,Starbucks Card
STA-O11507,STA-C7832,29-11-2025,Merchandise,1,29.45,Pending,Credit Card
STA-O9869,STA-C6829,15-02-2025,Merchandise,3,32.82,Pending,Credit Card
STA-O12324,STA-C6655,18-07-2025,Tea,4,3.24,Cancelled,Cash
STA-O10928,STA-C7047,03-05-2024,Merchandise,5,23.81,Shipped,Starbucks Card
STA-O13525,STA-C7029,20-01-2025,Cold Coffee,5,6.76,Pending,Mobile App
STA-O14632,STA-C2264,23-07-2023,Bakery,3,2.78,Delivered,Credit Card
STA-O13882,STA-C5533,17-01-2023,Coffee Beans (Retail),3,11.13,Pending,Starbucks Card
STA-O7332,STA-C3751,15-11-2025,Cold Coffee,3,7.08,Shipped,Mobile App
STA-O14592,STA-C8089,12-03-2025,Cold Coffee,3,4.65,Cancelled,Credit Card
STA-O11458,STA-C8091,09-05-2025,Merchandise,5,17.82,Pending,Cash
STA-O8175,STA-C4751,02-07-2025,Hot Coffee,2,3.07,Delivered,Cash
STA-O6238,STA-C2206,30-12-2023,Hot Coffee,1,4.29,Delivered,Credit Card
STA-O8554,STA-C8025,12-09-2025,Coffee Beans (Retail),5,19.73,Pending,Mobile App
STA-O7458,STA-C10459,01-08-2023,Frappuccino,4,8.83,Delivered,Credit Card
STA-O9223,STA-C5350,05-09-2024,Cold Coffee,4,5.46,Shipped,Credit Card
STA-O10854,STA-C7715,26-05-2025,Hot Coffee,1,5.02,Cancelled,Mobile App
STA-O11046,STA-C9999,03-12-2023,Merchandise,1,30.31,Pending,Mobile App
STA-O9794,STA-C4254,17-08-2024,Frappuccino,5,8.51,Cancelled,Starbucks Card
STA-O8321,STA-C7273,07-05-2024,Cold Coffee,5,4.11,Delivered,Cash
STA-O8607,STA-C1715,11-12-2024,Tea,5,4.59,Shipped,Cash
STA-O9300,STA-C2538,20-10-2025,Cold Coffee,3,7.01,Returned,Mobile App
STA-O11296,STA-C8236,26-04-2024,Tea,3,3.35,Delivered,Cash
STA-O8040,STA-C2277,28-10-2024,Frappuccino,2,8.03,Delivered,Starbucks Card
STA-O11140,STA-C4817,03-12-2024,Hot Coffee,3,3.83,Pending,Starbucks Card
STA-O6223,STA-C6067,13-05-2023,Frappuccino,4,8.21,Shipped,Cash
STA-O10492,STA-C1626,09-07-2023,Frappuccino,3,5.09,Delivered,Cash
STA-O14382,STA-C10606,10-02-2025,Frappuccino,3,6.29,Delivered,Starbucks Card
STA-O6252,STA-C3258,01-11-2024,Tea,1,3.49,Shipped,Mobile App
STA-O13706,STA-C5679,27-11-2024,Bakery,4,2.33,Shipped,Mobile App
STA-O12438,STA-C7432,25-12-2025,Hot Coffee,4,3.18,Shipped,Starbucks Card
STA-O5272,STA-C1499,19-11-2025,Sandwiches,3,5.64,Cancelled,Mobile App
STA-O14445,STA-C8090,24-03-2023,Hot Coffee,2,6.61,Delivered,Credit Card
STA-O10690,STA-C8822,01-07-2023,Merchandise,3,10.37,Delivered,Starbucks Card
STA-O7428,STA-C2768,18-08-2025,Sandwiches,2,7.24,Pending,Starbucks Card
STA-O12173,STA-C9795,09-03-2025,Frappuccino,4,5.14,Shipped,Starbucks Card
STA-O10343,STA-C7156,12-01-2023,Frappuccino,3,8.79,Delivered,Credit Card
STA-O10785,STA-C6305,04-07-2023,Hot Coffee,5,6.13,Delivered,Cash
STA-O12811,STA-C10989,21-06-2023,Merchandise,5,31.61,Delivered,Credit Card
STA-O11538,STA-C10294,21-05-2023,Hot Coffee,4,3.69,Delivered,Cash
STA-O14761,STA-C9738,25-05-2025,Frappuccino,2,8.23,Shipped,Credit Card
STA-O12603,STA-C8598,29-11-2023,Cold Coffee,5,4.99,Cancelled,Mobile App
STA-O12711,STA-C5543,02-09-2025,Merchandise,2,30.81,Cancelled,Cash
STA-O5770,STA-C9999,14-04-2024,Coffee Beans (Retail),2,23.33,Shipped,Cash
STA-O7867,STA-C4621,10-07-2023,Tea,3,3.45,Delivered,Mobile App
STA-O9830,STA-C10631,18-01-2023,Cold Coffee,1,4.57,Pending,Cash
STA-O8139,STA-C2791,02-03-2023,Hot Coffee,4,5.83,Delivered,Credit Card
STA-O11410,STA-C7410,02-05-2023,Merchandise,1,23.54,Unknown,Cash
STA-O10613,STA-C1085,21-05-2025,Tea,4,4.07,Delivered,Mobile App
STA-O10103,STA-C1292,20-08-2024,Tea,2,4.62,Shipped,Mobile App
STA-O10232,STA-C9999,14-09-2023,Bakery,2,5.96,Cancelled,Credit Card
STA-O11569,STA-C7868,01-04-2025,Tea,4,3.22,Cancelled,Cash
STA-O6884,STA-C9359,31-01-2025,Hot Coffee,3,6.47,Delivered,Mobile App
STA-O13429,STA-C6202,18-10-2024,Tea,3,3.71,Pending,Mobile App
STA-O7952,STA-C6330,27-09-2024,Cold Coffee,3,5.53,Pending,Cash
STA-O5775,STA-C1719,24-10-2024,Frappuccino,3,8,Delivered,Cash
STA-O9601,STA-C10665,04-02-2025,Coffee Beans (Retail),1,17.84,Delivered,Mobile App
STA-O7803,STA-C6014,03-07-2024,Sandwiches,4,5.61,Returned,Credit Card
STA-O14449,STA-C3867,25-08-2024,Merchandise,2,26.36,Delivered,Mobile App
STA-O5523,STA-C8237,05-08-2023,Hot Coffee,5,5.34,Returned,Cash
STA-O10962,STA-C9926,13-12-2023,Sandwiches,1,6.12,Shipped,Starbucks Card
STA-O5995,STA-C10012,27-05-2025,Cold Coffee,2,6.43,Delivered,Credit Card
STA-O10472,STA-C9219,26-09-2023,Merchandise,4,30.45,Delivered,Cash
STA-O14244,STA-C7390,17-08-2024,Hot Coffee,2,4.68,Shipped,Cash
STA-O5499,STA-C8050,19-09-2024,Bakery,3,5.18,Pending,Cash
STA-O13311,STA-C2449,07-11-2025,Coffee Beans (Retail),4,21.56,Cancelled,Starbucks Card
STA-O7004,STA-C1630,22-05-2023,Sandwiches,1,7.58,Delivered,Mobile App
STA-O14480,STA-C5750,17-05-2025,Bakery,2,5.32,Delivered,Credit Card
STA-O11768,STA-C1347,21-08-2023,Frappuccino,2,7.44,Returned,Credit Card
STA-O11065,STA-C5081,31-08-2025,Coffee Beans (Retail),3,13.98,Delivered,Mobile App
STA-O9069,STA-C9970,08-04-2023,Coffee Beans (Retail),5,22.79,Cancelled,Starbucks Card
STA-O9552,STA-C7435,07-11-2024,Bakery,3,4.07,Shipped,Starbucks Card
STA-O6652,STA-C5823,24-10-2023,Sandwiches,2,5.81,Delivered,Cash
STA-O14647,STA-C8887,29-10-2024,Cold Coffee,4,7.34,Shipped,Starbucks Card
STA-O6373,STA-C9446,07-03-2025,Merchandise,3,15.58,Pending,Mobile App
STA-O8417,STA-C8409,17-03-2024,Hot Coffee,2,3.85,Cancelled,Starbucks Card
STA-O10831,STA-C6172,30-03-2025,Coffee Beans (Retail),3,14.67,Shipped,Credit Card
STA-O7905,STA-C8370,07-07-2025,Merchandise,4,19.84,Delivered,Mobile App
STA-O6291,STA-C5391,06-02-2023,Merchandise,5,13.43,Delivered,Starbucks Card
STA-O6931,STA-C9161,20-05-2024,Sandwiches,2,7.94,Delivered,Cash
STA-O14447,STA-C9880,12-04-2023,Sandwiches,3,7.6,Cancelled,Cash
STA-O7141,STA-C2151,28-11-2024,Bakery,1,4.76,Cancelled,Starbucks Card
STA-O11472,STA-C7989,05-11-2023,Merchandise,4,16.91,Shipped,Mobile App
STA-O13120,STA-C10853,07-06-2025,Cold Coffee,5,6.76,Delivered,Mobile App
STA-O9902,STA-C4116,24-03-2024,Sandwiches,1,8.04,Delivered,Cash
STA-O10899,STA-C6418,27-06-2025,Coffee Beans (Retail),5,19.41,Delivered,Credit Card
STA-O5733,STA-C3159,22-07-2024,Hot Coffee,5,5.07,Cancelled,Mobile App
STA-O5351,STA-C5045,27-04-2023,Sandwiches,4,7.53,Cancelled,Credit Card
STA-O7735,STA-C3939,02-05-2024,Frappuccino,4,6.74,Cancelled,Cash
STA-O10360,STA-C7204,06-08-2025,Sandwiches,3,5.4,Delivered,Mobile App
STA-O13509,STA-C1926,02-10-2025,Coffee Beans (Retail),5,10.81,Returned,Mobile App
STA-O10946,STA-C1508,23-12-2023,Coffee Beans (Retail),4,18.85,Delivered,Credit Card
STA-O11383,STA-C9653,14-09-2025,Merchandise,4,26.48,Returned,Credit Card
STA-O13545,STA-C2161,17-05-2025,Frappuccino,1,8.4,Cancelled,Credit Card
STA-O14701,STA-C9237,05-10-2024,Merchandise,3,29.73,Delivered,Credit Card
STA-O14133,STA-C7066,28-10-2023,Merchandise,2,36.86,Pending,Credit Card
STA-O5889,STA-C4032,01-12-2023,Merchandise,2,25.19,Cancelled,Mobile App
STA-O10364,STA-C10749,20-04-2024,Sandwiches,3,5.31,Delivered,Starbucks Card
STA-O14410,STA-C7989,28-06-2023,Bakery,4,2.44,Pending,Cash
STA-O8583,STA-C2288,15-07-2023,Merchandise,2,29.56,Delivered,Mobile App
STA-O13452,STA-C4754,14-07-2024,Bakery,2,2.43,Delivered,Credit Card
STA-O13675,STA-C6603,21-01-2025,Hot Coffee,1,6.21,Shipped,Starbucks Card
STA-O9529,STA-C5018,23-02-2023,Sandwiches,4,6.89,Cancelled,Mobile App
STA-O5263,STA-C2901,12-08-2024,Hot Coffee,3,4.06,Cancelled,Credit Card
STA-O13954,STA-C8087,01-06-2025,Bakery,4,2.62,Pending,Mobile App
STA-O14914,STA-C6037,15-02-2024,Merchandise,2,16.61,Delivered,Starbucks Card
STA-O12188,STA-C8496,24-07-2025,Tea,2,5.33,Shipped,Starbucks Card
STA-O5592,STA-C10441,27-11-2024,Tea,2,3.94,Unknown,Starbucks Card
STA-O14898,STA-C3989,17-04-2023,Merchandise,1,34.67,Shipped,Credit Card
STA-O13321,STA-C9888,17-03-2025,Frappuccino,2,5.31,Delivered,Credit Card
STA-O6076,STA-C4101,26-06-2024,Bakery,4,2.88,Cancelled,Cash
STA-O6264,STA-C3345,06-08-2025,Tea,3,5.94,Delivered,Credit Card
STA-O9661,STA-C6879,04-03-2025,Hot Coffee,5,3.23,Returned,Credit Card
STA-O11448,STA-C7293,07-02-2024,Hot Coffee,3,5.06,Pending,Starbucks Card
STA-O7714,STA-C4939,18-09-2025,Coffee Beans (Retail),2,24.57,Pending,Cash
STA-O10330,STA-C10231,22-11-2025,Cold Coffee,4,6.88,Pending,Credit Card
STA-O13727,STA-C10813,20-06-2025,Cold Coffee,1,7.33,Returned,Mobile App
STA-O10132,STA-C4678,25-01-2023,Sandwiches,5,8.03,Returned,Starbucks Card
STA-O10415,STA-C2592,12-01-2025,Merchandise,5,35.2,Delivered,Starbucks Card
STA-O13328,STA-C9999,16-12-2023,Hot Coffee,3,4.62,Pending,Credit Card
STA-O13650,STA-C1866,17-10-2025,Merchandise,5,13.75,Returned,Credit Card
STA-O5362,STA-C3165,21-10-2025,Sandwiches,5,6.11,Delivered,Cash
STA-O6166,STA-C2046,10-06-2023,Hot Coffee,1,6.19,Delivered,Starbucks Card
STA-O6345,STA-C5429,29-11-2024,Sandwiches,5,7.68,Returned,Mobile App
STA-O14567,STA-C1170,01-05-2023,Cold Coffee,5,4.76,Delivered,Credit Card
STA-O9593,STA-C9443,18-02-2023,Merchandise,2,15.51,Shipped,Mobile App
STA-O8549,STA-C9868,24-11-2023,Sandwiches,1,8.05,Pending,Cash
STA-O10586,STA-C1827,31-07-2025,Frappuccino,4,8.28,Shipped,Mobile App
STA-O10544,STA-C7091,12-07-2023,Hot Coffee,4,3.67,Delivered,Cash
STA-O13829,STA-C4892,21-07-2025,Coffee Beans (Retail),3,19.22,Cancelled,Cash
STA-O10508,STA-C4927,11-08-2025,Bakery,1,2.31,Shipped,Cash
STA-O7032,STA-C10205,22-01-2024,Merchandise,1,10.46,Shipped,Mobile App
STA-O13923,STA-C9358,08-03-2025,Hot Coffee,2,6.67,Delivered,Credit Card
STA-O9150,STA-C8275,06-06-2025,Frappuccino,2,8.19,Returned,Mobile App
STA-O8373,STA-C10342,29-07-2025,Bakery,3,5.12,Returned,Credit Card
STA-O13607,STA-C3160,27-06-2025,Bakery,3,2.93,Delivered,Mobile App
STA-O10156,STA-C8824,13-06-2025,Merchandise,4,25.61,Delivered,Cash
STA-O8690,STA-C7452,13-11-2023,Merchandise,3,26.49,Returned,Cash
STA-O7134,STA-C3126,25-01-2024,Tea,3,5.68,Pending,Cash
STA-O7253,STA-C9221,31-05-2024,Bakery,5,5.54,Delivered,Starbucks Card
STA-O7306,STA-C5441,13-05-2024,Merchandise,4,31.14,Pending,Mobile App
STA-O12680,STA-C10809,20-09-2023,Merchandise,1,30.43,Shipped,Mobile App
STA-O11889,STA-C7578,19-06-2023,Sandwiches,2,5.89,Delivered,Mobile App
STA-O7641,STA-C1246,12-11-2024,Coffee Beans (Retail),5,16.23,Delivered,Cash
STA-O8289,STA-C2567,23-02-2025,Tea,3,3.93,Delivered,Mobile App
STA-O10521,STA-C10743,25-07-2024,Coffee Beans (Retail),1,17.28,Delivered,Mobile App
STA-O11238,STA-C9591,16-04-2024,Bakery,4,3.35,Cancelled,Starbucks Card
STA-O12880,STA-C3244,27-10-2024,Tea,5,4.77,Shipped,Cash
STA-O7427,STA-C6271,30-12-2024,Merchandise,3,34.67,Shipped,Cash
STA-O13865,STA-C7701,02-09-2025,Sandwiches,2,7.97,Cancelled,Credit Card
STA-O9429,STA-C3440,09-07-2024,Hot Coffee,5,3.08,Cancelled,Cash
STA-O8156,STA-C9286,02-03-2023,Cold Coffee,3,5.27,Pending,Credit Card
STA-O10520,STA-C1927,29-12-2025,Hot Coffee,1,6,Shipped,Starbucks Card
STA-O11584,STA-C10953,01-06-2023,Cold Coffee,5,5.41,Returned,Mobile App
STA-O9117,STA-C6174,27-09-2024,Cold Coffee,2,7.08,Shipped,Mobile App
STA-O6560,STA-C4826,01-11-2024,Bakery,4,4.73,Cancelled,Mobile App
STA-O6705,STA-C2826,24-10-2025,Cold Coffee,1,7.88,Cancelled,Credit Card
STA-O14659,STA-C6502,20-07-2023,Sandwiches,2,5.35,Delivered,Starbucks Card
STA-O6426,STA-C2945,21-12-2024,Cold Coffee,4,5.39,Delivered,Starbucks Card
STA-O11528,STA-C5350,07-06-2025,Bakery,4,2.58,Pending,Cash
STA-O7270,STA-C10077,21-11-2025,Bakery,4,2.38,Delivered,Credit Card
STA-O8107,STA-C9573,10-04-2025,Bakery,1,5.19,Cancelled,Starbucks Card
STA-O10184,STA-C1135,09-09-2025,Frappuccino,5,7.65,Delivered,Mobile App
STA-O8594,STA-C5169,18-06-2023,Merchandise,4,39.6,Delivered,Credit Card
STA-O5357,STA-C8552,16-06-2024,Frappuccino,4,7.57,Delivered,Starbucks Card
STA-O7448,STA-C9848,01-01-2024,Sandwiches,3,6.4,Delivered,Credit Card
STA-O8772,STA-C4433,27-10-2023,Cold Coffee,4,6.88,Cancelled,Mobile App
STA-O8234,STA-C1888,06-08-2023,Bakery,3,4.62,Shipped,Mobile App
STA-O10357,STA-C1836,21-03-2024,Sandwiches,5,8.41,Pending,Cash
STA-O5300,STA-C10751,14-12-2025,Cold Coffee,2,4.17,Returned,Cash
STA-O6476,STA-C5583,01-03-2023,Frappuccino,5,5.4,Delivered,Mobile App
STA-O10682,STA-C9387,30-07-2023,Merchandise,3,31.45,Delivered,Credit Card
STA-O6772,STA-C6102,28-12-2023,Merchandise,4,12.91,Cancelled,Mobile App
STA-O13174,STA-C2361,13-12-2024,Cold Coffee,3,7.84,Pending,Cash
STA-O7339,STA-C7002,25-11-2023,Hot Coffee,1,3.78,Delivered,Cash
STA-O6761,STA-C2118,22-05-2023,Sandwiches,4,7.2,Delivered,Cash
STA-O6392,STA-C9847,25-11-2024,Bakery,3,5.38,Pending,Starbucks Card
STA-O8461,STA-C2289,03-06-2023,Sandwiches,1,8.59,Delivered,Mobile App
STA-O5033,STA-C10965,30-01-2025,Coffee Beans (Retail),2,12.77,Cancelled,Starbucks Card
STA-O14007,STA-C2001,17-05-2023,Bakery,2,2.98,Pending,Cash
STA-O14463,STA-C6502,09-09-2025,Coffee Beans (Retail),2,12.65,Delivered,Cash
STA-O12718,STA-C10609,21-03-2024,Coffee Beans (Retail),3,20.27,Delivered,Starbucks Card
STA-O10480,STA-C4353,02-01-2025,Merchandise,3,11.7,Pending,Mobile App
STA-O8925,STA-C5963,04-01-2023,Frappuccino,1,7.4,Delivered,Mobile App
STA-O8405,STA-C2116,29-11-2024,Merchandise,3,12.28,Shipped,Cash
STA-O9756,STA-C1255,16-01-2025,Cold Coffee,5,5.35,Delivered,Credit Card
STA-O7171,STA-C6350,12-01-2023,Sandwiches,4,5.87,Delivered,Credit Card
STA-O8050,STA-C10690,07-08-2024,Merchandise,3,26.45,Delivered,Mobile App
STA-O5486,STA-C2614,06-03-2024,Frappuccino,2,8.84,Delivered,Mobile App
STA-O14966,STA-C9999,31-08-2023,Bakery,2,3.32,Delivered,Starbucks Card
STA-O6648,STA-C3773,22-08-2025,Coffee Beans (Retail),3,22.05,Delivered,Mobile App
STA-O8298,STA-C9524,13-06-2023,Frappuccino,4,5.3,Delivered,Cash
STA-O10292,STA-C1384,13-08-2024,Tea,5,4.48,Shipped,Starbucks Card
STA-O7117,STA-C7321,09-07-2025,Frappuccino,2,5.89,Delivered,Starbucks Card
STA-O10305,STA-C3759,19-07-2023,Cold Coffee,5,6.65,Returned,Cash
STA-O12505,STA-C4391,08-06-2025,Cold Coffee,1,7.33,Returned,Starbucks Card
STA-O14033,STA-C3875,21-02-2023,Merchandise,4,31.17,Delivered,Credit Card
STA-O7135,STA-C4605,14-11-2024,Merchandise,5,34.64,Delivered,Mobile App
STA-O13815,STA-C8962,23-01-2023,Cold Coffee,5,5.72,Delivered,Mobile App
STA-O5001,STA-C5956,24-05-2025,Cold Coffee,1,4.65,Pending,Mobile App
STA-O11369,STA-C3170,16-06-2023,Coffee Beans (Retail),5,13,Returned,Starbucks Card
STA-O8536,STA-C5352,20-10-2025,Merchandise,1,35.89,Pending,Mobile App
STA-O5129,STA-C9723,30-10-2024,Sandwiches,2,6.38,Unknown,Mobile App
STA-O8066,STA-C3286,25-02-2025,Merchandise,1,22.4,Pending,Credit Card
STA-O5858,STA-C7040,08-05-2024,Merchandise,5,29.75,Delivered,Mobile App
STA-O6751,STA-C2034,18-09-2024,Cold Coffee,3,4.52,Delivered,Credit Card
STA-O14886,STA-C5744,28-08-2023,Coffee Beans (Retail),5,19.74,Delivered,Mobile App
STA-O14059,STA-C4439,14-08-2025,Cold Coffee,2,6.72,Shipped,Mobile App
STA-O12240,STA-C4703,17-12-2025,Cold Coffee,1,4.71,Cancelled,Mobile App
STA-O11940,STA-C3780,19-01-2024,Coffee Beans (Retail),1,22.73,Returned,Cash
STA-O14002,STA-C5035,24-08-2024,Cold Coffee,1,6.45,Returned,Starbucks Card
STA-O8127,STA-C10765,01-11-2025,Cold Coffee,2,4.98,Returned,Starbucks Card
STA-O12381,STA-C4019,31-03-2024,Cold Coffee,5,6.93,Pending,Cash
STA-O7009,STA-C3420,25-06-2025,Sandwiches,3,8.8,Pending,Starbucks Card
STA-O8091,STA-C4629,02-06-2025,Coffee Beans (Retail),5,11.06,Returned,Credit Card
STA-O9302,STA-C6213,09-02-2025,Tea,5,3.72,Cancelled,Starbucks Card
STA-O14258,STA-C8188,29-01-2024,Frappuccino,1,5.9,Delivered,Credit Card
STA-O10046,STA-C4931,04-02-2023,Sandwiches,4,6.22,Pending,Cash
STA-O9185,STA-C3541,31-01-2023,Cold Coffee,4,4.96,Shipped,Starbucks Card
STA-O6681,STA-C6305,20-12-2025,Tea,5,3.54,Shipped,Credit Card
STA-O5018,STA-C1014,16-11-2023,Frappuccino,2,7.3,Cancelled,Starbucks Card
STA-O12193,STA-C1615,30-09-2023,Tea,1,3.43,Cancelled,Starbucks Card
STA-O10862,STA-C6507,13-05-2023,Tea,2,3.87,Returned,Credit Card
STA-O13697,STA-C10174,24-06-2024,Merchandise,4,14.31,Returned,Starbucks Card
STA-O5008,STA-C8500,26-02-2023,Merchandise,3,28.4,Returned,Starbucks Card
STA-O14063,STA-C7187,10-05-2024,Coffee Beans (Retail),1,20.41,Cancelled,Mobile App
STA-O5922,STA-C6426,22-06-2025,Hot Coffee,5,5.03,Pending,Cash
STA-O8979,STA-C3329,22-12-2023,Bakery,1,4.29,Shipped,Cash
STA-O14578,STA-C7861,25-07-2023,Coffee Beans (Retail),2,21.67,Shipped,Mobile App
STA-O8569,STA-C10812,12-05-2025,Sandwiches,4,6.69,Delivered,Starbucks Card
STA-O7212,STA-C1126,10-05-2024,Sandwiches,3,7.33,Returned,Cash
STA-O5231,STA-C1993,11-07-2025,Cold Coffee,5,6.52,Delivered,Starbucks Card
STA-O8038,STA-C4195,10-01-2023,Sandwiches,2,5.54,Pending,Credit Card
STA-O14817,STA-C8297,13-11-2025,Cold Coffee,4,5.28,Cancelled,Mobile App
STA-O12548,STA-C8502,24-08-2025,Bakery,4,4.99,Returned,Mobile App
STA-O13756,STA-C10495,13-03-2024,Sandwiches,1,5.25,Returned,Starbucks Card
STA-O7883,STA-C10650,29-10-2024,Merchandise,1,12.19,Shipped,Mobile App
STA-O14338,STA-C3261,06-09-2023,Hot Coffee,2,3.56,Pending,Starbucks Card
STA-O8973,STA-C5915,03-08-2024,Cold Coffee,2,5.99,Pending,Mobile App
STA-O14958,STA-C5352,13-09-2024,Hot Coffee,4,6.9,Pending,Credit Card
STA-O13327,STA-C10670,05-05-2024,Cold Coffee,1,5.39,Cancelled,Mobile App
STA-O5510,STA-C6219,03-02-2025,Merchandise,1,28.99,Cancelled,Credit Card
STA-O5214,STA-C8551,09-10-2024,Tea,3,3.51,Delivered,Starbucks Card
STA-O9345,STA-C4659,21-05-2025,Bakery,2,3,Delivered,Mobile App
STA-O11077,STA-C8230,28-02-2024,Frappuccino,5,5.98,Delivered,Starbucks Card
STA-O5393,STA-C6736,03-01-2023,Sandwiches,1,8.57,Delivered,Credit Card
STA-O8588,STA-C9532,15-08-2023,Bakery,1,4.71,Delivered,Cash
STA-O14035,STA-C1796,13-03-2025,Bakery,4,4.91,Delivered,Credit Card
STA-O10852,STA-C5402,29-01-2024,Hot Coffee,1,4.42,Cancelled,Mobile App
STA-O9709,STA-C2824,17-02-2023,Sandwiches,4,8.46,Cancelled,Cash
STA-O6678,STA-C5384,28-06-2025,Tea,5,5.13,Cancelled,Mobile App
STA-O10161,STA-C4420,13-06-2025,Tea,5,3.54,Pending,Starbucks Card
STA-O13589,STA-C7519,03-08-2025,Frappuccino,5,8.32,Returned,Mobile App
STA-O11763,STA-C10640,02-12-2023,Cold Coffee,1,7.59,Delivered,Credit Card
STA-O7462,STA-C6270,30-06-2025,Sandwiches,3,6.81,Returned,Credit Card
STA-O8980,STA-C7465,03-05-2024,Cold Coffee,2,4.43,Delivered,Credit Card
STA-O13409,STA-C2747,25-04-2024,Cold Coffee,4,7.36,Cancelled,Cash
STA-O6788,STA-C6689,03-02-2025,Tea,1,3.59,Cancelled,Cash
STA-O13432,STA-C9999,25-03-2023,Coffee Beans (Retail),2,15.11,Delivered,Cash
STA-O5179,STA-C9103,22-11-2024,Merchandise,3,24.8,Shipped,Starbucks Card
STA-O13493,STA-C8284,10-05-2023,Frappuccino,3,5.06,Cancelled,Mobile App
STA-O11204,STA-C2346,09-11-2023,Sandwiches,4,7.92,Delivered,Starbucks Card
STA-O13048,STA-C10429,24-05-2023,Coffee Beans (Retail),2,11.61,Delivered,Mobile App
STA-O14096,STA-C5780,02-09-2024,Coffee Beans (Retail),5,18.37,Returned,Starbucks Card
STA-O12673,STA-C7607,16-06-2023,Coffee Beans (Retail),3,22.68,Pending,Credit Card
STA-O14037,STA-C10401,03-08-2024,Hot Coffee,5,3.29,Pending,Mobile App
STA-O6273,STA-C7279,24-04-2023,Sandwiches,4,7.06,Pending,Starbucks Card
STA-O13367,STA-C2617,15-06-2023,Merchandise,3,9.54,Delivered,Mobile App
STA-O13129,STA-C8798,14-07-2024,Cold Coffee,2,4.57,Cancelled,Cash
STA-O5411,STA-C3954,19-09-2024,Coffee Beans (Retail),2,19.96,Delivered,Credit Card
STA-O13322,STA-C1689,11-01-2024,Cold Coffee,2,6.33,Delivered,Credit Card
STA-O9779,STA-C7119,29-03-2023,Cold Coffee,1,7.8,Shipped,Starbucks Card
STA-O5172,STA-C3355,04-11-2024,Cold Coffee,4,6.91,Delivered,Credit Card
STA-O7242,STA-C9500,06-05-2025,Merchandise,3,32.17,Pending,Starbucks Card
STA-O11847,STA-C6415,03-05-2023,Tea,3,4.99,Returned,Cash
STA-O7252,STA-C8650,08-08-2023,Cold Coffee,3,7.24,Returned,Mobile App
STA-O11213,STA-C3523,13-11-2025,Hot Coffee,2,3.89,Returned,Mobile App
STA-O6735,STA-C9075,28-09-2025,Bakery,5,5.78,Delivered,Mobile App
STA-O10018,STA-C8847,02-10-2025,Tea,5,4.7,Unknown,Mobile App
STA-O13775,STA-C10431,12-11-2024,Sandwiches,5,5.58,Pending,Credit Card
STA-O14793,STA-C5878,25-09-2023,Coffee Beans (Retail),2,19.32,Cancelled,Starbucks Card
STA-O11262,STA-C4424,08-08-2023,Tea,2,3.09,Shipped,Starbucks Card
STA-O7461,STA-C4809,09-02-2025,Cold Coffee,2,4.07,Shipped,Starbucks Card
STA-O13153,STA-C3065,03-11-2023,Cold Coffee,1,5.96,Delivered,Mobile App
STA-O9030,STA-C9522,06-11-2024,Frappuccino,5,5.18,Returned,Credit Card
STA-O10858,STA-C10031,25-08-2025,Cold Coffee,1,5.15,Shipped,Credit Card
STA-O10847,STA-C2667,24-09-2025,Cold Coffee,1,6.03,Delivered,Mobile App
STA-O13207,STA-C2217,01-07-2024,Merchandise,4,38.38,Delivered,Credit Card
STA-O10823,STA-C4913,06-04-2024,Tea,4,4.46,Delivered,Mobile App
STA-O6207,STA-C7127,03-04-2025,Tea,2,5.55,Returned,Starbucks Card
STA-O7943,STA-C3282,01-11-2023,Frappuccino,2,6.24,Delivered,Credit Card
STA-O5407,STA-C9763,25-01-2024,Tea,4,5.97,Pending,Starbucks Card
STA-O14101,STA-C5274,27-03-2023,Frappuccino,3,7.15,Delivered,Credit Card
STA-O6213,STA-C4975,09-02-2023,Coffee Beans (Retail),4,15.55,Delivered,Starbucks Card
STA-O11855,STA-C2029,02-10-2023,Frappuccino,3,8.3,Cancelled,Mobile App
STA-O8067,STA-C6453,01-03-2024,Sandwiches,5,5.32,Delivered,Mobile App
STA-O7062,STA-C5811,24-04-2023,Tea,2,5.79,Cancelled,Starbucks Card
STA-O11116,STA-C5568,24-04-2023,Tea,2,3.68,Delivered,Starbucks Card
STA-O8267,STA-C9999,24-01-2024,Bakery,5,4.42,Delivered,Starbucks Card
STA-O11706,STA-C2478,27-10-2024,Cold Coffee,3,5.46,Delivered,Mobile App
STA-O5071,STA-C7745,12-05-2025,Hot Coffee,3,6.71,Cancelled,Starbucks Card
STA-O9718,STA-C2881,26-11-2024,Frappuccino,4,5.48,Unknown,Credit Card
STA-O5328,STA-C2412,20-05-2024,Merchandise,5,32.36,Delivered,Credit Card
STA-O12473,STA-C10697,01-04-2024,Cold Coffee,3,6.89,Cancelled,Mobile App
STA-O6787,STA-C7297,28-10-2024,Sandwiches,5,7.73,Delivered,Mobile App
STA-O6103,STA-C10842,28-07-2023,Merchandise,5,27.78,Delivered,Cash
STA-O8614,STA-C9727,27-02-2025,Sandwiches,4,5.81,Returned,Credit Card
STA-O9238,STA-C3710,11-01-2023,Frappuccino,5,8.75,Delivered,Mobile App
STA-O11858,STA-C6071,03-09-2024,Frappuccino,4,8.4,Delivered,Credit Card
STA-O7578,STA-C3647,17-08-2024,Hot Coffee,1,4.71,Shipped,Starbucks Card
STA-O11906,STA-C9061,25-09-2024,Cold Coffee,3,6.02,Shipped,Mobile App
STA-O10212,STA-C7042,22-10-2024,Frappuccino,1,8.94,Cancelled,Mobile App
STA-O12575,STA-C9999,21-09-2025,Coffee Beans (Retail),3,11.91,Cancelled,Starbucks Card
STA-O6972,STA-C1350,11-09-2024,Coffee Beans (Retail),2,21.12,Pending,Credit Card
STA-O13508,STA-C2472,20-06-2023,Frappuccino,1,6.06,Pending,Cash
STA-O7328,STA-C7550,01-03-2024,Tea,3,5.77,Shipped,Starbucks Card
STA-O7111,STA-C9999,26-08-2024,Bakery,3,5.18,Pending,Credit Card
STA-O13862,STA-C3877,23-05-2025,Frappuccino,3,7.05,Cancelled,Starbucks Card
STA-O12640,STA-C6702,17-11-2023,Bakery,5,5.37,Delivered,Starbucks Card
STA-O8370,STA-C6117,08-01-2025,Merchandise,1,28.33,Delivered,Cash
STA-O9813,STA-C6978,14-02-2024,Cold Coffee,4,6.82,Returned,Mobile App
STA-O10119,STA-C4803,30-04-2025,Bakery,3,3.12,Returned,Starbucks Card
STA-O9595,STA-C5808,12-05-2025,Frappuccino,5,8,Delivered,Cash
STA-O9716,STA-C2274,16-11-2025,Bakery,5,5.85,Delivered,Cash
STA-O5763,STA-C5508,18-04-2024,Cold Coffee,2,4.36,Pending,Mobile App
STA-O6909,STA-C3606,04-09-2024,Hot Coffee,1,6.71,Returned,Credit Card
STA-O7569,STA-C6779,06-04-2023,Bakery,5,4.67,Cancelled,Credit Card
STA-O9334,STA-C8968,25-08-2024,Sandwiches,4,8.24,Unknown,Cash
STA-O6159,STA-C1776,14-05-2023,Merchandise,3,28.62,Delivered,Cash
STA-O6851,STA-C1485,07-04-2025,Merchandise,5,16.42,Cancelled,Cash
STA-O6776,STA-C6313,03-12-2023,Frappuccino,3,7.3,Shipped,Mobile App
STA-O10714,STA-C1267,09-10-2024,Sandwiches,3,6.95,Delivered,Cash
STA-O12477,STA-C3158,09-02-2023,Merchandise,4,28.87,Delivered,Credit Card
STA-O7824,STA-C2268,15-10-2025,Bakery,2,5.9,Delivered,Starbucks Card
STA-O9539,STA-C6648,13-04-2023,Tea,3,4.49,Delivered,Cash
STA-O13653,STA-C1151,02-10-2025,Merchandise,4,21.49,Cancelled,Starbucks Card
STA-O14039,STA-C1932,18-05-2025,Merchandise,5,37.56,Pending,Cash
STA-O14414,STA-C10799,29-02-2024,Frappuccino,2,6.15,Cancelled,Credit Card
STA-O8670,STA-C2144,08-05-2023,Sandwiches,2,6.84,Cancelled,Mobile App
STA-O12547,STA-C9939,25-09-2025,Merchandise,1,23.76,Cancelled,Mobile App
STA-O14798,STA-C7981,15-02-2023,Coffee Beans (Retail),5,16.04,Delivered,Mobile App
STA-O13738,STA-C2537,23-01-2023,Tea,5,3.66,Pending,Starbucks Card
STA-O5970,STA-C4432,03-08-2025,Hot Coffee,5,3.36,Shipped,Mobile App
STA-O12234,STA-C10000,25-06-2025,Tea,3,4.87,Cancelled,Credit Card
STA-O10952,STA-C1018,27-04-2023,Bakery,4,4.72,Delivered,Mobile App
STA-O10670,STA-C1268,09-06-2025,Cold Coffee,4,4.93,Cancelled,Starbucks Card
STA-O9084,STA-C3640,01-06-2024,Bakery,2,2.24,Shipped,Cash
STA-O9526,STA-C1871,05-08-2023,Hot Coffee,1,3.91,Unknown,Mobile App
STA-O10986,STA-C4223,20-01-2024,Sandwiches,4,7.06,Delivered,Cash
STA-O14073,STA-C7795,04-12-2025,Hot Coffee,5,5.87,Delivered,Credit Card
STA-O14321,STA-C6664,09-08-2025,Coffee Beans (Retail),5,17.95,Delivered,Mobile App
STA-O8884,STA-C10008,18-08-2024,Frappuccino,5,7.77,Shipped,Cash
STA-O8026,STA-C1968,03-08-2024,Merchandise,3,37.94,Delivered,Cash
STA-O11895,STA-C7032,13-04-2023,Sandwiches,3,8,Returned,Credit Card
STA-O12155,STA-C3016,25-10-2023,Hot Coffee,5,4.24,Delivered,Mobile App
STA-O13656,STA-C9422,02-04-2025,Tea,2,4.54,Shipped,Starbucks Card
STA-O6881,STA-C1153,06-09-2023,Frappuccino,3,7.25,Delivered,Cash
STA-O6459,STA-C6862,02-10-2024,Coffee Beans (Retail),3,11.34,Unknown,Cash
STA-O5787,STA-C7267,28-05-2025,Bakery,2,2.28,Delivered,Starbucks Card
STA-O11575,STA-C9042,26-09-2023,Frappuccino,3,5.05,Cancelled,Mobile App
STA-O9433,STA-C2884,19-11-2024,Frappuccino,2,6.31,Delivered,Starbucks Card
STA-O12569,STA-C1340,29-11-2024,Coffee Beans (Retail),5,22.71,Shipped,Cash
STA-O13592,STA-C9257,29-04-2024,Coffee Beans (Retail),3,18.04,Pending,Credit Card
STA-O14763,STA-C2279,21-02-2025,Sandwiches,2,8.47,Cancelled,Mobile App
STA-O10869,STA-C2161,01-10-2024,Tea,5,3.51,Cancelled,Credit Card
STA-O5964,STA-C8173,21-12-2023,Merchandise,4,22.72,Returned,Cash
STA-O11829,STA-C7159,29-02-2024,Cold Coffee,1,4.13,Delivered,Starbucks Card
STA-O10834,STA-C9999,19-01-2025,Coffee Beans (Retail),3,20.27,Returned,Starbucks Card
STA-O5006,STA-C6808,22-07-2023,Cold Coffee,1,6.54,Shipped,Cash
STA-O5668,STA-C10652,13-01-2024,Merchandise,1,36.86,Shipped,Mobile App
STA-O9559,STA-C7681,04-10-2025,Coffee Beans (Retail),1,14.03,Delivered,Cash
STA-O8868,STA-C8194,16-11-2025,Frappuccino,1,7.07,Delivered,Cash
STA-O9792,STA-C6352,28-04-2023,Frappuccino,3,7.03,Returned,Starbucks Card
STA-O10655,STA-C10681,16-09-2025,Tea,1,4.25,Delivered,Starbucks Card
STA-O8191,STA-C8473,30-03-2023,Sandwiches,4,9,Cancelled,Cash
STA-O10638,STA-C8820,30-08-2025,Tea,3,3.57,Unknown,Credit Card
STA-O8742,STA-C4034,20-06-2025,Merchandise,3,14.15,Returned,Cash
STA-O9129,STA-C4563,17-07-2025,Coffee Beans (Retail),1,15.23,Cancelled,Starbucks Card
STA-O5714,STA-C8919,09-10-2024,Hot Coffee,2,4.23,Delivered,Credit Card
STA-O13610,STA-C5684,14-03-2025,Cold Coffee,2,4.85,Cancelled,Cash
STA-O13761,STA-C7206,15-06-2025,Tea,1,4.98,Delivered,Credit Card
STA-O8148,STA-C8429,01-10-2024,Coffee Beans (Retail),1,22.92,Shipped,Credit Card
STA-O7513,STA-C6367,02-10-2023,Hot Coffee,3,6.32,Pending,Cash
STA-O12260,STA-C1007,04-02-2024,Merchandise,5,31.89,Delivered,Cash
STA-O12986,STA-C7475,01-09-2025,Merchandise,1,18.03,Cancelled,Mobile App
STA-O14824,STA-C8086,02-01-2023,Cold Coffee,4,5.9,Cancelled,Credit Card
STA-O6383,STA-C3707,07-01-2023,Cold Coffee,1,4.57,Returned,Mobile App
STA-O11639,STA-C9445,05-12-2025,Bakery,5,3.57,Unknown,Cash
STA-O11235,STA-C7599,24-12-2025,Merchandise,5,23.02,Delivered,Starbucks Card
STA-O9931,STA-C3905,31-01-2025,Coffee Beans (Retail),3,14.66,Delivered,Credit Card
STA-O14833,STA-C8698,17-06-2025,Tea,1,4.96,Delivered,Cash
STA-O9751,STA-C8086,16-12-2024,Sandwiches,3,5.13,Delivered,Cash
STA-O10553,STA-C3949,06-04-2024,Sandwiches,1,7.13,Delivered,Mobile App
STA-O12414,STA-C2314,03-10-2025,Sandwiches,3,5.55,Returned,Cash
STA-O5051,STA-C10850,28-06-2024,Coffee Beans (Retail),3,20.63,Shipped,Starbucks Card
STA-O12526,STA-C6792,16-05-2024,Cold Coffee,3,4.93,Pending,Credit Card
STA-O8875,STA-C2467,18-06-2023,Bakery,1,3.38,Unknown,Cash
STA-O13173,STA-C3819,21-01-2025,Frappuccino,5,7.52,Pending,Starbucks Card
STA-O11792,STA-C9283,20-10-2024,Sandwiches,4,8.03,Unknown,Credit Card
STA-O14126,STA-C3980,22-04-2024,Hot Coffee,4,4.84,Delivered,Mobile App
STA-O14245,STA-C1108,19-11-2025,Tea,1,5.28,Returned,Credit Card
STA-O12787,STA-C7538,12-09-2023,Bakery,3,2.87,Delivered,Mobile App
STA-O9757,STA-C1416,12-11-2024,Frappuccino,5,7.67,Cancelled,Cash
STA-O10399,STA-C8092,31-10-2024,Cold Coffee,4,6.29,Cancelled,Mobile App
STA-O8042,STA-C1155,19-10-2023,Sandwiches,1,6.38,Returned,Starbucks Card
STA-O14955,STA-C2165,11-01-2025,Hot Coffee,5,6.27,Returned,Starbucks Card
STA-O10196,STA-C6348,30-03-2025,Bakery,5,5.32,Shipped,Mobile App
STA-O5526,STA-C9932,26-05-2023,Merchandise,1,11.46,Unknown,Starbucks Card
STA-O5689,STA-C7789,27-02-2023,Bakery,4,2.08,Delivered,Mobile App
STA-O6587,STA-C4313,13-06-2023,Bakery,4,4.79,Delivered,Cash
STA-O10238,STA-C4376,07-02-2024,Merchandise,3,33.88,Delivered,Starbucks Card
STA-O5162,STA-C4019,26-07-2024,Tea,4,3.43,Delivered,Cash
STA-O6286,STA-C10466,17-04-2025,Hot Coffee,3,6.57,Delivered,Credit Card
STA-O11319,STA-C7812,29-11-2023,Cold Coffee,1,7.23,Pending,Starbucks Card
STA-O13565,STA-C1717,21-10-2024,Hot Coffee,4,5.01,Delivered,Mobile App
STA-O5559,STA-C4824,01-01-2024,Sandwiches,1,5.41,Pending,Cash
STA-O6580,STA-C10210,09-03-2025,Frappuccino,2,8.33,Delivered,Starbucks Card
STA-O14260,STA-C2886,16-08-2023,Frappuccino,5,8.6,Pending,Starbucks Card
STA-O6326,STA-C9950,26-12-2025,Coffee Beans (Retail),3,10.4,Pending,Mobile App
STA-O10323,STA-C6224,16-04-2024,Frappuccino,5,6.41,Shipped,Cash
STA-O13918,STA-C6077,06-05-2025,Cold Coffee,3,4.05,Delivered,Credit Card
STA-O7161,STA-C3124,20-05-2025,Frappuccino,2,7.09,Delivered,Cash
STA-O10297,STA-C2416,11-10-2023,Sandwiches,4,7.04,Delivered,Mobile App
STA-O14107,STA-C2281,02-06-2025,Hot Coffee,4,5.55,Shipped,Mobile App
STA-O9067,STA-C7298,17-09-2024,Coffee Beans (Retail),2,14.29,Returned,Mobile App
STA-O9024,STA-C8530,24-03-2025,Hot Coffee,3,6.63,Delivered,Cash
STA-O13563,STA-C7178,21-01-2024,Coffee Beans (Retail),5,20.77,Delivered,Credit Card
STA-O14429,STA-C7274,21-09-2023,Tea,2,5.42,Delivered,Starbucks Card
STA-O11453,STA-C2127,27-08-2024,Frappuccino,2,6.23,Delivered,Cash
STA-O14635,STA-C2313,26-06-2023,Frappuccino,1,5.18,Delivered,Mobile App
STA-O8681,STA-C5607,15-11-2023,Tea,1,5.78,Pending,Credit Card
STA-O7646,STA-C4204,25-04-2023,Cold Coffee,5,4.3,Pending,Credit Card
STA-O12132,STA-C4239,20-06-2024,Hot Coffee,4,3.01,Delivered,Starbucks Card
STA-O12509,STA-C6953,02-07-2025,Tea,1,5.84,Delivered,Mobile App
STA-O14437,STA-C2266,04-11-2023,Hot Coffee,4,3.9,Shipped,Starbucks Card
STA-O9641,STA-C3493,09-12-2023,Hot Coffee,4,4.41,Cancelled,Starbucks Card
STA-O11368,STA-C7756,20-03-2025,Cold Coffee,3,7.75,Pending,Cash
STA-O8084,STA-C4667,10-04-2025,Merchandise,3,34.1,Shipped,Starbucks Card
STA-O13123,STA-C7486,01-12-2025,Bakery,3,2.04,Delivered,Cash
STA-O8406,STA-C2025,09-06-2025,Merchandise,5,8.64,Cancelled,Cash
STA-O13238,STA-C3182,09-07-2024,Coffee Beans (Retail),3,18.03,Shipped,Cash
STA-O13323,STA-C2485,20-02-2025,Tea,5,4.16,Pending,Credit Card
STA-O8680,STA-C1538,23-08-2023,Hot Coffee,3,5.73,Cancelled,Credit Card
STA-O9301,STA-C5322,01-01-2024,Bakery,3,2.75,Delivered,Mobile App
STA-O14646,STA-C5612,28-07-2024,Frappuccino,1,6.06,Pending,Starbucks Card
STA-O7953,STA-C3775,27-05-2023,Merchandise,1,38.48,Delivered,Starbucks Card
STA-O9807,STA-C4450,22-10-2023,Tea,2,3.45,Pending,Mobile App
STA-O10632,STA-C7844,07-06-2024,Hot Coffee,3,5.44,Delivered,Cash
STA-O6654,STA-C4082,07-06-2025,Bakery,1,3.13,Returned,Starbucks Card
STA-O5447,STA-C7032,15-09-2024,Tea,4,5.24,Delivered,Cash
STA-O13711,STA-C4771,25-02-2025,Hot Coffee,3,3.77,Delivered,Starbucks Card
STA-O8130,STA-C9871,20-12-2025,Cold Coffee,4,5.66,Delivered,Starbucks Card
STA-O7058,STA-C8620,03-09-2023,Frappuccino,3,7.63,Pending,Starbucks Card
STA-O6321,STA-C4687,31-08-2024,Bakery,5,5.02,Delivered,Cash
STA-O10268,STA-C6197,23-06-2024,Merchandise,1,25.23,Shipped,Cash
STA-O12688,STA-C7082,19-07-2025,Cold Coffee,2,4.25,Delivered,Cash
STA-O7362,STA-C7028,19-08-2023,Merchandise,4,14.62,Cancelled,Starbucks Card
STA-O7672,STA-C1142,22-09-2023,Merchandise,2,33.91,Delivered,Starbucks Card
STA-O7043,STA-C6955,01-10-2023,Hot Coffee,3,6.24,Delivered,Mobile App
STA-O8848,STA-C3242,04-08-2024,Hot Coffee,5,5.83,Cancelled,Cash
STA-O12443,STA-C9193,19-01-2024,Bakery,5,3.55,Delivered,Mobile App
STA-O9284,STA-C4423,26-12-2023,Sandwiches,1,8.65,Shipped,Starbucks Card
STA-O5277,STA-C5759,23-09-2025,Merchandise,5,27.2,Delivered,Starbucks Card
STA-O5392,STA-C8544,17-08-2025,Cold Coffee,1,4.31,Pending,Cash
STA-O13922,STA-C8082,24-02-2025,Bakery,4,4.64,Shipped,Credit Card
STA-O5429,STA-C9409,20-12-2023,Bakery,1,3.99,Shipped,Mobile App
STA-O10114,STA-C4275,22-06-2024,Tea,3,3.06,Pending,Credit Card
STA-O9597,STA-C4256,12-07-2025,Tea,1,3.36,Returned,Cash
STA-O8555,STA-C9999,11-09-2025,Tea,2,4.08,Returned,Cash
STA-O6811,STA-C2874,01-06-2023,Cold Coffee,1,6.83,Delivered,Mobile App
STA-O13466,STA-C5616,11-10-2025,Cold Coffee,4,5.87,Delivered,Cash
STA-O6756,STA-C7358,19-11-2024,Cold Coffee,5,7.6,Delivered,Starbucks Card
STA-O13336,STA-C3128,31-03-2023,Merchandise,3,35.87,Shipped,Starbucks Card
STA-O8969,STA-C10831,15-05-2024,Bakery,5,2.54,Delivered,Cash
STA-O7395,STA-C2648,19-07-2024,Merchandise,5,12.16,Delivered,Mobile App
STA-O12628,STA-C9111,22-10-2025,Merchandise,5,11.98,Returned,Credit Card
STA-O7272,STA-C5628,13-12-2023,Sandwiches,5,8.76,Delivered,Credit Card
STA-O13559,STA-C7177,11-12-2023,Hot Coffee,5,3.83,Shipped,Mobile App
STA-O8741,STA-C9186,25-08-2024,Hot Coffee,1,3.24,Pending,Starbucks Card
STA-O5330,STA-C9831,12-07-2025,Tea,1,5.52,Pending,Starbucks Card
STA-O12669,STA-C7349,04-06-2025,Coffee Beans (Retail),4,24.99,Delivered,Starbucks Card
STA-O8312,STA-C9904,17-03-2023,Bakery,4,2.83,Returned,Cash
STA-O14450,STA-C9992,17-03-2023,Bakery,4,4.97,Shipped,Starbucks Card
STA-O12843,STA-C10257,14-10-2024,Tea,1,3.13,Pending,Starbucks Card
STA-O8739,STA-C9913,20-04-2025,Coffee Beans (Retail),2,10.06,Delivered,Mobile App
STA-O14897,STA-C5045,07-05-2023,Bakery,3,2.24,Cancelled,Mobile App
STA-O14786,STA-C2256,27-10-2023,Merchandise,3,26.52,Cancelled,Mobile App
STA-O12307,STA-C2961,16-10-2024,Cold Coffee,5,5.45,Delivered,Cash
STA-O10025,STA-C4678,17-07-2024,Sandwiches,3,5.91,Returned,Credit Card
STA-O8956,STA-C8695,22-10-2024,Cold Coffee,4,5.02,Delivered,Starbucks Card
STA-O12654,STA-C2508,14-04-2024,Frappuccino,3,6.57,Delivered,Cash
STA-O10790,STA-C4864,04-09-2024,Cold Coffee,4,5.44,Shipped,Cash
STA-O10724,STA-C4383,23-02-2023,Hot Coffee,3,6.96,Unknown,Credit Card
STA-O8188,STA-C7311,22-09-2025,Coffee Beans (Retail),4,19.72,Delivered,Cash
STA-O8494,STA-C9042,25-01-2023,Hot Coffee,2,4.2,Pending,Credit Card
STA-O12220,STA-C2859,29-10-2023,Tea,1,4.47,Delivered,Starbucks Card
STA-O14312,STA-C5371,18-09-2024,Merchandise,1,11.33,Shipped,Starbucks Card
STA-O7902,STA-C6733,27-05-2023,Merchandise,4,25.83,Returned,Credit Card
STA-O13176,STA-C5583,03-06-2024,Hot Coffee,5,6.97,Shipped,Starbucks Card
STA-O6773,STA-C6513,16-03-2023,Tea,1,4.5,Cancelled,Credit Card
STA-O12332,STA-C7656,22-05-2023,Tea,5,4.59,Delivered,Credit Card
STA-O7523,STA-C5817,01-11-2024,Frappuccino,4,6.67,Pending,Cash
STA-O7841,STA-C6487,25-10-2023,Bakery,1,3.39,Delivered,Credit Card
STA-O8006,STA-C3414,08-01-2023,Cold Coffee,1,7.42,Unknown,Starbucks Card
STA-O10819,STA-C4118,28-09-2023,Merchandise,5,38.17,Delivered,Cash
STA-O5887,STA-C10677,18-08-2025,Frappuccino,3,6.83,Delivered,Mobile App
STA-O13216,STA-C7353,01-04-2025,Hot Coffee,2,4.67,Pending,Credit Card
STA-O11901,STA-C10007,17-10-2023,Bakery,3,4.02,Returned,Credit Card
STA-O6790,STA-C2580,03-01-2023,Cold Coffee,1,5.89,Delivered,Starbucks Card
STA-O9832,STA-C4712,24-05-2023,Merchandise,2,19.76,Shipped,Mobile App
STA-O10431,STA-C8529,15-12-2023,Sandwiches,1,8.79,Shipped,Mobile App
STA-O14865,STA-C10559,16-02-2025,Tea,4,5.51,Delivered,Starbucks Card
STA-O10384,STA-C7855,23-10-2024,Cold Coffee,4,4.87,Delivered,Mobile App
STA-O10778,STA-C10071,02-01-2024,Sandwiches,5,7.53,Delivered,Starbucks Card
STA-O14384,STA-C4953,17-06-2025,Hot Coffee,3,6.95,Returned,Cash
STA-O7922,STA-C5353,01-02-2024,Merchandise,5,10.71,Cancelled,Credit Card
STA-O8814,STA-C10073,10-10-2025,Bakery,5,4.54,Shipped,Mobile App
STA-O11935,STA-C8121,06-03-2023,Coffee Beans (Retail),3,24.44,Delivered,Mobile App
STA-O10924,STA-C4531,04-03-2024,Coffee Beans (Retail),1,13.11,Delivered,Mobile App
STA-O10497,STA-C6977,28-10-2023,Coffee Beans (Retail),4,14.99,Delivered,Starbucks Card
STA-O12143,STA-C6629,28-09-2024,Sandwiches,2,5.41,Delivered,Starbucks Card
STA-O7351,STA-C9285,02-08-2024,Merchandise,1,37.73,Returned,Mobile App
STA-O12404,STA-C8959,23-12-2023,Sandwiches,1,5.93,Cancelled,Credit Card
STA-O7228,STA-C7436,19-09-2024,Frappuccino,3,6.85,Delivered,Cash
STA-O13724,STA-C10736,14-07-2024,Bakery,3,2.5,Cancelled,Starbucks Card
STA-O5027,STA-C5161,28-07-2023,Coffee Beans (Retail),5,21.34,Unknown,Cash
STA-O11118,STA-C9117,27-05-2024,Hot Coffee,1,6.47,Delivered,Mobile App
STA-O8463,STA-C7831,26-06-2023,Merchandise,2,31.98,Delivered,Mobile App
STA-O5430,STA-C7687,18-02-2024,Bakery,4,4.49,Shipped,Starbucks Card
STA-O13024,STA-C6739,22-11-2025,Coffee Beans (Retail),2,17.55,Returned,Cash
STA-O12567,STA-C10879,24-02-2025,Hot Coffee,2,4.47,Delivered,Mobile App
STA-O5731,STA-C9307,06-06-2023,Tea,5,5.9,Shipped,Starbucks Card
STA-O14877,STA-C5861,07-11-2024,Tea,4,3.52,Delivered,Mobile App
STA-O8320,STA-C4935,13-11-2024,Tea,1,4.29,Pending,Mobile App
STA-O6874,STA-C10599,25-03-2024,Hot Coffee,3,5.3,Delivered,Mobile App
STA-O5790,STA-C5476,02-05-2023,Cold Coffee,2,5.63,Delivered,Starbucks Card
STA-O10611,STA-C9236,06-08-2023,Cold Coffee,2,7.43,Delivered,Credit Card
STA-O5248,STA-C1867,02-05-2024,Merchandise,2,20.35,Delivered,Cash
STA-O9773,STA-C9934,01-07-2023,Bakery,3,2.68,Delivered,Credit Card
STA-O5337,STA-C4474,09-05-2025,Bakery,2,2.55,Pending,Credit Card
STA-O6536,STA-C9802,02-11-2025,Bakery,3,5.03,Shipped,Cash
STA-O14370,STA-C10817,08-11-2024,Bakery,3,2.88,Delivered,Mobile App
STA-O8437,STA-C1177,18-06-2024,Sandwiches,3,6.1,Delivered,Credit Card
STA-O6240,STA-C2484,02-10-2024,Sandwiches,5,8.67,Delivered,Cash
STA-O10856,STA-C10701,04-11-2024,Hot Coffee,4,4.95,Returned,Credit Card
STA-O11308,STA-C1851,25-11-2024,Hot Coffee,2,4.37,Delivered,Starbucks Card
STA-O7515,STA-C1162,07-01-2024,Cold Coffee,2,4.1,Pending,Credit Card
STA-O14067,STA-C7944,06-07-2023,Hot Coffee,4,6.87,Returned,Starbucks Card
STA-O11726,STA-C6206,29-04-2025,Merchandise,4,21.55,Delivered,Starbucks Card
STA-O9659,STA-C5630,21-03-2024,Merchandise,5,37.54,Returned,Starbucks Card
STA-O13813,STA-C4619,01-05-2023,Cold Coffee,1,7.92,Delivered,Credit Card
STA-O6117,STA-C8008,21-02-2025,Sandwiches,5,7.93,Delivered,Cash
STA-O13747,STA-C2378,29-01-2025,Merchandise,4,27.84,Returned,Starbucks Card
STA-O11071,STA-C1946,26-04-2023,Coffee Beans (Retail),5,10.51,Returned,Credit Card
STA-O7702,STA-C6636,11-01-2025,Hot Coffee,4,4.15,Pending,Mobile App
STA-O5600,STA-C9779,02-06-2025,Sandwiches,2,5.93,Shipped,Cash
STA-O8915,STA-C4731,20-05-2025,Frappuccino,2,8.38,Delivered,Mobile App
STA-O13941,STA-C9596,24-11-2025,Cold Coffee,3,4.38,Pending,Mobile App
STA-O11404,STA-C2973,15-07-2024,Coffee Beans (Retail),1,12.63,Returned,Mobile App
STA-O13837,STA-C6066,12-07-2024,Frappuccino,4,8.24,Shipped,Starbucks Card
STA-O11585,STA-C3705,03-10-2023,Bakery,4,3.84,Cancelled,Starbucks Card
STA-O8407,STA-C7828,03-02-2024,Cold Coffee,4,4.75,Pending,Credit Card
STA-O9520,STA-C3473,14-04-2023,Bakery,3,3.43,Returned,Starbucks Card
STA-O10641,STA-C5973,30-04-2025,Bakery,4,5.24,Unknown,Mobile App
STA-O12280,STA-C5508,18-08-2025,Sandwiches,2,6.59,Delivered,Cash
STA-O13992,STA-C1681,31-03-2024,Frappuccino,2,8.78,Delivered,Cash
STA-O14704,STA-C6094,16-09-2024,Bakery,4,4.86,Cancelled,Cash
STA-O7084,STA-C5313,10-07-2024,Coffee Beans (Retail),3,20.53,Delivered,Mobile App
STA-O10424,STA-C4975,31-05-2023,Merchandise,2,20.75,Pending,Mobile App
STA-O6391,STA-C1028,27-12-2025,Hot Coffee,4,3.25,Cancelled,Credit Card
STA-O14206,STA-C5581,05-08-2024,Tea,3,5.98,Delivered,Mobile App
STA-O10730,STA-C9647,05-10-2024,Frappuccino,2,7.69,Delivered,Mobile App
STA-O14023,STA-C8464,26-08-2025,Frappuccino,5,8.95,Shipped,Cash
STA-O12238,STA-C7231,12-09-2025,Frappuccino,1,8.35,Pending,Mobile App
STA-O7573,STA-C8501,18-11-2024,Bakery,3,3.61,Delivered,Starbucks Card
STA-O8813,STA-C3042,26-08-2023,Sandwiches,3,8.46,Cancelled,Mobile App
STA-O7389,STA-C6667,03-06-2025,Coffee Beans (Retail),1,17.43,Delivered,Credit Card
STA-O9685,STA-C6022,27-01-2023,Frappuccino,3,7.82,Delivered,Starbucks Card
STA-O9038,STA-C3339,15-03-2024,Bakery,5,5.45,Delivered,Cash
STA-O9102,STA-C10326,14-12-2025,Cold Coffee,1,7.29,Pending,Credit Card
STA-O7563,STA-C1020,11-01-2024,Coffee Beans (Retail),5,16.87,Shipped,Starbucks Card
STA-O5928,STA-C6798,29-12-2024,Sandwiches,4,6.97,Returned,Starbucks Card
STA-O9310,STA-C6048,01-02-2023,Tea,4,3.28,Shipped,Mobile App
STA-O13898,STA-C2401,12-03-2024,Coffee Beans (Retail),5,15.95,Pending,Starbucks Card
STA-O14719,STA-C7822,19-01-2025,Bakery,1,5.28,Delivered,Starbucks Card
STA-O5143,STA-C4634,08-12-2025,Hot Coffee,1,4.89,Cancelled,Starbucks Card
STA-O7125,STA-C8844,12-12-2024,Hot Coffee,5,4.85,Delivered,Starbucks Card
STA-O8261,STA-C2886,28-05-2025,Merchandise,2,10.38,Delivered,Cash
STA-O14624,STA-C9023,20-02-2024,Frappuccino,2,5.36,Delivered,Cash
STA-O10241,STA-C10995,02-07-2023,Tea,1,5.91,Cancelled,Starbucks Card
STA-O5185,STA-C7893,11-05-2023,Merchandise,5,35,Delivered,Credit Card
STA-O11304,STA-C10645,28-04-2025,Cold Coffee,4,4.91,Delivered,Credit Card
STA-O7434,STA-C3305,06-01-2025,Tea,4,4.5,Delivered,Starbucks Card
STA-O12756,STA-C8310,25-09-2024,Tea,5,3.69,Returned,Credit Card
STA-O14854,STA-C10389,30-04-2024,Coffee Beans (Retail),3,14.98,Delivered,Starbucks Card
STA-O6854,STA-C10893,27-09-2023,Bakery,2,4.15,Shipped,Starbucks Card
STA-O5202,STA-C9999,04-05-2024,Frappuccino,5,7.23,Shipped,Credit Card
STA-O10571,STA-C4859,13-07-2023,Sandwiches,2,8.34,Pending,Cash
STA-O10154,STA-C8297,18-11-2023,Hot Coffee,2,3.3,Delivered,Cash
STA-O11162,STA-C5069,04-06-2024,Cold Coffee,3,7.73,Shipped,Starbucks Card
STA-O13967,STA-C1974,01-03-2023,Frappuccino,5,6.26,Returned,Mobile App
STA-O9218,STA-C9939,03-11-2025,Bakery,3,3,Shipped,Mobile App
STA-O7762,STA-C6634,07-11-2025,Bakery,2,3.76,Returned,Cash
STA-O6057,STA-C10262,11-07-2024,Cold Coffee,2,4.4,Shipped,Cash
STA-O13058,STA-C3695,27-10-2023,Cold Coffee,1,7.17,Pending,Mobile App
STA-O5511,STA-C9999,28-09-2024,Hot Coffee,1,4.19,Pending,Credit Card
STA-O13517,STA-C9286,17-04-2023,Frappuccino,4,6.77,Delivered,Starbucks Card
STA-O13475,STA-C2592,17-05-2024,Bakery,3,4.53,Cancelled,Credit Card
STA-O11477,STA-C3353,19-04-2024,Merchandise,2,12.46,Cancelled,Starbucks Card
STA-O6145,STA-C6992,04-05-2025,Tea,1,5.54,Delivered,Credit Card
STA-O10976,STA-C3867,31-10-2024,Tea,3,4.85,Returned,Credit Card
STA-O7098,STA-C6984,05-01-2023,Tea,4,5.78,Delivered,Starbucks Card
STA-O10999,STA-C9516,17-06-2023,Bakery,5,3.53,Shipped,Starbucks Card
STA-O7571,STA-C9552,03-03-2025,Hot Coffee,5,3.05,Pending,Mobile App
STA-O12187,STA-C9447,15-08-2024,Coffee Beans (Retail),3,21.76,Cancelled,Starbucks Card
STA-O8116,STA-C7491,08-05-2025,Hot Coffee,1,3.83,Delivered,Cash
STA-O11506,STA-C8046,01-08-2024,Coffee Beans (Retail),2,15.25,Delivered,Credit Card
STA-O11298,STA-C6059,24-01-2024,Merchandise,1,11.73,Returned,Mobile App
STA-O10444,STA-C7819,09-08-2023,Tea,5,5.04,Cancelled,Cash
STA-O11925,STA-C10546,20-03-2025,Coffee Beans (Retail),4,24.98,Shipped,Cash
STA-O14208,STA-C6375,13-05-2025,Frappuccino,2,8.93,Returned,Credit Card
STA-O11516,STA-C2491,25-08-2023,Tea,1,4.23,Delivered,Starbucks Card
STA-O11974,STA-C2902,22-07-2025,Sandwiches,1,8.37,Cancelled,Cash
STA-O14791,STA-C1392,03-03-2024,Bakery,2,2.19,Returned,Credit Card
STA-O14832,STA-C9972,26-10-2024,Frappuccino,5,6.13,Pending,Starbucks Card
STA-O10417,STA-C10487,11-01-2023,Merchandise,4,34.2,Cancelled,Mobile App
STA-O13059,STA-C8027,13-12-2024,Coffee Beans (Retail),5,11.22,Cancelled,Starbucks Card
STA-O12700,STA-C9905,19-08-2023,Hot Coffee,5,5.22,Pending,Credit Card
STA-O6606,STA-C3657,15-01-2024,Merchandise,1,32.25,Delivered,Mobile App
STA-O14549,STA-C4036,16-01-2024,Hot Coffee,4,4.03,Delivered,Cash
STA-O13935,STA-C9959,20-03-2023,Hot Coffee,2,5.49,Cancelled,Cash
STA-O9882,STA-C1008,12-04-2024,Merchandise,1,15.96,Shipped,Cash
STA-O14251,STA-C3488,02-12-2024,Sandwiches,5,5.11,Delivered,Mobile App
STA-O6515,STA-C5641,29-04-2023,Frappuccino,5,8.44,Delivered,Mobile App
STA-O14220,STA-C1236,13-06-2024,Hot Coffee,1,4.58,Returned,Cash
STA-O13571,STA-C9892,23-03-2023,Bakery,4,3.06,Pending,Credit Card
STA-O14864,STA-C4693,30-08-2023,Frappuccino,1,6.42,Pending,Mobile App
STA-O11345,STA-C4962,17-12-2024,Tea,2,5.67,Unknown,Cash
STA-O8523,STA-C4690,05-08-2024,Sandwiches,3,5.71,Delivered,Mobile App
STA-O10813,STA-C8089,28-04-2023,Bakery,4,3.05,Delivered,Starbucks Card
STA-O5803,STA-C10148,03-07-2025,Merchandise,3,30.01,Delivered,Starbucks Card
STA-O6234,STA-C9700,29-09-2024,Bakery,5,2.52,Shipped,Starbucks Card
STA-O12470,STA-C1831,19-03-2025,Tea,2,4.21,Returned,Mobile App
STA-O12798,STA-C3691,21-06-2025,Hot Coffee,2,4.02,Unknown,Credit Card
STA-O5792,STA-C9716,05-12-2023,Sandwiches,4,6.91,Cancelled,Cash
STA-O8905,STA-C5458,10-02-2023,Coffee Beans (Retail),3,24.07,Cancelled,Cash
STA-O9927,STA-C1653,01-07-2023,Tea,1,5.25,Delivered,Starbucks Card
STA-O5213,STA-C3325,01-02-2023,Frappuccino,2,5.1,Shipped,Cash
STA-O12891,STA-C6251,14-04-2025,Bakery,4,5.16,Delivered,Mobile App
STA-O8349,STA-C5181,25-12-2023,Hot Coffee,1,6.17,Delivered,Credit Card
STA-O8896,STA-C7814,16-01-2023,Coffee Beans (Retail),2,18.18,Returned,Starbucks Card
STA-O8262,STA-C8058,04-07-2025,Tea,2,3.12,Delivered,Cash
STA-O10398,STA-C5154,11-12-2023,Frappuccino,5,5.78,Delivered,Mobile App
STA-O6662,STA-C1876,14-11-2024,Bakery,5,4.82,Returned,Starbucks Card
STA-O10637,STA-C10050,20-01-2025,Merchandise,4,26.7,Delivered,Credit Card
STA-O14190,STA-C5076,27-01-2023,Frappuccino,2,8.55,Returned,Credit Card
STA-O14314,STA-C1729,04-11-2024,Frappuccino,3,6.17,Delivered,Mobile App
STA-O12292,STA-C6460,03-07-2024,Sandwiches,4,5.81,Shipped,Credit Card
STA-O10169,STA-C10162,29-06-2024,Sandwiches,2,6.55,Shipped,Credit Card
STA-O10490,STA-C7118,06-05-2025,Sandwiches,5,5.63,Delivered,Starbucks Card
STA-O12892,STA-C1297,11-02-2023,Frappuccino,5,8.73,Shipped,Credit Card
STA-O5013,STA-C7203,10-09-2025,Frappuccino,4,7.63,Delivered,Mobile App
STA-O13501,STA-C6631,18-04-2023,Bakery,1,2.14,Delivered,Cash
STA-O13758,STA-C8958,24-02-2024,Tea,5,3.68,Delivered,Credit Card
STA-O13585,STA-C3705,16-06-2023,Hot Coffee,2,6.87,Delivered,Mobile App
STA-O12736,STA-C5129,15-12-2025,Hot Coffee,3,6.25,Returned,Mobile App
STA-O6005,STA-C2793,20-09-2025,Cold Coffee,2,6.3,Returned,Starbucks Card
STA-O6155,STA-C8147,23-11-2023,Frappuccino,1,7.99,Delivered,Starbucks Card
STA-O12429,STA-C1507,22-05-2023,Sandwiches,4,5.8,Delivered,Starbucks Card
STA-O11362,STA-C2395,06-09-2024,Coffee Beans (Retail),4,23.81,Cancelled,Mobile App
STA-O9190,STA-C9999,31-03-2025,Tea,5,4.44,Delivered,Starbucks Card
STA-O5705,STA-C8546,21-04-2025,Bakery,5,5.32,Cancelled,Credit Card
STA-O6042,STA-C8629,24-10-2025,Bakery,4,4.15,Delivered,Credit Card
STA-O6488,STA-C2181,12-04-2025,Tea,4,5,Returned,Mobile App
STA-O6040,STA-C10499,07-09-2023,Merchandise,5,21.25,Returned,Cash
STA-O9140,STA-C7364,25-03-2025,Tea,1,3.34,Delivered,Credit Card
STA-O13417,STA-C8859,17-04-2023,Bakery,3,5.27,Delivered,Mobile App
STA-O12185,STA-C5348,03-09-2024,Coffee Beans (Retail),1,13.26,Pending,Mobile App
STA-O12622,STA-C3788,16-04-2024,Cold Coffee,5,7.37,Shipped,Credit Card
STA-O11299,STA-C5901,12-08-2024,Sandwiches,3,5.24,Delivered,Credit Card
STA-O6092,STA-C7463,23-03-2023,Coffee Beans (Retail),4,24.54,Shipped,Credit Card
STA-O14668,STA-C2636,25-08-2024,Cold Coffee,3,6.16,Cancelled,Cash
STA-O8027,STA-C8493,15-08-2024,Sandwiches,5,7.97,Pending,Starbucks Card
STA-O13690,STA-C7101,19-06-2023,Merchandise,3,22.84,Cancelled,Credit Card
STA-O7511,STA-C7793,05-02-2023,Coffee Beans (Retail),2,19.39,Delivered,Starbucks Card
STA-O10047,STA-C1652,13-02-2024,Bakery,5,5.89,Cancelled,Starbucks Card
STA-O12378,STA-C10388,25-06-2023,Frappuccino,2,5.78,Cancelled,Credit Card
STA-O10729,STA-C10592,23-02-2023,Merchandise,1,21.92,Cancelled,Starbucks Card
STA-O5472,STA-C1478,28-02-2025,Hot Coffee,5,3.57,Delivered,Mobile App
STA-O12023,STA-C8876,04-10-2023,Coffee Beans (Retail),1,11.04,Unknown,Credit Card
STA-O14662,STA-C1530,23-10-2023,Tea,2,3.11,Cancelled,Starbucks Card
STA-O11245,STA-C7179,19-12-2023,Cold Coffee,4,5.5,Delivered,Credit Card
STA-O5553,STA-C2716,26-03-2025,Frappuccino,2,7.6,Delivered,Credit Card
STA-O9770,STA-C1085,05-01-2023,Bakery,1,3.32,Shipped,Starbucks Card
STA-O8522,STA-C7127,24-02-2024,Sandwiches,3,6.34,Returned,Mobile App
STA-O8272,STA-C5438,07-01-2025,Merchandise,2,23.06,Cancelled,Credit Card
STA-O13008,STA-C1377,17-09-2024,Tea,1,5.81,Delivered,Cash
STA-O13524,STA-C1185,23-05-2023,Coffee Beans (Retail),1,17.11,Delivered,Credit Card
STA-O14593,STA-C9327,01-03-2023,Frappuccino,3,6.25,Shipped,Cash
STA-O12826,STA-C3571,12-08-2025,Merchandise,1,37.7,Cancelled,Mobile App
STA-O7438,STA-C6860,05-04-2025,Hot Coffee,4,3.04,Delivered,Starbucks Card
STA-O12038,STA-C3563,02-12-2023,Merchandise,4,17.94,Delivered,Mobile App
STA-O14891,STA-C7184,03-06-2025,Merchandise,4,24.67,Delivered,Starbucks Card
STA-O7632,STA-C1474,14-04-2023,Coffee Beans (Retail),3,10.41,Delivered,Cash
STA-O7240,STA-C8378,30-11-2023,Bakery,1,5.92,Shipped,Mobile App
STA-O5809,STA-C5305,08-10-2025,Sandwiches,3,6.61,Delivered,Cash
STA-O8933,STA-C8886,10-03-2024,Frappuccino,2,6.53,Delivered,Mobile App
STA-O10839,STA-C3914,29-11-2023,Coffee Beans (Retail),5,14.04,Cancelled,Cash
STA-O13175,STA-C3353,20-11-2024,Merchandise,1,38.36,Delivered,Starbucks Card
STA-O11594,STA-C7411,17-03-2024,Tea,5,3.38,Pending,Mobile App
STA-O13919,STA-C9483,31-12-2025,Frappuccino,1,5.71,Returned,Starbucks Card
STA-O10660,STA-C4146,07-12-2025,Tea,4,5.42,Delivered,Credit Card
STA-O9903,STA-C8085,02-04-2023,Tea,2,5.01,Delivered,Starbucks Card
STA-O12182,STA-C2758,25-12-2024,Coffee Beans (Retail),2,18.51,Cancelled,Cash
STA-O13085,STA-C6435,29-12-2025,Bakery,4,4.22,Unknown,Cash
STA-O12300,STA-C9444,15-10-2025,Frappuccino,5,5.24,Cancelled,Cash
STA-O11169,STA-C7227,11-04-2023,Cold Coffee,4,5.2,Delivered,Credit Card
STA-O5760,STA-C9430,13-12-2023,Cold Coffee,4,6.71,Unknown,Mobile App
STA-O5766,STA-C9162,12-04-2023,Bakery,4,5.28,Pending,Mobile App
STA-O13256,STA-C4000,21-10-2024,Hot Coffee,2,3.3,Pending,Starbucks Card
STA-O6003,STA-C1535,14-05-2025,Cold Coffee,5,5.67,Pending,Mobile App
STA-O10697,STA-C3832,02-04-2025,Bakery,5,3.42,Returned,Cash
STA-O7625,STA-C3515,03-04-2024,Merchandise,2,21.43,Delivered,Cash
STA-O7617,STA-C8611,03-03-2023,Tea,2,5.85,Delivered,Credit Card
STA-O13222,STA-C10768,10-06-2025,Merchandise,2,28.74,Pending,Cash
STA-O7668,STA-C3606,17-11-2025,Coffee Beans (Retail),2,16.91,Unknown,Starbucks Card
STA-O6290,STA-C1253,11-05-2023,Tea,5,3.53,Pending,Starbucks Card
STA-O13969,STA-C4993,23-09-2023,Tea,5,4.06,Cancelled,Credit Card
STA-O13580,STA-C2221,12-06-2024,Frappuccino,1,7.59,Delivered,Cash
STA-O14649,STA-C9025,17-08-2024,Frappuccino,1,7.77,Shipped,Starbucks Card
STA-O11582,STA-C9437,20-08-2024,Bakery,3,2.9,Delivered,Starbucks Card
STA-O5191,STA-C2716,25-11-2025,Hot Coffee,2,4.36,Pending,Starbucks Card
STA-O10702,STA-C3123,31-01-2024,Hot Coffee,4,6.54,Delivered,Credit Card
STA-O13133,STA-C9663,03-11-2023,Frappuccino,5,8.3,Pending,Mobile App
STA-O6390,STA-C10214,07-07-2025,Sandwiches,5,8.27,Pending,Cash
STA-O7064,STA-C3783,26-09-2023,Cold Coffee,4,4.98,Delivered,Cash
STA-O13719,STA-C3677,05-12-2024,Cold Coffee,2,6.92,Delivered,Cash
STA-O8642,STA-C8960,13-10-2024,Bakery,2,4.99,Pending,Starbucks Card
STA-O5457,STA-C1884,23-12-2024,Coffee Beans (Retail),2,12.54,Delivered,Mobile App
STA-O11979,STA-C3989,11-07-2023,Tea,4,4.01,Delivered,Mobile App
STA-O10171,STA-C8977,29-09-2025,Sandwiches,3,7.65,Delivered,Credit Card
STA-O9964,STA-C1380,22-03-2023,Sandwiches,4,5.22,Delivered,Credit Card
STA-O13160,STA-C4495,02-11-2024,Tea,5,4.75,Cancelled,Cash
STA-O6844,STA-C9740,10-02-2025,Coffee Beans (Retail),5,19.67,Cancelled,Credit Card
STA-O13996,STA-C10687,08-11-2025,Sandwiches,3,8.89,Cancelled,Starbucks Card
STA-O13011,STA-C3366,20-12-2023,Frappuccino,3,6.64,Delivered,Mobile App
STA-O8265,STA-C9577,18-04-2025,Coffee Beans (Retail),3,15.98,Shipped,Mobile App
STA-O9769,STA-C7299,07-08-2025,Bakery,1,2.32,Unknown,Credit Card
STA-O9717,STA-C5562,23-03-2024,Coffee Beans (Retail),4,11.5,Cancelled,Mobile App
STA-O5901,STA-C5422,26-06-2025,Bakery,1,5.1,Delivered,Cash
STA-O14622,STA-C2382,31-07-2024,Hot Coffee,2,4.58,Delivered,Mobile App
STA-O12487,STA-C4997,14-10-2023,Merchandise,3,31.74,Delivered,Cash
STA-O11802,STA-C5242,27-12-2023,Coffee Beans (Retail),4,24.7,Delivered,Starbucks Card
STA-O13303,STA-C10328,28-11-2023,Coffee Beans (Retail),1,16.34,Returned,Starbucks Card
STA-O8878,STA-C1633,31-01-2023,Sandwiches,1,7.27,Shipped,Credit Card
STA-O14173,STA-C4837,01-01-2024,Merchandise,1,21.73,Unknown,Starbucks Card
STA-O7802,STA-C1790,07-12-2023,Tea,4,3.95,Cancelled,Credit Card
STA-O13723,STA-C2916,29-08-2024,Tea,3,5.75,Shipped,Mobile App
STA-O11828,STA-C6653,15-08-2024,Merchandise,4,28.65,Delivered,Mobile App
STA-O12236,STA-C2736,17-08-2024,Bakery,4,5.48,Cancelled,Starbucks Card
STA-O13444,STA-C2052,30-11-2025,Frappuccino,5,5.38,Delivered,Cash
STA-O6551,STA-C5207,23-05-2025,Cold Coffee,2,6.47,Returned,Cash
STA-O9306,STA-C3006,29-04-2023,Bakery,3,5.14,Delivered,Credit Card
STA-O13490,STA-C1391,10-09-2024,Tea,5,3.15,Delivered,Credit Card
STA-O14230,STA-C6538,25-11-2025,Cold Coffee,2,4.04,Delivered,Mobile App
STA-O6038,STA-C4088,16-05-2023,Cold Coffee,2,7.04,Delivered,Mobile App
STA-O5153,STA-C6338,21-05-2025,Coffee Beans (Retail),2,23.65,Cancelled,Mobile App
STA-O12852,STA-C5647,16-12-2023,Bakery,1,5.04,Returned,Mobile App
STA-O10336,STA-C7300,17-12-2023,Sandwiches,2,7.65,Delivered,Starbucks Card
STA-O8230,STA-C7880,24-09-2025,Merchandise,1,20.8,Shipped,Cash
STA-O13037,STA-C6940,29-05-2025,Frappuccino,2,7.18,Delivered,Credit Card
STA-O11128,STA-C10224,19-11-2024,Coffee Beans (Retail),5,17.09,Delivered,Starbucks Card
STA-O10087,STA-C6478,14-07-2023,Coffee Beans (Retail),4,16.16,Pending,Credit Card
STA-O12990,STA-C3507,17-04-2023,Tea,4,5.42,Returned,Starbucks Card
STA-O14971,STA-C5835,13-04-2023,Sandwiches,4,6.09,Shipped,Credit Card
STA-O9128,STA-C6886,11-12-2023,Merchandise,5,27.39,Pending,Cash
STA-O6275,STA-C8472,20-07-2024,Merchandise,2,26.13,Delivered,Credit Card
STA-O10379,STA-C1429,30-04-2023,Frappuccino,3,6.51,Cancelled,Mobile App
STA-O5352,STA-C9955,24-05-2024,Merchandise,4,31.29,Pending,Cash
STA-O12360,STA-C3746,29-08-2025,Coffee Beans (Retail),1,23.59,Pending,Cash
STA-O7845,STA-C1977,22-06-2023,Bakery,1,4.58,Cancelled,Credit Card
STA-O5956,STA-C9612,20-05-2023,Coffee Beans (Retail),4,15.28,Delivered,Starbucks Card
STA-O10873,STA-C9877,13-10-2024,Hot Coffee,1,3.36,Delivered,Starbucks Card
STA-O11613,STA-C9299,16-08-2025,Tea,5,5.92,Pending,Starbucks Card
STA-O8545,STA-C9186,23-08-2023,Tea,2,4.89,Returned,Mobile App
STA-O9003,STA-C2496,30-12-2023,Sandwiches,4,5.14,Delivered,Cash
STA-O6964,STA-C8424,07-08-2023,Sandwiches,1,5.58,Returned,Credit Card
STA-O5896,STA-C10428,31-07-2024,Tea,5,5.91,Delivered,Mobile App
STA-O11656,STA-C2008,12-10-2024,Cold Coffee,4,5.89,Returned,Cash
STA-O13847,STA-C8392,28-08-2025,Merchandise,3,27.99,Delivered,Starbucks Card
STA-O8350,STA-C10866,01-09-2025,Sandwiches,2,8.38,Shipped,Cash
STA-O14272,STA-C7804,24-10-2025,Merchandise,1,16.59,Delivered,Cash
STA-O7862,STA-C6110,19-02-2025,Frappuccino,5,6.21,Unknown,Mobile App
STA-O11093,STA-C8660,28-05-2025,Bakery,1,4.95,Delivered,Starbucks Card
STA-O12189,STA-C8850,30-06-2024,Coffee Beans (Retail),3,11.08,Delivered,Mobile App
STA-O5905,STA-C5993,27-12-2023,Coffee Beans (Retail),1,16.48,Returned,Credit Card
STA-O7355,STA-C9229,01-04-2023,Tea,3,3.77,Delivered,Starbucks Card
STA-O8909,STA-C1023,08-12-2023,Coffee Beans (Retail),2,19.04,Cancelled,Mobile App
STA-O6733,STA-C8778,11-05-2024,Merchandise,4,35.13,Unknown,Cash
STA-O10432,STA-C2935,13-11-2023,Hot Coffee,4,4.31,Shipped,Starbucks Card
STA-O10612,STA-C2573,29-06-2024,Frappuccino,4,6.59,Delivered,Cash
STA-O5925,STA-C5358,22-05-2025,Bakery,3,5.83,Delivered,Mobile App
STA-O5920,STA-C6673,15-11-2023,Tea,5,4.79,Unknown,Credit Card
STA-O12069,STA-C10273,14-09-2023,Merchandise,1,14.38,Pending,Mobile App
STA-O11389,STA-C10497,15-10-2023,Hot Coffee,5,6.64,Delivered,Starbucks Card
STA-O8254,STA-C3455,29-08-2023,Merchandise,3,8.16,Pending,Mobile App
STA-O9658,STA-C5947,26-03-2023,Frappuccino,1,5.37,Delivered,Cash
STA-O7360,STA-C2410,21-11-2024,Hot Coffee,5,3.33,Delivered,Mobile App
STA-O13791,STA-C7120,20-02-2024,Tea,5,3.32,Delivered,Starbucks Card
STA-O5857,STA-C10222,02-09-2025,Coffee Beans (Retail),1,14.55,Delivered,Credit Card
STA-O5428,STA-C1217,19-06-2023,Merchandise,3,9.8,Returned,Starbucks Card
STA-O12021,STA-C5799,08-01-2023,Bakery,4,3.14,Returned,Starbucks Card
STA-O8936,STA-C9999,04-01-2025,Hot Coffee,3,6.25,Delivered,Starbucks Card
STA-O13914,STA-C10717,01-08-2025,Frappuccino,4,5.86,Delivered,Credit Card
STA-O11801,STA-C1938,12-09-2024,Hot Coffee,4,4.91,Unknown,Starbucks Card
STA-O11089,STA-C6659,06-07-2025,Tea,2,5.11,Delivered,Credit Card
STA-O14842,STA-C10723,21-08-2023,Merchandise,4,27.2,Delivered,Cash
STA-O10658,STA-C2277,03-07-2025,Cold Coffee,4,4.54,Shipped,Cash
STA-O14054,STA-C2972,16-07-2023,Bakery,4,2.28,Delivered,Starbucks Card
STA-O12822,STA-C8212,26-03-2024,Frappuccino,4,8.04,Returned,Mobile App
STA-O12249,STA-C4549,22-08-2025,Tea,1,5.38,Delivered,Cash
STA-O5099,STA-C10769,10-11-2025,Bakery,3,5.3,Delivered,Starbucks Card
STA-O8591,STA-C1986,08-09-2025,Merchandise,4,39.82,Shipped,Starbucks Card
STA-O7979,STA-C6589,27-02-2023,Coffee Beans (Retail),1,24.26,Delivered,Mobile App
STA-O11161,STA-C1740,07-12-2024,Sandwiches,2,5.92,Cancelled,Mobile App
STA-O8721,STA-C7416,17-03-2025,Hot Coffee,5,3.55,Delivered,Starbucks Card
STA-O5134,STA-C10034,17-06-2023,Coffee Beans (Retail),4,14.38,Pending,Mobile App
STA-O14720,STA-C10217,11-04-2024,Frappuccino,1,6.29,Delivered,Starbucks Card
STA-O13127,STA-C7880,31-08-2024,Sandwiches,4,8.8,Delivered,Credit Card
STA-O12914,STA-C4616,05-02-2024,Merchandise,5,26.33,Pending,Credit Card
STA-O9846,STA-C1574,29-06-2024,Frappuccino,5,6,Delivered,Mobile App
STA-O10738,STA-C2746,20-10-2024,Frappuccino,1,6.95,Delivered,Starbucks Card
STA-O10583,STA-C4197,18-02-2023,Merchandise,3,10.51,Returned,Credit Card
STA-O5229,STA-C5130,24-07-2025,Frappuccino,3,7.9,Delivered,Mobile App
STA-O12254,STA-C6844,28-09-2024,Hot Coffee,5,5.75,Pending,Credit Card
STA-O14189,STA-C8361,20-01-2024,Bakery,3,5.97,Delivered,Credit Card
STA-O13809,STA-C4073,09-03-2024,Frappuccino,1,8.85,Delivered,Cash
STA-O9729,STA-C6006,06-07-2025,Hot Coffee,1,5.53,Delivered,Mobile App
STA-O9076,STA-C7487,31-01-2024,Bakery,1,3.28,Delivered,Credit Card
STA-O10694,STA-C3705,25-05-2024,Merchandise,4,24.66,Pending,Credit Card
STA-O12001,STA-C2322,02-06-2025,Hot Coffee,1,6.54,Returned,Credit Card
STA-O9943,STA-C2246,20-03-2023,Frappuccino,4,5.65,Cancelled,Mobile App
STA-O5250,STA-C8383,11-05-2024,Frappuccino,4,7.64,Returned,Credit Card
STA-O11672,STA-C4408,09-10-2024,Sandwiches,1,5.01,Delivered,Starbucks Card
STA-O14398,STA-C5927,06-10-2023,Frappuccino,4,7.16,Delivered,Mobile App
STA-O14259,STA-C3635,15-09-2024,Sandwiches,2,8.47,Shipped,Credit Card
STA-O11333,STA-C3735,18-02-2024,Bakery,2,2.17,Shipped,Starbucks Card
STA-O10160,STA-C2670,15-06-2025,Coffee Beans (Retail),3,21.5,Returned,Mobile App
STA-O7366,STA-C9375,16-10-2025,Frappuccino,4,7.43,Delivered,Starbucks Card
STA-O5297,STA-C9992,30-11-2024,Bakery,2,5.69,Delivered,Mobile App
STA-O5420,STA-C3545,05-05-2023,Coffee Beans (Retail),2,24.08,Delivered,Starbucks Card
STA-O9249,STA-C6560,04-07-2025,Hot Coffee,3,4.79,Returned,Cash
STA-O13737,STA-C4401,20-08-2023,Hot Coffee,2,4.4,Returned,Mobile App
STA-O10128,STA-C6101,29-06-2025,Tea,5,4.2,Returned,Credit Card
STA-O7800,STA-C9698,18-12-2025,Sandwiches,3,6.42,Delivered,Credit Card
STA-O12599,STA-C2472,18-12-2025,Sandwiches,4,5.71,Pending,Starbucks Card
STA-O13826,STA-C3514,27-02-2023,Coffee Beans (Retail),5,24.54,Cancelled,Starbucks Card
STA-O13164,STA-C7042,17-03-2023,Cold Coffee,1,5.84,Shipped,Starbucks Card
STA-O9555,STA-C8621,01-02-2024,Frappuccino,1,5.8,Returned,Credit Card
STA-O13306,STA-C7971,13-06-2023,Tea,1,5.86,Delivered,Starbucks Card
STA-O12608,STA-C9950,05-12-2023,Tea,3,4.8,Delivered,Mobile App
STA-O10460,STA-C6423,27-05-2025,Frappuccino,3,5.68,Pending,Starbucks Card
STA-O11661,STA-C2378,12-11-2025,Merchandise,2,39.01,Cancelled,Cash
STA-O11662,STA-C9036,17-08-2024,Frappuccino,4,8.86,Returned,Cash
STA-O10948,STA-C3199,08-12-2024,Frappuccino,2,6.2,Returned,Credit Card
STA-O5847,STA-C8368,09-07-2023,Tea,5,3.12,Delivered,Mobile App
STA-O12172,STA-C2398,18-05-2023,Cold Coffee,5,5.7,Cancelled,Credit Card
STA-O5581,STA-C2480,20-07-2023,Tea,5,4.83,Delivered,Mobile App
STA-O5666,STA-C7439,17-07-2024,Tea,4,5.75,Delivered,Starbucks Card
STA-O10086,STA-C2041,19-04-2023,Sandwiches,3,6.67,Returned,Starbucks Card
STA-O12699,STA-C7029,18-02-2023,Frappuccino,2,6.11,Unknown,Mobile App
STA-O11731,STA-C6065,22-11-2025,Tea,3,4.05,Unknown,Cash
STA-O9331,STA-C3383,01-11-2025,Hot Coffee,3,3.47,Delivered,Starbucks Card
STA-O9344,STA-C3922,11-09-2024,Cold Coffee,2,6.54,Shipped,Cash
STA-O9456,STA-C5164,17-07-2023,Merchandise,2,39.59,Pending,Starbucks Card
STA-O9795,STA-C2876,09-09-2025,Merchandise,4,10.56,Cancelled,Cash
STA-O12781,STA-C8581,24-08-2023,Coffee Beans (Retail),1,24.03,Delivered,Cash
STA-O11856,STA-C4337,31-07-2024,Coffee Beans (Retail),5,10.08,Delivered,Starbucks Card
STA-O6086,STA-C3267,06-03-2024,Bakery,4,2.48,Shipped,Mobile App
STA-O11101,STA-C9216,01-05-2023,Hot Coffee,5,6.8,Delivered,Cash
STA-O7545,STA-C5426,27-04-2024,Sandwiches,2,6.75,Cancelled,Credit Card
STA-O5290,STA-C8770,10-01-2025,Bakery,4,2.44,Delivered,Cash
STA-O14677,STA-C3339,28-11-2023,Cold Coffee,4,5.61,Shipped,Starbucks Card
STA-O9637,STA-C1449,30-10-2024,Frappuccino,1,5.47,Delivered,Mobile App
STA-O12369,STA-C8008,01-12-2025,Hot Coffee,4,4.58,Delivered,Starbucks Card
STA-O14658,STA-C7338,24-11-2023,Bakery,5,4.02,Delivered,Starbucks Card
STA-O12706,STA-C5724,09-04-2024,Frappuccino,4,6.38,Pending,Cash
STA-O12664,STA-C8549,24-10-2025,Cold Coffee,3,7.26,Delivered,Starbucks Card
STA-O12638,STA-C3716,30-04-2024,Tea,5,4.59,Delivered,Starbucks Card
STA-O5206,STA-C4208,04-03-2025,Bakery,3,5.35,Pending,Cash
STA-O10257,STA-C1939,25-10-2023,Merchandise,2,28.78,Pending,Cash
STA-O5978,STA-C6916,17-10-2025,Tea,5,4.01,Returned,Starbucks Card
STA-O11838,STA-C8950,13-01-2023,Coffee Beans (Retail),1,13.66,Cancelled,Credit Card
STA-O10176,STA-C2341,14-05-2025,Bakery,3,4.69,Cancelled,Starbucks Card
STA-O5979,STA-C3863,27-10-2023,Hot Coffee,3,4.34,Pending,Starbucks Card
STA-O9772,STA-C1811,02-03-2023,Sandwiches,3,6.42,Returned,Starbucks Card
STA-O5879,STA-C10880,19-01-2023,Tea,3,4.36,Pending,Starbucks Card
STA-O10098,STA-C2458,15-01-2024,Hot Coffee,3,5.5,Returned,Starbucks Card
STA-O14754,STA-C6206,16-12-2023,Bakery,5,2.67,Delivered,Cash
STA-O13113,STA-C6108,05-07-2024,Cold Coffee,3,4.69,Returned,Cash
STA-O7038,STA-C7401,01-09-2024,Tea,1,4.09,Pending,Starbucks Card
STA-O5236,STA-C4944,27-03-2024,Bakery,2,2.92,Delivered,Cash
STA-O9342,STA-C9364,12-07-2024,Frappuccino,2,6.79,Delivered,Mobile App
STA-O13307,STA-C2343,03-09-2025,Hot Coffee,3,5.21,Delivered,Starbucks Card
STA-O8771,STA-C1184,14-09-2025,Sandwiches,4,7.08,Delivered,Credit Card
STA-O12698,STA-C7895,01-01-2025,Sandwiches,3,5.75,Shipped,Cash
STA-O6514,STA-C1148,19-08-2024,Tea,4,4.33,Delivered,Mobile App
STA-O5874,STA-C4345,05-03-2023,Frappuccino,1,8.26,Delivered,Starbucks Card
STA-O5647,STA-C1853,06-02-2025,Hot Coffee,2,4.74,Shipped,Credit Card
STA-O9175,STA-C8583,17-05-2023,Hot Coffee,2,6.29,Returned,Credit Card
STA-O7516,STA-C9098,20-10-2024,Bakery,4,2.57,Delivered,Mobile App
STA-O5788,STA-C7238,28-04-2023,Cold Coffee,2,5.07,Delivered,Cash
STA-O5372,STA-C9101,08-05-2024,Coffee Beans (Retail),3,24.92,Delivered,Starbucks Card
STA-O12708,STA-C4420,22-06-2025,Coffee Beans (Retail),5,16.47,Delivered,Starbucks Card
STA-O13299,STA-C3061,17-05-2023,Sandwiches,1,7.29,Shipped,Cash
STA-O10044,STA-C9806,13-10-2023,Sandwiches,5,7.25,Delivered,Starbucks Card
STA-O11513,STA-C9054,05-07-2024,Cold Coffee,3,6.82,Shipped,Credit Card
STA-O8781,STA-C9683,18-09-2024,Frappuccino,1,8.05,Pending,Cash
STA-O7314,STA-C3271,20-10-2023,Bakery,4,4.71,Returned,Cash
STA-O6482,STA-C9584,09-07-2023,Cold Coffee,1,5.56,Returned,Starbucks Card
STA-O12846,STA-C7551,04-10-2023,Hot Coffee,1,5.01,Pending,Cash
STA-O5168,STA-C5694,19-06-2025,Coffee Beans (Retail),5,10.84,Delivered,Credit Card
STA-O6112,STA-C8976,27-07-2024,Frappuccino,1,8.95,Delivered,Credit Card
STA-O6157,STA-C6924,29-01-2025,Frappuccino,3,7.83,Delivered,Credit Card
STA-O14006,STA-C9378,23-06-2023,Coffee Beans (Retail),3,21.57,Shipped,Mobile App
STA-O11432,STA-C9629,28-01-2024,Cold Coffee,4,4.46,Delivered,Starbucks Card
STA-O13295,STA-C3662,04-06-2023,Coffee Beans (Retail),2,10.16,Delivered,Cash
STA-O14856,STA-C10793,01-10-2024,Merchandise,5,35.92,Cancelled,Mobile App
STA-O12976,STA-C4722,10-06-2025,Merchandise,1,9.22,Cancelled,Mobile App
STA-O6493,STA-C7930,23-11-2025,Coffee Beans (Retail),4,18.9,Delivered,Starbucks Card
STA-O7195,STA-C8611,02-02-2023,Bakery,5,5.24,Pending,Cash
STA-O7647,STA-C9999,15-08-2023,Coffee Beans (Retail),2,13.02,Cancelled,Starbucks Card
STA-O6035,STA-C4858,14-12-2024,Hot Coffee,1,6.32,Pending,Cash
STA-O14826,STA-C1566,28-10-2025,Merchandise,3,9.32,Delivered,Cash
STA-O5066,STA-C4667,13-04-2025,Merchandise,2,19.6,Returned,Mobile App
STA-O8767,STA-C4540,06-07-2024,Bakery,4,2.02,Returned,Mobile App
STA-O6319,STA-C8334,29-08-2023,Cold Coffee,4,7.13,Delivered,Cash
STA-O10995,STA-C8259,14-11-2025,Hot Coffee,2,5.16,Pending,Mobile App
STA-O13075,STA-C8541,08-09-2024,Coffee Beans (Retail),3,20.63,Pending,Mobile App
STA-O5346,STA-C8502,12-11-2024,Bakery,5,2.49,Delivered,Cash
STA-O13836,STA-C10248,14-03-2023,Merchandise,3,13.81,Returned,Cash
STA-O8270,STA-C2324,13-03-2024,Sandwiches,5,7.85,Delivered,Starbucks Card
STA-O8566,STA-C9867,05-01-2024,Sandwiches,5,8,Returned,Credit Card
STA-O13254,STA-C3435,23-12-2025,Sandwiches,2,8.3,Shipped,Starbucks Card
STA-O11634,STA-C2401,27-08-2025,Frappuccino,2,7.64,Delivered,Mobile App
STA-O8511,STA-C7919,27-05-2024,Merchandise,5,22.55,Delivered,Mobile App
STA-O11518,STA-C7949,04-04-2024,Sandwiches,5,6.52,Pending,Credit Card
STA-O14378,STA-C8065,23-12-2025,Merchandise,1,26.57,Delivered,Credit Card
STA-O7764,STA-C5777,23-04-2024,Frappuccino,3,5.18,Delivered,Starbucks Card
STA-O9955,STA-C3187,07-11-2023,Coffee Beans (Retail),2,18.29,Shipped,Credit Card
STA-O9946,STA-C4435,08-09-2025,Cold Coffee,3,5.15,Delivered,Credit Card
STA-O8260,STA-C3435,24-09-2024,Bakery,2,4.59,Shipped,Cash
STA-O8821,STA-C2062,17-06-2025,Frappuccino,3,6.21,Delivered,Credit Card
STA-O6920,STA-C5148,31-05-2023,Bakery,4,3.52,Cancelled,Credit Card
STA-O5971,STA-C9073,22-03-2025,Sandwiches,1,7.47,Delivered,Mobile App
STA-O9610,STA-C2687,08-10-2023,Tea,4,3.81,Delivered,Credit Card
STA-O9644,STA-C8071,05-10-2024,Tea,1,3.83,Delivered,Starbucks Card
STA-O9833,STA-C5161,04-08-2025,Bakery,2,3.09,Shipped,Credit Card
STA-O5602,STA-C10366,15-11-2023,Cold Coffee,2,7.52,Pending,Mobile App
STA-O12710,STA-C2138,22-10-2024,Frappuccino,4,7.82,Pending,Mobile App
STA-O9316,STA-C8055,13-04-2024,Coffee Beans (Retail),5,24.55,Shipped,Starbucks Card
STA-O9059,STA-C9353,31-12-2024,Bakery,1,5.89,Delivered,Credit Card
STA-O5606,STA-C7268,20-07-2024,Tea,5,4.89,Delivered,Cash
STA-O12948,STA-C9854,13-10-2025,Bakery,1,2.88,Pending,Mobile App
STA-O14226,STA-C7454,03-01-2024,Merchandise,3,23.99,Cancelled,Cash
STA-O8039,STA-C9070,24-07-2023,Hot Coffee,3,3.55,Delivered,Cash
STA-O12592,STA-C6949,04-06-2024,Sandwiches,5,6.42,Pending,Mobile App
STA-O9750,STA-C10023,17-10-2023,Merchandise,2,33.22,Unknown,Starbucks Card
STA-O5475,STA-C1581,19-02-2024,Cold Coffee,3,7.86,Delivered,Cash
STA-O12959,STA-C1027,16-08-2023,Sandwiches,4,8.75,Delivered,Mobile App
STA-O6658,STA-C7203,30-09-2024,Cold Coffee,3,7.04,Shipped,Cash
STA-O6999,STA-C6818,19-06-2025,Cold Coffee,4,7.1,Delivered,Mobile App
STA-O10958,STA-C5429,22-05-2024,Frappuccino,4,6.6,Shipped,Mobile App
STA-O8605,STA-C8840,11-04-2024,Bakery,3,3.41,Delivered,Cash
STA-O7607,STA-C5010,05-11-2025,Sandwiches,5,6.85,Delivered,Cash
STA-O6036,STA-C1997,08-06-2025,Coffee Beans (Retail),3,17.4,Cancelled,Mobile App
STA-O6049,STA-C4898,20-01-2024,Bakery,1,2.42,Cancelled,Cash
STA-O7679,STA-C1111,21-08-2024,Cold Coffee,1,4.74,Cancelled,Mobile App
STA-O8509,STA-C10751,04-09-2025,Tea,5,3.48,Cancelled,Mobile App
STA-O14695,STA-C9406,08-03-2024,Bakery,3,5.29,Unknown,Cash
STA-O12314,STA-C9347,24-02-2025,Hot Coffee,4,6.49,Unknown,Cash
STA-O10610,STA-C4943,16-03-2024,Coffee Beans (Retail),5,12.77,Cancelled,Cash
STA-O13630,STA-C3316,18-05-2024,Merchandise,4,34.38,Delivered,Cash
STA-O13786,STA-C3798,01-10-2024,Sandwiches,2,5.72,Delivered,Mobile App
STA-O10437,STA-C10192,08-10-2023,Tea,3,5.4,Delivered,Starbucks Card
STA-O14706,STA-C5505,10-12-2024,Coffee Beans (Retail),1,23.31,Unknown,Starbucks Card
STA-O9375,STA-C9999,28-10-2024,Bakery,4,4.55,Unknown,Cash
STA-O14840,STA-C5676,18-08-2025,Coffee Beans (Retail),5,12.42,Delivered,Credit Card
STA-O8336,STA-C10603,09-01-2025,Hot Coffee,3,4,Returned,Mobile App
STA-O14266,STA-C4575,16-02-2024,Cold Coffee,1,4.27,Delivered,Mobile App
STA-O12597,STA-C10460,13-09-2023,Merchandise,1,33.02,Shipped,Credit Card
STA-O12789,STA-C4213,22-11-2024,Coffee Beans (Retail),3,24.12,Pending,Cash
STA-O6071,STA-C10020,28-09-2023,Hot Coffee,3,3.29,Delivered,Cash
STA-O12720,STA-C6439,20-09-2025,Merchandise,2,11.08,Returned,Mobile App
STA-O12678,STA-C4464,26-05-2023,Hot Coffee,4,6.07,Delivered,Credit Card
STA-O13060,STA-C5371,12-08-2024,Cold Coffee,5,7.32,Delivered,Starbucks Card
STA-O8308,STA-C3217,20-03-2025,Sandwiches,5,7.27,Cancelled,Credit Card
STA-O9871,STA-C9285,30-08-2025,Merchandise,1,22.21,Delivered,Cash
STA-O6966,STA-C5555,01-04-2023,Merchandise,4,25.21,Delivered,Cash
STA-O13881,STA-C9560,11-09-2025,Frappuccino,1,6.39,Cancelled,Cash
STA-O12802,STA-C6048,23-07-2023,Coffee Beans (Retail),2,10.52,Delivered,Starbucks Card
STA-O11010,STA-C7609,14-12-2025,Frappuccino,1,6.53,Delivered,Cash
STA-O5043,STA-C4054,16-10-2023,Bakery,3,4.38,Shipped,Starbucks Card
STA-O14087,STA-C9532,25-10-2025,Merchandise,2,22.61,Returned,Cash
STA-O5963,STA-C2088,13-06-2025,Tea,3,4.82,Shipped,Credit Card
STA-O5558,STA-C1468,13-11-2023,Frappuccino,5,6.88,Shipped,Starbucks Card
STA-O6126,STA-C6226,13-08-2023,Cold Coffee,3,4.73,Delivered,Credit Card
STA-O13331,STA-C2029,01-08-2025,Coffee Beans (Retail),1,23.54,Cancelled,Starbucks Card
STA-O9338,STA-C2596,15-08-2023,Tea,5,4.34,Returned,Cash
STA-O12098,STA-C7418,26-02-2023,Cold Coffee,4,6.3,Cancelled,Mobile App
STA-O10214,STA-C10980,04-01-2023,Bakery,4,3.3,Cancelled,Mobile App
STA-O9843,STA-C9999,22-01-2024,Hot Coffee,4,5.47,Delivered,Cash
STA-O11052,STA-C7962,16-12-2025,Frappuccino,2,7.09,Shipped,Mobile App
STA-O9778,STA-C8173,09-09-2025,Hot Coffee,3,5.73,Delivered,Mobile App
STA-O11062,STA-C6929,09-02-2023,Frappuccino,5,7.91,Delivered,Credit Card
STA-O14022,STA-C9828,13-02-2025,Tea,1,4.6,Shipped,Starbucks Card
STA-O14144,STA-C3404,26-03-2023,Bakery,1,2.71,Delivered,Mobile App
STA-O10409,STA-C4125,26-10-2025,Sandwiches,1,7.86,Pending,Cash
STA-O5009,STA-C6340,07-03-2023,Coffee Beans (Retail),5,18.81,Cancelled,Mobile App
STA-O11137,STA-C4740,01-06-2023,Bakery,1,2.37,Returned,Mobile App
STA-O6443,STA-C6746,18-01-2023,Bakery,5,2.27,Shipped,Credit Card
STA-O5178,STA-C9993,21-03-2023,Merchandise,3,17.74,Delivered,Mobile App
STA-O12435,STA-C7010,11-05-2025,Tea,5,5.9,Cancelled,Credit Card
STA-O12156,STA-C2987,22-08-2024,Sandwiches,2,8.24,Delivered,Starbucks Card
STA-O5777,STA-C1421,05-07-2023,Bakery,3,4.29,Returned,Credit Card
STA-O6265,STA-C5967,17-05-2023,Hot Coffee,2,3.05,Delivered,Credit Card
STA-O10804,STA-C10766,14-01-2025,Bakery,5,2.84,Returned,Mobile App
STA-O9627,STA-C2794,03-05-2024,Coffee Beans (Retail),3,15.13,Shipped,Credit Card
STA-O5696,STA-C6543,28-09-2023,Frappuccino,3,5.21,Delivered,Cash
STA-O11281,STA-C2952,25-12-2025,Sandwiches,3,6.94,Cancelled,Starbucks Card
STA-O12410,STA-C7713,05-09-2024,Cold Coffee,1,4.43,Cancelled,Credit Card
STA-O13383,STA-C9792,21-11-2024,Sandwiches,3,7.65,Delivered,Mobile App
STA-O13682,STA-C10305,03-06-2025,Merchandise,5,35.59,Delivered,Starbucks Card
STA-O11365,STA-C8721,27-10-2024,Frappuccino,2,5.15,Delivered,Cash
STA-O9332,STA-C9999,22-09-2023,Cold Coffee,5,6.13,Shipped,Mobile App
STA-O12036,STA-C3403,28-03-2025,Frappuccino,3,6.89,Shipped,Starbucks Card
STA-O5599,STA-C3631,19-07-2024,Frappuccino,5,7.98,Delivered,Mobile App
STA-O11026,STA-C6491,05-07-2025,Bakery,5,5.55,Returned,Credit Card
STA-O5829,STA-C5940,22-08-2023,Bakery,1,5.12,Delivered,Credit Card
STA-O5336,STA-C4113,12-11-2025,Sandwiches,4,7.73,Delivered,Mobile App
STA-O5819,STA-C2889,17-10-2024,Bakery,5,3.2,Cancelled,Mobile App
STA-O14651,STA-C7317,07-01-2024,Bakery,1,4.02,Cancelled,Mobile App
STA-O5480,STA-C6263,13-10-2025,Sandwiches,2,6,Pending,Starbucks Card
STA-O8948,STA-C7243,15-02-2025,Hot Coffee,3,4.07,Shipped,Mobile App
STA-O5313,STA-C6895,04-02-2025,Frappuccino,1,8.31,Cancelled,Starbucks Card
STA-O5264,STA-C4824,23-06-2025,Tea,4,3.25,Pending,Mobile App
STA-O7744,STA-C4480,13-08-2023,Cold Coffee,3,5.98,Delivered,Starbucks Card
STA-O12382,STA-C8546,19-02-2025,Sandwiches,2,5,Cancelled,Cash
STA-O12075,STA-C4562,20-12-2023,Cold Coffee,4,5.6,Cancelled,Cash
STA-O11420,STA-C9999,03-12-2025,Hot Coffee,1,3.53,Cancelled,Mobile App
STA-O14473,STA-C2347,30-12-2025,Hot Coffee,1,6.8,Shipped,Starbucks Card
STA-O11533,STA-C4345,08-11-2025,Coffee Beans (Retail),5,16.53,Pending,Starbucks Card
STA-O6711,STA-C7797,22-03-2023,Bakery,1,2.86,Pending,Mobile App
STA-O9251,STA-C4838,19-06-2024,Merchandise,3,22.49,Shipped,Credit Card
STA-O8425,STA-C10279,09-10-2024,Hot Coffee,5,5.8,Delivered,Credit Card
STA-O7303,STA-C7183,06-05-2025,Merchandise,1,33.11,Cancelled,Mobile App
STA-O11535,STA-C7914,01-01-2024,Coffee Beans (Retail),4,10.17,Delivered,Mobile App
STA-O8249,STA-C1325,03-07-2024,Cold Coffee,2,6.11,Delivered,Starbucks Card
STA-O6082,STA-C10610,09-11-2025,Coffee Beans (Retail),5,24.58,Returned,Credit Card
STA-O5228,STA-C7352,25-04-2023,Merchandise,1,28.96,Returned,Mobile App
STA-O6491,STA-C7539,09-11-2023,Coffee Beans (Retail),1,11.29,Delivered,Starbucks Card
STA-O7483,STA-C10017,24-07-2024,Frappuccino,4,6.09,Cancelled,Starbucks Card
STA-O7020,STA-C5970,15-03-2024,Cold Coffee,5,4.93,Unknown,Starbucks Card
STA-O6008,STA-C8721,08-04-2023,Frappuccino,3,9,Returned,Credit Card
STA-O6673,STA-C1724,12-07-2025,Merchandise,5,16.98,Delivered,Cash
STA-O7799,STA-C7362,11-08-2025,Hot Coffee,3,4.22,Pending,Starbucks Card
STA-O6471,STA-C5246,18-09-2024,Frappuccino,4,6.47,Delivered,Mobile App
STA-O11772,STA-C10253,06-07-2025,Hot Coffee,5,5.74,Returned,Mobile App
STA-O10549,STA-C7080,06-11-2024,Merchandise,2,32.12,Delivered,Cash
STA-O6361,STA-C5575,10-11-2023,Hot Coffee,5,3.88,Delivered,Credit Card
STA-O12202,STA-C6105,08-12-2025,Merchandise,5,20.1,Delivered,Cash
STA-O14654,STA-C1032,01-10-2023,Sandwiches,4,6.34,Cancelled,Starbucks Card
STA-O12070,STA-C10807,25-02-2023,Merchandise,2,24.85,Pending,Mobile App
STA-O6046,STA-C9869,27-09-2025,Hot Coffee,5,5.44,Delivered,Mobile App
STA-O9892,STA-C3289,30-11-2023,Merchandise,2,31.28,Delivered,Starbucks Card
STA-O12287,STA-C1504,26-01-2023,Merchandise,4,19.8,Unknown,Credit Card
STA-O5373,STA-C5518,04-09-2025,Tea,3,5.19,Delivered,Cash
STA-O6408,STA-C7324,10-04-2025,Coffee Beans (Retail),4,10.81,Delivered,Credit Card
STA-O7987,STA-C10891,18-06-2023,Merchandise,3,33.03,Cancelled,Credit Card
STA-O12270,STA-C5356,07-10-2023,Bakery,1,4.31,Returned,Cash
STA-O14535,STA-C9999,03-08-2024,Bakery,4,4.93,Pending,Credit Card
STA-O8719,STA-C1780,19-07-2024,Frappuccino,2,7.76,Delivered,Mobile App
STA-O9356,STA-C8252,27-08-2025,Hot Coffee,1,5.98,Pending,Credit Card
STA-O9305,STA-C6780,14-06-2025,Hot Coffee,1,5.29,Returned,Cash
STA-O5884,STA-C2260,12-10-2024,Bakery,2,4.62,Delivered,Starbucks Card
STA-O6229,STA-C7167,08-11-2025,Bakery,1,5.07,Delivered,Mobile App
STA-O10038,STA-C3800,07-04-2024,Cold Coffee,1,5.12,Delivered,Credit Card
STA-O5287,STA-C7438,11-05-2023,Frappuccino,3,8.91,Cancelled,Cash
STA-O8786,STA-C6795,21-11-2023,Bakery,4,3.36,Cancelled,Mobile App
STA-O6169,STA-C6439,25-07-2025,Sandwiches,1,6.83,Cancelled,Credit Card
STA-O11820,STA-C7384,20-05-2024,Tea,4,5.34,Pending,Credit Card
STA-O9159,STA-C3485,12-09-2023,Sandwiches,4,5.65,Delivered,Mobile App
STA-O8560,STA-C10305,07-01-2025,Frappuccino,2,8.59,Delivered,Credit Card
STA-O10436,STA-C10887,13-02-2023,Cold Coffee,3,6.7,Cancelled,Credit Card
STA-O12359,STA-C3283,24-03-2024,Frappuccino,1,8.95,Delivered,Mobile App
STA-O5820,STA-C9999,22-10-2025,Bakery,5,3.09,Delivered,Cash
STA-O6577,STA-C8480,13-10-2024,Coffee Beans (Retail),5,12.24,Returned,Starbucks Card
STA-O10106,STA-C4402,15-08-2025,Coffee Beans (Retail),3,14.14,Returned,Credit Card
STA-O12573,STA-C6496,05-08-2025,Sandwiches,5,8.9,Delivered,Credit Card
STA-O8865,STA-C4544,29-08-2023,Cold Coffee,3,4.03,Unknown,Cash
STA-O10896,STA-C7103,19-04-2023,Tea,5,5.44,Cancelled,Mobile App
STA-O12124,STA-C6508,26-01-2025,Bakery,5,4.58,Cancelled,Credit Card
STA-O12041,STA-C2605,13-09-2024,Frappuccino,4,5.86,Shipped,Credit Card
STA-O10909,STA-C1934,23-02-2025,Bakery,2,3.5,Delivered,Starbucks Card
STA-O13888,STA-C10421,05-05-2024,Cold Coffee,1,7.93,Delivered,Credit Card
STA-O13603,STA-C6113,04-03-2023,Merchandise,3,18.23,Delivered,Mobile App
STA-O9066,STA-C10635,02-04-2024,Merchandise,2,38.79,Cancelled,Credit Card
STA-O9531,STA-C9918,28-11-2025,Bakery,2,5.86,Delivered,Credit Card
STA-O7556,STA-C4893,08-05-2023,Tea,4,4.38,Delivered,Cash
STA-O5288,STA-C2956,08-12-2025,Hot Coffee,1,3.46,Delivered,Mobile App
STA-O9596,STA-C3517,23-06-2023,Frappuccino,5,6.78,Delivered,Starbucks Card
STA-O5816,STA-C6804,03-02-2023,Cold Coffee,5,5.03,Delivered,Credit Card
STA-O7586,STA-C5820,31-07-2023,Merchandise,2,39.63,Cancelled,Mobile App
STA-O11550,STA-C5493,23-06-2024,Hot Coffee,5,6.1,Shipped,Credit Card
STA-O6782,STA-C3861,05-07-2025,Merchandise,3,35.93,Delivered,Credit Card
STA-O14061,STA-C1560,06-03-2025,Hot Coffee,3,4.25,Returned,Cash
STA-O7846,STA-C7075,26-01-2024,Bakery,3,5.49,Cancelled,Starbucks Card
STA-O9005,STA-C1831,04-09-2023,Coffee Beans (Retail),3,14.5,Cancelled,Mobile App
STA-O9994,STA-C7302,09-02-2024,Bakery,4,4.1,Pending,Starbucks Card
STA-O12920,STA-C4584,21-01-2025,Bakery,4,3.47,Delivered,Cash
STA-O9848,STA-C1054,03-12-2024,Frappuccino,2,5.14,Cancelled,Starbucks Card
STA-O13228,STA-C4566,03-10-2024,Merchandise,3,8.31,Cancelled,Cash
STA-O12217,STA-C4501,08-04-2023,Bakery,5,4.25,Pending,Mobile App
STA-O12245,STA-C8096,10-04-2023,Tea,1,3.97,Delivered,Starbucks Card
STA-O10914,STA-C7939,31-10-2024,Bakery,1,5.37,Delivered,Mobile App
STA-O11735,STA-C10406,01-03-2023,Bakery,1,2.21,Shipped,Cash
STA-O8281,STA-C2786,13-07-2024,Frappuccino,3,5.41,Delivered,Credit Card
STA-O6593,STA-C6511,02-10-2025,Cold Coffee,5,6.64,Pending,Starbucks Card
STA-O8913,STA-C8786,18-02-2023,Hot Coffee,2,4.74,Delivered,Credit Card
STA-O11823,STA-C9104,15-10-2024,Tea,2,5.85,Delivered,Credit Card
STA-O14497,STA-C6979,01-07-2025,Merchandise,4,28.34,Cancelled,Starbucks Card
STA-O6228,STA-C3652,20-09-2023,Merchandise,5,13.41,Delivered,Starbucks Card
STA-O10868,STA-C3443,06-04-2024,Cold Coffee,1,5.34,Returned,Starbucks Card
STA-O6802,STA-C3906,16-10-2023,Hot Coffee,3,3.54,Returned,Cash
STA-O10972,STA-C5110,01-02-2025,Sandwiches,2,8.31,Pending,Starbucks Card
STA-O5853,STA-C1158,22-06-2023,Coffee Beans (Retail),1,23.91,Cancelled,Credit Card
STA-O12095,STA-C7047,02-11-2024,Cold Coffee,3,4.45,Shipped,Cash
STA-O7562,STA-C10422,06-06-2025,Bakery,4,3.95,Delivered,Starbucks Card
STA-O7022,STA-C2167,30-04-2023,Merchandise,1,34.59,Delivered,Credit Card
STA-O10034,STA-C10339,21-08-2025,Merchandise,3,35.83,Delivered,Cash
STA-O13461,STA-C6741,26-04-2025,Merchandise,2,19.95,Delivered,Mobile App
STA-O14975,STA-C8519,09-04-2025,Bakery,3,3.39,Pending,Mobile App
STA-O5958,STA-C3351,07-10-2024,Merchandise,4,36.13,Returned,Mobile App
STA-O11629,STA-C3077,04-01-2024,Frappuccino,5,5.32,Shipped,Mobile App
STA-O11121,STA-C1577,14-01-2023,Hot Coffee,3,3.62,Delivered,Starbucks Card
STA-O12424,STA-C10352,08-05-2023,Frappuccino,1,7.39,Cancelled,Credit Card
STA-O13867,STA-C5692,20-03-2024,Coffee Beans (Retail),4,20.86,Delivered,Credit Card
STA-O9924,STA-C3814,09-05-2023,Cold Coffee,4,7.24,Shipped,Credit Card
STA-O9449,STA-C10047,13-05-2025,Cold Coffee,4,5.74,Delivered,Mobile App
STA-O11791,STA-C5379,15-02-2025,Sandwiches,1,5.86,Pending,Mobile App
STA-O8975,STA-C4713,19-02-2024,Merchandise,3,23.12,Cancelled,Mobile App
STA-O6186,STA-C2834,03-07-2025,Sandwiches,3,5.37,Delivered,Cash
STA-O6404,STA-C2642,03-09-2025,Tea,4,4.6,Delivered,Cash
STA-O12887,STA-C8406,02-12-2024,Coffee Beans (Retail),1,19.45,Returned,Mobile App
STA-O13459,STA-C3605,07-04-2024,Coffee Beans (Retail),5,12.22,Delivered,Cash
STA-O6296,STA-C2374,30-04-2025,Hot Coffee,1,4.42,Pending,Credit Card
STA-O13458,STA-C8230,13-02-2024,Sandwiches,3,7.5,Cancelled,Credit Card
STA-O5448,STA-C1958,01-03-2023,Sandwiches,1,7.44,Delivered,Starbucks Card
STA-O14500,STA-C5451,11-02-2024,Tea,5,5.72,Unknown,Mobile App
STA-O11978,STA-C9795,08-12-2023,Merchandise,3,28.54,Delivered,Starbucks Card
STA-O8088,STA-C2578,21-11-2025,Cold Coffee,4,7.23,Delivered,Credit Card
STA-O13229,STA-C8450,17-07-2025,Bakery,4,5.04,Delivered,Starbucks Card
STA-O6487,STA-C8056,27-02-2023,Coffee Beans (Retail),5,11.07,Shipped,Mobile App
STA-O10863,STA-C6811,14-10-2025,Frappuccino,3,7.71,Pending,Starbucks Card
STA-O7196,STA-C2439,14-07-2023,Merchandise,5,38.8,Returned,Starbucks Card
STA-O11625,STA-C4143,13-09-2025,Sandwiches,1,6.94,Shipped,Credit Card
STA-O5638,STA-C5648,08-01-2023,Tea,2,4.56,Cancelled,Credit Card
STA-O14127,STA-C6281,13-10-2024,Hot Coffee,1,5.66,Pending,Mobile App
STA-O12662,STA-C5875,19-08-2024,Cold Coffee,1,4.89,Returned,Credit Card
STA-O11793,STA-C4259,18-03-2024,Hot Coffee,1,6.71,Shipped,Mobile App
STA-O10953,STA-C10139,31-10-2024,Hot Coffee,3,6.54,Pending,Starbucks Card
STA-O10148,STA-C1880,12-01-2025,Sandwiches,3,7.53,Delivered,Starbucks Card
STA-O6674,STA-C3824,01-05-2023,Cold Coffee,2,7.91,Shipped,Credit Card
STA-O5768,STA-C8847,25-11-2024,Bakery,5,3.69,Returned,Starbucks Card
STA-O10296,STA-C9755,23-12-2023,Bakery,2,2.35,Pending,Cash
STA-O6892,STA-C8789,24-07-2023,Frappuccino,1,8.46,Delivered,Cash
STA-O9965,STA-C10967,01-06-2025,Bakery,3,2.65,Pending,Cash
STA-O7598,STA-C6199,23-01-2023,Merchandise,2,10.88,Returned,Mobile App
STA-O10736,STA-C2734,13-07-2025,Merchandise,2,33.16,Unknown,Starbucks Card
STA-O11500,STA-C4193,25-08-2025,Bakery,5,5.32,Returned,Cash
STA-O10711,STA-C7121,11-03-2025,Bakery,1,5.51,Shipped,Starbucks Card
STA-O14573,STA-C10554,30-04-2023,Sandwiches,2,7.5,Pending,Cash
STA-O10855,STA-C10811,09-11-2025,Tea,2,3.1,Returned,Cash
STA-O10841,STA-C7981,23-08-2025,Bakery,1,2.77,Delivered,Mobile App
STA-O8099,STA-C10654,25-06-2023,Bakery,4,3.28,Delivered,Starbucks Card
STA-O9096,STA-C8579,29-03-2024,Coffee Beans (Retail),5,13.56,Pending,Starbucks Card
STA-O11253,STA-C1056,22-07-2024,Hot Coffee,3,6.71,Delivered,Mobile App
STA-O6951,STA-C2967,11-02-2024,Sandwiches,1,5.67,Returned,Mobile App
STA-O14734,STA-C5572,26-01-2023,Coffee Beans (Retail),3,17.68,Delivered,Credit Card
STA-O6955,STA-C3781,14-02-2023,Merchandise,4,11.14,Pending,Cash
STA-O12836,STA-C9999,29-12-2024,Bakery,5,5.59,Delivered,Cash
STA-O6502,STA-C10288,29-12-2023,Cold Coffee,2,5.21,Delivered,Credit Card
STA-O6116,STA-C1672,22-04-2023,Hot Coffee,5,4.05,Delivered,Credit Card
STA-O14009,STA-C7178,05-11-2023,Coffee Beans (Retail),4,18.06,Shipped,Cash
STA-O6419,STA-C9399,27-06-2024,Coffee Beans (Retail),3,13.09,Pending,Starbucks Card
STA-O5608,STA-C1044,26-09-2025,Coffee Beans (Retail),5,20.6,Delivered,Starbucks Card
STA-O5993,STA-C2979,12-06-2025,Frappuccino,2,8.38,Returned,Cash
STA-O6883,STA-C4008,29-01-2025,Frappuccino,2,6.64,Pending,Credit Card
STA-O6024,STA-C9999,08-03-2024,Merchandise,1,17.23,Delivered,Cash
STA-O11496,STA-C4711,14-11-2023,Tea,2,5.12,Delivered,Cash
STA-O12809,STA-C1342,26-04-2023,Hot Coffee,3,5.28,Delivered,Credit Card
STA-O10302,STA-C5264,08-02-2023,Sandwiches,4,6.97,Cancelled,Credit Card
STA-O14541,STA-C8329,20-07-2025,Hot Coffee,5,5.82,Shipped,Cash
STA-O10313,STA-C3102,09-10-2025,Bakery,3,4.15,Returned,Starbucks Card
STA-O5994,STA-C1224,07-09-2024,Merchandise,4,24.43,Delivered,Credit Card
STA-O11285,STA-C6802,04-10-2025,Coffee Beans (Retail),5,17.81,Returned,Starbucks Card
STA-O9956,STA-C5059,14-03-2024,Frappuccino,3,7.36,Delivered,Starbucks Card
STA-O6058,STA-C2441,24-02-2025,Sandwiches,3,6.46,Delivered,Credit Card
STA-O5384,STA-C2557,23-06-2023,Merchandise,2,23.56,Pending,Credit Card
STA-O10157,STA-C4629,31-01-2023,Hot Coffee,1,4.85,Delivered,Cash
STA-O7746,STA-C2945,09-11-2024,Cold Coffee,5,7.66,Cancelled,Cash
STA-O14499,STA-C4938,29-01-2024,Tea,3,5.37,Returned,Starbucks Card
STA-O9133,STA-C8514,20-10-2023,Frappuccino,3,6.69,Shipped,Credit Card
STA-O5835,STA-C5774,25-12-2024,Cold Coffee,5,6.94,Pending,Credit Card
STA-O5679,STA-C6248,16-05-2025,Tea,4,3.37,Shipped,Credit Card
STA-O14180,STA-C3450,07-02-2023,Bakery,1,3.01,Delivered,Starbucks Card
STA-O7334,STA-C9811,27-12-2024,Coffee Beans (Retail),3,14.35,Delivered,Mobile App
STA-O11599,STA-C9866,28-06-2023,Sandwiches,1,8.77,Delivered,Cash
STA-O7086,STA-C6827,26-10-2025,Sandwiches,2,6.56,Delivered,Cash
STA-O7675,STA-C2698,20-05-2025,Coffee Beans (Retail),4,19.2,Cancelled,Mobile App
STA-O14737,STA-C10569,01-01-2023,Hot Coffee,4,3.97,Pending,Cash
STA-O10131,STA-C6710,01-04-2025,Hot Coffee,2,6.56,Delivered,Cash
STA-O7003,STA-C6865,09-04-2024,Merchandise,4,34.74,Delivered,Starbucks Card
STA-O11361,STA-C2950,13-09-2025,Frappuccino,2,8.15,Pending,Cash
STA-O11403,STA-C9406,23-11-2025,Bakery,3,3.22,Delivered,Cash
STA-O9379,STA-C9999,19-12-2024,Frappuccino,1,7.48,Delivered,Cash
STA-O14307,STA-C2739,25-08-2025,Sandwiches,1,7.24,Returned,Credit Card
STA-O6111,STA-C5259,29-08-2024,Tea,5,5.65,Delivered,Credit Card
STA-O11331,STA-C1442,04-06-2024,Sandwiches,1,7.09,Shipped,Cash
STA-O12050,STA-C2523,05-07-2024,Coffee Beans (Retail),1,16.45,Delivered,Cash
STA-O13478,STA-C10868,08-10-2023,Frappuccino,2,8.72,Cancelled,Mobile App
STA-O8399,STA-C2522,02-07-2023,Tea,2,3.79,Delivered,Starbucks Card
STA-O5707,STA-C1649,10-08-2025,Hot Coffee,2,6.81,Shipped,Mobile App
STA-O14924,STA-C10097,25-04-2025,Bakery,4,3.76,Delivered,Starbucks Card
STA-O11061,STA-C3747,02-05-2024,Frappuccino,1,5.87,Pending,Starbucks Card
STA-O5538,STA-C7087,08-05-2024,Bakery,3,4.31,Cancelled,Starbucks Card
STA-O8177,STA-C10426,06-10-2025,Coffee Beans (Retail),2,17.66,Shipped,Cash
STA-O12341,STA-C6238,22-11-2023,Merchandise,5,18.42,Delivered,Starbucks Card
STA-O10483,STA-C10437,15-01-2025,Frappuccino,3,7.09,Shipped,Mobile App
STA-O9898,STA-C6939,20-06-2024,Bakery,4,5.91,Pending,Credit Card
STA-O11638,STA-C1312,08-03-2024,Frappuccino,3,7.1,Cancelled,Credit Card
STA-O10118,STA-C2603,23-03-2025,Cold Coffee,1,7.59,Cancelled,Cash
STA-O11536,STA-C8166,17-01-2023,Frappuccino,1,5.6,Delivered,Cash
STA-O13921,STA-C10119,19-09-2023,Coffee Beans (Retail),2,12.57,Shipped,Starbucks Card
STA-O11444,STA-C3215,17-09-2024,Merchandise,1,25.31,Delivered,Cash
STA-O11219,STA-C5920,01-10-2024,Cold Coffee,3,6.57,Shipped,Cash
STA-O13046,STA-C6924,26-04-2025,Merchandise,1,13.98,Delivered,Starbucks Card
STA-O14349,STA-C8131,29-02-2024,Hot Coffee,2,6.36,Shipped,Starbucks Card
STA-O13230,STA-C3284,05-04-2025,Coffee Beans (Retail),1,15.84,Delivered,Credit Card
STA-O11286,STA-C5154,23-11-2024,Cold Coffee,1,4.06,Pending,Starbucks Card
STA-O9260,STA-C6089,13-06-2024,Frappuccino,5,5.76,Cancelled,Credit Card
STA-O7994,STA-C2007,02-01-2023,Cold Coffee,5,6.87,Shipped,Credit Card
STA-O11315,STA-C2604,26-03-2025,Sandwiches,3,6.02,Unknown,Cash
STA-O7081,STA-C2739,30-05-2024,Frappuccino,2,8.7,Delivered,Credit Card
STA-O14862,STA-C6018,15-07-2023,Sandwiches,3,6.92,Delivered,Cash
STA-O13102,STA-C10543,21-10-2023,Coffee Beans (Retail),3,21.31,Shipped,Credit Card
STA-O10110,STA-C7949,30-01-2024,Coffee Beans (Retail),2,21.39,Shipped,Starbucks Card
STA-O10015,STA-C9196,11-03-2023,Bakery,1,4.38,Pending,Mobile App
STA-O11953,STA-C6719,16-08-2025,Frappuccino,5,6.23,Delivered,Starbucks Card
STA-O5077,STA-C9478,19-10-2023,Coffee Beans (Retail),3,11.79,Delivered,Cash
STA-O10821,STA-C4463,18-10-2023,Sandwiches,3,6.85,Cancelled,Mobile App
STA-O11725,STA-C2672,14-09-2025,Hot Coffee,4,4.73,Delivered,Starbucks Card
STA-O6833,STA-C5065,12-06-2023,Frappuccino,1,5.77,Shipped,Credit Card
STA-O6368,STA-C8158,10-05-2024,Cold Coffee,2,5.62,Pending,Mobile App
STA-O5389,STA-C10365,14-08-2025,Hot Coffee,5,5.8,Returned,Cash
STA-O5095,STA-C9597,15-05-2023,Merchandise,2,10.29,Cancelled,Cash
STA-O8119,STA-C5381,23-11-2023,Coffee Beans (Retail),1,21.97,Returned,Starbucks Card
STA-O9245,STA-C8043,03-05-2023,Frappuccino,3,6.43,Pending,Cash
STA-O13376,STA-C10947,31-10-2024,Sandwiches,1,7.72,Returned,Credit Card
STA-O8543,STA-C5876,11-05-2023,Sandwiches,5,7.58,Delivered,Cash
STA-O5924,STA-C8786,05-10-2025,Merchandise,3,16.69,Delivered,Cash
STA-O11086,STA-C3619,06-06-2025,Coffee Beans (Retail),4,14.27,Cancelled,Cash
STA-O7432,STA-C6828,29-05-2023,Merchandise,5,29.95,Delivered,Mobile App
STA-O8472,STA-C9906,17-01-2025,Frappuccino,2,5.81,Delivered,Mobile App
STA-O12903,STA-C7886,27-06-2023,Sandwiches,5,7.01,Returned,Starbucks Card
STA-O11803,STA-C4210,10-06-2024,Hot Coffee,2,3.95,Shipped,Credit Card
STA-O9618,STA-C6987,22-03-2025,Hot Coffee,3,6.9,Shipped,Cash
STA-O5255,STA-C10579,11-07-2025,Bakery,2,3.25,Cancelled,Cash
STA-O8380,STA-C8781,04-02-2025,Bakery,5,5.08,Delivered,Cash
STA-O13200,STA-C8609,03-11-2023,Coffee Beans (Retail),1,18.89,Cancelled,Cash
STA-O13286,STA-C8846,04-04-2025,Coffee Beans (Retail),2,23.23,Delivered,Cash
STA-O13351,STA-C4530,03-04-2024,Bakery,2,5.03,Delivered,Mobile App
STA-O5406,STA-C4175,05-08-2023,Merchandise,1,39.42,Shipped,Cash
STA-O12681,STA-C8519,15-05-2023,Coffee Beans (Retail),5,10.69,Delivered,Starbucks Card
STA-O12104,STA-C5652,15-12-2023,Coffee Beans (Retail),5,24.53,Delivered,Cash
STA-O9583,STA-C7571,14-02-2023,Tea,2,4.98,Delivered,Mobile App
STA-O7224,STA-C2187,02-12-2023,Merchandise,4,26.47,Delivered,Mobile App
STA-O6289,STA-C9711,27-08-2025,Cold Coffee,4,5.29,Delivered,Starbucks Card
STA-O7487,STA-C2074,18-02-2024,Frappuccino,3,7.73,Pending,Cash
STA-O13777,STA-C10629,28-10-2025,Cold Coffee,5,6.34,Returned,Cash
STA-O14741,STA-C4676,22-11-2024,Coffee Beans (Retail),2,19.6,Cancelled,Credit Card
STA-O14871,STA-C1057,21-11-2023,Sandwiches,2,5.68,Delivered,Credit Card
STA-O9933,STA-C7484,29-01-2023,Coffee Beans (Retail),5,15.85,Cancelled,Cash
STA-O5271,STA-C9992,08-11-2023,Cold Coffee,1,6.29,Delivered,Starbucks Card
STA-O8718,STA-C10612,05-09-2024,Merchandise,2,30.2,Shipped,Starbucks Card
STA-O14356,STA-C5520,11-11-2025,Cold Coffee,2,6.71,Shipped,Credit Card
STA-O7476,STA-C6950,02-09-2024,Sandwiches,2,8.93,Delivered,Cash
STA-O11295,STA-C8722,07-08-2025,Frappuccino,5,7.92,Delivered,Cash
STA-O8071,STA-C9216,11-04-2025,Sandwiches,4,5.93,Delivered,Starbucks Card
STA-O8840,STA-C8544,12-08-2024,Frappuccino,5,5.41,Delivered,Cash
STA-O10575,STA-C5940,04-10-2024,Bakery,3,5.5,Delivered,Starbucks Card
STA-O14102,STA-C4103,05-03-2023,Frappuccino,4,8.74,Delivered,Starbucks Card
STA-O6736,STA-C1739,11-05-2024,Bakery,5,5,Delivered,Cash
STA-O11306,STA-C4105,17-06-2023,Merchandise,5,13.47,Pending,Mobile App
STA-O9883,STA-C5150,03-07-2025,Bakery,2,2.76,Delivered,Mobile App
STA-O11210,STA-C2755,12-08-2025,Hot Coffee,4,4.77,Shipped,Credit Card
STA-O11517,STA-C4131,25-03-2024,Sandwiches,3,7.88,Delivered,Starbucks Card
STA-O8684,STA-C5129,25-11-2023,Cold Coffee,4,6.05,Cancelled,Credit Card
STA-O12792,STA-C5208,07-07-2025,Merchandise,1,25.46,Shipped,Starbucks Card
STA-O6121,STA-C7668,05-08-2024,Bakery,2,5.73,Cancelled,Cash
STA-O13002,STA-C8613,29-09-2025,Merchandise,1,22.65,Delivered,Credit Card
STA-O7273,STA-C2705,22-05-2023,Coffee Beans (Retail),4,16.84,Cancelled,Starbucks Card
STA-O14673,STA-C8888,12-02-2025,Tea,4,5.42,Delivered,Mobile App
STA-O10512,STA-C6628,18-10-2024,Coffee Beans (Retail),3,17.71,Pending,Cash
STA-O13819,STA-C8445,18-01-2024,Merchandise,5,31.53,Shipped,Mobile App
STA-O7398,STA-C8915,06-07-2025,Merchandise,5,24.09,Pending,Starbucks Card
STA-O9733,STA-C2634,07-06-2025,Frappuccino,3,8.91,Pending,Credit Card
STA-O12326,STA-C4758,02-12-2023,Hot Coffee,3,4.94,Returned,Starbucks Card
STA-O12376,STA-C1019,01-02-2023,Tea,2,4.78,Delivered,Starbucks Card
STA-O14094,STA-C7021,08-02-2025,Frappuccino,4,6.19,Delivered,Mobile App
STA-O8529,STA-C3776,02-09-2025,Bakery,4,4.44,Shipped,Credit Card
STA-O5455,STA-C5724,19-03-2023,Cold Coffee,5,5.15,Returned,Credit Card
STA-O5911,STA-C7057,02-03-2023,Cold Coffee,5,6.21,Pending,Cash
STA-O11670,STA-C2392,13-01-2024,Bakery,1,5.59,Delivered,Credit Card
STA-O13560,STA-C1528,06-05-2023,Bakery,2,3.27,Delivered,Starbucks Card
STA-O12458,STA-C10475,28-11-2024,Merchandise,4,8.97,Delivered,Cash
STA-O13839,STA-C6869,17-12-2025,Hot Coffee,1,3.74,Unknown,Cash
STA-O6973,STA-C7427,16-11-2024,Tea,4,4.7,Returned,Mobile App
STA-O14949,STA-C10317,27-10-2024,Tea,5,5.27,Cancelled,Starbucks Card
STA-O12019,STA-C8140,24-04-2025,Bakery,4,5.55,Cancelled,Credit Card
STA-O5886,STA-C4830,31-07-2023,Coffee Beans (Retail),4,12.61,Delivered,Starbucks Card
STA-O14353,STA-C1605,16-08-2023,Frappuccino,2,5.12,Returned,Mobile App
STA-O8383,STA-C2593,29-08-2023,Hot Coffee,2,5,Cancelled,Starbucks Card
STA-O5522,STA-C3368,23-12-2024,Bakery,1,5.39,Delivered,Cash
STA-O6158,STA-C4084,23-03-2025,Coffee Beans (Retail),4,23.21,Returned,Credit Card
STA-O6249,STA-C10892,12-01-2025,Hot Coffee,4,5.66,Unknown,Starbucks Card
STA-O12614,STA-C8011,08-01-2023,Cold Coffee,1,7.54,Cancelled,Mobile App
STA-O13185,STA-C1227,20-09-2024,Merchandise,2,10.73,Delivered,Starbucks Card
STA-O14000,STA-C4051,28-06-2024,Sandwiches,4,5.89,Delivered,Mobile App
STA-O11678,STA-C1705,20-08-2023,Tea,5,4.78,Shipped,Starbucks Card
STA-O10418,STA-C5287,23-07-2024,Bakery,1,3.2,Pending,Credit Card
STA-O6424,STA-C9960,01-05-2024,Hot Coffee,1,3.56,Returned,Starbucks Card
STA-O7812,STA-C1194,13-11-2024,Frappuccino,2,7.94,Pending,Mobile App
STA-O10825,STA-C3404,02-11-2024,Tea,4,4.48,Cancelled,Credit Card
STA-O7693,STA-C8185,29-06-2024,Bakery,5,2.39,Delivered,Starbucks Card
STA-O14666,STA-C7498,25-03-2024,Hot Coffee,5,3.81,Delivered,Cash
STA-O9649,STA-C2582,08-05-2024,Tea,5,5.82,Shipped,Mobile App
STA-O7532,STA-C9697,28-03-2024,Bakery,3,5.6,Delivered,Cash
STA-O5070,STA-C6632,07-10-2023,Tea,4,5.44,Delivered,Starbucks Card
STA-O11774,STA-C9439,06-07-2023,Tea,4,3.02,Pending,Starbucks Card
STA-O12838,STA-C9856,17-01-2024,Hot Coffee,4,6.29,Shipped,Cash
STA-O9966,STA-C5282,27-08-2025,Coffee Beans (Retail),4,18.16,Pending,Credit Card
STA-O13040,STA-C5430,24-12-2024,Tea,1,5.95,Pending,Cash
STA-O6180,STA-C4189,29-08-2023,Coffee Beans (Retail),4,20.49,Pending,Mobile App
STA-O12869,STA-C10301,23-02-2023,Hot Coffee,3,6.63,Cancelled,Starbucks Card
STA-O14036,STA-C10101,12-01-2025,Hot Coffee,2,6.64,Returned,Starbucks Card
STA-O10254,STA-C10260,18-04-2024,Coffee Beans (Retail),2,23.11,Unknown,Cash
STA-O7528,STA-C8841,30-06-2023,Bakery,1,2.56,Pending,Mobile App
STA-O12109,STA-C8730,24-09-2024,Coffee Beans (Retail),5,23.18,Delivered,Credit Card
STA-O11766,STA-C8027,29-11-2023,Tea,2,5.1,Pending,Credit Card
STA-O5961,STA-C7885,07-04-2023,Tea,3,5.63,Pending,Starbucks Card
STA-O11777,STA-C10472,03-07-2024,Hot Coffee,5,4.44,Cancelled,Cash
STA-O8710,STA-C9820,12-10-2024,Frappuccino,1,6.56,Cancelled,Cash
STA-O13064,STA-C8180,28-06-2023,Sandwiches,2,7.07,Delivered,Starbucks Card
STA-O7759,STA-C1336,24-02-2024,Hot Coffee,1,3.69,Pending,Mobile App
STA-O13955,STA-C3421,01-11-2023,Tea,1,3.94,Delivered,Cash
STA-O7235,STA-C10815,24-04-2024,Merchandise,3,22.85,Shipped,Cash
STA-O7193,STA-C3868,20-04-2023,Merchandise,3,38.29,Delivered,Cash
STA-O13543,STA-C6555,17-11-2025,Tea,2,3.62,Returned,Cash
STA-O12935,STA-C4462,16-06-2023,Merchandise,5,15.21,Pending,Starbucks Card
STA-O10654,STA-C4564,24-08-2025,Tea,4,5.23,Shipped,Cash
STA-O12149,STA-C2663,25-05-2024,Coffee Beans (Retail),3,12.12,Delivered,Mobile App
STA-O12076,STA-C8600,14-03-2024,Cold Coffee,1,5.74,Delivered,Starbucks Card
STA-O8167,STA-C3739,27-04-2023,Cold Coffee,5,4.55,Delivered,Mobile App
STA-O6918,STA-C2588,06-02-2023,Bakery,4,4.2,Delivered,Cash
STA-O14940,STA-C5433,21-03-2023,Merchandise,4,28.35,Delivered,Mobile App
STA-O14297,STA-C8106,09-05-2025,Sandwiches,2,5.95,Cancelled,Starbucks Card
STA-O5866,STA-C10960,19-09-2025,Cold Coffee,1,4.65,Shipped,Starbucks Card
STA-O14727,STA-C6190,14-12-2023,Bakery,4,5.42,Delivered,Mobile App
STA-O11556,STA-C10126,23-07-2025,Sandwiches,1,8.48,Cancelled,Mobile App
STA-O6541,STA-C2506,31-10-2025,Merchandise,3,38.38,Delivered,Mobile App
STA-O10488,STA-C1426,02-05-2025,Bakery,2,3.12,Delivered,Cash
STA-O8716,STA-C6326,06-08-2025,Coffee Beans (Retail),3,11.16,Delivered,Credit Card
STA-O10934,STA-C8876,21-11-2024,Bakery,1,3.95,Delivered,Credit Card
STA-O5617,STA-C7199,08-10-2024,Hot Coffee,2,6.97,Cancelled,Credit Card
STA-O14300,STA-C9449,22-01-2025,Frappuccino,4,8.85,Delivered,Mobile App
STA-O13781,STA-C4716,13-03-2023,Sandwiches,1,6.8,Delivered,Starbucks Card
STA-O14219,STA-C3611,27-03-2023,Coffee Beans (Retail),1,16.99,Delivered,Credit Card
STA-O5040,STA-C8873,16-10-2024,Sandwiches,2,8.02,Delivered,Mobile App
STA-O10121,STA-C4017,25-07-2023,Cold Coffee,2,5.45,Cancelled,Starbucks Card
STA-O10122,STA-C10332,14-09-2025,Cold Coffee,5,6.14,Pending,Credit Card
STA-O14594,STA-C6436,03-10-2024,Sandwiches,3,7.57,Pending,Credit Card
STA-O10570,STA-C5868,06-02-2025,Cold Coffee,1,4.35,Returned,Starbucks Card
STA-O8682,STA-C8684,27-02-2024,Frappuccino,3,8.55,Delivered,Credit Card
STA-O5083,STA-C9981,22-11-2024,Frappuccino,2,5.16,Delivered,Mobile App
STA-O6757,STA-C9999,07-04-2024,Frappuccino,5,7.29,Shipped,Cash
STA-O11541,STA-C2042,15-08-2025,Frappuccino,4,8.19,Returned,Starbucks Card
STA-O13933,STA-C1193,16-03-2023,Bakery,1,5.25,Returned,Starbucks Card
STA-O6809,STA-C6873,22-04-2023,Sandwiches,3,8.04,Delivered,Credit Card
STA-O9068,STA-C5306,29-06-2024,Hot Coffee,1,6.22,Pending,Cash
STA-O13586,STA-C7678,20-11-2023,Bakery,5,4.15,Delivered,Credit Card
STA-O10261,STA-C3522,11-04-2024,Bakery,1,2.5,Delivered,Credit Card
STA-O14837,STA-C8328,27-06-2023,Coffee Beans (Retail),2,16.66,Shipped,Starbucks Card
STA-O6556,STA-C8851,18-03-2024,Bakery,5,2.85,Unknown,Credit Card
STA-O12114,STA-C3527,22-12-2024,Coffee Beans (Retail),2,11.58,Delivered,Starbucks Card
STA-O5146,STA-C7896,18-07-2024,Frappuccino,4,6.25,Cancelled,Starbucks Card
STA-O7231,STA-C5171,08-07-2024,Hot Coffee,3,4.47,Cancelled,Starbucks Card
STA-O9550,STA-C7937,09-01-2024,Merchandise,3,29.72,Cancelled,Mobile App
STA-O9897,STA-C2915,19-06-2025,Bakery,3,3.95,Cancelled,Starbucks Card
STA-O13789,STA-C1831,31-10-2025,Merchandise,4,9.89,Delivered,Cash
STA-O8919,STA-C3085,27-09-2025,Coffee Beans (Retail),5,17.15,Delivered,Mobile App
STA-O5738,STA-C7853,24-02-2024,Tea,2,5.96,Delivered,Credit Card
STA-O9459,STA-C10711,05-07-2025,Sandwiches,3,7.76,Delivered,Starbucks Card
STA-O8309,STA-C4902,16-07-2025,Frappuccino,1,7.71,Unknown,Cash
STA-O7374,STA-C7849,16-10-2025,Frappuccino,1,7.71,Cancelled,Mobile App
STA-O11761,STA-C7125,30-01-2025,Hot Coffee,4,3.93,Shipped,Credit Card
STA-O9666,STA-C10391,20-10-2023,Sandwiches,1,7.45,Delivered,Cash
STA-O6445,STA-C7237,08-09-2025,Merchandise,5,28.52,Shipped,Starbucks Card
STA-O6043,STA-C5481,03-04-2024,Hot Coffee,5,3.83,Delivered,Credit Card
STA-O13910,STA-C9508,16-05-2025,Cold Coffee,2,7.5,Shipped,Mobile App
STA-O8225,STA-C2655,20-12-2024,Hot Coffee,4,5.3,Pending,Mobile App
STA-O5745,STA-C10997,01-02-2025,Tea,2,3.77,Delivered,Credit Card
STA-O7612,STA-C7299,10-04-2025,Tea,1,5.48,Shipped,Cash
STA-O7681,STA-C1813,04-07-2023,Coffee Beans (Retail),5,20.61,Delivered,Starbucks Card
STA-O11466,STA-C10868,27-06-2024,Merchandise,1,26.75,Delivered,Mobile App
STA-O9044,STA-C7082,23-07-2025,Sandwiches,3,8.47,Returned,Mobile App
STA-O7568,STA-C10003,29-03-2023,Hot Coffee,1,5.89,Delivered,Starbucks Card
STA-O8124,STA-C7554,20-06-2023,Coffee Beans (Retail),4,23.9,Unknown,Credit Card
STA-O6308,STA-C8620,24-05-2023,Bakery,4,2.8,Pending,Mobile App
STA-O8022,STA-C3404,18-01-2024,Sandwiches,2,5.99,Returned,Cash
STA-O10380,STA-C2799,29-09-2025,Cold Coffee,5,6.89,Cancelled,Starbucks Card
STA-O6417,STA-C1936,07-05-2024,Merchandise,1,29.4,Returned,Mobile App
STA-O10509,STA-C6745,05-01-2023,Merchandise,4,37.06,Returned,Cash
STA-O6242,STA-C6221,03-09-2024,Tea,2,5.77,Returned,Credit Card
STA-O9616,STA-C1904,13-11-2023,Hot Coffee,1,5.28,Delivered,Mobile App
STA-O6684,STA-C1975,04-05-2025,Cold Coffee,4,5.33,Pending,Starbucks Card
STA-O9760,STA-C9058,17-12-2024,Sandwiches,4,5.75,Cancelled,Credit Card
STA-O9985,STA-C8129,11-11-2025,Coffee Beans (Retail),1,17.1,Cancelled,Starbucks Card
STA-O5628,STA-C6857,07-11-2025,Tea,4,4.34,Unknown,Credit Card
STA-O7051,STA-C1065,04-09-2024,Sandwiches,2,6.14,Delivered,Credit Card
STA-O13106,STA-C2981,13-06-2023,Merchandise,3,14.49,Returned,Mobile App
STA-O10197,STA-C4572,03-01-2024,Tea,4,3.21,Delivered,Credit Card
STA-O9383,STA-C7697,29-08-2023,Bakery,3,4.48,Returned,Starbucks Card
STA-O8687,STA-C1844,15-04-2024,Sandwiches,3,7.11,Returned,Starbucks Card
STA-O10271,STA-C10976,11-04-2023,Coffee Beans (Retail),1,10.55,Delivered,Cash
STA-O10055,STA-C10894,09-09-2024,Sandwiches,4,6.64,Delivered,Credit Card
STA-O11126,STA-C3188,13-10-2024,Bakery,5,5.13,Delivered,Credit Card
STA-O6429,STA-C1830,09-08-2025,Frappuccino,4,5.17,Delivered,Credit Card
STA-O11824,STA-C7728,04-08-2024,Merchandise,5,16.36,Pending,Credit Card
STA-O12542,STA-C3147,14-01-2024,Coffee Beans (Retail),4,18.04,Cancelled,Credit Card
STA-O14315,STA-C1508,08-10-2025,Cold Coffee,1,7.08,Unknown,Cash
STA-O7466,STA-C5231,13-04-2025,Cold Coffee,1,4.14,Shipped,Starbucks Card
STA-O14467,STA-C9859,30-10-2023,Cold Coffee,5,7.14,Returned,Starbucks Card
STA-O5832,STA-C6975,27-11-2023,Sandwiches,5,5.04,Returned,Cash
STA-O7056,STA-C8090,02-12-2024,Frappuccino,2,7.25,Pending,Credit Card
STA-O13098,STA-C3747,12-03-2025,Merchandise,3,29.98,Delivered,Cash
STA-O12452,STA-C6993,24-11-2024,Sandwiches,3,5.73,Unknown,Mobile App
STA-O9881,STA-C9876,27-01-2024,Merchandise,2,26.77,Delivered,Mobile App
STA-O5235,STA-C3079,19-07-2024,Bakery,2,2.25,Delivered,Mobile App
STA-O11200,STA-C7213,26-12-2024,Sandwiches,5,5.22,Pending,Credit Card
STA-O14690,STA-C5425,02-10-2024,Cold Coffee,3,4.5,Shipped,Mobile App
STA-O8471,STA-C7199,08-03-2025,Hot Coffee,4,6.63,Delivered,Mobile App
STA-O13959,STA-C10526,17-05-2023,Bakery,5,5.31,Shipped,Cash
STA-O11975,STA-C3407,19-10-2024,Tea,1,5.07,Returned,Credit Card
STA-O6597,STA-C5342,13-06-2023,Frappuccino,1,8.26,Cancelled,Mobile App
STA-O13014,STA-C7581,12-02-2024,Frappuccino,3,8.91,Delivered,Starbucks Card
STA-O12844,STA-C9999,28-06-2023,Sandwiches,4,6.29,Delivered,Cash
STA-O9876,STA-C5939,21-12-2025,Sandwiches,4,7.81,Delivered,Mobile App
STA-O14974,STA-C7541,12-12-2024,Merchandise,1,10.72,Returned,Cash
STA-O6211,STA-C4335,15-07-2023,Sandwiches,4,7.97,Cancelled,Credit Card
STA-O5387,STA-C10300,14-02-2025,Hot Coffee,2,6.25,Delivered,Cash
STA-O12044,STA-C9530,02-10-2025,Tea,4,3.84,Delivered,Credit Card
STA-O12591,STA-C3887,20-04-2023,Frappuccino,3,6.19,Delivered,Credit Card
STA-O7325,STA-C10860,16-08-2025,Coffee Beans (Retail),1,18.06,Delivered,Mobile App
STA-O10992,STA-C9909,30-06-2025,Hot Coffee,2,4.72,Pending,Mobile App
STA-O14985,STA-C3079,18-07-2024,Tea,5,5.02,Pending,Starbucks Card
STA-O5518,STA-C1110,16-06-2025,Tea,1,5.19,Cancelled,Cash
STA-O5670,STA-C5778,17-08-2025,Frappuccino,2,6.61,Delivered,Mobile App
STA-O14725,STA-C3331,25-07-2023,Cold Coffee,2,5.96,Cancelled,Cash
STA-O13348,STA-C10069,15-04-2025,Hot Coffee,3,6.15,Delivered,Cash
STA-O9032,STA-C6074,16-11-2025,Tea,2,4.41,Returned,Mobile App
STA-O5631,STA-C1431,25-05-2023,Tea,2,3.92,Returned,Mobile App
STA-O11900,STA-C8933,21-06-2023,Hot Coffee,2,3.8,Cancelled,Mobile App
STA-O11908,STA-C10154,24-02-2023,Cold Coffee,4,7.03,Delivered,Mobile App
STA-O12651,STA-C6726,26-12-2025,Frappuccino,3,8.02,Delivered,Cash
STA-O7815,STA-C6813,14-05-2024,Cold Coffee,2,4.28,Delivered,Cash
STA-O6310,STA-C5816,06-10-2024,Frappuccino,3,8.88,Delivered,Cash
STA-O13361,STA-C9558,07-05-2025,Hot Coffee,5,6.28,Delivered,Starbucks Card
STA-O14976,STA-C3468,04-10-2024,Frappuccino,1,7.57,Delivered,Cash
STA-O11347,STA-C8106,23-01-2025,Coffee Beans (Retail),4,19.44,Delivered,Mobile App
STA-O7537,STA-C3680,20-07-2024,Merchandise,1,26.13,Cancelled,Credit Card
STA-O12033,STA-C8128,08-12-2025,Hot Coffee,3,5.02,Delivered,Starbucks Card
STA-O9726,STA-C5427,06-11-2023,Frappuccino,2,8.87,Cancelled,Cash
STA-O5483,STA-C2619,03-09-2024,Coffee Beans (Retail),4,12.24,Pending,Credit Card
STA-O7585,STA-C8433,30-05-2025,Bakery,2,4.95,Delivered,Mobile App
STA-O12434,STA-C8653,26-09-2025,Cold Coffee,1,6.33,Delivered,Starbucks Card
STA-O13893,STA-C7356,29-01-2025,Coffee Beans (Retail),1,16.36,Returned,Mobile App
STA-O7342,STA-C9885,06-09-2024,Bakery,4,4.34,Delivered,Cash
STA-O7147,STA-C2728,08-04-2025,Bakery,5,2.6,Delivered,Credit Card
STA-O12099,STA-C5407,23-03-2025,Bakery,2,5.21,Cancelled,Cash
STA-O11170,STA-C7895,02-06-2024,Merchandise,2,10.43,Delivered,Cash
STA-O11206,STA-C3535,11-02-2024,Coffee Beans (Retail),1,16.06,Delivered,Mobile App
STA-O8241,STA-C3360,28-11-2023,Coffee Beans (Retail),3,13.14,Cancelled,Cash
STA-O10983,STA-C9678,04-12-2023,Bakery,5,4.93,Delivered,Starbucks Card
STA-O9857,STA-C8088,13-12-2025,Bakery,2,2.43,Shipped,Mobile App
STA-O7724,STA-C6367,09-11-2025,Tea,2,4.5,Unknown,Cash
STA-O13739,STA-C4367,19-01-2023,Merchandise,3,38.72,Pending,Starbucks Card
STA-O6254,STA-C1556,08-12-2024,Bakery,2,2.04,Returned,Cash
STA-O5735,STA-C9402,18-05-2024,Sandwiches,1,5.98,Delivered,Cash
STA-O11558,STA-C1579,05-12-2024,Merchandise,4,39.98,Shipped,Starbucks Card
STA-O8454,STA-C4658,28-01-2025,Tea,4,3.99,Returned,Starbucks Card
STA-O5055,STA-C8794,28-09-2025,Sandwiches,3,5.71,Delivered,Mobile App
STA-O13852,STA-C2219,26-07-2024,Bakery,5,4.89,Shipped,Mobile App
STA-O10301,STA-C5784,22-03-2025,Merchandise,1,10.39,Cancelled,Credit Card
STA-O12409,STA-C8716,28-09-2023,Frappuccino,3,6.65,Delivered,Cash
STA-O5540,STA-C4740,28-07-2025,Tea,2,4.08,Cancelled,Credit Card
STA-O11224,STA-C10979,15-08-2024,Tea,3,4.81,Delivered,Mobile App
STA-O7904,STA-C2825,18-09-2024,Frappuccino,2,8.57,Cancelled,Credit Card
STA-O11503,STA-C3483,05-07-2024,Bakery,2,2.9,Returned,Starbucks Card
STA-O11898,STA-C4953,23-11-2025,Sandwiches,2,7.01,Pending,Starbucks Card
STA-O14981,STA-C6990,19-08-2024,Sandwiches,4,5.33,Delivered,Cash
STA-O10188,STA-C3591,13-05-2024,Bakery,5,2.19,Delivered,Starbucks Card
STA-O12762,STA-C1882,31-12-2025,Cold Coffee,3,7.82,Delivered,Mobile App
STA-O10689,STA-C3988,29-01-2025,Merchandise,5,12.31,Delivered,Mobile App
STA-O13529,STA-C7040,25-02-2024,Hot Coffee,3,4.81,Shipped,Cash
STA-O7951,STA-C4153,07-12-2023,Bakery,5,5.43,Delivered,Mobile App
STA-O12204,STA-C3615,29-11-2023,Tea,2,3.56,Pending,Starbucks Card
STA-O6235,STA-C6403,04-07-2023,Sandwiches,3,7.67,Delivered,Credit Card
STA-O9330,STA-C7326,10-06-2023,Frappuccino,4,6.9,Shipped,Credit Card
STA-O10177,STA-C4667,08-10-2024,Hot Coffee,2,6.48,Shipped,Credit Card
STA-O13422,STA-C8731,28-11-2025,Bakery,1,4.59,Shipped,Mobile App
STA-O7029,STA-C8087,22-04-2023,Tea,5,5.49,Delivered,Starbucks Card
STA-O5991,STA-C2527,01-02-2025,Cold Coffee,4,4.01,Pending,Starbucks Card
STA-O9694,STA-C1300,18-12-2025,Coffee Beans (Retail),5,13.83,Delivered,Starbucks Card
STA-O10039,STA-C10370,31-05-2025,Coffee Beans (Retail),3,10.18,Delivered,Mobile App
STA-O9753,STA-C4570,26-09-2023,Sandwiches,2,5.73,Delivered,Mobile App
STA-O5564,STA-C1137,26-01-2024,Coffee Beans (Retail),5,10.13,Delivered,Credit Card
STA-O5110,STA-C10266,30-01-2025,Coffee Beans (Retail),2,22.72,Cancelled,Credit Card
STA-O11055,STA-C9311,03-08-2024,Tea,4,5.48,Delivered,Mobile App
STA-O14469,STA-C10687,14-11-2023,Frappuccino,4,5.27,Delivered,Starbucks Card
STA-O5627,STA-C6174,19-04-2023,Sandwiches,3,8.78,Pending,Mobile App
STA-O8024,STA-C4593,09-01-2025,Hot Coffee,1,6.15,Pending,Mobile App
STA-O5292,STA-C3616,26-11-2024,Frappuccino,4,7.43,Returned,Cash
STA-O9626,STA-C4166,07-01-2024,Bakery,5,5.05,Delivered,Cash
STA-O13237,STA-C7906,05-05-2023,Hot Coffee,3,4.23,Returned,Cash
STA-O12157,STA-C5516,13-12-2024,Frappuccino,1,7.33,Delivered,Starbucks Card
STA-O9212,STA-C1628,09-09-2023,Hot Coffee,5,4.39,Delivered,Credit Card
STA-O9958,STA-C2722,10-05-2023,Hot Coffee,4,5.2,Delivered,Cash
STA-O9565,STA-C5029,18-01-2024,Hot Coffee,4,6.05,Delivered,Cash
STA-O12860,STA-C2359,15-02-2023,Tea,4,5.88,Shipped,Cash
STA-O13968,STA-C8935,08-02-2023,Tea,2,4.23,Delivered,Credit Card
STA-O13399,STA-C3241,15-06-2025,Cold Coffee,4,7.52,Delivered,Cash
STA-O11867,STA-C10135,05-01-2024,Sandwiches,5,7.84,Returned,Credit Card
STA-O9556,STA-C2051,13-09-2025,Tea,3,5.51,Delivered,Credit Card
STA-O9122,STA-C2809,30-07-2025,Hot Coffee,5,6.49,Returned,Credit Card
STA-O6106,STA-C1070,15-07-2025,Coffee Beans (Retail),2,22.7,Pending,Starbucks Card
STA-O9705,STA-C8016,19-04-2023,Cold Coffee,4,4.46,Delivered,Mobile App
STA-O11007,STA-C6556,11-11-2023,Hot Coffee,5,3.01,Delivered,Mobile App
STA-O6797,STA-C9963,07-06-2024,Bakery,5,4.19,Returned,Credit Card
STA-O5104,STA-C3114,14-03-2025,Sandwiches,3,8.21,Delivered,Credit Card
STA-O13582,STA-C1302,26-07-2023,Sandwiches,2,8.41,Returned,Starbucks Card
STA-O7605,STA-C4333,12-09-2023,Merchandise,1,14.51,Delivered,Cash
STA-O7541,STA-C3961,07-11-2025,Hot Coffee,2,6.11,Cancelled,Mobile App
STA-O9854,STA-C1916,29-06-2023,Frappuccino,1,5.72,Delivered,Credit Card
STA-O13020,STA-C9293,04-04-2024,Tea,5,4.07,Delivered,Credit Card
STA-O7823,STA-C9999,22-01-2023,Coffee Beans (Retail),5,11.7,Returned,Cash
STA-O13825,STA-C7073,03-12-2023,Cold Coffee,3,6.53,Delivered,Cash
STA-O12455,STA-C1072,03-10-2025,Bakery,4,5.28,Delivered,Starbucks Card
STA-O10646,STA-C8788,29-09-2025,Coffee Beans (Retail),1,23.16,Delivered,Starbucks Card
STA-O5862,STA-C3676,12-05-2023,Merchandise,1,31.99,Shipped,Mobile App
STA-O10551,STA-C3201,23-02-2023,Hot Coffee,5,3.28,Delivered,Credit Card
STA-O8949,STA-C6860,08-12-2025,Tea,3,4.24,Delivered,Credit Card
STA-O9752,STA-C4825,29-04-2023,Coffee Beans (Retail),5,17.38,Cancelled,Cash
STA-O10633,STA-C3513,10-02-2025,Cold Coffee,3,4.89,Shipped,Mobile App
STA-O14776,STA-C9561,15-06-2025,Merchandise,1,10.61,Returned,Mobile App
STA-O14290,STA-C9423,31-10-2023,Bakery,1,4.43,Pending,Cash
STA-O13070,STA-C8486,02-10-2023,Merchandise,2,25.67,Delivered,Mobile App
STA-O14179,STA-C4429,23-03-2024,Bakery,5,2.24,Delivered,Starbucks Card
STA-O12241,STA-C9910,22-06-2023,Coffee Beans (Retail),2,11.04,Delivered,Credit Card
STA-O10776,STA-C5073,27-02-2023,Tea,5,3.88,Returned,Starbucks Card
STA-O9033,STA-C10896,25-05-2023,Merchandise,2,21.26,Delivered,Credit Card
STA-O10911,STA-C2655,18-02-2024,Merchandise,2,28.35,Pending,Cash
STA-O12849,STA-C6335,04-06-2023,Tea,5,5.46,Pending,Mobile App
STA-O13615,STA-C10185,29-05-2024,Sandwiches,1,6.44,Delivered,Mobile App
STA-O12830,STA-C8318,23-12-2025,Merchandise,1,20.16,Pending,Mobile App
STA-O8209,STA-C3360,07-04-2024,Sandwiches,5,6.42,Delivered,Credit Card
STA-O11455,STA-C5452,03-02-2024,Coffee Beans (Retail),3,20.92,Delivered,Starbucks Card
STA-O10287,STA-C3875,08-07-2025,Frappuccino,3,6.69,Delivered,Mobile App
STA-O7880,STA-C6284,21-07-2025,Bakery,4,5.75,Delivered,Credit Card
STA-O8715,STA-C4560,20-04-2025,Frappuccino,1,7.67,Cancelled,Starbucks Card
