revenue_id,order_id,payment_date,amount_paid_usd,payment_status,refund_amount_usd
STA-R11277,STA-O6546,07-08-2025,9.74,Paid,0
STA-R18369,STA-O14102,03-05-2023,34.96,Paid,0
STA-R10971,STA-O10283,28-06-2024,8.27,Paid,8.27
STA-R12498,STA-O11407,07-11-2023,31.8,Paid,31.8
STA-R16483,STA-O9373,17-09-2024,10.72,Paid,0
STA-R10108,STA-O8012,10-07-2023,74.52,Paid,0
STA-R12443,STA-O7124,12-02-2025,26.85,Paid,0
STA-R9693,STA-O14879,10-04-2025,6.01,Refunded,0
STA-R14886,STA-O10677,27-11-2023,7.11,Paid,0
STA-R16191,STA-O7075,16-05-2025,12.48,Paid,0
STA-R9275,STA-O6384,08-03-2023,139.35,Paid,66.94
STA-R12408,STA-O11282,28-07-2023,31.34,Refunded,0
STA-R16763,STA-O14978,13-05-2024,19.84,Paid,0
STA-R16021,STA-O7143,11-04-2023,15,Paid,0
STA-R10781,STA-O10394,23-05-2023,12.52,Paid,12.52
STA-R18299,STA-O8399,07-02-2023,7.58,Paid,0
STA-R18194,STA-O11735,03-01-2023,2.21,Paid,0
STA-R17363,STA-O13322,01-11-2024,12.66,Paid,0
STA-R9081,STA-O7529,06-02-2023,46.72,Paid,0
STA-R9671,STA-O11348,27-11-2024,20.28,Paid,20.28
STA-R9173,STA-O11693,15-09-2023,23.28,Refunded,0
STA-R10812,STA-O9939,12-09-2024,78.15,Paid,0
STA-R17805,STA-O13969,23-09-2023,20.3,Refunded,0
STA-R11179,STA-O13505,10-08-2023,8.06,Paid,0
STA-R13761,STA-O9457,16-03-2024,18.85,Paid,0
STA-R10396,STA-O13635,11-12-2023,7.21,Paid,7.21
STA-R17976,STA-O9342,07-12-2024,13.58,Paid,2.68
STA-R9041,STA-O8183,03-10-2025,20.64,Paid,20.64
STA-R17316,STA-O14578,25-07-2023,43.34,Paid,0
STA-R13376,STA-O7502,08-06-2025,4.34,Paid,0
STA-R11559,STA-O14358,13-02-2024,16.11,Refunded,0
STA-R18501,STA-O5628,11-07-2025,17.36,Paid,0
STA-R18289,STA-O14737,01-01-2023,15.88,Paid,0
STA-R16334,STA-O5045,02-01-2023,32.35,Refunded,0
STA-R13856,STA-O12642,30-12-2023,21.45,Paid,0
STA-R16841,STA-O8696,08-07-2025,23.85,Paid,0
STA-R9106,STA-O8928,11-03-2023,4.54,Refunded,0
STA-R17013,STA-O7504,27-08-2025,24.68,Paid,0
STA-R14185,STA-O11711,30-06-2024,17.31,Paid,0
STA-R17836,STA-O11828,15-08-2024,114.6,Paid,0
STA-R9785,STA-O9234,17-11-2023,9.72,Paid,0
STA-R18504,STA-O10197,01-03-2024,12.84,Paid,0
STA-R15194,STA-O14401,13-02-2023,5.23,Paid,5.23
STA-R15177,STA-O8017,25-03-2025,29.7,Paid,29.7
STA-R15568,STA-O10889,29-11-2023,8.09,Paid,0
STA-R15181,STA-O9607,09-02-2025,104.4,Paid,104.4
STA-R13003,STA-O6676,14-04-2025,98.64,Paid,0
STA-R12220,STA-O12227,19-07-2025,28.72,Paid,0
STA-R16812,STA-O5662,20-07-2023,14.14,Paid,0
STA-R11244,STA-O10648,25-04-2025,15.3,Paid,0
STA-R18415,STA-O5070,10-07-2023,21.76,Paid,0
STA-R17765,STA-O10047,13-02-2024,29.45,Refunded,0
STA-R13118,STA-O10929,22-01-2025,36.2,Paid,36.2
STA-R14254,STA-O14993,28-09-2025,11.25,Refunded,0
STA-R12159,STA-O9540,28-12-2025,22.36,Paid,0
STA-R17920,STA-O11672,10-09-2024,5.01,Paid,0
STA-R11849,STA-O7275,05-10-2024,50.92,Paid,0
STA-R16801,STA-O6981,21-06-2023,26.9,Paid,0
STA-R16751,STA-O7629,19-04-2023,36.33,Pending,7.3
STA-R11474,STA-O11557,09-04-2023,7.74,Paid,0
STA-R12129,STA-O13062,10-11-2023,38.95,Paid,0
STA-R18630,STA-O5862,05-12-2023,31.99,Paid,0
STA-R14362,STA-O6832,16-10-2025,13.84,Paid,0
STA-R10599,STA-O5130,20-08-2024,13.8,Refunded,0
STA-R10650,STA-O5980,07-04-2025,3.84,Refunded,0
STA-R14862,STA-O12598,19-05-2023,192.6,Paid,0
STA-R10444,STA-O8449,08-08-2023,29.1,Paid,0
STA-R18327,STA-O11953,16-08-2025,31.15,Paid,0
STA-R9140,STA-O5741,23-01-2023,32.58,Refunded,0
STA-R15926,STA-O14083,13-04-2023,35.68,Refunded,0
STA-R9958,STA-O8700,30-07-2023,14.46,Paid,14.46
STA-R13763,STA-O14430,02-06-2023,9.68,Paid,9.68
STA-R10048,STA-O14925,02-12-2025,16.74,Paid,16.74
STA-R9530,STA-O12116,05-03-2025,24.04,Refunded,0
STA-R16622,STA-O10400,01-02-2025,107.4,Refunded,0
STA-R12086,STA-O9840,06-07-2025,48.64,Paid,0
STA-R14762,STA-O6395,07-11-2025,2.49,Paid,0
STA-R13742,STA-O14888,01-02-2024,0,Paid,0
STA-R18269,STA-O12809,26-04-2023,15.84,Paid,0
STA-R15602,STA-O8819,21-08-2023,97.35,Paid,97.35
STA-R18451,STA-O14300,22-01-2025,35.4,Paid,0
STA-R10890,STA-O10470,17-10-2025,43.4,Paid,21.14
STA-R17841,STA-O13490,09-10-2024,15.75,Paid,0
STA-R18190,STA-O13228,10-03-2024,24.93,Refunded,0
STA-R13624,STA-O8222,12-09-2023,29.68,Paid,29.68
STA-R11482,STA-O13411,02-10-2024,8.46,Paid,8.46
STA-R12525,STA-O6072,22-07-2025,77.24,Paid,0
STA-R11534,STA-O12712,21-02-2024,36.39,Pending,0
STA-R12895,STA-O13266,06-10-2023,98.72,Paid,0
STA-R17728,STA-O12891,14-04-2025,20.64,Paid,0
STA-R12293,STA-O13497,25-07-2023,13.58,Refunded,0
STA-R17326,STA-O14338,09-06-2023,7.12,Paid,0
STA-R11956,STA-O6998,19-09-2024,20.1,Paid,20.1
STA-R12196,STA-O10710,03-11-2023,20.52,Paid,20.52
STA-R11167,STA-O8550,08-02-2025,3.54,Paid,0
STA-R18296,STA-O11331,06-04-2024,7.09,Paid,0
STA-R14913,STA-O14605,16-09-2025,0,Paid,0
STA-R13790,STA-O11173,26-05-2025,6.16,Paid,0
STA-R11273,STA-O6870,10-02-2023,28.8,Paid,0
STA-R10776,STA-O14558,12-07-2025,5.56,Paid,0
STA-R15594,STA-O9482,02-10-2023,5.64,Paid,0
STA-R14388,STA-O8888,26-02-2025,4.64,Paid,0
STA-R11391,STA-O7682,24-11-2025,7.16,Paid,0
STA-R10436,STA-O10180,06-08-2025,42.4,Paid,0
STA-R17890,STA-O13914,08-01-2025,23.44,Paid,0
STA-R18266,STA-O6883,29-01-2025,13.28,Pending,0
STA-R15619,STA-O6162,09-06-2025,23.05,Paid,23.05
STA-R13316,STA-O10718,11-11-2024,17.73,Paid,0
STA-R15523,STA-O8535,22-03-2023,35.02,Paid,35.02
STA-R14504,STA-O8108,28-03-2023,6,Paid,0
STA-R15207,STA-O5123,08-03-2023,21.12,Paid,0
STA-R14887,STA-O12634,10-01-2023,16.41,Paid,0
STA-R10955,STA-O8904,27-11-2024,167.75,Paid,167.75
STA-R11952,STA-O14098,04-03-2024,8.68,Paid,0
STA-R16688,STA-O10922,29-01-2025,22.4,Paid,22.4
STA-R13892,STA-O14739,04-02-2025,51.93,Refunded,0
STA-R10225,STA-O13528,22-08-2025,15.3,Pending,0
STA-R11269,STA-O5878,12-06-2025,17.58,Paid,0
STA-R14967,STA-O9019,10-03-2023,34.88,Paid,0
STA-R11387,STA-O7379,01-04-2023,8.43,Paid,0
STA-R15342,STA-O13274,23-11-2024,39.71,Paid,0
STA-R17114,STA-O6252,11-01-2024,3.49,Paid,0
STA-R12203,STA-O6988,03-12-2023,32.75,Paid,0
STA-R9827,STA-O8347,20-11-2024,13.1,Paid,0
STA-R9160,STA-O14501,07-04-2024,14.95,Paid,0
STA-R18558,STA-O5483,09-03-2024,48.96,Paid,0
STA-R11384,STA-O7508,09-07-2023,16.02,Paid,0
STA-R18320,STA-O7994,01-02-2023,34.35,Paid,0
STA-R13309,STA-O7957,04-10-2025,22.25,Paid,0
STA-R12641,STA-O13735,28-08-2024,21,Paid,0
STA-R14779,STA-O8703,19-11-2025,159.72,Paid,0
STA-R11783,STA-O13460,04-12-2023,70.77,Paid,0
STA-R13304,STA-O14903,28-03-2023,11.95,Refunded,0
STA-R10171,STA-O11596,17-12-2025,17.22,Paid,0
STA-R10541,STA-O10897,03-05-2023,30.84,Paid,30.84
STA-R15865,STA-O14770,28-10-2025,22.29,Paid,0
STA-R14787,STA-O12660,12-09-2024,9.15,Refunded,0
STA-R14251,STA-O10871,05-04-2025,18.88,Paid,0
STA-R18636,STA-O13070,10-02-2023,51.34,Paid,0
STA-R12850,STA-O9799,22-01-2025,18.4,Paid,0
STA-R15371,STA-O14625,10-09-2025,7.92,Paid,0
STA-R10419,STA-O7025,12-02-2024,14.4,Paid,0
STA-R11386,STA-O14270,01-03-2024,6.83,Paid,6.83
STA-R11995,STA-O11349,24-10-2025,40.64,Paid,0
STA-R13238,STA-O5415,20-04-2025,26.45,Paid,0
STA-R10933,STA-O7418,14-03-2024,3.53,Paid,0
STA-R18592,STA-O13422,28-11-2025,4.59,Paid,0
STA-R17895,STA-O14054,16-07-2023,9.12,Paid,0
STA-R9421,STA-O6582,08-09-2025,8.4,Paid,0
STA-R15943,STA-O9699,28-10-2025,17.25,Paid,0
STA-R14965,STA-O5096,13-12-2023,7.72,Paid,0
STA-R17206,STA-O5362,21-10-2025,30.55,Paid,0
STA-R14508,STA-O14221,13-05-2023,43.88,Paid,0
STA-R12727,STA-O13550,15-02-2025,61.3,Pending,0
STA-R12506,STA-O7417,19-09-2025,173.25,Paid,0
STA-R11211,STA-O13477,07-04-2025,60.45,Paid,0
STA-R9943,STA-O5476,17-02-2023,27.44,Paid,0
STA-R9491,STA-O11601,08-02-2025,13.64,Paid,0
STA-R17406,STA-O7328,03-01-2024,17.31,Paid,4.39
STA-R15457,STA-O7221,17-07-2024,17.26,Paid,0
STA-R15340,STA-O12428,15-11-2024,6.4,Paid,0
STA-R15150,STA-O6869,13-02-2025,10.26,Paid,0
STA-R11823,STA-O10881,13-02-2025,24.63,Paid,0
STA-R12058,STA-O6880,09-09-2024,25.35,Refunded,0
STA-R16197,STA-O7263,14-10-2023,21.72,Paid,0
STA-R17858,STA-O12360,29-08-2025,23.59,Paid,0
STA-R17721,STA-O6234,29-09-2024,12.6,Paid,0
STA-R13812,STA-O6607,22-02-2024,35.8,Paid,15.11
STA-R13228,STA-O8464,06-02-2023,7.55,Paid,0
STA-R17897,STA-O7831,22-12-2024,20.55,Paid,0
STA-R16731,STA-O8420,21-04-2024,27.75,Paid,0
STA-R10603,STA-O11924,04-12-2024,31.64,Paid,0
STA-R13755,STA-O13092,19-03-2024,0,Paid,0
STA-R17485,STA-O11792,20-10-2024,32.12,Paid,0
STA-R9965,STA-O12963,21-07-2024,11.82,Paid,0
STA-R16304,STA-O9028,21-02-2023,21.1,Paid,0
STA-R11100,STA-O10898,17-10-2023,31.8,Paid,0
STA-R15353,STA-O5345,21-04-2024,5.48,Paid,0
STA-R15334,STA-O5326,17-03-2024,20.16,Paid,0
STA-R16547,STA-O13007,21-02-2024,11.75,Pending,0
STA-R11187,STA-O5823,19-07-2024,25,Refunded,0
STA-R12468,STA-O7591,03-07-2025,79.02,Paid,0
STA-R15562,STA-O11211,16-02-2025,30.25,Paid,0
STA-R12705,STA-O12239,09-03-2025,18.72,Paid,0
STA-R11440,STA-O9852,21-01-2024,20.88,Refunded,0
STA-R17620,STA-O5248,05-02-2024,0,Paid,0
STA-R17134,STA-O7236,23-02-2024,0,Refunded,0
STA-R11274,STA-O10168,14-03-2023,16.32,Paid,16.32
STA-R17286,STA-O5001,24-05-2025,4.65,Paid,0
STA-R15747,STA-O6363,31-01-2023,18.24,Paid,0
STA-R18492,STA-O6308,24-05-2023,11.2,Pending,0
STA-R16553,STA-O11938,27-06-2023,26.72,Paid,0
STA-R9389,STA-O10745,27-04-2024,20.8,Refunded,0
STA-R14803,STA-O10818,11-10-2025,25.75,Paid,0
STA-R12808,STA-O11542,15-11-2023,16.71,Refunded,0
STA-R16779,STA-O7000,04-01-2023,29.1,Paid,0
STA-R10987,STA-O12778,23-01-2025,14.13,Paid,0
STA-R12046,STA-O12520,11-11-2024,9.32,Refunded,0
STA-R14366,STA-O5998,03-01-2023,5.03,Paid,0
STA-R13383,STA-O8921,08-01-2024,12.92,Paid,4.52
STA-R11183,STA-O6688,17-04-2025,27.55,Paid,0
STA-R9004,STA-O6150,19-12-2025,73.76,Paid,73.76
STA-R9919,STA-O12529,13-07-2025,27.88,Paid,0
STA-R14051,STA-O5021,19-01-2024,123.12,Paid,0
STA-R13005,STA-O9165,07-08-2024,5.1,Pending,0
STA-R18458,STA-O10570,02-06-2025,4.35,Paid,4.35
STA-R11526,STA-O9149,31-08-2023,11.92,Paid,0
STA-R18138,STA-O12655,15-02-2025,14.36,Paid,0
STA-R14426,STA-O9267,08-03-2024,26.6,Paid,0
STA-R12788,STA-O7039,04-02-2024,13.4,Pending,0
STA-R14601,STA-O6448,10-01-2025,27.25,Refunded,0
STA-R12794,STA-O14913,21-04-2023,24.39,Paid,0
STA-R14259,STA-O9645,10-07-2025,96.84,Paid,0
STA-R14356,STA-O7308,25-04-2023,31.3,Paid,0
STA-R14966,STA-O13099,10-10-2023,27.36,Paid,0
STA-R11682,STA-O11060,14-08-2025,50.6,Refunded,0
STA-R13736,STA-O10833,05-02-2024,8.8,Paid,1.97
STA-R15911,STA-O8100,27-06-2023,35.55,Paid,0
STA-R12148,STA-O7413,04-04-2023,0,Paid,0
STA-R11462,STA-O7614,19-08-2023,61.71,Paid,61.71
STA-R10735,STA-O10493,12-12-2023,15.69,Paid,0
STA-R9808,STA-O10712,27-11-2024,21.84,Paid,0
STA-R15700,STA-O11903,07-05-2024,23.01,Paid,0
STA-R14203,STA-O8729,12-10-2023,18.8,Pending,0
STA-R11094,STA-O5636,25-10-2024,21.8,Paid,21.8
STA-R12757,STA-O12873,25-06-2025,25.92,Refunded,0
STA-R17395,STA-O12473,04-01-2024,20.67,Refunded,4.56
STA-R9359,STA-O10880,10-02-2024,4.6,Paid,0
STA-R10347,STA-O5458,20-04-2024,0,Paid,0
STA-R9210,STA-O13482,31-05-2023,20.84,Paid,0
STA-R12906,STA-O11066,30-09-2023,42.6,Paid,0
STA-R13745,STA-O13258,13-10-2025,35.5,Paid,35.5
STA-R14353,STA-O6498,15-04-2025,53.56,Paid,53.56
STA-R15341,STA-O5270,26-07-2023,63.75,Paid,0
STA-R18348,STA-O13286,04-04-2025,46.46,Paid,0
STA-R18487,STA-O7681,07-04-2023,103.05,Paid,0
STA-R15500,STA-O12672,24-01-2024,17.22,Pending,0
STA-R14761,STA-O6995,13-08-2023,20,Paid,20
STA-R9798,STA-O12313,17-12-2025,67.71,Paid,0
STA-R15536,STA-O6932,16-01-2023,13.92,Paid,0
STA-R18581,STA-O7904,18-09-2024,17.14,Refunded,0
STA-R9289,STA-O8876,23-08-2025,19.8,Paid,19.8
STA-R9833,STA-O5224,05-04-2024,13.46,Paid,0
STA-R16995,STA-O11674,07-06-2024,7.7,Refunded,0
STA-R12153,STA-O12046,25-05-2023,5.05,Paid,0
STA-R13368,STA-O9471,30-04-2025,18.96,Paid,0
STA-R16140,STA-O7925,26-08-2024,5.83,Paid,0
STA-R16598,STA-O13183,18-11-2023,17.43,Paid,0
STA-R18551,STA-O6310,10-06-2024,26.64,Paid,0
STA-R11672,STA-O14489,10-05-2023,22,Paid,0
STA-R16584,STA-O13752,11-12-2023,22.59,Paid,0
STA-R10677,STA-O5479,14-06-2025,0,Paid,0
STA-R13561,STA-O12348,09-10-2025,73.95,Paid,0
STA-R16446,STA-O8547,26-10-2024,43.3,Refunded,0
STA-R9522,STA-O8495,09-01-2024,5.19,Paid,0
STA-R11971,STA-O14850,24-07-2025,15.96,Paid,0
STA-R15798,STA-O7248,08-09-2024,21.72,Paid,0
STA-R9390,STA-O7105,12-09-2024,7.3,Refunded,0
STA-R10857,STA-O5124,05-12-2025,9.36,Paid,0
STA-R9907,STA-O8277,05-09-2023,34.75,Paid,0
STA-R13658,STA-O12856,23-04-2023,25.58,Paid,0
STA-R13864,STA-O14086,04-04-2024,25.34,Paid,25.34
STA-R16627,STA-O6992,19-06-2023,0,Paid,0
STA-R13698,STA-O9660,17-01-2023,9.96,Paid,0
STA-R17499,STA-O11319,29-11-2023,7.23,Paid,0
STA-R18077,STA-O5558,13-11-2023,34.4,Paid,0
STA-R16891,STA-O11859,24-03-2024,24.06,Paid,0
STA-R9619,STA-O8162,13-07-2024,24.65,Paid,0
STA-R10871,STA-O8279,20-10-2025,16.35,Paid,0
STA-R12849,STA-O13514,18-11-2025,4.18,Pending,0
STA-R15099,STA-O7692,16-07-2025,16.5,Paid,0
STA-R11358,STA-O5805,05-03-2024,23.55,Paid,23.55
STA-R14711,STA-O12128,03-12-2025,8.02,Refunded,0
STA-R10088,STA-O13792,04-08-2023,26.8,Paid,0
STA-R15348,STA-O13389,25-02-2025,12.84,Paid,0
STA-R13360,STA-O13496,29-08-2024,11.3,Paid,0
STA-R10483,STA-O10056,30-01-2025,6.94,Paid,0
STA-R10788,STA-O14523,25-07-2023,42.52,Paid,0
STA-R17074,STA-O7052,10-04-2025,5.28,Refunded,0
STA-R17818,STA-O10171,29-09-2025,22.95,Paid,0
STA-R12193,STA-O10835,31-07-2023,17.46,Paid,0
STA-R13728,STA-O5433,26-12-2025,14.68,Paid,0
STA-R11869,STA-O10561,20-12-2024,22.82,Pending,0
STA-R9672,STA-O14941,04-04-2023,10.26,Paid,0
STA-R13570,STA-O14045,10-01-2024,0,Paid,0
STA-R10862,STA-O9103,03-08-2025,20.43,Paid,0
STA-R10151,STA-O5513,29-08-2025,35.4,Paid,0
STA-R9456,STA-O10311,24-03-2023,14.28,Paid,14.28
STA-R18371,STA-O11306,17-06-2023,67.35,Pending,0
STA-R12708,STA-O9221,22-01-2023,11.56,Paid,0
STA-R13226,STA-O8665,11-02-2025,6.4,Paid,0
STA-R16117,STA-O7396,07-01-2024,21.83,Paid,0
STA-R11463,STA-O6304,09-08-2023,16.2,Pending,0
STA-R18305,STA-O8177,10-06-2025,35.32,Paid,0
STA-R11768,STA-O11001,03-08-2024,8.54,Paid,0
STA-R13888,STA-O10560,06-04-2023,0,Paid,0
STA-R11779,STA-O12647,04-01-2025,19.08,Paid,0
STA-R16043,STA-O8120,11-07-2025,19.04,Refunded,0
STA-R10676,STA-O9324,13-10-2023,21.33,Refunded,0
STA-R14878,STA-O7414,23-12-2023,42.7,Paid,0
STA-R16148,STA-O14952,10-03-2025,8.1,Paid,0
STA-R9596,STA-O13111,09-04-2025,72.48,Paid,0
STA-R10690,STA-O6133,30-06-2023,0,Paid,0
STA-R15474,STA-O8462,28-05-2025,5.48,Paid,0
STA-R12604,STA-O10264,27-06-2024,10.92,Paid,0
STA-R13816,STA-O13083,23-10-2025,28.76,Refunded,0
STA-R13148,STA-O12973,03-09-2023,43.85,Paid,0
STA-R9407,STA-O13978,15-10-2023,148.52,Paid,0
STA-R14669,STA-O14861,05-10-2023,20.34,Paid,0
STA-R17174,STA-O10360,08-06-2025,16.2,Paid,0
STA-R16976,STA-O14198,22-03-2023,6.82,Refunded,0
STA-R12260,STA-O11431,18-12-2023,13.29,Paid,0
STA-R13284,STA-O13425,13-06-2025,27.55,Pending,0
STA-R15904,STA-O9252,02-10-2023,12.36,Paid,0
STA-R11554,STA-O11105,20-12-2024,31.95,Paid,31.95
STA-R17176,STA-O10946,23-12-2023,75.4,Paid,0
STA-R9922,STA-O11158,07-04-2025,15.06,Paid,0
STA-R17107,STA-O9300,20-10-2025,21.03,Paid,21.03
STA-R14585,STA-O10758,19-12-2023,44.54,Paid,44.54
STA-R16849,STA-O7383,12-03-2024,27.4,Paid,0
STA-R17635,STA-O13747,29-01-2025,111.36,Paid,111.36
STA-R17078,STA-O6002,10-06-2025,9.52,Paid,9.52
STA-R15427,STA-O7419,04-08-2024,8.86,Paid,0
STA-R18358,STA-O14741,22-11-2024,39.2,Refunded,0
STA-R18647,STA-O9999,18-06-2025,166.41,Paid,0
STA-R18435,STA-O12935,16-06-2023,76.05,Pending,0
STA-R13163,STA-O6784,03-12-2025,14.04,Paid,0
STA-R10591,STA-O12190,18-09-2024,12.25,Paid,0
STA-R15442,STA-O13776,14-07-2025,8.82,Paid,0
STA-R10202,STA-O6439,07-02-2023,29.96,Paid,0
STA-R15129,STA-O11252,18-07-2024,6.7,Paid,0
STA-R15468,STA-O7457,22-06-2024,39.91,Paid,0
STA-R10479,STA-O11734,28-06-2024,0,Refunded,0
STA-R13616,STA-O6029,22-03-2025,21.44,Refunded,0
STA-R17875,STA-O6733,05-11-2024,140.52,Paid,0
STA-R12651,STA-O13313,03-05-2023,8.06,Refunded,0
STA-R12595,STA-O13289,31-01-2023,6.58,Refunded,0
STA-R17776,STA-O13008,17-09-2024,0,Paid,0
STA-R10279,STA-O9827,25-08-2023,38.07,Pending,0
STA-R12396,STA-O6327,03-12-2023,21.64,Paid,0
STA-R16045,STA-O11707,26-04-2024,23.7,Paid,23.7
STA-R13422,STA-O11942,05-07-2023,5.04,Refunded,0
STA-R11805,STA-O11048,07-11-2024,8.08,Paid,0
STA-R18338,STA-O8543,05-11-2023,37.9,Paid,0
STA-R14976,STA-O12537,21-09-2023,3.55,Paid,0
STA-R13291,STA-O9347,19-04-2025,20.76,Paid,0
STA-R17037,STA-O8448,28-08-2023,23.73,Pending,0
STA-R10664,STA-O11567,17-05-2024,27.72,Pending,0
STA-R14341,STA-O5916,01-09-2024,14.04,Paid,0
STA-R13891,STA-O13296,09-08-2025,13.12,Paid,0
STA-R16400,STA-O10136,27-01-2023,5.13,Paid,0
STA-R12109,STA-O5358,06-10-2024,0,Paid,0
STA-R10178,STA-O14936,08-01-2024,159.05,Paid,0
STA-R13603,STA-O13985,11-05-2024,17.44,Paid,0
STA-R17835,STA-O13723,29-08-2024,17.25,Paid,0
STA-R17236,STA-O8156,03-02-2023,15.81,Pending,0
STA-R15412,STA-O12675,24-12-2024,33.52,Paid,0
STA-R16418,STA-O12979,27-05-2024,8.36,Refunded,0
STA-R14574,STA-O7118,12-05-2024,21.12,Paid,0
STA-R15047,STA-O13018,23-08-2024,19.4,Paid,19.4
STA-R11172,STA-O6912,04-04-2024,24.87,Paid,0
STA-R12901,STA-O11621,15-08-2024,27.3,Pending,0
STA-R18089,STA-O14144,26-03-2023,2.71,Paid,0
STA-R11019,STA-O7260,16-06-2025,26.8,Paid,7.72
STA-R12076,STA-O13397,12-01-2025,23.9,Paid,23.9
STA-R9691,STA-O8907,18-12-2023,25.06,Paid,0
STA-R11071,STA-O10629,12-04-2023,20.6,Paid,20.6
STA-R13434,STA-O7551,20-05-2025,43.35,Paid,0
STA-R13178,STA-O9586,24-06-2024,8.25,Pending,0
STA-R9049,STA-O6398,03-03-2025,99.8,Refunded,0
STA-R14757,STA-O8649,20-11-2023,7.32,Paid,0
STA-R15171,STA-O5032,30-09-2024,3.92,Paid,0
STA-R17753,STA-O6488,04-12-2025,20,Paid,20
STA-R10901,STA-O13940,12-10-2023,11.08,Paid,0
STA-R17245,STA-O7270,21-11-2025,9.52,Paid,0
STA-R9518,STA-O14563,13-03-2025,16.42,Paid,16.42
STA-R18096,STA-O12435,05-11-2025,29.5,Refunded,0
STA-R18244,STA-O10296,23-12-2023,4.7,Pending,0
STA-R14809,STA-O14841,27-01-2025,13.54,Paid,0
STA-R15461,STA-O13309,03-03-2024,20.24,Paid,20.24
STA-R16696,STA-O7069,12-01-2024,21.36,Paid,0
STA-R13207,STA-O12624,22-11-2023,5.82,Paid,0
STA-R14126,STA-O7879,14-07-2024,17.15,Paid,0
STA-R16550,STA-O10322,27-03-2024,82,Paid,0
STA-R12513,STA-O8368,22-09-2024,13.38,Refunded,0
STA-R17972,STA-O14754,16-12-2023,13.35,Paid,0
STA-R12609,STA-O9325,01-11-2025,37.12,Paid,0
STA-R15101,STA-O11511,02-08-2023,6.2,Paid,0
STA-R14284,STA-O5100,18-12-2024,21.2,Paid,0
STA-R11981,STA-O13370,14-04-2025,44.55,Paid,0
STA-R10569,STA-O9510,11-09-2025,6.36,Paid,0
STA-R9781,STA-O8861,31-05-2024,23.25,Paid,0
STA-R17782,STA-O14891,06-03-2025,98.68,Paid,0
STA-R10219,STA-O11328,25-05-2023,12.15,Paid,2.41
STA-R15685,STA-O10457,19-02-2025,67.64,Paid,0
STA-R10819,STA-O14551,19-10-2025,7.38,Paid,0
STA-R16893,STA-O14967,27-12-2025,22.28,Paid,0
STA-R14563,STA-O8255,06-06-2023,16.74,Paid,0
STA-R11028,STA-O10849,28-10-2024,6.85,Refunded,0
STA-R9230,STA-O12162,01-07-2025,6.28,Paid,0
STA-R18038,STA-O14226,01-03-2024,71.97,Refunded,0
STA-R16943,STA-O8207,13-12-2024,14.43,Paid,0
STA-R18291,STA-O7003,04-09-2024,138.96,Paid,0
STA-R15463,STA-O11971,14-04-2024,4.9,Paid,0
STA-R15531,STA-O13413,28-07-2024,25.15,Paid,0
STA-R16367,STA-O13005,06-11-2025,79.6,Paid,0
STA-R13880,STA-O6202,13-07-2023,6.59,Paid,0
STA-R17249,STA-O10184,09-09-2025,38.25,Paid,0
STA-R10645,STA-O11603,13-07-2025,6.75,Paid,0
STA-R14390,STA-O13433,02-07-2024,13.8,Refunded,0
STA-R11908,STA-O11680,03-01-2023,4.72,Paid,0
STA-R18263,STA-O6419,27-06-2024,39.27,Paid,0
STA-R16957,STA-O5593,06-10-2024,22.88,Paid,0
STA-R10488,STA-O12562,25-02-2025,9.21,Paid,0
STA-R12883,STA-O10284,08-01-2023,24.27,Paid,0
STA-R9786,STA-O5322,06-03-2023,53.67,Refunded,0
STA-R12783,STA-O7244,30-08-2025,4.88,Paid,4.88
STA-R15076,STA-O8068,17-06-2023,32.68,Refunded,0
STA-R17882,STA-O8254,29-08-2023,24.48,Paid,6.86
STA-R14919,STA-O7649,27-04-2024,11.86,Paid,11.86
STA-R11459,STA-O9575,15-02-2024,30.72,Paid,0
STA-R18546,STA-O5631,25-05-2023,7.84,Paid,7.84
STA-R9232,STA-O7710,27-01-2024,24,Paid,11.49
STA-R14990,STA-O10316,20-09-2023,17.4,Paid,0
STA-R9758,STA-O14881,31-03-2023,19.68,Paid,0
STA-R18460,STA-O5083,22-11-2024,10.32,Paid,0
STA-R16333,STA-O8660,04-02-2024,10.5,Refunded,0
STA-R12961,STA-O13851,01-03-2024,9.78,Paid,0
STA-R11210,STA-O10939,24-04-2023,15.26,Refunded,0
STA-R9626,STA-O11244,13-09-2023,13.16,Paid,0
STA-R11656,STA-O5477,18-09-2023,24.31,Paid,0
STA-R9278,STA-O13647,17-01-2024,9.01,Paid,0
STA-R15912,STA-O8094,04-09-2025,25.82,Paid,0
STA-R12566,STA-O11937,29-06-2025,38.7,Paid,0
STA-R13674,STA-O7495,31-07-2023,30.85,Paid,0
STA-R11740,STA-O11976,10-07-2023,12.46,Paid,0
STA-R13980,STA-O13392,28-09-2025,39.28,Paid,0
STA-R11023,STA-O7213,05-10-2025,3.31,Paid,0
STA-R11520,STA-O10351,25-05-2023,0,Paid,0
STA-R13829,STA-O5772,11-01-2023,26.16,Paid,0
STA-R13954,STA-O8667,29-11-2024,157.28,Paid,157.28
STA-R12102,STA-O10084,06-09-2025,16.45,Paid,0
STA-R10058,STA-O6407,03-06-2023,8.92,Refunded,0
STA-R17541,STA-O7362,19-08-2023,58.48,Refunded,0
STA-R15108,STA-O11814,05-04-2024,28.45,Refunded,0
STA-R15281,STA-O12412,29-09-2023,11.58,Paid,0
STA-R10408,STA-O8829,30-06-2024,35.65,Paid,0
STA-R9008,STA-O10079,16-08-2023,12.56,Paid,0
STA-R9114,STA-O9790,12-11-2024,5.3,Paid,0
STA-R11317,STA-O11886,12-07-2024,15.8,Paid,0
STA-R14146,STA-O9092,21-08-2024,14.49,Pending,0
STA-R10032,STA-O7401,22-02-2024,20.45,Paid,20.45
STA-R17804,STA-O6290,05-11-2023,17.65,Paid,0
STA-R12115,STA-O9516,06-07-2023,22.92,Paid,22.92
STA-R15300,STA-O11600,17-08-2023,6.76,Paid,0
STA-R15345,STA-O13709,06-08-2025,53.2,Paid,0
STA-R13620,STA-O7630,24-10-2023,34.04,Paid,0
STA-R14613,STA-O12040,03-01-2024,122.2,Paid,122.2
STA-R9979,STA-O8238,16-01-2025,15.2,Paid,0
STA-R17732,STA-O10398,12-11-2023,28.9,Paid,0
STA-R9236,STA-O7352,11-11-2024,7.13,Paid,0
STA-R14813,STA-O5797,23-09-2024,16.17,Paid,0
STA-R15018,STA-O11283,11-06-2024,8.86,Paid,0
STA-R13058,STA-O11360,02-08-2025,9.84,Paid,0
STA-R14556,STA-O7199,18-02-2023,31.28,Paid,0
STA-R9636,STA-O14203,22-03-2023,11.48,Paid,0
STA-R18160,STA-O5287,05-11-2023,26.73,Refunded,0
STA-R15592,STA-O5697,06-06-2025,33.05,Paid,0
STA-R18168,STA-O8865,29-08-2023,12.09,Paid,0
STA-R11692,STA-O5413,18-07-2025,12.62,Paid,0
STA-R16938,STA-O7996,20-02-2024,0,Paid,0
STA-R16656,STA-O9211,24-09-2025,20.8,Pending,0
STA-R18384,STA-O12326,12-02-2023,14.82,Paid,14.82
STA-R12224,STA-O7152,31-12-2025,16.66,Paid,0
STA-R13257,STA-O7293,17-03-2024,17.88,Paid,0
STA-R9556,STA-O11522,14-04-2024,23.13,Refunded,0
STA-R15437,STA-O10680,13-09-2023,106.25,Refunded,0
STA-R13174,STA-O12105,22-08-2024,21.3,Paid,21.3
STA-R10711,STA-O9865,17-11-2023,0,Paid,0
STA-R11966,STA-O7726,26-08-2025,32.6,Paid,0
STA-R15530,STA-O11985,29-12-2024,10.4,Paid,0
STA-R10265,STA-O6316,01-09-2025,17.04,Paid,0
STA-R14406,STA-O9887,24-08-2025,17.73,Paid,0
STA-R9285,STA-O5037,17-09-2024,5.47,Paid,0
STA-R11349,STA-O9409,11-07-2023,0,Pending,0
STA-R15807,STA-O12666,06-12-2024,61.5,Paid,61.5
STA-R16555,STA-O5864,06-03-2025,21.37,Paid,0
STA-R14136,STA-O12594,24-01-2024,15.7,Paid,0
STA-R9017,STA-O7818,30-06-2023,23.44,Paid,8.2
STA-R17867,STA-O11656,10-12-2024,23.56,Paid,23.56
STA-R15573,STA-O12999,23-07-2025,33.9,Paid,0
STA-R11996,STA-O10332,18-12-2024,23.8,Paid,0
STA-R10885,STA-O13154,28-03-2024,162.55,Pending,0
STA-R15040,STA-O6523,26-03-2024,57.87,Paid,0
STA-R13684,STA-O7882,08-08-2025,4.42,Paid,0
STA-R17641,STA-O13941,24-11-2025,13.14,Paid,0
STA-R9819,STA-O13594,21-10-2024,63.96,Paid,0
STA-R11834,STA-O10988,16-03-2023,11.96,Paid,11.96
STA-R14474,STA-O14455,02-02-2025,44.9,Refunded,0
STA-R18091,STA-O5009,03-07-2023,94.05,Refunded,0
STA-R15952,STA-O10073,05-07-2024,8.67,Paid,0
STA-R12983,STA-O10048,09-01-2023,38,Paid,0
STA-R16479,STA-O6475,07-05-2025,17.25,Paid,0
STA-R9392,STA-O11051,28-11-2025,24.89,Paid,0
STA-R15780,STA-O12631,19-11-2023,103.08,Paid,0
STA-R9073,STA-O10337,13-08-2025,55.95,Pending,0
STA-R15728,STA-O13377,20-04-2024,22.25,Paid,0
STA-R9162,STA-O8778,03-02-2023,91.08,Paid,0
STA-R10349,STA-O10876,20-06-2023,5.78,Paid,5.78
STA-R14090,STA-O8943,24-08-2025,93.57,Paid,0
STA-R10920,STA-O9592,13-05-2024,14.69,Paid,0
STA-R14168,STA-O14494,27-06-2023,29.85,Paid,0
STA-R12069,STA-O11334,01-07-2024,24.09,Paid,0
STA-R14382,STA-O11094,24-07-2025,12.48,Paid,12.48
STA-R13362,STA-O6647,27-01-2025,89.44,Paid,0
STA-R18205,STA-O5853,22-06-2023,23.91,Refunded,0
STA-R13135,STA-O8429,22-10-2024,19.02,Refunded,0
STA-R10575,STA-O9179,27-11-2023,5.58,Paid,0
STA-R11079,STA-O5699,20-09-2024,41.85,Paid,0
STA-R11975,STA-O7215,04-04-2024,0,Paid,7.28
STA-R16071,STA-O9668,02-06-2024,37.09,Pending,0
STA-R18448,STA-O8716,08-06-2025,33.48,Paid,0
STA-R13848,STA-O8371,13-01-2024,93.93,Paid,0
STA-R15033,STA-O10590,28-04-2025,7.65,Refunded,0
STA-R13717,STA-O14001,09-08-2024,13.85,Paid,0
STA-R16324,STA-O8668,06-12-2025,20.85,Pending,0
STA-R14614,STA-O8678,24-02-2025,20.52,Paid,20.52
STA-R16533,STA-O5624,20-05-2025,17.86,Paid,0
STA-R10808,STA-O9669,28-10-2023,30.4,Paid,30.4
STA-R18033,STA-O7418,14-03-2024,3.53,Paid,0
STA-R10146,STA-O9667,03-05-2024,27.5,Paid,0
STA-R15633,STA-O10221,24-09-2025,6.54,Paid,0
STA-R10559,STA-O8776,08-04-2024,19.38,Refunded,0
STA-R18401,STA-O14474,17-06-2023,29.48,Paid,0
STA-R16713,STA-O12552,27-08-2023,52.15,Paid,52.15
STA-R14885,STA-O5677,15-09-2024,24.2,Paid,0
STA-R10340,STA-O5761,25-08-2023,7.1,Pending,0
STA-R16886,STA-O6344,20-08-2023,32.78,Paid,0
STA-R16259,STA-O11573,18-01-2023,15.93,Paid,0
STA-R12925,STA-O6599,15-06-2024,116.82,Pending,0
STA-R18539,STA-O14985,18-07-2024,25.1,Pending,0
STA-R11621,STA-O10700,25-07-2025,8.16,Paid,0
STA-R15089,STA-O10564,31-03-2024,7.56,Paid,0
STA-R17216,STA-O10508,08-11-2025,2.31,Paid,0
STA-R10519,STA-O14235,14-06-2023,67.59,Paid,0
STA-R13501,STA-O7131,31-07-2025,109.15,Paid,0
STA-R16603,STA-O10792,06-09-2024,6.18,Refunded,0
STA-R16054,STA-O6908,25-07-2025,2.99,Refunded,0
STA-R9699,STA-O8106,06-10-2024,22.25,Paid,0
STA-R13415,STA-O12005,19-07-2025,18.55,Paid,0
STA-R18019,STA-O11518,04-04-2024,32.6,Pending,0
STA-R9282,STA-O8500,20-10-2025,19.08,Refunded,4.1
STA-R11276,STA-O5612,10-02-2023,27.7,Paid,0
STA-R16940,STA-O8652,22-01-2023,17.54,Pending,0
STA-R17192,STA-O12188,24-07-2025,0,Paid,0
STA-R9043,STA-O11972,24-01-2024,33.16,Paid,0
STA-R14954,STA-O9282,08-01-2025,8.66,Paid,8.66
STA-R18273,STA-O5994,09-07-2024,97.72,Paid,0
STA-R11804,STA-O13600,18-03-2024,9.48,Paid,0
STA-R9341,STA-O5867,15-06-2023,7.84,Paid,0
STA-R15572,STA-O14336,23-07-2025,8.92,Paid,0
STA-R9738,STA-O13465,10-04-2024,42.72,Refunded,0
STA-R15289,STA-O13213,16-06-2024,13.47,Paid,0
STA-R17431,STA-O14798,15-02-2023,80.2,Paid,0
STA-R14736,STA-O14172,10-10-2025,28.32,Paid,0
STA-R14410,STA-O12319,09-07-2023,5.16,Paid,0
STA-R16621,STA-O10213,14-07-2024,7.38,Paid,7.38
STA-R17978,STA-O8771,14-09-2025,28.32,Paid,0
STA-R13567,STA-O5943,10-08-2023,22,Paid,0
STA-R17375,STA-O7461,02-09-2025,8.14,Paid,0
STA-R11751,STA-O14308,27-08-2025,15.36,Paid,0
STA-R15722,STA-O5220,09-02-2025,18,Paid,0
STA-R18133,STA-O7483,24-07-2024,24.36,Refunded,0
STA-R15111,STA-O7730,05-04-2025,21.92,Paid,0
STA-R11293,STA-O14609,09-08-2024,24.08,Paid,0
STA-R13213,STA-O7026,29-10-2024,9.12,Paid,0
STA-R13957,STA-O6598,31-05-2024,21.04,Paid,0
STA-R18494,STA-O10380,29-09-2025,34.45,Refunded,0
STA-R9181,STA-O10468,31-05-2024,12.52,Paid,0
STA-R12172,STA-O7582,22-09-2023,17.95,Refunded,0
STA-R10269,STA-O10245,27-09-2024,17.55,Paid,0
STA-R15810,STA-O8517,03-03-2025,0,Refunded,0
STA-R12290,STA-O12805,25-03-2025,16.35,Paid,16.35
STA-R14361,STA-O7550,05-12-2023,6.94,Refunded,0
STA-R17284,STA-O7135,14-11-2024,173.2,Paid,0
STA-R17593,STA-O10431,15-12-2023,8.79,Paid,0
STA-R13390,STA-O7245,06-12-2023,12.32,Paid,0
STA-R9020,STA-O14158,30-10-2024,22.8,Paid,22.8
STA-R18463,STA-O13933,16-03-2023,5.25,Paid,5.25
STA-R14717,STA-O9839,28-04-2024,0,Pending,0
STA-R12922,STA-O10597,21-08-2024,124.1,Paid,0
STA-R14075,STA-O9748,29-07-2024,57.8,Paid,0
STA-R15964,STA-O8446,19-03-2025,26.4,Refunded,0
STA-R15987,STA-O11426,04-12-2025,32.2,Paid,32.2
STA-R10394,STA-O14634,05-12-2025,22.8,Paid,0
STA-R11980,STA-O11008,13-12-2024,10.62,Paid,3
STA-R12192,STA-O11844,12-11-2023,7.06,Paid,0
STA-R9354,STA-O11470,29-06-2023,20,Paid,20
STA-R14582,STA-O11468,31-01-2024,19.2,Paid,0
STA-R13666,STA-O9247,03-12-2024,25.65,Paid,0
STA-R9663,STA-O6847,26-05-2023,9.09,Paid,0
STA-R16435,STA-O9314,06-12-2025,11.87,Paid,0
STA-R12834,STA-O13889,28-10-2025,26.37,Pending,0
STA-R15092,STA-O8223,27-02-2025,26.56,Paid,0
STA-R12880,STA-O14048,24-03-2025,23.44,Paid,0
STA-R16854,STA-O5698,01-10-2024,0,Pending,13.38
STA-R10166,STA-O12253,13-01-2025,15.08,Paid,15.08
STA-R13750,STA-O9343,16-12-2023,3.73,Paid,3.73
STA-R17530,STA-O7953,27-05-2023,38.48,Paid,0
STA-R11752,STA-O6480,13-12-2024,8.74,Refunded,0
STA-R11623,STA-O7183,27-02-2025,8.46,Refunded,0
STA-R15331,STA-O10499,23-01-2023,25.77,Paid,0
STA-R13983,STA-O14255,05-11-2023,16.42,Paid,0
STA-R9253,STA-O5186,10-11-2025,25.15,Paid,0
STA-R16066,STA-O11878,28-05-2025,0,Refunded,0
STA-R11615,STA-O9917,09-11-2023,17.2,Paid,0
STA-R12867,STA-O7695,01-09-2025,36.2,Paid,0
STA-R12126,STA-O6744,09-10-2023,3.55,Paid,3.55
STA-R11850,STA-O8096,12-01-2023,2.06,Paid,2.06
STA-R9374,STA-O7157,24-04-2023,0,Paid,13.34
STA-R18149,STA-O12287,26-01-2023,79.2,Paid,0
STA-R9966,STA-O6212,27-01-2023,26.88,Paid,0
STA-R11050,STA-O11783,12-01-2025,15.08,Refunded,0
STA-R11478,STA-O7844,08-08-2023,10.82,Paid,0
STA-R13568,STA-O9677,03-06-2025,14.38,Paid,0
STA-R16176,STA-O10926,31-10-2023,10.26,Paid,0
STA-R11423,STA-O14735,06-03-2024,20.25,Pending,0
STA-R9261,STA-O13251,25-06-2024,15,Paid,0
STA-R10528,STA-O13169,18-01-2024,18.3,Paid,0
STA-R15035,STA-O10304,29-08-2025,5.68,Pending,1.93
STA-R11510,STA-O7914,03-09-2025,21.15,Paid,0
STA-R15090,STA-O12777,09-06-2023,6.94,Paid,0
STA-R12739,STA-O9687,08-08-2025,49.6,Paid,0
STA-R14718,STA-O11268,15-10-2023,9.45,Paid,0
STA-R18616,STA-O9122,30-07-2025,32.45,Paid,32.45
STA-R16727,STA-O10387,11-11-2025,8.9,Paid,0
STA-R10978,STA-O5163,01-08-2025,38.3,Paid,0
STA-R16907,STA-O7613,10-01-2025,33.65,Refunded,0
STA-R14715,STA-O5461,12-10-2023,38.55,Paid,0
STA-R17460,STA-O9559,10-04-2025,14.03,Paid,0
STA-R12870,STA-O6095,27-09-2023,24.2,Paid,0
STA-R11626,STA-O14579,03-03-2024,106.2,Paid,0
STA-R12431,STA-O12467,10-11-2025,14.88,Paid,0
STA-R18211,STA-O14975,04-09-2025,10.17,Pending,0
STA-R13687,STA-O10272,01-09-2024,70,Paid,70
STA-R15813,STA-O9818,11-05-2023,4.92,Paid,0
STA-R15740,STA-O11387,07-12-2023,75.04,Refunded,0
STA-R10482,STA-O7849,30-01-2023,40.86,Paid,40.86
STA-R13916,STA-O8418,26-03-2024,31.55,Paid,31.55
STA-R16337,STA-O9166,15-11-2023,50.15,Paid,0
STA-R10485,STA-O7805,24-10-2024,20.92,Refunded,0
STA-R13906,STA-O5973,08-12-2025,11.52,Paid,0
STA-R17246,STA-O8107,04-10-2025,5.19,Refunded,0
STA-R10803,STA-O7512,13-08-2024,25.3,Paid,25.3
STA-R16756,STA-O7743,31-10-2025,25.44,Pending,0
STA-R15785,STA-O8325,24-07-2023,4.8,Paid,0
STA-R13063,STA-O7399,30-03-2024,10.58,Paid,0
STA-R11620,STA-O10179,20-03-2023,6.49,Paid,0
STA-R16187,STA-O8551,03-11-2025,25.48,Refunded,0
STA-R16033,STA-O10993,25-11-2024,16.38,Paid,7.64
STA-R11250,STA-O14441,30-06-2023,36.85,Paid,0
STA-R14857,STA-O7010,09-09-2023,5.21,Paid,0
STA-R11066,STA-O13309,03-03-2024,20.24,Paid,20.24
STA-R17350,STA-O13432,25-03-2023,30.22,Paid,0
STA-R14280,STA-O9075,17-03-2023,14.96,Paid,0
STA-R17960,STA-O12706,04-09-2024,25.52,Paid,0
STA-R16741,STA-O8662,13-08-2024,12.64,Paid,4.41
STA-R17348,STA-O13409,25-04-2024,29.44,Refunded,0
STA-R10136,STA-O10145,13-08-2023,18.1,Paid,0
STA-R11465,STA-O9007,20-11-2023,6.75,Paid,0
STA-R17063,STA-O6472,20-06-2023,13.98,Paid,0
STA-R10027,STA-O14516,14-12-2024,53.48,Paid,0
STA-R16437,STA-O12667,23-03-2023,15.6,Pending,0
STA-R17410,STA-O9813,14-02-2024,27.28,Paid,27.28
STA-R16305,STA-O13243,15-01-2023,13.9,Paid,0
STA-R15216,STA-O6342,21-07-2024,8.94,Paid,0
STA-R10934,STA-O6843,25-02-2025,20.95,Paid,0
STA-R16840,STA-O12982,17-12-2024,21.12,Paid,0
STA-R17759,STA-O11299,08-12-2024,15.72,Paid,0
STA-R13566,STA-O8571,29-09-2025,81.84,Paid,0
STA-R12476,STA-O5861,04-04-2025,19.56,Paid,19.56
STA-R13534,STA-O8897,07-01-2025,5.93,Refunded,0
STA-R16759,STA-O5504,17-11-2024,51.39,Refunded,0
STA-R9604,STA-O7833,31-01-2025,18.39,Refunded,0
STA-R11078,STA-O14174,25-05-2025,46.38,Paid,0
STA-R17382,STA-O7943,11-01-2023,12.48,Paid,0
STA-R9792,STA-O8708,05-10-2023,4.69,Paid,4.69
STA-R9605,STA-O8762,21-04-2024,19.92,Paid,0
STA-R15675,STA-O10766,05-12-2025,11.28,Refunded,0
STA-R12458,STA-O5380,06-02-2025,40.6,Refunded,0
STA-R13307,STA-O14293,15-09-2024,20.25,Paid,0
STA-R11348,STA-O10853,05-12-2025,5.29,Paid,0
STA-R13651,STA-O8331,10-04-2023,19.95,Paid,0
STA-R13695,STA-O8872,27-06-2024,123.12,Paid,123.12
STA-R11341,STA-O13054,12-02-2025,15.46,Paid,0
STA-R13443,STA-O9967,01-09-2023,25.23,Paid,0
STA-R15714,STA-O11622,03-07-2023,19.45,Paid,0
STA-R13128,STA-O11004,22-04-2023,75.3,Paid,0
STA-R13156,STA-O7653,19-10-2024,17.6,Paid,0
STA-R14471,STA-O8090,31-03-2025,31,Paid,0
STA-R18556,STA-O12033,12-08-2025,15.06,Paid,0
STA-R14895,STA-O14058,26-08-2023,94.75,Paid,0
STA-R17937,STA-O13306,13-06-2023,5.86,Paid,0
STA-R14363,STA-O9394,27-09-2025,30.46,Refunded,0
STA-R14153,STA-O10537,08-12-2023,20.22,Paid,0
STA-R13512,STA-O11192,26-10-2023,7.32,Paid,0
STA-R16700,STA-O9530,23-09-2025,10.59,Paid,10.59
STA-R15737,STA-O13855,17-09-2025,41.3,Paid,0
STA-R12048,STA-O8355,10-10-2023,0,Paid,0
STA-R15756,STA-O14716,05-10-2023,103.95,Paid,0
STA-R10689,STA-O14418,16-03-2025,11.42,Paid,0
STA-R18470,STA-O5146,18-07-2024,25,Refunded,0
STA-R15148,STA-O14736,08-09-2023,24.65,Paid,24.65
STA-R9078,STA-O13457,02-11-2025,67.41,Paid,0
STA-R12828,STA-O14550,06-12-2024,77.7,Paid,0
STA-R13786,STA-O7066,15-01-2025,36.45,Paid,0
STA-R14316,STA-O9401,04-01-2025,15.02,Paid,0
STA-R11279,STA-O9025,18-11-2024,47.12,Paid,0
STA-R10729,STA-O11022,11-11-2025,0,Refunded,0
STA-R17626,STA-O6240,10-02-2024,43.35,Paid,0
STA-R10099,STA-O12906,28-03-2024,20.19,Refunded,0
STA-R10805,STA-O14875,14-04-2023,42.82,Paid,42.82
STA-R9728,STA-O5000,26-11-2023,11.52,Paid,0
STA-R10381,STA-O12793,20-01-2024,10.9,Pending,0
STA-R11359,STA-O7050,30-11-2024,17.48,Paid,0
STA-R10807,STA-O12113,23-09-2025,20.48,Paid,20.48
STA-R9757,STA-O12225,13-02-2024,21.4,Paid,0
STA-R10083,STA-O6794,14-10-2024,35.64,Refunded,0
STA-R15044,STA-O6187,31-05-2023,5.81,Paid,0
STA-R9462,STA-O5391,13-03-2024,9.4,Paid,0
STA-R13679,STA-O6501,05-03-2024,15.56,Paid,0
STA-R10270,STA-O5724,01-10-2025,39.65,Paid,0
STA-R9191,STA-O12257,29-06-2025,47.55,Paid,0
STA-R13809,STA-O11671,09-06-2024,26.05,Pending,0
STA-R10500,STA-O10757,07-06-2024,29.1,Paid,3.1
STA-R15551,STA-O9336,16-01-2024,15.63,Paid,0
STA-R16460,STA-O12063,15-11-2025,28.6,Paid,0
STA-R12398,STA-O14825,18-09-2023,24.68,Paid,0
STA-R13182,STA-O13755,22-09-2025,8.12,Paid,0
STA-R10610,STA-O14601,28-06-2023,7.05,Paid,7.05
STA-R11798,STA-O6215,08-01-2024,74.76,Paid,0
STA-R10607,STA-O13500,22-12-2023,17.44,Paid,0
STA-R12963,STA-O12137,24-02-2024,6.22,Paid,0
STA-R11484,STA-O8890,01-03-2025,15.7,Paid,0
STA-R17930,STA-O13737,20-08-2023,0,Paid,8.8
STA-R16170,STA-O12371,14-12-2024,29.4,Paid,0
STA-R11225,STA-O9348,14-02-2023,40.38,Paid,0
STA-R15903,STA-O10747,21-09-2023,41.3,Paid,41.3
STA-R18430,STA-O7759,24-02-2024,3.69,Paid,0
STA-R17790,STA-O13919,31-12-2025,5.71,Paid,5.71
STA-R12294,STA-O7096,12-05-2024,5.01,Paid,0
STA-R18617,STA-O6106,15-07-2025,45.4,Paid,0
STA-R12885,STA-O7933,05-06-2023,176.9,Paid,0
STA-R18459,STA-O8682,27-02-2024,25.65,Paid,0
STA-R10876,STA-O10475,17-09-2024,7.1,Paid,0
STA-R14620,STA-O12419,09-10-2024,24.35,Paid,0
STA-R15982,STA-O10731,26-01-2025,10,Paid,0
STA-R14744,STA-O7709,17-01-2025,28.12,Paid,28.12
STA-R17409,STA-O8370,01-08-2025,28.33,Paid,0
STA-R12680,STA-O12564,13-06-2024,9.1,Paid,0
STA-R15950,STA-O10186,12-04-2023,6.12,Paid,0
STA-R15983,STA-O11028,09-01-2024,5.33,Paid,0
STA-R9992,STA-O9164,20-06-2024,16.24,Paid,4.96
STA-R16772,STA-O12626,11-06-2025,23.64,Paid,23.64
STA-R11764,STA-O14968,04-05-2025,24.12,Pending,0
STA-R17088,STA-O11507,29-11-2025,29.45,Paid,0
STA-R15935,STA-O9147,08-06-2024,7.96,Paid,0
STA-R13689,STA-O12017,02-10-2024,65.58,Paid,0
STA-R11347,STA-O11097,03-07-2023,0,Paid,0
STA-R15078,STA-O9815,12-05-2023,6.46,Paid,0
STA-R12953,STA-O12277,27-04-2025,71.54,Paid,0
STA-R10548,STA-O6237,10-05-2025,85.98,Refunded,0
STA-R13794,STA-O5639,15-01-2023,21.72,Paid,0
STA-R18360,STA-O9933,29-01-2023,79.25,Refunded,0
STA-R12952,STA-O5828,27-09-2025,21.88,Paid,21.88
STA-R17656,STA-O12238,09-12-2025,8.35,Pending,0
STA-R17031,STA-O12753,23-05-2024,65.82,Paid,0
STA-R15542,STA-O14511,26-12-2025,10.1,Refunded,3.35
STA-R17981,STA-O9175,17-05-2023,12.58,Paid,12.58
STA-R18141,STA-O10549,11-06-2024,0,Paid,0
STA-R12790,STA-O12632,05-02-2025,113.28,Paid,0
STA-R18383,STA-O9733,06-07-2025,26.73,Pending,0
STA-R15942,STA-O8224,06-01-2024,18.12,Paid,0
STA-R13466,STA-O11936,22-11-2025,5,Paid,0
STA-R14149,STA-O14990,12-06-2024,17.38,Paid,0
STA-R17247,STA-O7819,01-01-2023,11.58,Paid,0
STA-R9175,STA-O5155,10-11-2024,33.05,Paid,0
STA-R18097,STA-O12156,22-08-2024,16.48,Paid,0
STA-R15059,STA-O9203,10-09-2025,118.77,Refunded,0
STA-R10699,STA-O14089,02-04-2023,13.89,Refunded,0
STA-R17719,STA-O10813,28-04-2023,12.2,Paid,0
STA-R12073,STA-O10866,17-10-2024,14.52,Paid,0
STA-R12335,STA-O11218,03-08-2025,26.55,Paid,0
STA-R13262,STA-O11618,09-06-2025,6.46,Paid,0
STA-R9420,STA-O6330,31-08-2023,26.88,Paid,26.88
STA-R14518,STA-O5347,17-05-2024,15.84,Paid,15.84
STA-R12844,STA-O7312,05-05-2024,4.76,Paid,0.54
STA-R10832,STA-O7151,31-08-2025,15.56,Paid,0
STA-R15589,STA-O7087,26-07-2023,14.64,Paid,0
STA-R10350,STA-O12968,29-05-2023,3.82,Paid,0
STA-R17400,STA-O7578,17-08-2024,4.71,Paid,0
STA-R13418,STA-O7376,08-09-2024,8.45,Refunded,0
STA-R14953,STA-O11700,27-03-2024,72.85,Paid,72.85
STA-R10908,STA-O7664,11-12-2023,3.82,Paid,3.82
STA-R14906,STA-O6078,24-11-2023,24.84,Paid,0
STA-R11642,STA-O10743,22-04-2024,13.12,Paid,13.12
STA-R16870,STA-O7381,16-06-2025,5.13,Paid,5.13
STA-R18407,STA-O10418,23-07-2024,3.2,Paid,0
STA-R11689,STA-O13929,26-11-2023,0,Paid,0
STA-R10889,STA-O5626,24-04-2025,7.3,Paid,0
STA-R9793,STA-O13366,20-08-2025,5.29,Paid,5.29
STA-R15656,STA-O8233,17-02-2024,3.36,Paid,0
STA-R10618,STA-O13044,13-07-2025,3.2,Paid,0
STA-R17947,STA-O9331,11-01-2025,10.41,Paid,0
STA-R13927,STA-O14282,21-09-2025,9.81,Paid,0
STA-R16118,STA-O6886,10-07-2024,20.43,Paid,0
STA-R9580,STA-O5107,12-06-2024,6.24,Paid,0
STA-R11441,STA-O12536,13-02-2025,8.98,Paid,0
STA-R10964,STA-O14836,03-10-2023,14.92,Paid,0
STA-R14461,STA-O13212,26-03-2025,27.2,Paid,27.2
STA-R11242,STA-O7792,22-02-2023,27.15,Paid,0
STA-R10413,STA-O9360,19-07-2025,10.24,Paid,10.24
STA-R13887,STA-O11081,27-07-2023,30.64,Paid,0
STA-R12466,STA-O10957,22-10-2024,102.24,Paid,0
STA-R13303,STA-O5755,10-09-2025,0,Paid,0
STA-R10529,STA-O7851,28-12-2024,25.6,Paid,0
STA-R9166,STA-O8679,16-04-2025,24.44,Paid,24.44
STA-R14700,STA-O6641,24-07-2023,22.7,Paid,0
STA-R12584,STA-O13244,04-11-2024,24.06,Pending,0
STA-R13398,STA-O10371,01-04-2024,17.36,Refunded,1.92
STA-R13158,STA-O6865,05-09-2025,12,Refunded,0
STA-R14663,STA-O10229,10-10-2023,14.8,Paid,0
STA-R14858,STA-O10609,11-11-2024,32.4,Paid,0
STA-R16736,STA-O8756,01-09-2024,42.44,Paid,0
STA-R16758,STA-O11529,02-07-2025,5.53,Paid,0
STA-R12772,STA-O9642,19-09-2025,13.22,Pending,0
STA-R13713,STA-O5414,10-08-2024,20.8,Paid,0
STA-R14962,STA-O7909,03-10-2024,33.1,Paid,33.1
STA-R9925,STA-O5941,25-09-2025,8.07,Paid,0
STA-R17289,STA-O5129,30-10-2024,12.76,Paid,0
STA-R10524,STA-O5579,05-03-2024,13.65,Paid,0
STA-R11927,STA-O9588,07-07-2024,188.25,Paid,188.25
STA-R18007,STA-O14826,28-10-2025,27.96,Paid,0
STA-R11410,STA-O5509,09-01-2023,20.1,Refunded,0
STA-R15718,STA-O12582,16-07-2023,112.48,Paid,0
STA-R17472,STA-O12260,02-04-2024,159.45,Paid,0
STA-R16218,STA-O12350,03-10-2023,9.52,Paid,9.52
STA-R9749,STA-O7788,13-02-2024,18.04,Paid,0
STA-R9062,STA-O8329,14-10-2023,7.94,Paid,0
STA-R18450,STA-O5617,10-08-2024,13.94,Refunded,0
STA-R11397,STA-O6623,25-03-2024,9.56,Paid,0
STA-R17011,STA-O6298,27-09-2024,24.88,Paid,0
STA-R11265,STA-O9608,14-11-2025,23.72,Paid,0
STA-R18446,STA-O6541,31-10-2025,115.14,Paid,0
STA-R10262,STA-O6950,01-02-2025,31.06,Paid,0
STA-R9243,STA-O13298,15-10-2023,57.78,Paid,0
STA-R15284,STA-O11790,23-03-2024,7.06,Paid,0
STA-R12105,STA-O9957,31-08-2024,10.56,Paid,1.7
STA-R9726,STA-O13038,06-01-2023,41.64,Paid,0
STA-R9277,STA-O10012,29-03-2025,21.2,Paid,0
STA-R17657,STA-O7573,18-11-2024,10.83,Paid,0
STA-R10545,STA-O10927,13-01-2025,21.92,Paid,21.92
STA-R18576,STA-O13852,26-07-2024,24.45,Paid,0
STA-R16434,STA-O5240,18-02-2024,12.62,Pending,0
STA-R10023,STA-O14309,25-06-2023,8.54,Paid,0
STA-R18217,STA-O9449,13-05-2025,22.96,Paid,0
STA-R13356,STA-O5913,20-04-2024,29.45,Pending,0
STA-R12321,STA-O8200,23-03-2023,8.4,Refunded,0
STA-R16905,STA-O7108,17-02-2023,8.85,Paid,0
STA-R13215,STA-O13983,24-08-2025,20.4,Paid,20.4
STA-R15575,STA-O9097,11-01-2025,10,Paid,0
STA-R12029,STA-O6824,02-06-2023,14.16,Paid,0
STA-R17723,STA-O12798,21-06-2025,8.04,Paid,0
STA-R12775,STA-O9682,02-12-2025,72,Paid,0
STA-R14720,STA-O13956,11-01-2024,11.04,Paid,0
STA-R17523,STA-O8084,04-10-2025,102.3,Paid,0
STA-R18549,STA-O12651,26-12-2025,24.06,Paid,0
STA-R9355,STA-O13722,23-05-2024,46.17,Paid,0
STA-R12237,STA-O10294,28-09-2025,33.14,Refunded,0
STA-R14152,STA-O11616,21-08-2023,180.4,Paid,0
STA-R12643,STA-O9475,12-05-2025,10.72,Paid,10.72
STA-R13386,STA-O9992,08-10-2023,26.05,Paid,0
STA-R17752,STA-O6042,24-10-2025,16.6,Paid,0
STA-R11707,STA-O13932,11-04-2023,129.65,Pending,0
STA-R14710,STA-O6123,20-12-2024,5.71,Refunded,0
STA-R13378,STA-O5169,02-07-2023,20.12,Paid,20.12
STA-R11203,STA-O11154,11-10-2024,12.38,Paid,0
STA-R13205,STA-O12002,14-06-2025,20.2,Paid,0
STA-R12191,STA-O5165,16-03-2025,38.04,Paid,0
STA-R13843,STA-O5217,12-04-2024,14.7,Refunded,0
STA-R13095,STA-O5845,14-10-2023,18.55,Paid,0
STA-R12315,STA-O9110,10-07-2023,2.93,Refunded,0
STA-R15470,STA-O8880,15-05-2024,29.35,Paid,0
STA-R10333,STA-O9874,23-05-2024,5.16,Paid,0
STA-R15347,STA-O6864,17-06-2024,20.4,Paid,0
STA-R12018,STA-O12521,07-12-2024,14.94,Paid,14.94
STA-R18637,STA-O14179,23-03-2024,0,Paid,0
STA-R10009,STA-O5044,02-10-2023,15.18,Paid,0
STA-R17066,STA-O11679,11-03-2023,15.28,Paid,0
STA-R16313,STA-O10864,16-02-2024,4.48,Paid,0
STA-R16697,STA-O7533,16-05-2023,30.6,Paid,0
STA-R13229,STA-O13678,20-09-2024,10.38,Paid,0
STA-R12809,STA-O11216,11-04-2024,6.26,Paid,0
STA-R10868,STA-O7606,04-09-2024,34.14,Pending,0
STA-R17173,STA-O7735,05-02-2024,26.96,Refunded,0
STA-R12441,STA-O7259,28-09-2023,25.6,Paid,0
STA-R13468,STA-O12663,21-06-2023,26.52,Paid,0
STA-R18193,STA-O10914,31-10-2024,5.37,Paid,0
STA-R15315,STA-O11212,16-12-2023,8.1,Pending,0
STA-R13824,STA-O10908,28-01-2024,14.94,Paid,0
STA-R12616,STA-O6779,05-11-2024,0,Refunded,0
STA-R15603,STA-O12722,20-01-2024,12.44,Paid,0
STA-R12574,STA-O7189,06-06-2024,76.36,Paid,0
STA-R16376,STA-O13165,26-08-2024,31.53,Paid,0
STA-R11176,STA-O9056,25-07-2024,0,Paid,0
STA-R15660,STA-O10968,29-07-2024,9.09,Paid,0
STA-R14394,STA-O10991,25-09-2025,33.64,Paid,0
STA-R17213,STA-O10544,07-12-2023,14.68,Paid,0
STA-R17341,STA-O6678,28-06-2025,25.65,Refunded,0
STA-R12175,STA-O9132,10-05-2023,0,Paid,0
STA-R15837,STA-O10693,04-12-2023,18.12,Paid,0
STA-R10060,STA-O9191,05-08-2024,21.15,Paid,21.15
STA-R14875,STA-O5904,26-09-2023,97.6,Paid,0
STA-R12782,STA-O12507,16-03-2025,16.44,Paid,0
STA-R17587,STA-O10819,28-09-2023,190.85,Paid,0
STA-R18408,STA-O6424,05-01-2024,3.56,Paid,3.56
STA-R16800,STA-O5528,08-10-2024,22.88,Paid,0
STA-R17823,STA-O13011,20-12-2023,19.92,Paid,0
STA-R17434,STA-O10670,06-09-2025,19.72,Refunded,0
STA-R17544,STA-O8848,08-04-2024,29.15,Refunded,0
STA-R17374,STA-O11262,08-08-2023,6.18,Paid,2.16
STA-R15170,STA-O12989,29-09-2024,14.34,Refunded,0
STA-R11156,STA-O8131,17-03-2025,59.65,Paid,59.65
STA-R9875,STA-O13848,18-01-2023,12.72,Paid,12.72
STA-R12840,STA-O12682,17-08-2023,8.68,Paid,8.68
STA-R15183,STA-O6885,24-03-2024,38.68,Refunded,0
STA-R15683,STA-O10344,24-01-2025,0,Paid,0
STA-R16243,STA-O11297,18-11-2024,8.22,Refunded,0
STA-R10440,STA-O8062,21-03-2025,28.8,Paid,0
STA-R15803,STA-O10041,20-06-2025,12.7,Paid,0
STA-R17117,STA-O14445,24-03-2023,13.22,Paid,0
STA-R13627,STA-O9217,10-01-2023,12.04,Pending,0
STA-R17999,STA-O12226,14-08-2025,14.73,Pending,0
STA-R9476,STA-O6571,16-04-2024,5.8,Paid,0
STA-R12799,STA-O11475,24-03-2025,3.51,Paid,0
STA-R13019,STA-O12285,13-10-2023,32.6,Paid,32.6
STA-R13328,STA-O6817,12-10-2024,3.44,Paid,0
STA-R16163,STA-O5301,13-05-2025,20.24,Paid,20.24
STA-R13162,STA-O11266,30-10-2024,14.94,Paid,0
STA-R9862,STA-O14810,26-12-2024,36.45,Paid,0
STA-R16552,STA-O6550,05-09-2023,5.99,Paid,0
STA-R16928,STA-O11327,07-07-2023,27.04,Paid,0
STA-R11574,STA-O8057,09-07-2024,15.16,Paid,0
STA-R15231,STA-O12150,29-09-2024,27.52,Refunded,0
STA-R10004,STA-O13434,31-01-2025,28.12,Paid,0
STA-R16358,STA-O6956,27-07-2024,21.57,Paid,21.57
STA-R17747,STA-O6155,23-11-2023,7.99,Paid,0
STA-R13821,STA-O6441,16-04-2023,42.63,Paid,42.63
STA-R17543,STA-O7043,10-01-2023,18.72,Paid,0
STA-R9473,STA-O5338,04-01-2024,18.36,Paid,0
STA-R16650,STA-O12255,19-12-2025,15.72,Pending,0
STA-R9079,STA-O7722,14-09-2024,13.78,Paid,0
STA-R15825,STA-O10966,17-03-2024,29.75,Paid,29.75
STA-R18262,STA-O14009,11-05-2023,72.24,Paid,0
STA-R16302,STA-O9377,07-11-2025,19.48,Paid,19.48
STA-R13287,STA-O12499,27-09-2025,3.88,Paid,0
STA-R17484,STA-O8875,18-06-2023,3.38,Paid,0
STA-R11814,STA-O8789,13-02-2025,67.44,Paid,0
STA-R18597,STA-O9753,26-09-2023,11.46,Paid,0
STA-R11139,STA-O9349,11-05-2025,3.46,Paid,0
STA-R17415,STA-O6909,09-04-2024,6.71,Paid,6.71
STA-R10605,STA-O10504,13-10-2024,54.05,Paid,54.05
STA-R9098,STA-O13944,14-06-2025,19.84,Paid,19.84
STA-R12275,STA-O5759,03-02-2025,6.76,Paid,6.76
STA-R16861,STA-O14332,08-03-2024,8.05,Paid,0
STA-R11424,STA-O9281,16-05-2023,36.04,Paid,0
STA-R15621,STA-O6435,08-08-2024,24.25,Paid,8.56
STA-R17298,STA-O8127,11-01-2025,9.96,Paid,9.96
STA-R18607,STA-O12157,13-12-2024,7.33,Paid,0
STA-R9935,STA-O9787,23-11-2023,43.05,Paid,0
STA-R11224,STA-O14972,28-09-2024,0,Refunded,0
STA-R16899,STA-O7944,17-10-2024,66.6,Paid,66.6
STA-R13035,STA-O7639,08-02-2024,32.05,Paid,0
STA-R17097,STA-O11458,05-09-2025,89.1,Pending,0
STA-R16336,STA-O12221,17-09-2025,8.5,Paid,0
STA-R17598,STA-O7922,02-01-2024,53.55,Refunded,0
STA-R11192,STA-O7574,03-03-2025,10.02,Pending,0
STA-R11407,STA-O13993,12-08-2025,29.46,Paid,0
STA-R15708,STA-O13595,27-05-2025,14.92,Paid,0
STA-R10456,STA-O5895,31-08-2024,19.85,Pending,0
STA-R10656,STA-O13494,06-05-2025,18.64,Paid,0
STA-R18183,STA-O6782,07-05-2025,107.79,Paid,0
STA-R18454,STA-O5040,16-10-2024,16.04,Paid,0
STA-R17503,STA-O14260,16-08-2023,43,Pending,0
STA-R15447,STA-O13963,20-07-2023,3.44,Refunded,0
STA-R18314,STA-O11219,10-01-2024,19.71,Paid,7.81
STA-R18087,STA-O11062,02-09-2023,39.55,Paid,10.15
STA-R16003,STA-O11727,04-05-2023,10.36,Paid,10.36
STA-R12064,STA-O8259,02-04-2023,38.6,Paid,0
STA-R13192,STA-O14465,09-11-2023,34.34,Paid,0
STA-R14050,STA-O12512,25-07-2023,24.9,Paid,0
STA-R15534,STA-O14717,04-01-2024,5.48,Paid,0
STA-R18257,STA-O6951,02-11-2024,5.67,Paid,5.67
STA-R16185,STA-O7616,06-12-2024,0,Refunded,0
STA-R18509,STA-O11126,13-10-2024,25.65,Paid,0
STA-R12999,STA-O14117,15-08-2023,7.22,Pending,0
STA-R16908,STA-O11307,12-12-2024,33.52,Pending,0
STA-R15161,STA-O14575,20-06-2024,20.4,Paid,0
STA-R9887,STA-O13544,22-04-2024,95.6,Paid,0
STA-R15240,STA-O6880,09-09-2024,25.35,Refunded,0
STA-R12138,STA-O6355,06-02-2024,25.6,Paid,0
STA-R11188,STA-O8648,01-01-2023,6.35,Paid,0
STA-R10443,STA-O9525,02-12-2024,117.15,Refunded,0
STA-R17666,STA-O13898,03-12-2024,79.75,Paid,0
STA-R15992,STA-O13695,10-07-2023,61.44,Paid,0
STA-R16414,STA-O9783,13-07-2023,15.64,Pending,0
STA-R9457,STA-O8453,21-03-2023,18.99,Refunded,0
STA-R17632,STA-O9659,21-03-2024,187.7,Paid,187.7
STA-R11249,STA-O10441,28-02-2025,21.88,Paid,0
STA-R9138,STA-O6225,19-04-2024,10.22,Paid,0
STA-R18119,STA-O5264,23-06-2025,13,Paid,0
STA-R14441,STA-O12829,28-04-2024,21.5,Paid,0
STA-R16942,STA-O9719,07-06-2024,26.3,Paid,0
STA-R16810,STA-O11325,19-10-2025,23.72,Paid,23.72
STA-R9688,STA-O6165,06-07-2023,58.95,Paid,0
STA-R13210,STA-O7500,02-07-2023,16.96,Paid,0
STA-R11696,STA-O12652,19-03-2025,26.64,Pending,12.98
STA-R18218,STA-O11791,15-02-2025,5.86,Paid,0
STA-R9673,STA-O11818,30-05-2023,7.62,Paid,0
STA-R11117,STA-O11561,28-08-2023,20.36,Paid,0
STA-R18259,STA-O12836,29-12-2024,27.95,Paid,0
STA-R18000,STA-O13295,06-04-2023,20.32,Paid,0
STA-R14740,STA-O11682,23-12-2023,9.42,Refunded,0
STA-R18438,STA-O12076,14-03-2024,5.74,Paid,0
STA-R10160,STA-O14354,03-04-2024,118.05,Paid,0
STA-R11480,STA-O13181,25-07-2024,4.89,Refunded,0
STA-R13396,STA-O10092,16-09-2024,19.65,Paid,0
STA-R9342,STA-O11993,22-04-2023,25.65,Pending,0
STA-R10092,STA-O6900,24-03-2025,25.96,Paid,0
STA-R11686,STA-O13730,06-06-2023,4.72,Paid,0
STA-R11864,STA-O14346,09-08-2025,5.89,Paid,0
STA-R16183,STA-O13410,24-05-2023,37.89,Paid,0
STA-R14359,STA-O10469,22-05-2024,123.2,Paid,0
STA-R12267,STA-O10345,09-12-2023,44.04,Refunded,0
STA-R15063,STA-O11057,05-08-2024,5.52,Paid,0
STA-R12854,STA-O11221,07-03-2025,23.2,Pending,10.51
STA-R12600,STA-O10242,20-04-2025,121.45,Refunded,0
STA-R10823,STA-O9298,25-01-2024,23.85,Refunded,0
STA-R9581,STA-O9814,21-01-2023,10.3,Paid,0
STA-R14007,STA-O12437,12-04-2025,46.92,Paid,0
STA-R17910,STA-O5229,24-07-2025,23.7,Paid,0
STA-R11104,STA-O9220,14-05-2023,31.54,Refunded,0
STA-R9896,STA-O12503,18-01-2025,17.07,Paid,2.63
STA-R10457,STA-O11796,22-11-2024,3.6,Paid,0
STA-R12816,STA-O8409,27-01-2025,22.24,Paid,0
STA-R14145,STA-O13523,30-09-2023,7.93,Paid,0
STA-R11320,STA-O9987,09-06-2023,17.98,Refunded,0
STA-R13536,STA-O11380,08-06-2025,62.25,Paid,0
STA-R14103,STA-O6746,02-01-2025,13.74,Paid,13.74
STA-R9111,STA-O7506,22-09-2023,6.18,Paid,0
STA-R15464,STA-O7166,03-12-2024,40.76,Paid,0
STA-R17345,STA-O11763,12-02-2023,7.59,Paid,0
STA-R12484,STA-O8137,24-10-2023,21.68,Pending,0
STA-R16838,STA-O11478,13-01-2024,14.06,Paid,0
STA-R12026,STA-O12426,09-01-2023,2.29,Pending,0
STA-R15238,STA-O13588,26-11-2025,17.43,Paid,0
STA-R15587,STA-O6119,05-04-2024,37.5,Paid,0
STA-R14683,STA-O11698,01-08-2023,0,Paid,6.66
STA-R17208,STA-O6345,29-11-2024,38.4,Paid,38.4
STA-R13614,STA-O10754,01-03-2025,11,Pending,0
STA-R9576,STA-O8935,07-07-2023,12.2,Paid,0
STA-R9360,STA-O5060,28-08-2023,41.76,Pending,0
STA-R9125,STA-O11193,10-06-2025,125.85,Pending,0
STA-R12500,STA-O5456,18-06-2025,67.35,Paid,0
STA-R16966,STA-O5951,14-08-2023,18.82,Paid,0
STA-R9375,STA-O13788,16-12-2023,5.27,Paid,5.27
STA-R11287,STA-O7970,14-07-2025,13.68,Pending,0
STA-R13132,STA-O5073,01-09-2023,7.42,Paid,0
STA-R16065,STA-O8808,09-09-2024,13.99,Pending,0
STA-R9026,STA-O7236,23-02-2024,7.82,Refunded,0
STA-R17506,STA-O13918,05-06-2025,12.15,Paid,0
STA-R15051,STA-O5285,29-08-2024,5.91,Paid,5.91
STA-R16227,STA-O8243,09-04-2025,114.95,Paid,0
STA-R10464,STA-O5464,04-10-2023,21.44,Paid,0
STA-R18391,STA-O13560,05-06-2023,6.54,Paid,0
STA-R9315,STA-O12020,02-11-2024,14.2,Pending,0
STA-R11335,STA-O11394,11-02-2025,24.24,Paid,0
STA-R10829,STA-O11990,15-09-2025,15.87,Refunded,0
STA-R10612,STA-O5846,03-01-2025,19.52,Paid,0
STA-R14022,STA-O5603,21-09-2023,3.95,Paid,0
STA-R10065,STA-O12007,08-12-2024,5.33,Paid,0
STA-R9065,STA-O7347,04-11-2023,29.35,Paid,7.06
STA-R13421,STA-O5324,25-09-2023,0,Paid,25.98
STA-R12336,STA-O6349,04-07-2025,9.24,Paid,9.24
STA-R11243,STA-O7886,22-07-2024,25.56,Refunded,0
STA-R11680,STA-O13659,16-02-2025,21.72,Refunded,0
STA-R18051,STA-O8509,09-04-2025,17.4,Refunded,0
STA-R11323,STA-O12543,16-05-2025,6.9,Paid,0
STA-R16730,STA-O13981,06-02-2023,6.36,Pending,0
STA-R14746,STA-O5939,04-01-2025,8.7,Paid,0
STA-R15452,STA-O9094,05-01-2025,10.65,Paid,0
STA-R14888,STA-O8768,13-02-2023,14.68,Paid,0
STA-R9487,STA-O7167,27-03-2024,5.73,Refunded,0
STA-R14496,STA-O12120,20-04-2023,45.96,Paid,0
STA-R12891,STA-O6134,19-01-2024,17.44,Paid,0
STA-R15830,STA-O10074,17-04-2023,28.36,Paid,0
STA-R10339,STA-O5030,05-06-2023,15.35,Refunded,0
STA-R15698,STA-O9060,12-03-2024,23.85,Paid,0
STA-R10966,STA-O6183,26-09-2025,11.12,Paid,0
STA-R17269,STA-O10480,01-02-2025,35.1,Pending,0
STA-R11543,STA-O12006,05-07-2023,59.32,Paid,0
STA-R15933,STA-O14653,27-08-2024,12.4,Paid,0
STA-R10797,STA-O7109,06-05-2025,96.84,Paid,96.84
STA-R15826,STA-O11035,03-10-2024,17.55,Paid,17.55
STA-R13810,STA-O10687,15-06-2025,35.85,Paid,0
STA-R15604,STA-O13578,24-01-2024,29.65,Paid,29.65
STA-R15751,STA-O11135,26-01-2024,21.21,Paid,0
STA-R17667,STA-O14719,19-01-2025,5.28,Paid,0
STA-R18644,STA-O10287,07-08-2025,20.07,Paid,0
STA-R15616,STA-O13391,07-10-2023,7.17,Paid,0
STA-R10760,STA-O14278,20-04-2025,18.28,Paid,18.28
STA-R16652,STA-O8534,16-08-2025,0,Paid,0
STA-R11113,STA-O10820,23-10-2024,18.6,Paid,0
STA-R9684,STA-O8393,28-12-2023,14.82,Refunded,0
STA-R17015,STA-O7387,28-05-2025,4.87,Paid,0
STA-R11897,STA-O5947,23-10-2023,0,Paid,0
STA-R17665,STA-O9310,02-01-2023,13.12,Paid,0
STA-R10532,STA-O7740,21-05-2025,14.84,Refunded,0
STA-R11239,STA-O12349,03-12-2025,25.52,Paid,0
STA-R14501,STA-O8460,28-08-2023,107.35,Refunded,0
STA-R12304,STA-O11833,13-05-2024,17.92,Paid,0
STA-R18400,STA-O6158,23-03-2025,92.84,Paid,92.84
STA-R9358,STA-O7435,16-04-2024,3.22,Pending,0
STA-R15487,STA-O13139,05-05-2024,9.93,Refunded,0
STA-R12940,STA-O11598,16-10-2023,11.24,Refunded,0
STA-R15409,STA-O8458,25-01-2025,4.82,Paid,0
STA-R11329,STA-O13055,19-10-2023,28.32,Paid,0
STA-R14714,STA-O6913,11-03-2023,32.96,Paid,0
STA-R18417,STA-O12838,17-01-2024,25.16,Paid,0
STA-R18003,STA-O6493,23-11-2025,75.6,Paid,0
STA-R9009,STA-O6481,24-02-2025,10.32,Paid,0
STA-R14096,STA-O13771,11-01-2024,7.38,Paid,0
STA-R11337,STA-O7738,20-01-2025,9.96,Paid,0
STA-R18229,STA-O8088,21-11-2025,28.92,Paid,0
STA-R15306,STA-O8478,21-04-2023,4.48,Refunded,0
STA-R16926,STA-O9116,25-10-2023,29.3,Paid,0
STA-R10274,STA-O13050,06-02-2023,17.56,Paid,0
STA-R11990,STA-O13426,23-10-2024,29.84,Paid,0
STA-R18317,STA-O13230,04-05-2025,15.84,Paid,0
STA-R9284,STA-O5734,01-02-2024,0,Refunded,0
STA-R16663,STA-O12714,04-08-2025,12.58,Paid,0
STA-R11296,STA-O8202,16-03-2025,20.9,Paid,20.9
STA-R13448,STA-O12133,13-07-2024,16,Paid,0
STA-R13440,STA-O14406,18-12-2023,25.71,Paid,0
STA-R16807,STA-O9826,05-09-2024,0,Paid,26.95
STA-R14801,STA-O14408,05-02-2024,11.86,Paid,0
STA-R13224,STA-O5717,28-08-2024,23.35,Pending,0
STA-R16885,STA-O7264,10-12-2024,32.97,Refunded,0
STA-R17295,STA-O12240,17-12-2025,4.71,Refunded,0
STA-R9756,STA-O13901,19-10-2023,15.15,Paid,0
STA-R9410,STA-O5921,30-01-2023,38,Paid,38
STA-R10365,STA-O12691,29-01-2024,12.72,Paid,0
STA-R14909,STA-O6148,03-08-2025,22.8,Refunded,0
STA-R15645,STA-O5841,25-09-2024,17.28,Paid,0
STA-R10356,STA-O12405,21-05-2023,42.15,Paid,0
STA-R12404,STA-O6064,07-08-2025,14.44,Paid,0
STA-R17576,STA-O8188,22-09-2025,78.88,Paid,0
STA-R12370,STA-O9895,25-01-2023,6.26,Paid,0
STA-R15914,STA-O9285,08-02-2024,21.76,Paid,0
STA-R18388,STA-O5455,19-03-2023,25.75,Paid,25.75
STA-R11589,STA-O11016,14-02-2025,19.05,Refunded,0
STA-R11551,STA-O9988,27-09-2024,13.83,Paid,0
STA-R18170,STA-O12124,26-01-2025,22.9,Refunded,0
STA-R13507,STA-O6837,28-10-2025,14.62,Paid,0
STA-R17394,STA-O5328,20-05-2024,161.8,Paid,0
STA-R14162,STA-O14512,09-05-2024,8.19,Paid,0
STA-R11428,STA-O14304,15-07-2024,0,Paid,0
STA-R11924,STA-O12491,21-06-2023,28.4,Paid,28.4
STA-R16795,STA-O11623,19-02-2025,32.12,Paid,0
STA-R10705,STA-O11527,21-01-2025,64.53,Paid,0
STA-R9414,STA-O12417,06-06-2024,10.93,Paid,5.02
STA-R9189,STA-O5611,17-01-2024,4.18,Paid,0
STA-R10573,STA-O5024,22-01-2023,15.04,Paid,0
STA-R13122,STA-O12209,31-08-2024,30.36,Refunded,0
STA-R17156,STA-O9552,11-07-2024,12.21,Paid,0
STA-R12141,STA-O6171,30-11-2024,16.92,Paid,0
STA-R9219,STA-O12335,20-03-2024,15.21,Paid,0
STA-R17277,STA-O6648,22-08-2025,66.15,Paid,0
STA-R15775,STA-O10692,20-02-2025,13.04,Paid,0
STA-R9033,STA-O5532,02-04-2024,5.58,Paid,0
STA-R11004,STA-O11827,08-12-2025,17.31,Paid,17.31
STA-R11082,STA-O12139,22-12-2024,6.82,Paid,0
STA-R9579,STA-O11519,10-01-2025,185.4,Paid,0
STA-R16694,STA-O14525,28-10-2025,27.35,Paid,0
STA-R18367,STA-O8840,08-12-2024,27.05,Paid,0
STA-R15383,STA-O13926,14-12-2023,5.47,Paid,2.45
STA-R10103,STA-O13090,02-01-2023,62.88,Refunded,0
STA-R9225,STA-O9278,20-02-2024,23.34,Paid,0
STA-R11812,STA-O7170,02-07-2023,11.75,Refunded,0
STA-R13004,STA-O7797,19-02-2024,10.38,Refunded,0
STA-R12939,STA-O9476,10-03-2023,24.03,Paid,6.78
STA-R10162,STA-O5443,08-06-2025,7.08,Paid,7.08
STA-R11866,STA-O14685,08-08-2024,12.58,Pending,0
STA-R11217,STA-O14028,09-06-2025,69.06,Refunded,0
STA-R15576,STA-O5201,21-11-2024,25.85,Paid,0
STA-R9176,STA-O6300,29-08-2024,96.3,Refunded,0
STA-R15546,STA-O7785,02-04-2025,31.08,Refunded,0
STA-R17540,STA-O12688,19-07-2025,8.5,Paid,0
STA-R15893,STA-O9797,03-02-2024,16.36,Paid,0
STA-R10117,STA-O8541,30-10-2024,20.06,Paid,0
STA-R11653,STA-O13010,11-01-2025,3.74,Paid,0
STA-R16275,STA-O5158,12-09-2025,3.63,Paid,0
STA-R13300,STA-O12358,28-07-2023,25.08,Paid,0
STA-R10026,STA-O7446,30-05-2025,7.36,Paid,0
STA-R10335,STA-O13704,20-08-2023,18.15,Paid,0
STA-R18413,STA-O9649,05-08-2024,29.1,Paid,0
STA-R14961,STA-O14583,01-05-2025,16.12,Paid,0
STA-R16612,STA-O12015,24-08-2024,14.01,Refunded,0
STA-R11259,STA-O14623,15-01-2023,24.96,Paid,0
STA-R17538,STA-O6321,31-08-2024,25.1,Paid,0
STA-R15975,STA-O10616,09-03-2025,6.63,Paid,0
STA-R11564,STA-O12174,08-03-2023,16.83,Paid,0
STA-R15716,STA-O7873,12-01-2025,3.07,Paid,0
STA-R9722,STA-O10915,04-06-2025,8.38,Paid,0
STA-R17447,STA-O6459,10-02-2024,34.02,Paid,0
STA-R18347,STA-O13200,11-03-2023,18.89,Refunded,0
STA-R12330,STA-O5281,19-11-2024,12.84,Paid,0
STA-R11034,STA-O14316,04-05-2025,98.01,Paid,98.01
STA-R14782,STA-O9521,26-08-2025,32.6,Paid,0
STA-R14043,STA-O6149,03-06-2024,23.88,Refunded,0
STA-R15932,STA-O8573,01-08-2025,18,Paid,0
STA-R15028,STA-O9154,13-02-2023,21.3,Pending,0
STA-R16620,STA-O11943,07-07-2023,16.8,Paid,16.8
STA-R16837,STA-O5543,09-10-2023,12.57,Paid,12.57
STA-R11636,STA-O12693,18-10-2024,15.16,Paid,15.16
STA-R9967,STA-O7290,18-01-2023,59.19,Paid,0
STA-R14945,STA-O5501,21-11-2023,31.28,Paid,0
STA-R16339,STA-O7676,27-07-2024,12.27,Paid,0
STA-R12707,STA-O5046,30-06-2025,15.18,Paid,0
STA-R14140,STA-O5284,31-12-2023,9.36,Refunded,0
STA-R10198,STA-O9287,05-09-2024,4.32,Refunded,0
STA-R10796,STA-O12791,24-03-2023,29.22,Paid,0
STA-R10688,STA-O12969,18-03-2023,9.63,Paid,0
STA-R18134,STA-O7020,15-03-2024,24.65,Paid,0
STA-R17810,STA-O10702,31-01-2024,26.16,Paid,0
STA-R13942,STA-O9609,16-12-2023,20.16,Paid,20.16
STA-R14036,STA-O5131,06-11-2024,34.9,Paid,0
STA-R14312,STA-O5571,30-12-2025,4.76,Paid,0
STA-R17266,STA-O14007,17-05-2023,5.96,Pending,0
STA-R18602,STA-O5627,19-04-2023,26.34,Paid,0
STA-R14698,STA-O14838,31-03-2024,88.88,Paid,0
STA-R17319,STA-O5231,07-11-2025,32.6,Paid,0
STA-R16836,STA-O12611,20-03-2023,13.36,Refunded,0
STA-R9379,STA-O6124,14-04-2023,8.28,Paid,8.28
STA-R17104,STA-O9794,17-08-2024,0,Refunded,0
STA-R12972,STA-O14970,30-01-2023,3.3,Paid,0
STA-R12979,STA-O6284,21-01-2023,6.13,Paid,0
STA-R16087,STA-O10891,22-08-2023,27.55,Paid,0
STA-R9587,STA-O5132,22-08-2025,18.72,Paid,0
STA-R9438,STA-O7770,13-04-2023,33.36,Pending,0
STA-R15356,STA-O12072,11-05-2025,10.02,Refunded,0
STA-R17572,STA-O8956,22-10-2024,0,Paid,0
STA-R18254,STA-O8099,25-06-2023,13.12,Paid,0
STA-R12511,STA-O11849,24-05-2023,0,Paid,0
STA-R9989,STA-O11665,29-01-2023,21.96,Paid,0
STA-R10207,STA-O14997,27-03-2023,25.74,Paid,25.74
STA-R18298,STA-O13478,10-08-2023,17.44,Refunded,0
STA-R11596,STA-O12112,17-09-2025,39.6,Paid,0
STA-R16543,STA-O6905,27-02-2023,26.76,Paid,0
STA-R11352,STA-O7622,22-01-2025,23.79,Paid,0
STA-R14261,STA-O11780,29-03-2024,40.55,Paid,40.55
STA-R9126,STA-O6867,06-11-2025,17.86,Refunded,0
STA-R16974,STA-O14762,21-07-2025,25.42,Paid,0
STA-R12896,STA-O8153,08-09-2023,27.76,Refunded,0
STA-R12163,STA-O8966,22-01-2025,23.73,Paid,0
STA-R12803,STA-O14153,02-06-2023,25.2,Paid,0
STA-R12382,STA-O9983,20-11-2023,0,Refunded,0
STA-R11714,STA-O9130,26-04-2023,5.68,Paid,0
STA-R15121,STA-O6396,07-08-2025,77.52,Paid,0
STA-R13034,STA-O6927,19-12-2023,16.71,Paid,0
STA-R9361,STA-O9031,10-10-2023,12.72,Refunded,0
STA-R14706,STA-O12175,16-03-2024,7.36,Paid,7.36
STA-R13478,STA-O13551,20-10-2024,25.55,Paid,0
STA-R9625,STA-O8194,25-10-2023,4.43,Paid,0
STA-R18491,STA-O8124,20-06-2023,95.6,Paid,0
STA-R11947,STA-O8121,22-12-2024,73.42,Paid,0
STA-R14071,STA-O7884,31-03-2024,22.4,Refunded,4.71
STA-R11502,STA-O6504,16-09-2023,23.97,Paid,23.97
STA-R12683,STA-O6791,29-06-2024,10.86,Paid,10.86
STA-R11871,STA-O8945,11-01-2023,11.16,Paid,0
STA-R14529,STA-O14291,24-03-2024,6.14,Refunded,0
STA-R12956,STA-O10538,29-09-2023,8.82,Paid,0
STA-R14721,STA-O12583,16-11-2023,11.91,Paid,0
STA-R13615,STA-O14078,13-02-2024,28.45,Paid,28.45
STA-R12593,STA-O13710,18-01-2025,18.18,Pending,0
STA-R13638,STA-O14819,18-12-2024,35.6,Paid,35.6
STA-R15684,STA-O6014,18-01-2025,32.26,Paid,0
STA-R13822,STA-O5078,27-12-2024,5.97,Refunded,0
STA-R16831,STA-O8483,02-08-2025,33.04,Paid,0
STA-R15794,STA-O5700,22-01-2023,10.54,Paid,0
STA-R12218,STA-O11839,04-01-2025,37.68,Paid,0
STA-R12875,STA-O9514,02-09-2024,16.72,Refunded,0
STA-R9447,STA-O10187,22-06-2023,17.94,Paid,0
STA-R10292,STA-O13047,02-07-2024,17.25,Paid,0
STA-R12907,STA-O5465,06-03-2025,36.3,Refunded,0
STA-R10926,STA-O11364,06-05-2023,11.22,Pending,0
STA-R14606,STA-O6740,24-07-2025,3.79,Paid,3.79
STA-R12359,STA-O8319,01-04-2023,16.16,Paid,7.92
STA-R16454,STA-O14697,24-07-2023,7.28,Refunded,0
STA-R9602,STA-O13276,14-08-2024,14.65,Refunded,0
STA-R15454,STA-O13800,11-09-2023,46.68,Paid,0
STA-R11931,STA-O6018,29-02-2024,26.25,Paid,0
STA-R13818,STA-O10407,12-08-2023,6.92,Paid,0
STA-R9406,STA-O7742,03-07-2023,3.87,Paid,3.87
STA-R17135,STA-O10103,20-08-2024,9.24,Paid,0
STA-R10110,STA-O11654,26-03-2025,6.94,Refunded,0
STA-R10701,STA-O13715,18-05-2024,17.12,Paid,0
STA-R15493,STA-O5010,27-10-2023,5.5,Refunded,0
STA-R16689,STA-O9442,23-02-2025,74.04,Pending,0
STA-R9912,STA-O11743,23-03-2025,16.46,Paid,0
STA-R9492,STA-O14756,13-09-2024,6.89,Paid,6.89
STA-R16427,STA-O14207,27-05-2025,13.44,Pending,0
STA-R9211,STA-O7139,26-12-2024,21.16,Paid,0
STA-R10666,STA-O8181,25-01-2024,46.23,Paid,46.23
STA-R17711,STA-O13935,20-03-2023,10.98,Refunded,0
STA-R13511,STA-O7310,19-10-2023,124.8,Paid,0
STA-R17916,STA-O10694,25-05-2024,98.64,Paid,0
STA-R11678,STA-O14296,08-12-2023,20.25,Pending,0
STA-R13341,STA-O14520,22-06-2024,17.92,Paid,0
STA-R12846,STA-O6430,30-01-2025,115,Paid,0
STA-R16404,STA-O7175,17-09-2023,12.8,Paid,12.8
STA-R17535,STA-O13711,25-02-2025,11.31,Paid,0
STA-R16742,STA-O5914,17-07-2024,15.36,Paid,15.36
STA-R13411,STA-O9073,21-04-2024,19.68,Paid,0
STA-R12821,STA-O7326,07-08-2023,23.04,Paid,0
STA-R10240,STA-O14295,20-02-2024,23.27,Paid,0
STA-R9239,STA-O10449,25-09-2023,31.44,Paid,0
STA-R11052,STA-O6051,10-01-2024,63.32,Paid,0
STA-R13175,STA-O5020,14-06-2024,30.2,Paid,0
STA-R18121,STA-O12382,19-02-2025,10,Refunded,0
STA-R13986,STA-O7967,03-09-2025,32.88,Paid,6.66
STA-R10838,STA-O7008,02-02-2023,37.7,Paid,0
STA-R11521,STA-O9121,06-05-2025,4.04,Paid,0
STA-R13354,STA-O9678,18-08-2023,0,Paid,0
STA-R12911,STA-O6218,26-05-2025,14.44,Paid,0
STA-R9655,STA-O13192,20-05-2023,19.91,Paid,0
STA-R9618,STA-O13896,11-08-2024,16.06,Paid,0
STA-R9716,STA-O9041,10-07-2023,11.94,Paid,0
STA-R9739,STA-O13568,26-06-2023,0,Paid,0
STA-R15580,STA-O11054,22-08-2023,195.7,Pending,20.43
STA-R10935,STA-O11223,22-09-2024,12.96,Paid,0
STA-R10924,STA-O9878,02-10-2025,14.88,Refunded,3.99
STA-R14561,STA-O8777,04-02-2023,80.5,Paid,0
STA-R17714,STA-O14220,13-06-2024,4.58,Paid,4.58
STA-R17102,STA-O10854,26-05-2025,5.02,Refunded,0
STA-R18041,STA-O5475,19-02-2024,23.58,Paid,10.39
STA-R10064,STA-O5651,11-01-2023,0,Paid,0
STA-R16809,STA-O8078,01-01-2023,31.88,Paid,0
STA-R10165,STA-O13427,15-02-2023,33,Paid,0
STA-R17137,STA-O11569,04-01-2025,12.88,Refunded,0
STA-R11853,STA-O11114,02-04-2024,20.24,Pending,0
STA-R17797,STA-O13256,21-10-2024,6.6,Pending,0
STA-R12016,STA-O10404,22-01-2025,29.36,Refunded,0
STA-R16826,STA-O6016,27-08-2024,75.4,Paid,75.4
STA-R10384,STA-O5630,20-11-2025,12.69,Paid,12.69
STA-R13716,STA-O8477,18-10-2025,10.54,Paid,10.54
STA-R11164,STA-O9239,09-09-2023,72.12,Refunded,0
STA-R11126,STA-O7518,07-02-2025,11.34,Refunded,0
STA-R12991,STA-O7898,20-07-2024,86.1,Paid,0
STA-R9053,STA-O9744,07-05-2025,22.3,Paid,0
STA-R16513,STA-O5632,23-12-2024,12.9,Paid,12.9
STA-R12555,STA-O6399,30-05-2024,10.25,Paid,0
STA-R16906,STA-O14848,22-12-2024,109.95,Refunded,0
STA-R9801,STA-O5802,23-12-2023,27.9,Paid,0
STA-R16420,STA-O8942,06-04-2025,16.44,Paid,0
STA-R9829,STA-O13629,25-05-2023,13.76,Paid,0
STA-R11261,STA-O7350,27-08-2025,105.85,Paid,0
STA-R17217,STA-O7032,22-01-2024,10.46,Paid,0
STA-R12176,STA-O12825,22-10-2025,30.6,Paid,0
STA-R10170,STA-O8720,01-01-2023,18.84,Paid,0
STA-R11370,STA-O7192,28-06-2025,13.84,Paid,13.84
STA-R17983,STA-O5788,28-04-2023,10.14,Paid,0
STA-R14191,STA-O11887,15-06-2023,14.74,Paid,0
STA-R14838,STA-O5050,07-04-2024,6.82,Paid,0
STA-R10399,STA-O10505,07-11-2025,33.75,Paid,0
STA-R13195,STA-O12342,12-04-2025,19.95,Refunded,0
STA-R11165,STA-O14492,08-07-2025,38.13,Paid,38.13
STA-R15378,STA-O14060,07-12-2024,0,Paid,0
STA-R14550,STA-O12971,02-01-2025,31.9,Paid,0
STA-R18105,STA-O13383,21-11-2024,22.95,Paid,0
STA-R14172,STA-O14289,04-01-2024,16.36,Paid,0
STA-R14129,STA-O11127,18-02-2024,30.03,Paid,0
STA-R9633,STA-O11767,13-09-2025,4.5,Paid,4.5
STA-R16203,STA-O11330,04-11-2025,22.2,Paid,0
STA-R9844,STA-O10817,09-10-2023,60.75,Refunded,0
STA-R9220,STA-O6277,25-03-2023,3.7,Paid,0
STA-R15158,STA-O9714,02-07-2025,4.38,Paid,0
STA-R11343,STA-O8655,17-05-2024,11.89,Paid,0
STA-R12333,STA-O11653,13-10-2025,18.92,Paid,0
STA-R10561,STA-O13484,12-01-2025,9.9,Paid,9.9
STA-R11777,STA-O11641,22-11-2023,0,Paid,0
STA-R12913,STA-O7751,05-08-2024,27.7,Paid,27.7
STA-R11443,STA-O9624,20-11-2023,17.4,Paid,17.4
STA-R13982,STA-O9178,24-11-2023,54.18,Paid,0
STA-R16310,STA-O7373,17-08-2024,55.92,Paid,0
STA-R12313,STA-O6760,01-11-2024,9.28,Paid,0
STA-R16325,STA-O7365,04-03-2025,44.35,Paid,0
STA-R16416,STA-O10532,24-09-2024,15.56,Paid,0
STA-R12993,STA-O7795,01-07-2025,30.85,Paid,0
STA-R16359,STA-O8760,24-08-2023,9.99,Paid,9.99
STA-R13435,STA-O8582,03-10-2023,19.15,Refunded,0
STA-R9519,STA-O8187,06-01-2024,25.3,Paid,0
STA-R9108,STA-O12169,21-09-2023,29.04,Paid,0
STA-R9644,STA-O14556,13-06-2025,88.4,Pending,0
STA-R12984,STA-O13897,14-07-2023,83.52,Paid,0
STA-R18425,STA-O5128,31-03-2025,62.76,Paid,62.76
STA-R10034,STA-O11309,03-04-2024,21.28,Paid,0
STA-R16900,STA-O13596,09-11-2023,95.25,Refunded,0
STA-R13416,STA-O7711,11-07-2025,32.25,Paid,0
STA-R13218,STA-O10267,12-02-2023,10.3,Paid,0
STA-R12709,STA-O9145,31-10-2024,32.9,Paid,0
STA-R15816,STA-O5485,14-10-2023,15.39,Paid,15.39
STA-R17996,STA-O6157,29-01-2025,23.49,Paid,0
STA-R18452,STA-O13781,13-03-2023,6.8,Paid,0
STA-R14431,STA-O8049,04-10-2024,27.75,Paid,0
STA-R17539,STA-O10268,23-06-2024,25.23,Paid,0
STA-R14634,STA-O5028,14-06-2025,17.96,Paid,0
STA-R15286,STA-O12199,07-06-2025,18.48,Paid,0
STA-R17003,STA-O11688,07-02-2024,3,Paid,0
STA-R9740,STA-O11133,16-03-2023,6.7,Paid,6.7
STA-R9666,STA-O14128,01-10-2025,26.6,Paid,0
STA-R12088,STA-O13593,12-10-2023,18.72,Paid,0
STA-R9590,STA-O10133,27-04-2023,0,Refunded,0
STA-R10052,STA-O11897,08-11-2023,23.96,Pending,0
STA-R11427,STA-O5623,31-07-2025,16.6,Refunded,0
STA-R17573,STA-O12654,14-04-2024,19.71,Paid,0
STA-R9890,STA-O10500,29-09-2024,20.73,Paid,0
STA-R10638,STA-O13263,01-07-2025,27.8,Paid,0
STA-R12195,STA-O6994,26-07-2023,12.48,Refunded,0
STA-R9370,STA-O7140,21-10-2025,18.04,Paid,0
STA-R16827,STA-O8835,16-05-2024,6.88,Paid,0
STA-R17966,STA-O10176,14-05-2025,14.07,Refunded,0
STA-R10013,STA-O7415,09-06-2024,17.86,Paid,0
STA-R13782,STA-O8307,14-03-2025,17.4,Paid,0
STA-R15818,STA-O7725,13-04-2024,120.1,Paid,0
STA-R16641,STA-O10113,21-01-2024,22.72,Paid,0
STA-R9780,STA-O7739,14-02-2025,119.52,Paid,119.52
STA-R13828,STA-O12449,14-09-2024,10.64,Paid,0
STA-R11793,STA-O9438,06-12-2023,25.45,Paid,0
STA-R17308,STA-O5018,16-11-2023,14.6,Refunded,0
STA-R14218,STA-O10040,08-06-2024,6.6,Pending,0
STA-R9814,STA-O13688,03-09-2023,14.14,Paid,0
STA-R16309,STA-O6543,28-12-2024,11.42,Paid,0
STA-R16142,STA-O12694,01-12-2024,27.8,Paid,0
STA-R11111,STA-O10721,24-10-2023,33.6,Paid,0
STA-R9130,STA-O8490,26-10-2025,54.6,Pending,0
STA-R14581,STA-O10936,03-05-2024,74.88,Paid,0
STA-R13155,STA-O12158,29-01-2023,102.69,Pending,0
STA-R9589,STA-O8154,24-02-2025,6.96,Paid,0
STA-R9512,STA-O13795,05-10-2025,37.7,Paid,0
STA-R18126,STA-O8425,10-09-2024,29,Paid,0
STA-R17428,STA-O14414,29-02-2024,12.3,Refunded,0
STA-R12751,STA-O11292,11-10-2023,15.93,Paid,0
STA-R14499,STA-O10100,27-01-2025,31,Paid,0
STA-R14493,STA-O7343,26-08-2025,9.42,Paid,0
STA-R14824,STA-O6073,13-08-2023,19.8,Paid,0
STA-R12596,STA-O8657,25-01-2023,8.08,Paid,0
STA-R10125,STA-O7634,04-12-2023,35.28,Paid,0
STA-R11612,STA-O13056,01-03-2025,6.36,Paid,6.36
STA-R9424,STA-O14261,13-03-2023,11.19,Paid,5.2
STA-R9574,STA-O14405,26-12-2024,148.96,Paid,148.96
STA-R13456,STA-O10890,07-04-2023,16.26,Pending,0
STA-R13988,STA-O12595,25-01-2023,39.03,Pending,0
STA-R10454,STA-O5868,09-08-2025,22.6,Paid,0
STA-R16793,STA-O7447,02-06-2025,67.17,Refunded,0
STA-R17934,STA-O13826,27-02-2023,122.7,Refunded,0
STA-R11770,STA-O8512,08-12-2024,19.2,Paid,0
STA-R17646,STA-O9520,14-04-2023,10.29,Paid,10.29
STA-R9606,STA-O13350,30-05-2025,92,Paid,0
STA-R15733,STA-O5533,24-12-2023,12.44,Pending,0
STA-R9149,STA-O10192,20-08-2023,140.92,Paid,0
STA-R14538,STA-O8190,13-03-2024,38.92,Paid,38.92
STA-R10629,STA-O7942,14-03-2025,14.4,Paid,0
STA-R16056,STA-O6873,30-03-2023,24.24,Paid,0
STA-R15762,STA-O8798,25-02-2025,65.64,Refunded,0
STA-R16258,STA-O14011,30-04-2025,35.73,Paid,0
STA-R15626,STA-O11508,13-12-2025,0,Paid,0
STA-R9708,STA-O9111,20-06-2025,34.55,Paid,0
STA-R11432,STA-O6201,31-08-2025,22.15,Paid,0
STA-R12587,STA-O13180,16-11-2023,4.37,Paid,4.37
STA-R18209,STA-O10034,21-08-2025,107.49,Paid,0
STA-R12817,STA-O8714,07-01-2024,21.65,Refunded,0
STA-R17559,STA-O7272,13-12-2023,43.8,Paid,0
STA-R17146,STA-O10962,13-12-2023,6.12,Paid,0
STA-R13093,STA-O6366,12-03-2023,4.34,Paid,0
STA-R10864,STA-O6679,04-11-2023,43.4,Paid,43.4
STA-R10311,STA-O10947,29-07-2024,22.38,Paid,22.38
STA-R10460,STA-O10664,18-04-2023,30.32,Pending,0
STA-R13898,STA-O13476,05-06-2023,70.86,Paid,0
STA-R17386,STA-O11855,10-02-2023,24.9,Refunded,0
STA-R16422,STA-O12029,28-12-2025,16.84,Paid,0
STA-R16715,STA-O11902,25-01-2024,7.98,Paid,0
STA-R16075,STA-O9183,04-07-2025,77.24,Pending,0
STA-R13125,STA-O6450,03-10-2024,18.68,Paid,18.68
STA-R15862,STA-O6017,29-04-2023,11.79,Refunded,0
STA-R12495,STA-O6661,04-06-2023,20.36,Refunded,0
STA-R10800,STA-O13095,23-10-2023,116.88,Paid,0
STA-R13663,STA-O10961,06-12-2023,35.76,Paid,0
STA-R14104,STA-O7893,30-03-2025,15.96,Paid,15.96
STA-R12920,STA-O6044,05-10-2023,24.8,Paid,24.8
STA-R16451,STA-O11471,29-09-2025,15.76,Paid,0
STA-R9700,STA-O10755,01-05-2025,55.84,Paid,55.84
STA-R9003,STA-O5072,14-09-2024,14.36,Paid,0
STA-R18228,STA-O11978,12-08-2023,85.62,Paid,0
STA-R13670,STA-O6160,15-08-2025,25.35,Paid,0
STA-R11700,STA-O5147,08-11-2023,14.16,Paid,0
STA-R10512,STA-O12528,02-09-2024,5.48,Paid,0
STA-R17426,STA-O6009,01-07-2025,10.2,Paid,0
STA-R11811,STA-O11109,18-11-2025,13.32,Pending,0
STA-R13495,STA-O10659,21-10-2023,13.4,Paid,0
STA-R14130,STA-O11317,24-11-2024,0,Paid,0
STA-R9344,STA-O8539,21-01-2025,14.75,Paid,0
STA-R17358,STA-O14037,08-03-2024,0,Paid,0
STA-R14407,STA-O11951,31-10-2024,12.26,Paid,0
STA-R9369,STA-O9780,10-12-2025,134.56,Paid,0
STA-R13065,STA-O9999,18-11-2024,5.2,Paid,0
STA-R16877,STA-O9045,03-03-2023,32.67,Paid,0
STA-R13840,STA-O9949,17-11-2023,16.45,Paid,0
STA-R10937,STA-O5135,03-08-2023,3.58,Refunded,0
STA-R18037,STA-O12948,13-10-2025,2.88,Paid,0.71
STA-R16608,STA-O11875,19-10-2025,26.37,Paid,0
STA-R17955,STA-O5290,01-10-2025,9.76,Paid,0
STA-R18268,STA-O11496,14-11-2023,10.24,Paid,0
STA-R14897,STA-O7717,13-01-2025,6.94,Pending,0
STA-R16760,STA-O5340,07-09-2024,69.6,Pending,0
STA-R14416,STA-O12089,14-02-2023,29.24,Paid,0
STA-R10244,STA-O12882,12-03-2025,20.64,Paid,20.64
STA-R14492,STA-O8849,01-07-2024,9.68,Paid,0
STA-R13078,STA-O13479,10-12-2024,49.08,Paid,0
STA-R12045,STA-O8023,21-09-2025,14.72,Paid,0
STA-R12678,STA-O6625,03-08-2024,22.64,Paid,0
STA-R12250,STA-O14030,02-11-2023,5.65,Refunded,0
STA-R16139,STA-O13283,10-11-2024,17.31,Paid,0
STA-R12225,STA-O14088,14-07-2024,23.1,Paid,0
STA-R14984,STA-O11565,25-09-2025,5.2,Paid,5.2
STA-R18486,STA-O7612,04-10-2025,5.48,Paid,0
STA-R16855,STA-O14680,08-02-2024,53.2,Paid,53.2
STA-R12618,STA-O9808,16-09-2024,21.18,Paid,21.18
STA-R13910,STA-O8562,12-12-2024,15.9,Paid,0
STA-R13652,STA-O9713,15-11-2024,18.05,Pending,0
STA-R14670,STA-O5427,07-03-2025,35.72,Paid,35.72
STA-R14623,STA-O12918,22-06-2023,9.36,Paid,0
STA-R18333,STA-O5389,14-08-2025,29,Paid,29
STA-R11452,STA-O9329,04-12-2023,160.45,Paid,0
STA-R16654,STA-O13271,24-08-2024,15.24,Paid,7.53
STA-R16064,STA-O12803,27-05-2024,73.11,Paid,0
STA-R17340,STA-O9709,17-02-2023,33.84,Refunded,0
STA-R14325,STA-O13608,04-01-2025,36.6,Pending,0
STA-R13962,STA-O5218,20-07-2025,17.52,Pending,0
STA-R9172,STA-O8229,08-10-2023,20.9,Paid,0
STA-R16486,STA-O12623,22-03-2024,44.45,Paid,0
STA-R10391,STA-O8341,13-12-2024,7.61,Paid,0
STA-R12103,STA-O12894,23-02-2025,0,Paid,0
STA-R13984,STA-O10595,06-12-2025,16.64,Paid,0
STA-R10670,STA-O14728,10-04-2025,99.4,Paid,0
STA-R15453,STA-O10554,09-08-2024,15.45,Paid,0
STA-R10793,STA-O9196,08-12-2023,13.23,Paid,0
STA-R12136,STA-O9745,02-11-2024,4.83,Paid,0
STA-R16078,STA-O5776,22-10-2025,0,Paid,0
STA-R16978,STA-O12773,13-01-2023,25,Paid,0
STA-R13855,STA-O12296,11-02-2025,97.2,Paid,0
STA-R18192,STA-O10723,20-05-2024,3.77,Paid,0
STA-R14439,STA-O14555,15-08-2025,16.44,Paid,0
STA-R16008,STA-O10413,11-12-2023,17.79,Paid,0
STA-R17381,STA-O6207,04-03-2025,11.1,Paid,11.1
STA-R12264,STA-O5903,07-01-2025,3.45,Paid,0
STA-R13103,STA-O14853,30-04-2024,10.68,Paid,10.68
STA-R9696,STA-O8438,13-09-2023,61.62,Paid,0
STA-R12824,STA-O14960,04-05-2023,23.85,Paid,23.85
STA-R10912,STA-O13957,16-08-2024,32.3,Paid,0
STA-R14053,STA-O13334,04-09-2024,22.08,Paid,0
STA-R16845,STA-O12431,26-07-2024,25.08,Paid,0
STA-R11501,STA-O9181,23-11-2025,8,Paid,0
STA-R16823,STA-O11758,01-07-2024,0,Paid,0
STA-R14414,STA-O13895,14-10-2023,6.96,Paid,6.96
STA-R14288,STA-O13440,23-04-2025,0,Paid,6.56
STA-R13662,STA-O11106,01-08-2025,9.98,Paid,0
STA-R9074,STA-O5544,05-08-2024,10.08,Paid,0
STA-R15891,STA-O14925,02-12-2025,16.74,Paid,16.74
STA-R11962,STA-O9567,06-05-2023,13.32,Paid,0
STA-R12758,STA-O13763,21-04-2025,0,Refunded,0
STA-R10090,STA-O9431,08-01-2023,15.52,Pending,0
STA-R11070,STA-O11562,25-11-2025,3.04,Paid,0
STA-R9816,STA-O5719,26-10-2023,7,Paid,0
STA-R10983,STA-O12960,24-06-2023,13.41,Pending,0
STA-R15024,STA-O8362,07-02-2023,38.91,Paid,0
STA-R10216,STA-O13334,04-09-2024,22.08,Paid,0
STA-R9991,STA-O9207,18-05-2025,8.14,Paid,3.13
STA-R18618,STA-O9705,19-04-2023,17.84,Paid,0
STA-R16246,STA-O14485,02-06-2025,9.66,Paid,0
STA-R17773,STA-O9770,01-05-2023,3.32,Paid,0
STA-R16255,STA-O7826,07-09-2025,22.76,Pending,0
STA-R11121,STA-O10226,14-03-2023,8.36,Paid,0
STA-R11813,STA-O13660,26-03-2024,13.08,Paid,0
STA-R16399,STA-O10923,30-04-2024,6.61,Paid,6.61
STA-R15890,STA-O6715,17-10-2023,23.96,Paid,0
STA-R13694,STA-O11320,18-12-2025,17.28,Refunded,0
STA-R13258,STA-O6935,06-11-2024,18,Paid,0
STA-R17205,STA-O13650,17-10-2025,68.75,Paid,68.75
STA-R14274,STA-O5704,06-08-2025,0,Refunded,0
STA-R12800,STA-O5223,18-07-2025,27.8,Paid,27.8
STA-R17750,STA-O9190,31-03-2025,22.2,Paid,0
STA-R15003,STA-O9859,23-10-2024,8.76,Paid,0
STA-R18550,STA-O7815,14-05-2024,8.56,Paid,0
STA-R13203,STA-O8990,01-04-2023,3.6,Paid,0
STA-R15928,STA-O14829,12-06-2025,0,Paid,0
STA-R17638,STA-O7702,01-11-2025,16.6,Paid,0
STA-R12810,STA-O11111,08-11-2025,38.7,Paid,0
STA-R11655,STA-O11188,14-12-2025,76,Paid,0
STA-R18081,STA-O12098,26-02-2023,25.2,Refunded,0
STA-R12968,STA-O10452,30-03-2024,31.64,Paid,0
STA-R12946,STA-O13556,26-03-2023,25.9,Paid,0
STA-R12562,STA-O14504,14-04-2025,43.54,Pending,0
STA-R9640,STA-O11108,04-06-2024,74.82,Paid,0
STA-R14062,STA-O12605,21-07-2023,22.8,Paid,0
STA-R11200,STA-O8256,27-03-2023,20.36,Paid,20.36
STA-R14586,STA-O14020,28-10-2023,111.32,Paid,0
STA-R10128,STA-O7442,05-05-2024,30.24,Paid,0
STA-R9654,STA-O14446,10-02-2023,58.38,Paid,7.47
STA-R13076,STA-O5042,20-10-2023,84.16,Paid,0
STA-R14115,STA-O10278,17-03-2023,0,Paid,0
STA-R10972,STA-O6871,25-03-2025,26.44,Paid,0
STA-R12372,STA-O7570,31-10-2023,42.75,Refunded,0
STA-R11270,STA-O12685,15-04-2025,9.98,Paid,0
STA-R12962,STA-O11912,26-02-2025,5.77,Paid,5.77
STA-R16366,STA-O8623,20-06-2025,15.84,Paid,0
STA-R11601,STA-O10963,25-04-2024,0,Paid,16.74
STA-R10913,STA-O5752,14-04-2025,9.2,Paid,0
STA-R16290,STA-O5318,11-06-2024,17.64,Refunded,0
STA-R17525,STA-O8406,06-09-2025,43.2,Refunded,0
STA-R14760,STA-O14506,03-11-2024,48.66,Paid,0
STA-R13746,STA-O11999,13-10-2023,15.6,Paid,15.6
STA-R17703,STA-O14208,13-05-2025,17.86,Paid,17.86
STA-R12897,STA-O8779,16-07-2025,5.21,Paid,5.21
STA-R12316,STA-O11476,29-07-2025,16.04,Paid,0
STA-R14682,STA-O11107,17-03-2023,12.24,Refunded,0
STA-R10866,STA-O5863,02-09-2023,20.82,Pending,0
STA-R17709,STA-O13059,13-12-2024,56.1,Refunded,10.24
STA-R10911,STA-O14362,05-01-2023,17.95,Paid,0
STA-R16295,STA-O9730,24-08-2024,3.3,Paid,0
STA-R14303,STA-O8597,25-11-2023,22.37,Paid,0
STA-R11284,STA-O11931,17-09-2024,5.33,Paid,0
STA-R12934,STA-O10368,21-05-2024,10.14,Refunded,2.81
STA-R11694,STA-O13677,26-01-2023,22.32,Paid,0
STA-R9365,STA-O7809,12-11-2024,72.7,Paid,0
STA-R10113,STA-O7768,03-07-2025,113.2,Paid,0
STA-R17196,STA-O6076,26-06-2024,11.52,Refunded,0
STA-R12675,STA-O9219,08-11-2024,18.55,Paid,18.55
STA-R9976,STA-O8982,09-11-2024,78.46,Refunded,0
STA-R16950,STA-O12154,28-12-2024,6.17,Paid,0
STA-R15469,STA-O12032,26-11-2023,26.32,Paid,0
STA-R12101,STA-O10624,05-07-2025,103.65,Paid,0
STA-R12715,STA-O8231,24-08-2024,40.62,Refunded,0
STA-R17743,STA-O13758,24-02-2024,18.4,Paid,0
STA-R13778,STA-O7544,14-12-2025,14.22,Paid,0
STA-R10320,STA-O11504,08-03-2023,18.42,Refunded,0
STA-R16478,STA-O11572,07-11-2023,10.36,Paid,0
STA-R15655,STA-O8616,13-01-2024,19.25,Paid,0
STA-R13518,STA-O7689,13-01-2025,31.7,Paid,0
STA-R15339,STA-O13872,21-11-2025,166.8,Paid,0
STA-R14657,STA-O8353,30-03-2024,13.06,Paid,0
STA-R9178,STA-O6672,13-11-2025,0,Paid,0
STA-R15110,STA-O14205,13-05-2024,23.76,Paid,0
STA-R14699,STA-O9141,09-03-2024,0,Paid,20.84
STA-R11213,STA-O6131,03-07-2023,42.16,Paid,0
STA-R9021,STA-O5279,07-05-2024,36.64,Paid,36.64
STA-R12945,STA-O9969,23-11-2025,99.92,Refunded,0
STA-R12973,STA-O8020,30-11-2025,7.88,Paid,0
STA-R17662,STA-O9102,14-12-2025,0,Pending,0
STA-R13643,STA-O11464,03-03-2023,0,Paid,5.82
STA-R16919,STA-O9288,22-02-2025,28.36,Paid,0
STA-R15548,STA-O10534,30-08-2024,58.4,Paid,0
STA-R16975,STA-O13280,19-11-2024,6.47,Paid,0
STA-R9847,STA-O11270,09-03-2025,20.55,Paid,0
STA-R15741,STA-O6948,29-07-2023,29.35,Paid,0
STA-R16160,STA-O8269,26-07-2025,8.4,Paid,0
STA-R17813,STA-O7064,26-09-2023,19.92,Paid,0
STA-R16923,STA-O9040,10-12-2024,7.81,Refunded,0
STA-R14884,STA-O9766,27-10-2023,16.56,Refunded,0
STA-R11759,STA-O10021,06-07-2025,6.53,Paid,0
STA-R10271,STA-O8824,21-09-2024,28.64,Paid,0
STA-R16752,STA-O7268,07-10-2023,9.44,Paid,0
STA-R14992,STA-O13519,30-11-2025,57.84,Paid,0
STA-R12851,STA-O7575,29-06-2023,27.45,Paid,27.45
STA-R10439,STA-O5873,01-03-2025,14.85,Paid,0
STA-R11870,STA-O9430,02-07-2025,5.03,Paid,0
STA-R11860,STA-O7674,03-11-2024,8.48,Refunded,0
STA-R16378,STA-O11510,02-11-2025,16.32,Pending,0
STA-R17035,STA-O11611,18-09-2024,0,Paid,0
STA-R15711,STA-O10367,25-07-2025,10.12,Pending,0
STA-R9061,STA-O6906,08-06-2025,23.8,Paid,23.8
STA-R14673,STA-O8184,23-10-2025,11.5,Paid,11.5
STA-R15094,STA-O12867,23-07-2025,8.66,Paid,8.66
STA-R15892,STA-O7437,10-01-2025,20.16,Paid,0
STA-R11087,STA-O8467,11-03-2023,6.64,Paid,2.57
STA-R11445,STA-O8625,31-08-2023,6.03,Paid,0
STA-R17932,STA-O7800,18-12-2025,19.26,Paid,0
STA-R16368,STA-O10032,20-06-2024,18.55,Paid,18.55
STA-R14002,STA-O5069,23-07-2023,13.61,Paid,0
STA-R14174,STA-O7921,27-02-2023,15.64,Pending,0
STA-R18088,STA-O14022,13-02-2025,4.6,Paid,0
STA-R11724,STA-O5793,08-06-2025,15.62,Paid,0
STA-R15749,STA-O5115,10-09-2025,21.9,Refunded,0
STA-R16624,STA-O8914,10-11-2024,35.35,Paid,0
STA-R10784,STA-O5425,26-01-2024,11.37,Paid,0
STA-R9888,STA-O14454,05-04-2024,20.87,Paid,0
STA-R9838,STA-O14537,03-10-2023,0,Paid,0
STA-R17070,STA-O14905,03-08-2025,11.66,Paid,0
STA-R9002,STA-O11756,13-03-2023,6.98,Paid,0
STA-R10346,STA-O11864,18-12-2024,26.2,Refunded,0
STA-R13283,STA-O14526,12-04-2023,43.44,Paid,0
STA-R15513,STA-O8285,25-04-2025,98.68,Paid,0
STA-R10498,STA-O10255,29-07-2023,0,Paid,0
STA-R10429,STA-O11587,12-09-2023,22.52,Paid,0
STA-R11594,STA-O13609,20-11-2024,4.38,Paid,0
STA-R13029,STA-O13951,22-11-2023,50.4,Pending,0
STA-R10767,STA-O12730,27-09-2023,9.94,Paid,9.94
STA-R13676,STA-O9986,29-03-2025,14.61,Paid,14.61
STA-R16096,STA-O10728,27-05-2023,28.65,Refunded,0
STA-R14551,STA-O7408,18-10-2023,3.7,Paid,0
STA-R15499,STA-O6889,26-12-2024,5.77,Pending,0
STA-R17490,STA-O10399,31-10-2024,25.16,Refunded,0
STA-R10437,STA-O14998,30-04-2025,3.63,Refunded,0
STA-R12296,STA-O7706,11-04-2025,3.91,Paid,0
STA-R9603,STA-O10636,21-02-2023,18.93,Paid,0
STA-R10447,STA-O14543,19-09-2023,34.04,Refunded,0
STA-R13878,STA-O11122,06-06-2024,34.05,Paid,0
STA-R17847,STA-O13037,29-05-2025,0,Paid,0
STA-R13322,STA-O14474,17-06-2023,29.48,Paid,0
STA-R14503,STA-O8293,21-03-2023,5.84,Paid,0
STA-R10577,STA-O7153,29-06-2024,2.16,Pending,0
STA-R18015,STA-O8270,13-03-2024,39.25,Paid,0
STA-R9859,STA-O11842,20-12-2025,174.8,Paid,174.8
STA-R11748,STA-O10649,16-03-2025,58.4,Paid,0
STA-R10555,STA-O7699,30-06-2023,32.32,Paid,0
STA-R18392,STA-O13839,17-12-2025,3.74,Paid,0
STA-R12310,STA-O14585,03-12-2023,18.41,Paid,0
STA-R12143,STA-O13194,10-03-2024,25,Paid,25
STA-R16799,STA-O7619,03-01-2023,0,Paid,0
STA-R10177,STA-O5968,23-09-2024,16.55,Paid,0
STA-R10897,STA-O11816,19-04-2023,71.13,Refunded,0
STA-R17751,STA-O5705,21-04-2025,26.6,Refunded,0
STA-R13380,STA-O14933,16-12-2023,35.98,Paid,35.98
STA-R18158,STA-O6229,11-08-2025,5.07,Paid,0
STA-R15396,STA-O8994,21-12-2024,20.49,Paid,0
STA-R11988,STA-O10527,01-07-2024,18.18,Paid,0
STA-R13185,STA-O10576,20-06-2023,62.05,Paid,0
STA-R14587,STA-O6986,03-12-2025,17.28,Paid,0
STA-R14847,STA-O13281,14-10-2023,21.52,Refunded,0
STA-R13919,STA-O13104,13-12-2024,5.48,Paid,5.48
STA-R17467,STA-O9129,17-07-2025,15.23,Refunded,0
STA-R14321,STA-O5610,28-11-2023,21.27,Paid,0
STA-R13200,STA-O9222,12-12-2024,15.72,Refunded,0
STA-R10096,STA-O14873,20-10-2024,52.08,Paid,0
STA-R14397,STA-O12795,01-05-2023,0,Paid,0
STA-R14147,STA-O12310,16-07-2025,9.3,Paid,0
STA-R14210,STA-O5495,26-03-2025,37.26,Paid,0
STA-R13006,STA-O10850,03-01-2023,16.5,Paid,16.5
STA-R15878,STA-O9725,01-12-2023,3.73,Paid,3.73
STA-R9433,STA-O7601,07-06-2025,9.84,Paid,0
STA-R18557,STA-O9726,11-06-2023,17.74,Refunded,0
STA-R17429,STA-O8670,05-08-2023,13.68,Refunded,0
STA-R15317,STA-O8590,23-08-2025,6.88,Pending,0
STA-R13909,STA-O5334,29-06-2024,14.19,Paid,0
STA-R12222,STA-O14264,05-09-2024,0,Paid,0
STA-R11561,STA-O5907,10-10-2023,24,Paid,0
STA-R16354,STA-O12686,08-06-2023,57.4,Refunded,0
STA-R10850,STA-O14524,25-03-2025,13.12,Paid,0
STA-R17343,STA-O10161,13-06-2025,17.7,Paid,0
STA-R15613,STA-O6928,14-01-2024,16.14,Paid,0
STA-R16788,STA-O11025,28-04-2023,6.78,Refunded,0
STA-R17772,STA-O5553,26-03-2025,15.2,Paid,0
STA-R14081,STA-O8713,23-12-2025,27.36,Paid,27.36
STA-R13591,STA-O6122,05-10-2024,73.2,Pending,0
STA-R14934,STA-O9427,26-05-2023,82.6,Paid,0
STA-R14573,STA-O14508,29-07-2025,10.48,Refunded,2.01
STA-R14774,STA-O10760,24-05-2025,8.66,Paid,0
STA-R12325,STA-O5015,25-03-2024,15.22,Refunded,0
STA-R13317,STA-O8055,20-08-2023,23.34,Paid,0
STA-R11316,STA-O9309,20-08-2025,16.12,Paid,0
STA-R12329,STA-O12504,26-10-2025,5.02,Paid,0
STA-R17903,STA-O8721,17-03-2025,17.75,Paid,0
STA-R17479,STA-O9751,16-12-2024,0,Paid,0
STA-R15508,STA-O9277,03-07-2023,15.6,Refunded,0
STA-R11003,STA-O6959,12-04-2023,10.7,Paid,0
STA-R15769,STA-O7481,18-04-2023,89,Refunded,0
STA-R16242,STA-O13864,06-11-2024,10.26,Paid,0
STA-R14291,STA-O14326,26-12-2023,7.79,Paid,0
STA-R11215,STA-O9801,10-04-2025,82.92,Paid,0
STA-R13632,STA-O7597,13-07-2023,17.8,Paid,0
STA-R9477,STA-O7210,02-12-2023,32.16,Paid,0
STA-R12818,STA-O5890,06-08-2025,15.54,Paid,0
STA-R14014,STA-O10735,18-09-2024,5.1,Paid,0
STA-R9720,STA-O8193,24-08-2023,11.67,Paid,0
STA-R12097,STA-O12013,14-12-2024,4.96,Paid,0
STA-R12494,STA-O5703,02-11-2025,25.84,Paid,0
STA-R17335,STA-O11077,28-02-2024,29.9,Paid,0
STA-R10313,STA-O8044,09-04-2024,29,Paid,29
STA-R16889,STA-O5676,05-01-2023,22.9,Paid,0
STA-R12502,STA-O11609,24-02-2023,0,Paid,0
STA-R17896,STA-O12822,26-03-2024,32.16,Paid,32.16
STA-R12037,STA-O6094,06-02-2025,90.25,Paid,0
STA-R12312,STA-O14920,08-12-2024,26.75,Refunded,0
STA-R16108,STA-O14267,08-04-2024,14.22,Paid,14.22
STA-R13623,STA-O7811,27-03-2025,13.06,Paid,0
STA-R15091,STA-O10138,25-10-2025,20.7,Paid,0
STA-R15920,STA-O9488,01-03-2024,12.1,Paid,0
STA-R14751,STA-O14732,19-07-2024,0,Pending,37.74
STA-R11508,STA-O7083,07-01-2024,17.37,Paid,17.37
STA-R10535,STA-O9050,25-10-2023,19.3,Paid,0
STA-R9016,STA-O14581,16-05-2024,17.7,Paid,0
STA-R12864,STA-O14328,23-06-2024,80.6,Paid,0
STA-R9719,STA-O6539,09-11-2025,6.1,Paid,0
STA-R11837,STA-O10605,29-08-2024,20.31,Paid,0
STA-R14916,STA-O10387,11-11-2025,8.9,Paid,4.1
STA-R18510,STA-O6868,04-03-2025,23.56,Paid,23.56
STA-R14468,STA-O11406,22-10-2025,3.82,Paid,0
STA-R17494,STA-O5526,26-05-2023,11.46,Paid,0
STA-R18135,STA-O6008,04-08-2023,27,Paid,27
STA-R15073,STA-O10625,05-01-2024,6.24,Refunded,0
STA-R9109,STA-O9361,26-07-2025,24.3,Paid,0
STA-R16754,STA-O13834,31-01-2024,37.7,Paid,0
STA-R18034,STA-O9059,31-12-2024,5.89,Paid,0
STA-R13907,STA-O12610,22-05-2025,6.94,Paid,0
STA-R11933,STA-O5503,18-06-2025,3.29,Paid,3.29
STA-R10222,STA-O6521,14-12-2025,17.55,Refunded,0
STA-R14645,STA-O7440,06-05-2023,11.22,Paid,0
STA-R11495,STA-O5450,02-02-2024,70.36,Refunded,0
STA-R18633,STA-O10633,02-10-2025,14.67,Paid,0
STA-R9517,STA-O14672,18-12-2024,22.12,Pending,0
STA-R9515,STA-O14674,03-07-2023,22.24,Paid,0
STA-R11267,STA-O14554,06-05-2024,17.5,Paid,0
STA-R16979,STA-O11374,09-12-2025,31.75,Paid,0
STA-R10298,STA-O5161,03-06-2025,25.36,Refunded,0
STA-R11509,STA-O12905,17-12-2025,39.32,Paid,0
STA-R13276,STA-O6814,24-03-2024,17.2,Paid,0
STA-R18099,STA-O6265,17-05-2023,6.1,Paid,0
STA-R9449,STA-O12018,27-01-2024,53.01,Paid,0
STA-R11433,STA-O9914,22-11-2025,0,Paid,0
STA-R14755,STA-O9398,11-04-2025,19.11,Paid,0
STA-R17261,STA-O6761,22-05-2023,28.8,Paid,0
STA-R9723,STA-O5640,18-12-2025,13.54,Paid,0
STA-R17373,STA-O14793,25-09-2023,38.64,Refunded,0
STA-R12281,STA-O8118,09-11-2025,17.5,Paid,0
STA-R12827,STA-O8248,03-04-2023,13.96,Paid,0
STA-R13538,STA-O10239,26-09-2024,16.32,Paid,0
STA-R11318,STA-O12011,29-03-2023,13.46,Paid,13.46
STA-R17215,STA-O11255,14-02-2024,6.02,Paid,0
STA-R13055,STA-O5546,08-04-2024,23.08,Pending,0
STA-R13171,STA-O8485,26-05-2024,58.41,Paid,0
STA-R14745,STA-O6562,13-09-2025,0,Paid,0
STA-R9395,STA-O5713,14-10-2023,5.36,Paid,0
STA-R15880,STA-O8499,09-04-2023,66.02,Paid,0
STA-R10458,STA-O8931,18-09-2023,5.4,Paid,0
STA-R13940,STA-O12145,18-01-2024,15.04,Paid,0
STA-R11549,STA-O7048,18-04-2024,15.72,Paid,0
STA-R13017,STA-O5988,12-08-2023,47.4,Paid,8.63
STA-R11015,STA-O10552,04-01-2024,4.65,Paid,0
STA-R18506,STA-O8687,15-04-2024,21.33,Paid,21.33
STA-R18632,STA-O9752,29-04-2023,86.9,Refunded,0
STA-R16832,STA-O5061,30-12-2023,24.88,Paid,24.88
STA-R18553,STA-O14976,10-04-2024,7.57,Paid,0
STA-R15671,STA-O10867,05-09-2025,36.95,Paid,0
STA-R18442,STA-O14297,05-09-2025,11.9,Refunded,0
STA-R14939,STA-O6584,13-01-2024,4.12,Paid,0
STA-R15707,STA-O9862,24-07-2023,59.7,Refunded,0
STA-R12512,STA-O14210,26-06-2024,18.39,Refunded,0
STA-R11607,STA-O9537,21-11-2024,37.59,Paid,0
STA-R18226,STA-O5448,03-01-2023,7.44,Paid,0
STA-R15537,STA-O5305,13-01-2023,5.26,Paid,0
STA-R12118,STA-O11834,29-03-2023,49.05,Paid,0
STA-R12786,STA-O8846,15-11-2025,3.34,Paid,1.59
STA-R12518,STA-O11723,16-09-2024,79.77,Pending,0
STA-R11014,STA-O6297,14-04-2025,5.91,Paid,0
STA-R13306,STA-O6353,10-03-2024,15.34,Refunded,0
STA-R16256,STA-O9901,12-06-2024,32.76,Paid,32.76
STA-R16911,STA-O11540,04-05-2023,19.4,Paid,0
STA-R14360,STA-O9363,25-12-2025,13.44,Pending,0
STA-R9536,STA-O9428,11-04-2024,15.21,Paid,15.21
STA-R14848,STA-O9580,29-07-2024,25.23,Paid,25.23
STA-R18236,STA-O14127,13-10-2024,5.66,Pending,0
STA-R13038,STA-O10994,11-08-2024,14.34,Paid,5.24
STA-R17698,STA-O8116,05-08-2025,3.83,Paid,0
STA-R11882,STA-O5688,13-07-2025,20.73,Paid,0
STA-R11311,STA-O10768,22-08-2023,45.08,Paid,0
STA-R15282,STA-O13166,17-01-2023,29.7,Pending,0
STA-R18144,STA-O9866,05-11-2024,13.74,Paid,0
STA-R18107,STA-O11365,27-10-2024,10.3,Paid,0
STA-R12345,STA-O12047,22-09-2025,58.34,Paid,0
STA-R13191,STA-O8705,28-02-2024,6.47,Paid,0
STA-R18585,STA-O12762,31-12-2025,23.46,Paid,0
STA-R13494,STA-O6696,14-11-2024,4.61,Paid,0
STA-R9744,STA-O7148,29-08-2024,34.44,Pending,0
STA-R15644,STA-O13990,24-04-2023,11.07,Paid,11.07
STA-R16221,STA-O6611,01-12-2023,45.36,Paid,0
STA-R16932,STA-O7965,17-02-2024,17.7,Paid,17.7
STA-R9451,STA-O5674,11-03-2023,23.94,Paid,0
STA-R14072,STA-O9319,23-12-2024,44.05,Paid,0
STA-R10719,STA-O9940,22-10-2023,5.84,Refunded,0.93
STA-R18145,STA-O14654,10-01-2023,25.36,Refunded,0
STA-R13249,STA-O6262,26-03-2024,5.22,Paid,0
STA-R13450,STA-O13385,11-07-2023,69.72,Refunded,0
STA-R9861,STA-O11119,26-05-2023,24.85,Paid,0
STA-R13234,STA-O10619,25-11-2023,31.28,Paid,31.28
STA-R9268,STA-O13108,20-06-2025,20.4,Paid,0
STA-R18343,STA-O11803,06-10-2024,7.9,Paid,0
STA-R15002,STA-O12391,03-06-2025,32.8,Paid,0
STA-R12981,STA-O9462,06-03-2023,6.83,Paid,0
STA-R10321,STA-O8128,15-01-2025,29.4,Paid,0
STA-R16212,STA-O13057,10-11-2024,17.34,Paid,17.34
STA-R14635,STA-O5541,23-05-2024,5.12,Paid,0
STA-R10672,STA-O14331,30-03-2024,5.59,Paid,0
STA-R9668,STA-O10644,30-08-2024,15.6,Paid,0
STA-R17116,STA-O12438,25-12-2025,12.72,Paid,0
STA-R18265,STA-O5993,06-12-2025,16.76,Paid,16.76
STA-R17589,STA-O13216,04-01-2025,9.34,Paid,0
STA-R14018,STA-O7519,20-01-2023,0,Pending,0
STA-R10441,STA-O5144,31-07-2024,35.1,Refunded,0
STA-R16685,STA-O8456,22-05-2024,27.04,Paid,0
STA-R14408,STA-O5183,20-10-2023,5.85,Paid,0
STA-R14987,STA-O13201,11-05-2025,9.72,Paid,0
STA-R10652,STA-O8143,26-10-2024,48.36,Refunded,0
STA-R16299,STA-O7817,03-09-2024,16.88,Paid,0
STA-R14061,STA-O10903,29-01-2023,14.86,Paid,0
STA-R12473,STA-O10920,26-04-2023,10.18,Paid,0
STA-R15310,STA-O10377,01-11-2025,5.84,Refunded,0
STA-R9428,STA-O8869,23-08-2023,17.69,Paid,0
STA-R9146,STA-O6335,22-12-2025,5.61,Paid,0
STA-R16165,STA-O14478,12-08-2023,8.87,Paid,0
STA-R17900,STA-O8591,09-08-2025,159.28,Paid,0
STA-R17469,STA-O13610,14-03-2025,9.7,Refunded,0
STA-R18412,STA-O14666,25-03-2024,19.05,Paid,0
STA-R9923,STA-O5880,12-02-2025,6.95,Paid,0
STA-R12866,STA-O6088,24-04-2025,18.51,Paid,0
STA-R14546,STA-O11853,19-10-2023,73.5,Paid,0
STA-R17527,STA-O8680,23-08-2023,17.19,Refunded,0
STA-R15941,STA-O9280,30-07-2024,4.58,Paid,1.54
STA-R11703,STA-O6198,16-12-2023,5.77,Refunded,0
STA-R12080,STA-O5482,10-12-2025,30.15,Refunded,0
STA-R11056,STA-O10091,07-12-2023,10.85,Paid,0
STA-R17629,STA-O7515,01-07-2024,8.2,Pending,0
STA-R12974,STA-O12827,23-01-2025,61.47,Paid,0
STA-R13989,STA-O5567,05-11-2024,14.49,Paid,0
STA-R16421,STA-O14231,24-10-2024,16.6,Paid,0
STA-R10006,STA-O7095,18-12-2025,14.35,Paid,0
STA-R13649,STA-O8559,15-11-2023,7.42,Paid,0
STA-R11394,STA-O13406,22-03-2025,34.23,Paid,0
STA-R18068,STA-O8308,20-03-2025,36.35,Refunded,0
STA-R16719,STA-O11720,13-09-2023,49.42,Pending,0
STA-R9411,STA-O9611,11-06-2023,21.95,Paid,0
STA-R13268,STA-O13966,18-11-2024,34.75,Paid,0
STA-R15015,STA-O9743,09-05-2024,12.64,Paid,0
STA-R10021,STA-O5215,18-04-2025,10.92,Pending,0
STA-R10056,STA-O9681,05-07-2024,18.51,Refunded,0
STA-R11285,STA-O14350,28-02-2023,15.9,Paid,0
STA-R11856,STA-O12035,15-11-2025,12.39,Paid,0
STA-R18203,STA-O6802,16-10-2023,10.62,Paid,10.62
STA-R16279,STA-O8217,23-04-2024,132.2,Refunded,0
STA-R9255,STA-O14612,22-06-2024,14.04,Paid,14.04
STA-R11774,STA-O13161,09-09-2023,11.2,Paid,0
STA-R9366,STA-O7590,12-08-2023,44.1,Paid,0
STA-R14817,STA-O14130,13-09-2024,26.35,Paid,0
STA-R17511,STA-O9067,17-09-2024,28.58,Paid,28.58
STA-R11915,STA-O7916,04-07-2025,18.63,Paid,18.63
STA-R10192,STA-O10172,04-03-2024,13.61,Paid,0
STA-R14224,STA-O13654,22-01-2025,24.52,Paid,0
STA-R15661,STA-O10997,18-06-2024,82.24,Paid,0
STA-R17537,STA-O7058,09-03-2023,22.89,Pending,0
STA-R17204,STA-O13328,16-12-2023,13.86,Paid,0
STA-R17405,STA-O13508,20-06-2023,6.06,Paid,0
STA-R14000,STA-O7156,03-12-2023,8.82,Refunded,0
STA-R10758,STA-O9229,04-08-2023,16.52,Pending,0
STA-R12540,STA-O6340,07-11-2023,3.21,Paid,0
STA-R15720,STA-O11185,22-11-2023,11.3,Paid,3.8
STA-R17663,STA-O7563,01-11-2024,84.35,Paid,0
STA-R9494,STA-O10528,06-03-2023,17.22,Paid,0
STA-R10025,STA-O7514,09-05-2025,10.68,Paid,0
STA-R16225,STA-O14171,24-01-2025,11.24,Paid,0
STA-R18573,STA-O5735,18-05-2024,5.98,Paid,0.81
STA-R12572,STA-O13071,26-09-2024,17.1,Pending,0
STA-R17324,STA-O9252,02-10-2023,12.36,Paid,0
STA-R12265,STA-O7348,18-08-2025,20.56,Paid,0
STA-R17433,STA-O12234,25-06-2025,0,Refunded,0
STA-R10580,STA-O14752,09-03-2025,17.07,Paid,17.07
STA-R9116,STA-O14802,08-06-2023,21.76,Paid,0
STA-R13274,STA-O11388,28-03-2024,36.46,Paid,3.95
STA-R15916,STA-O6717,25-10-2025,24.03,Refunded,0
STA-R16499,STA-O12980,22-05-2023,108.92,Refunded,0
STA-R17384,STA-O14101,27-03-2023,21.45,Paid,0
STA-R16866,STA-O11043,14-11-2024,18.81,Paid,0
STA-R10223,STA-O11636,10-11-2025,11.54,Paid,0
STA-R16012,STA-O9747,29-04-2023,5.34,Paid,0
STA-R11669,STA-O10004,23-03-2023,25.7,Paid,0
STA-R11757,STA-O14323,31-01-2023,33.85,Paid,33.85
STA-R10594,STA-O11760,17-09-2025,38.92,Paid,38.92
STA-R16901,STA-O9435,29-12-2024,5.1,Paid,0
STA-R13617,STA-O14319,17-01-2024,12.92,Paid,0
STA-R12480,STA-O6724,05-01-2023,24.45,Pending,0
STA-R17597,STA-O14384,17-06-2025,20.85,Paid,20.85
STA-R12530,STA-O13892,04-02-2024,22.6,Refunded,0
STA-R13760,STA-O14610,24-03-2023,116.55,Paid,0
STA-R15770,STA-O9399,03-10-2025,26.72,Paid,0
STA-R17615,STA-O14877,11-07-2024,14.08,Paid,0
STA-R17548,STA-O5392,17-08-2025,0,Paid,0
STA-R11302,STA-O12757,06-07-2024,15.74,Paid,7.49
STA-R15275,STA-O13744,28-10-2025,27.8,Paid,0
STA-R17832,STA-O8878,31-01-2023,7.27,Paid,0
STA-R11728,STA-O6861,29-05-2025,20.75,Paid,0
STA-R12483,STA-O5680,08-11-2025,15.87,Paid,0
STA-R10453,STA-O10665,22-08-2024,8.72,Paid,0
STA-R17957,STA-O9637,30-10-2024,0,Paid,0
STA-R17488,STA-O12787,09-12-2023,8.61,Paid,0
STA-R14091,STA-O7658,05-12-2023,6.23,Refunded,0
STA-R10922,STA-O9563,22-12-2024,41.5,Pending,0
STA-R15678,STA-O6821,27-01-2023,147.35,Paid,0
STA-R13680,STA-O10115,16-01-2025,0,Paid,0
STA-R11137,STA-O11274,26-02-2023,39.7,Refunded,0
STA-R13565,STA-O14948,01-01-2024,13.68,Refunded,0
STA-R16438,STA-O14357,25-10-2023,34.04,Paid,34.04
STA-R11839,STA-O11815,05-11-2025,30.98,Paid,0
STA-R9748,STA-O5740,05-05-2023,0,Pending,0
STA-R10572,STA-O11378,07-06-2023,36.45,Paid,4.77
STA-R17571,STA-O10025,17-07-2024,17.73,Paid,17.73
STA-R9399,STA-O5683,10-10-2025,5.1,Paid,0
STA-R9639,STA-O14613,24-05-2024,128.7,Paid,0
STA-R17169,STA-O9902,24-03-2024,8.04,Paid,0
STA-R14434,STA-O13552,06-05-2024,7.06,Paid,0
STA-R14521,STA-O9791,13-03-2025,4.92,Paid,4.92
STA-R16744,STA-O5574,19-06-2025,3.53,Paid,3.53
STA-R16174,STA-O11231,10-09-2024,15.14,Refunded,0
STA-R13168,STA-O7940,04-12-2024,7.75,Pending,0
STA-R10870,STA-O9452,23-12-2023,28.95,Paid,0
STA-R12930,STA-O13082,05-08-2024,34.12,Refunded,0
STA-R17202,STA-O10132,25-01-2023,40.15,Paid,40.15
STA-R16508,STA-O12728,29-08-2025,18.08,Pending,0
STA-R16830,STA-O11747,26-03-2025,11.88,Paid,0
STA-R13830,STA-O7642,05-03-2025,28.68,Paid,0
STA-R13555,STA-O5283,05-11-2024,19.53,Paid,0
STA-R15998,STA-O5098,28-08-2023,16.88,Paid,0
STA-R14263,STA-O9490,12-01-2023,95.6,Refunded,0
STA-R15962,STA-O13569,12-02-2023,6.46,Paid,0
STA-R14307,STA-O6989,23-01-2025,7.36,Refunded,0
STA-R15093,STA-O5491,17-03-2023,135.2,Paid,0
STA-R9154,STA-O10062,14-08-2023,0,Paid,7.44
STA-R9615,STA-O9979,11-12-2023,20.4,Paid,0
STA-R15455,STA-O13112,31-07-2025,6.42,Paid,0
STA-R15401,STA-O13118,22-06-2025,5.71,Paid,5.71
STA-R11893,STA-O5376,24-11-2025,27.76,Paid,0
STA-R11560,STA-O9134,08-11-2023,115.4,Paid,0
STA-R13781,STA-O5622,20-08-2025,13.12,Paid,13.12
STA-R10722,STA-O13891,27-01-2024,12.48,Paid,0
STA-R15867,STA-O9359,10-08-2023,37.75,Paid,0
STA-R18102,STA-O5696,28-09-2023,15.63,Paid,0
STA-R11328,STA-O9070,22-11-2024,29.12,Paid,0
STA-R16867,STA-O14416,26-07-2025,11.16,Paid,11.16
STA-R9528,STA-O13703,29-08-2025,31.76,Paid,0
STA-R15193,STA-O9406,03-10-2024,47.22,Paid,0
STA-R11684,STA-O14892,18-03-2024,39.15,Paid,39.15
STA-R15845,STA-O10495,05-08-2024,25.16,Paid,25.16
STA-R12796,STA-O12500,05-09-2024,43.84,Paid,0
STA-R16609,STA-O8365,24-10-2024,30.2,Paid,0
STA-R18276,STA-O6058,24-02-2025,19.38,Paid,0
STA-R14077,STA-O6011,15-03-2024,3.04,Paid,0
STA-R15223,STA-O5854,01-12-2023,6.44,Refunded,0
STA-R10059,STA-O5665,18-01-2023,16.2,Paid,0
STA-R16215,STA-O12242,06-02-2023,7.4,Paid,0
STA-R11531,STA-O9982,01-02-2025,30.65,Paid,0
STA-R13438,STA-O12243,09-02-2023,20.28,Paid,0
STA-R14269,STA-O9855,13-10-2025,3.38,Paid,0.41
STA-R15836,STA-O11429,18-03-2023,21.44,Paid,0
STA-R11879,STA-O13658,22-11-2024,48.08,Paid,0
STA-R12785,STA-O13785,29-12-2025,29.6,Paid,0
STA-R15365,STA-O5729,25-04-2023,5.31,Paid,0
STA-R16292,STA-O5520,14-07-2023,24.84,Paid,0
STA-R13433,STA-O10348,26-06-2025,17.14,Paid,0
STA-R16723,STA-O5296,17-05-2023,117.15,Pending,0
STA-R12526,STA-O13023,19-01-2023,3.64,Paid,0
STA-R15481,STA-O7283,21-11-2023,0,Paid,47.6
STA-R13519,STA-O14482,20-04-2023,6.47,Paid,0
STA-R10351,STA-O5081,16-03-2024,2.97,Refunded,0
STA-R15841,STA-O12416,20-11-2025,5.51,Paid,0
STA-R18303,STA-O11061,05-02-2024,5.87,Paid,0
STA-R13021,STA-O14626,08-09-2024,21.6,Pending,0
STA-R14484,STA-O13700,20-03-2024,8.38,Refunded,0
STA-R12703,STA-O5747,09-01-2024,38.5,Refunded,0
STA-R12174,STA-O11926,20-09-2024,0,Pending,0
STA-R12307,STA-O13804,12-09-2025,52.76,Refunded,0
STA-R12744,STA-O12896,08-10-2024,34,Pending,0
STA-R16959,STA-O7565,16-02-2023,10.9,Pending,0
STA-R12210,STA-O8770,02-07-2025,15.48,Paid,0
STA-R13482,STA-O6622,13-07-2024,17.61,Paid,0
STA-R13883,STA-O8898,08-12-2024,21.44,Paid,0
STA-R15672,STA-O11149,15-07-2023,16.17,Paid,4.52
STA-R12686,STA-O12395,25-02-2023,37.18,Pending,0
STA-R17450,STA-O9433,19-11-2024,12.62,Paid,0
STA-R13377,STA-O9663,03-11-2024,13.54,Refunded,0
STA-R11605,STA-O12858,26-09-2024,19.96,Paid,0
STA-R15165,STA-O13833,21-01-2025,49.18,Paid,49.18
STA-R16051,STA-O11030,03-09-2025,80.5,Paid,0
STA-R11205,STA-O13743,07-06-2025,13.88,Paid,0
STA-R15582,STA-O10941,11-12-2024,11.97,Paid,0
STA-R9918,STA-O12900,14-12-2023,32.45,Paid,0
STA-R18346,STA-O8380,02-04-2025,25.4,Paid,0
STA-R13825,STA-O10872,26-11-2025,72.78,Paid,72.78
STA-R18233,STA-O7196,14-07-2023,194,Paid,194
STA-R11635,STA-O9591,20-04-2024,28.7,Paid,0
STA-R18420,STA-O6180,29-08-2023,81.96,Pending,0
STA-R10314,STA-O8524,16-06-2023,17.8,Paid,0
STA-R14352,STA-O11642,29-03-2025,15.09,Paid,0
STA-R11303,STA-O9654,13-04-2023,10.68,Paid,0
STA-R15483,STA-O8859,09-03-2025,38.63,Paid,0
STA-R9856,STA-O11681,23-11-2025,34.25,Paid,34.25
STA-R10774,STA-O8746,01-11-2025,11.98,Refunded,0
STA-R17735,STA-O14190,27-01-2023,17.1,Paid,17.1
STA-R16079,STA-O10545,02-09-2025,103.41,Paid,103.41
STA-R15115,STA-O7254,05-12-2023,102.9,Paid,0
STA-R14639,STA-O11151,22-04-2025,14.16,Refunded,0
STA-R10646,STA-O13415,14-02-2023,12.9,Paid,0
STA-R9038,STA-O11615,24-08-2025,25.7,Paid,0
STA-R12205,STA-O7705,21-10-2025,24.63,Refunded,0
STA-R10579,STA-O11687,10-01-2024,5.81,Paid,5.81
STA-R10539,STA-O9853,03-12-2025,24.5,Paid,0
STA-R14557,STA-O9307,27-11-2025,11.88,Paid,0
STA-R17367,STA-O11847,05-03-2023,14.97,Paid,14.97
STA-R10734,STA-O12853,06-06-2024,19.47,Pending,0
STA-R10206,STA-O14391,07-08-2025,170.3,Paid,0
STA-R9409,STA-O13714,04-11-2024,18.6,Paid,0
STA-R14282,STA-O13087,13-04-2024,24.06,Paid,0
STA-R10743,STA-O6485,07-06-2024,15.9,Paid,15.9
STA-R14166,STA-O14483,14-10-2024,13.2,Paid,0
STA-R14085,STA-O14423,19-05-2025,4.89,Paid,0
STA-R15923,STA-O11733,24-09-2024,23.79,Paid,0
STA-R13052,STA-O11289,20-10-2025,27.16,Paid,0
STA-R17231,STA-O11238,16-04-2024,13.4,Refunded,0
STA-R9380,STA-O10688,08-08-2025,24.48,Paid,0
STA-R16288,STA-O8226,12-07-2024,21.55,Paid,0
STA-R13425,STA-O7543,21-03-2024,8.89,Pending,0
STA-R16701,STA-O13773,26-10-2025,28.75,Paid,0
STA-R16794,STA-O6816,10-01-2025,15.28,Paid,0
STA-R12421,STA-O13093,11-03-2025,17.08,Paid,0
STA-R11922,STA-O5319,15-08-2024,10.64,Pending,0
STA-R10369,STA-O13782,29-04-2024,25.08,Paid,25.08
STA-R11942,STA-O9697,18-09-2023,35.05,Paid,0
STA-R17860,STA-O5956,20-05-2023,61.12,Paid,0
STA-R11565,STA-O14481,30-10-2023,29.2,Pending,13.74
STA-R13120,STA-O13555,11-03-2024,54.4,Paid,0
STA-R18477,STA-O9459,07-05-2025,23.28,Paid,0
STA-R9855,STA-O12866,07-01-2025,39.48,Paid,0
STA-R9677,STA-O6596,19-03-2025,38.79,Paid,0
STA-R17462,STA-O9792,28-04-2023,0,Paid,21.09
STA-R17699,STA-O11506,08-01-2024,30.5,Paid,0
STA-R11944,STA-O10657,14-07-2023,55.12,Paid,0
STA-R16789,STA-O14682,03-09-2024,19.77,Paid,0
STA-R16994,STA-O8375,16-08-2025,16.23,Paid,0
STA-R10834,STA-O9568,05-09-2024,8.39,Pending,0
STA-R17475,STA-O6383,01-07-2023,4.57,Paid,4.57
STA-R13804,STA-O5247,01-10-2023,34.55,Paid,0
STA-R17925,STA-O6863,05-11-2025,5.55,Paid,0
STA-R17498,STA-O6286,17-04-2025,19.71,Paid,0
STA-R13312,STA-O11530,21-09-2025,22.2,Paid,4.91
STA-R9948,STA-O11724,04-10-2025,75.72,Paid,0
STA-R13655,STA-O5811,14-11-2024,23.34,Paid,0
STA-R14841,STA-O11205,24-09-2023,5.69,Paid,0
STA-R11545,STA-O6401,14-10-2024,17.6,Pending,0
STA-R13939,STA-O14867,12-05-2025,159.88,Paid,0
STA-R15768,STA-O12821,26-12-2025,12.8,Paid,0
STA-R13087,STA-O12012,09-10-2024,19.98,Paid,0
STA-R15767,STA-O11384,19-11-2023,6.73,Paid,0
STA-R10842,STA-O12506,07-08-2023,13.3,Paid,0
STA-R17464,STA-O8191,30-03-2023,36,Refunded,0
STA-R14625,STA-O7602,08-05-2025,25.4,Paid,0
STA-R18287,STA-O7086,26-10-2025,13.12,Paid,0
STA-R18177,STA-O7556,05-08-2023,17.52,Paid,0
STA-R11331,STA-O14247,14-04-2025,12.58,Paid,0
STA-R16698,STA-O12782,26-04-2024,30.2,Paid,0
STA-R14228,STA-O12115,09-04-2025,17.92,Refunded,0
STA-R16162,STA-O9934,20-06-2024,20.55,Paid,0
STA-R18634,STA-O14776,15-06-2025,10.61,Paid,10.61
STA-R17240,STA-O6560,11-01-2024,18.92,Refunded,0
STA-R11744,STA-O13843,09-05-2025,11.12,Paid,0
STA-R11827,STA-O12656,02-07-2024,15.4,Paid,0
STA-R16456,STA-O13631,12-07-2024,13.01,Refunded,0
STA-R17746,STA-O6005,20-09-2025,12.6,Paid,12.6
STA-R18164,STA-O12359,24-03-2024,8.95,Paid,0
STA-R12415,STA-O12159,08-03-2025,16.17,Paid,0
STA-R14854,STA-O9064,19-05-2023,28.96,Paid,0
STA-R17423,STA-O7824,15-10-2025,0,Paid,0
STA-R18101,STA-O9627,05-03-2024,45.39,Paid,0
STA-R9155,STA-O14116,07-02-2025,5.97,Paid,5.97
STA-R18012,STA-O13075,09-08-2024,61.89,Paid,0
STA-R9498,STA-O5583,10-05-2024,5.48,Paid,0
STA-R10003,STA-O8929,29-06-2024,3.63,Pending,0
STA-R18524,STA-O14690,10-02-2024,13.5,Paid,0
STA-R18169,STA-O10896,19-04-2023,27.2,Refunded,0
STA-R11401,STA-O7877,17-01-2023,41.75,Paid,0
STA-R13771,STA-O14334,21-05-2023,16.59,Paid,0
STA-R10497,STA-O11356,12-11-2025,80.52,Paid,0
STA-R14199,STA-O9440,04-04-2025,6.47,Paid,0
STA-R16887,STA-O10266,02-05-2024,19.68,Paid,0
STA-R12279,STA-O12572,03-02-2024,13.3,Paid,0
STA-R14605,STA-O6047,07-10-2024,6.27,Paid,0
STA-R15267,STA-O12837,06-03-2023,76.25,Refunded,0
STA-R11857,STA-O12073,08-08-2025,7.05,Paid,7.05
STA-R10115,STA-O9470,21-07-2024,33.75,Paid,0
STA-R9521,STA-O12815,06-03-2024,10.1,Paid,0
STA-R11552,STA-O5962,02-04-2025,43.32,Paid,43.32
STA-R11628,STA-O13125,14-09-2023,57.96,Refunded,0
STA-R14912,STA-O5137,03-10-2023,24.08,Pending,0
STA-R18246,STA-O9965,06-01-2025,7.95,Paid,0
STA-R11053,STA-O5460,06-05-2025,11.18,Paid,0
STA-R16145,STA-O13382,24-08-2024,28.45,Paid,0
STA-R9481,STA-O9703,30-11-2023,18.22,Pending,0
STA-R14294,STA-O9762,27-02-2023,30.6,Paid,0
STA-R9193,STA-O13241,24-08-2025,27.44,Paid,0
STA-R12899,STA-O5659,19-10-2024,29.1,Paid,0
STA-R13639,STA-O7599,30-05-2025,0,Pending,0
STA-R17881,STA-O11389,15-10-2023,33.2,Paid,0
STA-R10678,STA-O13395,21-02-2024,8.9,Paid,0
STA-R15691,STA-O8606,24-04-2024,29.2,Refunded,0
STA-R15017,STA-O12445,28-09-2025,15.78,Paid,0
STA-R9064,STA-O9499,30-01-2024,0,Paid,0
STA-R13959,STA-O14341,05-06-2024,3.02,Paid,0
STA-R17861,STA-O10873,13-10-2024,3.36,Paid,0
STA-R15117,STA-O5177,09-10-2024,9.2,Paid,0
STA-R10415,STA-O11148,25-01-2025,12.52,Paid,0
STA-R9147,STA-O14464,09-05-2024,43.2,Paid,0
STA-R12197,STA-O12929,18-06-2023,8.72,Paid,0
STA-R13958,STA-O14562,18-11-2023,15.75,Paid,0
STA-R15966,STA-O7830,19-04-2024,9.56,Paid,0
STA-R10045,STA-O13221,10-12-2025,69,Paid,0
STA-R18222,STA-O12887,12-02-2024,19.45,Paid,19.45
STA-R17567,STA-O8739,20-04-2025,20.12,Paid,0
STA-R9737,STA-O11630,28-10-2024,34.32,Paid,0
STA-R11524,STA-O9700,17-03-2025,0,Paid,0
STA-R9955,STA-O9911,11-05-2025,3.71,Paid,0
STA-R13061,STA-O14582,12-05-2023,17.1,Pending,0
STA-R11467,STA-O7128,22-07-2025,29.12,Paid,0
STA-R13895,STA-O6356,01-01-2023,21.78,Paid,0
STA-R17575,STA-O10724,23-02-2023,20.88,Paid,0
STA-R9577,STA-O14679,02-03-2024,56.24,Refunded,0
STA-R14008,STA-O9891,31-01-2025,5.78,Paid,0
STA-R16672,STA-O8697,17-04-2024,8.71,Paid,0
STA-R11289,STA-O5919,10-07-2023,0,Paid,0
STA-R11415,STA-O14046,18-02-2025,11.39,Refunded,0
STA-R16634,STA-O14522,24-11-2024,0,Paid,13.59
STA-R12028,STA-O5244,21-10-2025,58.75,Paid,0
STA-R18136,STA-O6673,07-12-2025,84.9,Paid,0
STA-R12777,STA-O8951,07-05-2024,18.4,Paid,0
STA-R10790,STA-O5140,01-01-2025,24.3,Paid,0
STA-R13807,STA-O6274,17-12-2025,0,Paid,0
STA-R10932,STA-O13907,23-06-2023,6.68,Paid,0.94
STA-R15313,STA-O13830,04-06-2024,8.85,Paid,8.85
STA-R14651,STA-O5859,22-08-2025,16.56,Paid,0
STA-R12951,STA-O6451,03-01-2025,61.6,Paid,0
STA-R16081,STA-O6846,14-03-2023,19.52,Refunded,0
STA-R14010,STA-O5011,23-10-2023,3.27,Paid,0
STA-R15380,STA-O12138,08-09-2023,14.17,Paid,0
STA-R17528,STA-O9301,01-01-2024,8.25,Paid,0
STA-R15900,STA-O5174,06-02-2025,31.55,Paid,31.55
STA-R16015,STA-O9944,30-10-2025,18.5,Pending,0
STA-R13160,STA-O11029,31-03-2023,28.5,Pending,0
STA-R10002,STA-O14145,09-04-2023,23.48,Paid,0
STA-R17239,STA-O9117,27-09-2024,14.16,Paid,0
STA-R15524,STA-O8310,20-04-2024,19.17,Paid,0
STA-R12376,STA-O8266,08-12-2024,21.64,Paid,21.64
STA-R13584,STA-O6060,21-03-2023,5.93,Paid,5.93
STA-R12477,STA-O6025,05-05-2024,19.62,Paid,0
STA-R18522,STA-O5235,19-07-2024,4.5,Paid,0
STA-R14978,STA-O10250,08-09-2024,5.26,Pending,0
STA-R10404,STA-O12875,04-10-2023,5.3,Pending,0
STA-R14615,STA-O6768,23-03-2025,88.28,Paid,88.28
STA-R11527,STA-O14918,27-07-2025,26.75,Paid,0
STA-R16690,STA-O12421,15-02-2023,7.7,Pending,0
STA-R17042,STA-O7194,05-10-2025,27,Paid,0
STA-R10149,STA-O8352,26-09-2025,9.48,Paid,0
STA-R17362,STA-O5411,19-09-2024,39.92,Paid,0
STA-R12021,STA-O11553,07-06-2025,27.36,Paid,0
STA-R10204,STA-O7247,22-03-2023,10.98,Refunded,0
STA-R14865,STA-O7656,30-01-2024,17.5,Paid,17.5
STA-R15503,STA-O13021,01-03-2024,5.19,Paid,0
STA-R9329,STA-O5306,28-03-2023,11.58,Paid,11.58
STA-R16396,STA-O9549,02-09-2025,105.5,Paid,0
STA-R16477,STA-O12043,17-12-2025,26.08,Paid,26.08
STA-R9914,STA-O13344,24-03-2023,32.08,Pending,0
STA-R11309,STA-O7782,18-02-2023,11.32,Paid,0
STA-R12060,STA-O5082,10-12-2024,61.29,Refunded,11.09
STA-R15252,STA-O5108,14-10-2025,17.42,Paid,0
STA-R11333,STA-O14532,17-07-2025,85.6,Paid,0
STA-R12610,STA-O13412,09-06-2025,23.35,Paid,0
STA-R14449,STA-O14285,13-10-2025,31.89,Refunded,0
STA-R15759,STA-O6575,02-03-2023,32.45,Refunded,0
STA-R16564,STA-O13583,22-01-2024,20.49,Paid,0
STA-R16375,STA-O11194,23-05-2025,18.44,Paid,0
STA-R15357,STA-O12444,03-12-2025,8.63,Pending,0
STA-R17504,STA-O6326,26-12-2025,31.2,Paid,0
STA-R18537,STA-O7325,16-08-2025,18.06,Paid,0
STA-R14200,STA-O11230,26-01-2024,18.27,Paid,0
STA-R16000,STA-O8333,02-09-2025,6.83,Paid,0
STA-R13985,STA-O11050,15-08-2023,12.76,Paid,0
STA-R14131,STA-O6848,26-06-2024,6.87,Paid,0
STA-R18309,STA-O11638,03-08-2024,0,Refunded,0
STA-R12385,STA-O12911,05-04-2023,55.98,Refunded,0
STA-R15080,STA-O11301,31-10-2025,27.9,Paid,0
STA-R18171,STA-O12041,13-09-2024,0,Paid,0
STA-R13884,STA-O8962,12-09-2023,30.16,Refunded,0
STA-R10957,STA-O12695,21-11-2025,17.55,Refunded,0
STA-R16973,STA-O8384,08-05-2023,10.42,Paid,0
STA-R14099,STA-O8171,23-12-2023,6.38,Paid,0
STA-R13577,STA-O13365,05-08-2023,18.96,Paid,18.96
STA-R13606,STA-O14104,26-12-2024,19.96,Paid,0
STA-R10872,STA-O10800,13-07-2025,4.2,Refunded,0
STA-R9567,STA-O8955,12-10-2023,71.64,Paid,0
STA-R13232,STA-O8546,20-12-2024,22.4,Refunded,7.8
STA-R12670,STA-O9603,18-05-2025,19.8,Paid,19.8
STA-R9608,STA-O8673,17-11-2023,9.38,Paid,0
STA-R16082,STA-O6634,25-01-2024,22,Paid,0
STA-R16745,STA-O7920,24-04-2025,150.15,Paid,0
STA-R18490,STA-O7568,29-03-2023,5.89,Paid,0
STA-R15555,STA-O9080,14-06-2024,27.75,Paid,27.75
STA-R18588,STA-O12204,29-11-2023,0,Paid,0
STA-R13320,STA-O6716,07-01-2024,24.6,Pending,0
STA-R11281,STA-O5394,07-01-2023,10.04,Paid,0
STA-R18224,STA-O6296,30-04-2025,4.42,Paid,0
STA-R17183,STA-O14410,28-06-2023,9.76,Paid,0
STA-R12212,STA-O6789,25-07-2024,30.45,Paid,0
STA-R17687,STA-O13058,27-10-2023,7.17,Paid,0
STA-R9733,STA-O10901,12-01-2023,67.04,Paid,0
STA-R15848,STA-O11249,30-05-2023,26.85,Pending,0
STA-R12755,STA-O14015,01-10-2024,71.13,Paid,0
STA-R10601,STA-O9242,22-08-2025,16.25,Paid,16.25
STA-R18086,STA-O9778,09-09-2025,17.19,Paid,0
STA-R13001,STA-O14893,02-11-2023,153.3,Paid,0
STA-R16038,STA-O6534,22-05-2024,0,Paid,0
STA-R10455,STA-O7564,02-08-2023,12.53,Paid,12.53
STA-R10996,STA-O9822,26-10-2025,4.56,Paid,0
STA-R11330,STA-O12501,12-12-2024,4.23,Paid,0
STA-R10589,STA-O7424,05-02-2023,10.2,Paid,0
STA-R14297,STA-O5331,08-07-2025,16.77,Paid,0
STA-R9373,STA-O10464,02-12-2023,13.96,Paid,0
STA-R13263,STA-O9072,18-10-2024,5.89,Paid,0
STA-R13905,STA-O6629,16-09-2024,9.9,Paid,9.9
STA-R15765,STA-O13875,08-03-2025,14.36,Refunded,0
STA-R14608,STA-O12814,19-11-2023,22.02,Paid,22.02
STA-R14834,STA-O13209,10-12-2024,3.29,Refunded,0
STA-R17061,STA-O10715,14-11-2024,9.8,Paid,0
STA-R17360,STA-O13367,15-06-2023,28.62,Paid,0
STA-R16633,STA-O14811,18-02-2023,33.3,Paid,33.3
STA-R14944,STA-O6888,03-02-2024,15.93,Paid,0
STA-R15873,STA-O11750,15-06-2025,21.55,Paid,0
STA-R15388,STA-O6581,02-06-2024,13.03,Paid,0
STA-R9362,STA-O12535,12-02-2024,31.48,Paid,31.48
STA-R16485,STA-O6466,02-08-2024,0,Paid,0
STA-R14866,STA-O9333,21-09-2025,6.98,Paid,0
STA-R12270,STA-O10806,09-07-2024,28.7,Paid,0
STA-R17757,STA-O12185,09-03-2024,13.26,Paid,0
STA-R10186,STA-O12337,28-05-2024,40.84,Refunded,0
STA-R11720,STA-O6554,06-05-2025,4.7,Paid,4.7
STA-R16121,STA-O14123,14-10-2023,53.34,Paid,0
STA-R10288,STA-O14806,26-08-2023,38.85,Pending,0
STA-R12245,STA-O6219,26-02-2024,0,Paid,12.44
STA-R11503,STA-O11515,25-04-2023,24.95,Paid,0
STA-R18351,STA-O12681,15-05-2023,53.45,Paid,0
STA-R9007,STA-O7561,24-01-2023,25.3,Paid,0
STA-R13608,STA-O5789,27-10-2023,12.12,Paid,0
STA-R17736,STA-O14314,11-04-2024,18.51,Paid,0
STA-R17006,STA-O7088,20-03-2023,100.68,Paid,0
STA-R9910,STA-O7734,22-11-2025,9.84,Paid,0
STA-R18638,STA-O12241,22-06-2023,22.08,Paid,0
STA-R16030,STA-O13721,21-04-2025,0,Paid,0
STA-R10317,STA-O6668,21-03-2025,5.25,Paid,0
STA-R10390,STA-O11579,04-07-2025,62.75,Paid,62.75
STA-R16562,STA-O5562,26-12-2025,0,Refunded,0
STA-R15910,STA-O11132,11-11-2024,8.88,Refunded,0
STA-R16951,STA-O11619,14-08-2025,20.84,Paid,20.84
STA-R15197,STA-O13210,11-10-2025,19.64,Paid,0
STA-R11085,STA-O5246,28-08-2023,11.91,Refunded,0
STA-R9997,STA-O11896,22-05-2024,8.52,Paid,1.46
STA-R16498,STA-O5982,29-10-2024,6.5,Paid,0
STA-R16660,STA-O8201,08-12-2024,24.81,Pending,0
STA-R15449,STA-O11604,27-03-2025,7.3,Paid,0
STA-R16208,STA-O11918,04-08-2024,22.2,Paid,0
STA-R17617,STA-O6874,25-03-2024,15.9,Paid,0
STA-R18611,STA-O12860,15-02-2023,0,Paid,0
STA-R16507,STA-O8837,25-05-2024,10.44,Paid,0
STA-R10325,STA-O5310,28-12-2024,3.66,Paid,3.66
STA-R10753,STA-O9364,13-05-2024,12.08,Paid,0
STA-R16115,STA-O9189,17-02-2024,4.25,Pending,0
STA-R15489,STA-O12549,03-01-2025,21.96,Paid,0
STA-R14892,STA-O13693,14-04-2025,106.65,Pending,0
STA-R14970,STA-O7356,22-04-2025,16.59,Refunded,0
STA-R15149,STA-O9414,26-04-2023,10.02,Refunded,0
STA-R14828,STA-O8306,13-05-2024,8.85,Pending,0
STA-R11659,STA-O12749,05-04-2025,107.3,Refunded,11.64
STA-R13314,STA-O10760,24-05-2025,8.66,Pending,0
STA-R13281,STA-O13927,26-05-2023,30.2,Paid,0
STA-R14742,STA-O9890,05-10-2023,70.08,Paid,0
STA-R13890,STA-O10802,03-12-2025,37.85,Paid,0
STA-R14485,STA-O14143,06-01-2024,39.96,Paid,0
STA-R11846,STA-O5449,31-07-2025,10.83,Paid,0
STA-R9402,STA-O7832,18-04-2025,17.82,Refunded,0
STA-R17623,STA-O6536,11-02-2025,15.09,Paid,0
STA-R14642,STA-O10430,26-09-2023,7.77,Paid,0
STA-R17093,STA-O13525,20-01-2025,33.8,Paid,0
STA-R13343,STA-O13464,18-01-2024,14.46,Paid,0
STA-R16815,STA-O5367,30-05-2023,7.72,Paid,0
STA-R9485,STA-O9689,27-10-2025,6.38,Refunded,0
STA-R13489,STA-O14566,24-05-2025,8.76,Refunded,0
STA-R16226,STA-O10783,16-01-2025,14.88,Paid,0
STA-R11567,STA-O6178,29-11-2025,0,Paid,0
STA-R17831,STA-O13303,28-11-2023,16.34,Paid,16.34
STA-R15701,STA-O8403,05-09-2023,20.01,Paid,0
STA-R10098,STA-O11929,25-12-2024,90.35,Refunded,0
STA-R11374,STA-O11845,21-02-2023,29.3,Paid,0
STA-R16735,STA-O6303,16-02-2025,10.14,Refunded,0
STA-R11372,STA-O9541,28-07-2023,13.32,Paid,0
STA-R10152,STA-O6612,19-05-2023,10.36,Paid,0
STA-R15581,STA-O13988,09-04-2024,94.2,Paid,0
STA-R10255,STA-O11498,02-10-2024,117.65,Paid,0
STA-R9018,STA-O7101,25-11-2025,48.54,Paid,0
STA-R13091,STA-O14615,21-08-2023,13.36,Pending,0
STA-R12032,STA-O5824,16-02-2024,22.35,Paid,0
STA-R14221,STA-O13115,02-06-2024,5.82,Paid,0
STA-R10126,STA-O8508,05-07-2024,4.23,Paid,4.23
STA-R17822,STA-O13996,11-08-2025,26.67,Refunded,0
STA-R14901,STA-O6804,26-03-2024,14.76,Paid,4.92
STA-R18568,STA-O10983,12-04-2023,24.65,Paid,3.05
STA-R15795,STA-O10462,01-12-2025,12.16,Refunded,0
STA-R14622,STA-O5424,28-04-2024,56.13,Paid,0
STA-R14272,STA-O12495,09-12-2025,23.61,Paid,0
STA-R11218,STA-O11023,12-08-2024,96.2,Pending,0
STA-R12586,STA-O10894,16-08-2025,11.04,Paid,0
STA-R11470,STA-O9444,24-10-2024,28.06,Paid,0
STA-R16755,STA-O14557,14-01-2025,21.26,Paid,0
STA-R18353,STA-O9583,14-02-2023,9.96,Paid,0
STA-R15606,STA-O10974,17-12-2023,17.84,Paid,0
STA-R10995,STA-O11168,13-05-2023,18.38,Paid,0
STA-R13211,STA-O9723,11-08-2025,5.6,Paid,0
STA-R14034,STA-O8916,29-04-2025,0,Paid,9.91
STA-R16248,STA-O8433,10-04-2024,18.68,Paid,0
STA-R17036,STA-O5258,29-09-2024,0,Paid,0
STA-R11955,STA-O14436,10-08-2024,7.11,Refunded,0
STA-R12522,STA-O5838,11-03-2023,18.78,Paid,0
STA-R10752,STA-O10347,18-01-2023,24.88,Paid,0
STA-R10640,STA-O11174,10-01-2025,76.2,Paid,0
STA-R13469,STA-O9002,05-11-2024,5.07,Paid,0
STA-R10248,STA-O12839,04-01-2024,10.98,Refunded,0
STA-R15680,STA-O12677,03-10-2025,14.04,Paid,14.04
STA-R13588,STA-O7471,18-04-2025,6.06,Paid,0
STA-R15321,STA-O14197,20-07-2023,28.52,Refunded,0
STA-R13024,STA-O9469,24-07-2023,9.74,Paid,2.98
STA-R17748,STA-O12429,22-05-2023,23.2,Paid,0
STA-R11880,STA-O14942,01-04-2023,16.98,Paid,0
STA-R15752,STA-O12339,06-02-2025,4.76,Paid,0
STA-R13169,STA-O12392,24-08-2024,4.12,Paid,0
STA-R13628,STA-O11742,13-05-2024,15.06,Paid,0
STA-R13685,STA-O9184,14-05-2025,26.25,Paid,0
STA-R10522,STA-O8976,31-05-2024,17.72,Paid,6.87
STA-R10428,STA-O12977,23-02-2025,19.23,Paid,0
STA-R9266,STA-O10482,12-01-2023,28.76,Paid,0
STA-R14095,STA-O10009,09-09-2023,11.67,Paid,0
STA-R11483,STA-O5167,01-10-2023,10.54,Pending,0
STA-R15195,STA-O12744,07-05-2025,42.46,Pending,0
STA-R13867,STA-O11189,05-03-2024,5.71,Paid,0
STA-R16469,STA-O6589,20-12-2023,15.08,Paid,0
STA-R16525,STA-O9605,07-03-2023,65.61,Paid,0
STA-R16093,STA-O10956,03-05-2023,32.8,Pending,0
STA-R13470,STA-O6819,09-07-2025,59.4,Paid,59.4
STA-R15350,STA-O10088,05-08-2023,16.2,Paid,4.88
STA-R14391,STA-O12997,20-06-2025,10.64,Paid,0
STA-R9787,STA-O9819,16-12-2024,33.55,Pending,0
STA-R10020,STA-O7903,25-01-2023,13.28,Paid,0
STA-R16328,STA-O10477,17-04-2024,16.5,Paid,0
STA-R14116,STA-O12985,31-05-2025,31.75,Paid,0
STA-R18157,STA-O9305,14-06-2025,5.29,Paid,5.29
STA-R18043,STA-O6658,30-09-2024,21.12,Paid,0
STA-R10841,STA-O12000,21-01-2023,42,Paid,42
STA-R11648,STA-O9652,08-01-2024,4.48,Refunded,0
STA-R15787,STA-O7299,09-05-2023,32.62,Pending,0
STA-R11606,STA-O13975,29-11-2025,22.7,Paid,2.34
STA-R12536,STA-O10887,24-02-2024,27.35,Paid,8.07
STA-R10190,STA-O11961,26-10-2025,69.52,Refunded,0
STA-R13990,STA-O10365,20-03-2025,16.55,Paid,16.55
STA-R16244,STA-O8033,22-09-2023,33.04,Paid,0
STA-R15669,STA-O14743,05-08-2024,0,Paid,0
STA-R13467,STA-O8274,26-05-2023,14.01,Pending,0
STA-R10433,STA-O6775,15-12-2025,14.75,Paid,0
STA-R15764,STA-O12832,28-12-2024,13.96,Paid,13.96
STA-R13381,STA-O8223,27-02-2025,26.56,Paid,0
STA-R12642,STA-O10602,13-09-2024,22.5,Paid,10.79
STA-R14609,STA-O12235,28-08-2025,72.72,Paid,0
STA-R14626,STA-O6305,13-10-2023,6.98,Paid,0
STA-R11667,STA-O6191,18-07-2025,15.74,Refunded,0
STA-R14299,STA-O7839,15-03-2025,19.52,Paid,0
STA-R15712,STA-O14433,17-12-2024,14.28,Paid,0
STA-R16551,STA-O6056,11-07-2024,3.12,Pending,0
STA-R14058,STA-O8641,12-08-2025,0,Paid,43.95
STA-R11468,STA-O10423,02-03-2023,0,Paid,0
STA-R9263,STA-O11153,15-05-2024,16.17,Paid,0
STA-R16739,STA-O9920,18-07-2024,10.72,Paid,0
STA-R17305,STA-O10046,02-04-2023,24.88,Pending,0
STA-R9469,STA-O12216,02-02-2023,191.8,Paid,0
STA-R9464,STA-O12228,28-04-2025,7.83,Paid,2.83
STA-R9059,STA-O12275,17-10-2024,0,Paid,24.98
STA-R14921,STA-O7669,08-07-2025,44.05,Refunded,0
STA-R13659,STA-O8974,21-01-2025,4.1,Refunded,0
STA-R14083,STA-O12214,16-06-2025,16.92,Refunded,0
STA-R9665,STA-O9643,14-11-2023,5.68,Paid,0
STA-R16411,STA-O6346,07-06-2025,36.35,Paid,0
STA-R18042,STA-O12959,16-08-2023,35,Paid,0
STA-R10621,STA-O13441,22-03-2025,26.68,Pending,0
STA-R12733,STA-O9811,08-08-2023,8.16,Refunded,0
STA-R15970,STA-O13499,01-01-2024,13,Paid,0
STA-R11973,STA-O12612,17-09-2025,31.48,Paid,31.48
STA-R13899,STA-O5849,05-11-2023,12.84,Pending,0
STA-R16301,STA-O10167,06-06-2025,27.85,Refunded,0
STA-R9244,STA-O14486,15-11-2023,4.41,Refunded,0
STA-R12426,STA-O13965,07-11-2023,78.8,Paid,0
STA-R11753,STA-O8802,13-04-2025,34.8,Paid,0
STA-R16821,STA-O6856,22-01-2023,88.64,Paid,0
STA-R9489,STA-O10822,05-06-2023,20.6,Paid,0
STA-R17153,STA-O11768,21-08-2023,14.88,Paid,14.88
STA-R10299,STA-O10684,01-08-2023,10.12,Refunded,0
STA-R10718,STA-O9582,06-07-2024,4.88,Paid,0
STA-R13151,STA-O12194,27-05-2025,24.69,Paid,0
STA-R13581,STA-O8036,05-06-2024,15.24,Paid,0
STA-R14107,STA-O11729,23-10-2024,17.5,Paid,0
STA-R16141,STA-O10031,06-12-2024,66.48,Paid,0
STA-R10490,STA-O12931,11-10-2024,69.4,Paid,69.4
STA-R11481,STA-O10656,16-12-2024,15.99,Paid,0
STA-R16927,STA-O8644,03-07-2025,0,Refunded,0
STA-R16825,STA-O11288,18-07-2023,14.05,Refunded,0
STA-R18518,STA-O7056,12-02-2024,14.5,Paid,0
STA-R11821,STA-O8502,15-12-2024,44.7,Paid,0
STA-R17674,STA-O11304,28-04-2025,19.64,Paid,0
STA-R17992,STA-O6482,07-09-2023,5.56,Paid,5.56
STA-R9405,STA-O9162,11-06-2025,14.32,Paid,14.32
STA-R12987,STA-O5642,08-06-2025,24.45,Paid,0
STA-R17404,STA-O6972,09-11-2024,42.24,Paid,0
STA-R16787,STA-O12345,30-05-2024,18.81,Paid,0
STA-R13417,STA-O10846,09-07-2025,0,Paid,0
STA-R9245,STA-O7791,06-07-2025,18.18,Paid,0
STA-R9337,STA-O7913,30-07-2024,10.04,Paid,0
STA-R11892,STA-O13384,07-05-2025,19.28,Pending,0
STA-R12231,STA-O8575,09-04-2024,44.25,Paid,0
STA-R11840,STA-O8901,27-08-2023,24.35,Paid,0
STA-R11964,STA-O10043,01-09-2025,43.55,Paid,7.85
STA-R11544,STA-O11179,18-08-2024,0,Paid,0
STA-R17658,STA-O8813,26-08-2023,25.38,Refunded,0
STA-R17546,STA-O9284,26-12-2023,8.65,Paid,2.78
STA-R15784,STA-O7327,29-04-2025,20.88,Refunded,0
STA-R12339,STA-O12295,17-10-2023,11.4,Pending,0
STA-R15586,STA-O9124,23-09-2023,18.2,Paid,0
STA-R9724,STA-O7930,20-09-2025,24.64,Pending,0
STA-R11576,STA-O9721,14-11-2024,14.62,Paid,0
STA-R18650,STA-O9999,16-08-2023,140.04,Paid,0
STA-R12406,STA-O6763,17-08-2024,7.22,Paid,0
STA-R12635,STA-O9112,12-09-2023,27.4,Paid,0
STA-R10604,STA-O9026,30-05-2025,38.5,Paid,38.5
STA-R15569,STA-O13101,12-04-2025,15.78,Paid,0
STA-R9566,STA-O8639,02-03-2024,7.38,Paid,0
STA-R15927,STA-O14175,07-02-2024,8.48,Refunded,0
STA-R16968,STA-O11883,29-07-2025,18.56,Paid,0
STA-R9940,STA-O8790,20-02-2024,15.45,Paid,0
STA-R12493,STA-O7055,16-02-2024,114.88,Paid,0
STA-R16144,STA-O12356,12-11-2023,13.62,Paid,0
STA-R9252,STA-O12585,19-11-2024,4.18,Paid,0
STA-R10430,STA-O8643,09-01-2025,15.96,Paid,0
STA-R9520,STA-O5516,29-01-2023,0,Paid,16.28
STA-R12165,STA-O14884,10-09-2023,109.05,Pending,0
STA-R14797,STA-O10581,21-06-2025,26.95,Paid,26.95
STA-R13092,STA-O14284,06-10-2025,27.95,Paid,0
STA-R9496,STA-O11959,11-02-2023,9.14,Paid,0
STA-R17794,STA-O11169,04-11-2023,20.8,Paid,0
STA-R13295,STA-O6457,07-11-2024,29.3,Paid,0
STA-R15367,STA-O5773,22-05-2023,40.6,Paid,40.6
STA-R16930,STA-O8723,30-03-2024,14.34,Paid,0
STA-R13010,STA-O14238,23-05-2025,8.78,Paid,8.78
STA-R9761,STA-O10532,24-09-2024,15.56,Paid,0
STA-R12462,STA-O10565,11-02-2023,57.72,Paid,0
STA-R12990,STA-O9256,18-10-2023,15.87,Paid,0
STA-R14364,STA-O8014,04-02-2023,45.44,Paid,0
STA-R17898,STA-O12249,22-08-2025,5.38,Paid,0
STA-R13338,STA-O5493,05-10-2023,91.48,Paid,0
STA-R13925,STA-O6526,15-07-2024,0,Pending,0
STA-R18056,STA-O13786,10-01-2024,11.44,Paid,0
STA-R13369,STA-O8491,25-09-2025,38.88,Paid,0
STA-R17855,STA-O10379,30-04-2023,19.53,Refunded,0
STA-R16780,STA-O12118,04-06-2023,92.28,Paid,92.28
STA-R10231,STA-O11709,06-05-2024,104.95,Refunded,45.17
STA-R15995,STA-O6703,09-05-2025,18.2,Paid,0
STA-R11266,STA-O11677,13-12-2023,117.7,Paid,0
STA-R16267,STA-O5026,13-05-2024,3.75,Paid,3.75
STA-R16189,STA-O8602,10-07-2025,100.77,Refunded,0
STA-R15588,STA-O8565,01-12-2025,19.2,Refunded,0
STA-R15162,STA-O14951,03-04-2023,15.45,Paid,0
STA-R13936,STA-O13393,02-10-2025,16.08,Paid,0
STA-R18622,STA-O13582,26-07-2023,16.82,Paid,16.82
STA-R12417,STA-O6434,14-08-2023,25.15,Paid,25.15
STA-R17278,STA-O8298,13-06-2023,21.2,Paid,0
STA-R17870,STA-O14272,24-10-2025,16.59,Paid,0
STA-R13637,STA-O11243,17-03-2024,39.7,Paid,0
STA-R12006,STA-O12574,14-02-2025,9.21,Paid,0
STA-R16594,STA-O5955,28-10-2025,14.51,Pending,0
STA-R13862,STA-O8634,26-11-2023,36.85,Paid,0
STA-R10091,STA-O6553,30-10-2024,19.89,Paid,0
STA-R10619,STA-O9127,21-06-2024,21.4,Pending,0
STA-R13915,STA-O10143,25-02-2023,7.49,Paid,0
STA-R9858,STA-O7718,18-12-2025,0,Paid,0
STA-R10087,STA-O6066,19-03-2024,7.12,Paid,0
STA-R9818,STA-O10517,31-05-2023,22.47,Paid,0
STA-R14996,STA-O8314,21-06-2025,99.75,Pending,0
STA-R16639,STA-O5563,20-06-2023,32.96,Paid,0
STA-R16135,STA-O11628,23-02-2025,22.53,Refunded,0
STA-R12544,STA-O14689,26-05-2025,23.72,Paid,0
STA-R13839,STA-O14738,23-12-2025,3.39,Paid,0
STA-R10611,STA-O8221,04-01-2025,14.74,Paid,14.74
STA-R14186,STA-O9810,16-01-2024,103.6,Paid,0
STA-R16527,STA-O7708,21-02-2024,9.08,Paid,9.08
STA-R9652,STA-O10507,17-08-2024,31.44,Refunded,0
STA-R14696,STA-O12806,15-06-2023,0,Paid,0
STA-R18397,STA-O14353,16-08-2023,10.24,Paid,10.24
STA-R13869,STA-O7820,20-06-2024,14.62,Paid,0
STA-R11575,STA-O14713,24-05-2024,11.91,Paid,11.91
STA-R14322,STA-O8939,29-01-2023,55.6,Refunded,0
STA-R17207,STA-O6166,06-10-2023,6.19,Paid,0
STA-R10442,STA-O9077,09-01-2025,25.5,Paid,0
STA-R13613,STA-O8501,25-07-2024,22.36,Paid,22.36
STA-R12041,STA-O5791,12-09-2024,17.46,Paid,0
STA-R11665,STA-O9828,13-03-2025,9.92,Paid,9.92
STA-R9585,STA-O12066,15-10-2025,23.8,Refunded,0
STA-R10036,STA-O9085,31-12-2024,13.77,Paid,0
STA-R16545,STA-O11165,20-12-2024,17,Refunded,0
STA-R13407,STA-O12653,21-11-2023,21.84,Paid,0
STA-R12110,STA-O11787,01-06-2025,15.18,Paid,0
STA-R10795,STA-O8688,18-02-2023,25.64,Paid,0
STA-R10214,STA-O5783,01-01-2024,14.15,Paid,14.15
STA-R15191,STA-O10445,24-02-2025,58.86,Paid,0
STA-R15968,STA-O12078,11-06-2023,0,Paid,0
STA-R14806,STA-O10392,29-04-2025,37.76,Paid,0
STA-R14819,STA-O11237,23-06-2025,20.52,Paid,0
STA-R18125,STA-O6711,22-03-2023,2.86,Pending,0
STA-R9823,STA-O6371,24-09-2024,27.2,Paid,0
STA-R16481,STA-O14652,15-02-2023,28.32,Paid,0
STA-R11371,STA-O6619,31-03-2023,0,Refunded,0
STA-R12038,STA-O10071,08-06-2024,6.28,Paid,0
STA-R11909,STA-O9646,14-06-2024,9.14,Refunded,0
STA-R12081,STA-O5405,30-08-2023,7.54,Paid,0
STA-R18111,STA-O5599,19-07-2024,39.9,Paid,0
STA-R10256,STA-O7219,19-06-2024,33.84,Paid,0
STA-R11765,STA-O9665,07-03-2025,46.48,Refunded,0
STA-R15490,STA-O9561,30-08-2025,27.44,Paid,0
STA-R11727,STA-O10930,18-08-2024,23.58,Paid,0
STA-R17291,STA-O5858,05-08-2024,148.75,Paid,0
STA-R9201,STA-O13195,25-04-2024,12.88,Pending,0
STA-R10588,STA-O9042,01-10-2023,16.04,Refunded,0
STA-R17388,STA-O7062,24-04-2023,11.58,Refunded,0
STA-R18009,STA-O8767,07-06-2024,8.08,Paid,8.08
STA-R13235,STA-O13410,24-05-2023,0,Paid,0
STA-R17788,STA-O13175,20-11-2024,38.36,Paid,0
STA-R16879,STA-O6940,04-01-2025,23.36,Paid,0
STA-R14368,STA-O12083,14-12-2025,13.98,Refunded,0
STA-R10138,STA-O7198,06-11-2024,9.08,Paid,2.73
STA-R15026,STA-O14311,26-08-2025,16.24,Pending,0
STA-R14327,STA-O14843,24-03-2025,30.05,Refunded,0
STA-R15134,STA-O12659,25-09-2024,60.76,Paid,0
STA-R13826,STA-O12557,15-03-2025,16.92,Paid,0
STA-R15782,STA-O14303,28-05-2023,6.74,Paid,6.74
STA-R12947,STA-O12944,10-03-2025,16.18,Paid,0
STA-R10425,STA-O12731,19-02-2025,0,Paid,0
STA-R15167,STA-O8574,23-11-2024,16.95,Paid,0
STA-R11638,STA-O11872,14-12-2024,16.65,Refunded,0
STA-R14638,STA-O6939,25-10-2024,16.92,Refunded,0
STA-R15006,STA-O13061,24-02-2023,29.45,Paid,0
STA-R9903,STA-O11363,04-08-2024,25.3,Paid,0
STA-R16113,STA-O9734,12-07-2024,5.7,Refunded,0
STA-R10275,STA-O8968,19-11-2024,14.06,Paid,0
STA-R11998,STA-O9474,15-10-2025,15.9,Paid,0
STA-R9957,STA-O12649,02-02-2023,74.01,Paid,0
STA-R16231,STA-O9614,03-08-2023,3.47,Paid,0
STA-R14802,STA-O9384,07-02-2023,10.68,Paid,2.92
STA-R13945,STA-O8031,15-11-2024,7.8,Pending,0
STA-R9649,STA-O12961,01-04-2023,18.39,Paid,0
STA-R15364,STA-O11176,30-06-2025,67.98,Paid,0
STA-R16597,STA-O10809,11-11-2023,36.05,Paid,0
STA-R16157,STA-O10775,08-06-2025,15.24,Paid,0
STA-R15899,STA-O13778,04-06-2023,18.15,Paid,18.15
STA-R14723,STA-O11469,16-10-2023,34.95,Refunded,0
STA-R14170,STA-O6261,22-01-2025,69.75,Paid,11.98
STA-R13987,STA-O11591,05-08-2025,7.69,Paid,0
STA-R11599,STA-O7723,04-08-2025,19.72,Paid,0
STA-R14220,STA-O7045,13-07-2023,5.96,Paid,0
STA-R16883,STA-O11865,10-08-2025,27.45,Paid,0
STA-R11233,STA-O8646,28-11-2024,172.95,Paid,172.95
STA-R12015,STA-O7445,30-09-2025,14.43,Paid,14.43
STA-R11739,STA-O6656,27-06-2024,10.4,Paid,10.4
STA-R15694,STA-O10096,29-07-2024,5.8,Refunded,0
STA-R12639,STA-O12761,31-10-2025,6.87,Paid,0
STA-R10133,STA-O11755,21-01-2023,20.12,Paid,0
STA-R17435,STA-O9084,06-01-2024,4.48,Paid,0
STA-R16264,STA-O12203,12-09-2025,17.54,Paid,0
STA-R15706,STA-O7771,27-05-2023,5.6,Paid,0
STA-R11825,STA-O7386,21-06-2024,23.17,Paid,23.17
STA-R11579,STA-O6987,11-09-2023,5.16,Paid,5.16
STA-R15549,STA-O10391,11-01-2023,15.44,Refunded,0
STA-R13375,STA-O12478,24-11-2025,26.84,Paid,26.84
STA-R11789,STA-O5804,10-07-2024,12.31,Paid,0
STA-R15959,STA-O8892,28-06-2023,10.86,Paid,10.86
STA-R10622,STA-O8282,31-08-2024,5.43,Paid,0
STA-R13237,STA-O8749,08-06-2025,69.7,Paid,69.7
STA-R13491,STA-O7740,21-05-2025,14.84,Refunded,0
STA-R16512,STA-O12936,30-09-2025,10.12,Pending,0
STA-R17994,STA-O5168,19-06-2025,54.2,Paid,0
STA-R14188,STA-O14223,18-08-2023,8.08,Paid,0
STA-R9595,STA-O7958,05-07-2024,6.91,Paid,0
STA-R15393,STA-O13579,23-02-2024,156.2,Paid,0
STA-R16632,STA-O9629,13-10-2024,13.96,Paid,0
STA-R17480,STA-O10553,04-06-2024,7.13,Paid,0
STA-R12560,STA-O12994,12-10-2025,3.34,Paid,0
STA-R15650,STA-O9722,26-03-2024,5.49,Paid,5.49
STA-R9039,STA-O6248,08-06-2023,5.97,Paid,5.97
STA-R10357,STA-O14294,14-12-2024,14.46,Paid,3.47
STA-R9572,STA-O13033,09-01-2025,3.49,Paid,0
STA-R11610,STA-O14187,30-11-2025,13.52,Paid,0
STA-R17390,STA-O8267,24-01-2024,22.1,Paid,0
STA-R15817,STA-O6268,04-11-2023,26.28,Paid,0
STA-R17049,STA-O5786,21-07-2024,3,Paid,3
STA-R12967,STA-O6022,23-09-2023,6.47,Refunded,0
STA-R15512,STA-O14561,20-04-2025,53.4,Paid,0
STA-R9401,STA-O9035,20-07-2025,19.96,Paid,19.96
STA-R9292,STA-O10925,27-10-2023,0,Paid,0
STA-R14435,STA-O14584,23-05-2024,0,Pending,0
STA-R15428,STA-O7856,22-06-2025,61.8,Paid,61.8
STA-R15046,STA-O5012,30-01-2025,33.22,Refunded,0
STA-R16467,STA-O10463,31-03-2023,6.75,Paid,6.75
STA-R10016,STA-O14815,25-09-2025,24.3,Refunded,0
STA-R9769,STA-O11717,14-10-2025,27,Refunded,0
STA-R13082,STA-O13595,27-05-2025,14.92,Paid,0
STA-R14173,STA-O9535,13-06-2025,46.62,Refunded,0
STA-R13255,STA-O10668,13-04-2024,60.51,Paid,60.51
STA-R15744,STA-O7592,13-05-2025,18.54,Refunded,0
STA-R15243,STA-O9991,18-06-2025,7.25,Refunded,0
STA-R18129,STA-O8249,07-03-2024,12.22,Paid,0
STA-R13966,STA-O7027,15-12-2025,10.56,Paid,0
STA-R15225,STA-O12037,02-02-2024,0,Paid,0
STA-R10717,STA-O14548,11-12-2024,22.16,Paid,0
STA-R17130,STA-O9830,18-01-2023,4.57,Paid,0
STA-R17274,STA-O8050,08-07-2024,79.35,Paid,0
STA-R12754,STA-O14396,12-04-2025,53,Paid,0
STA-R9272,STA-O8561,01-07-2025,30.8,Paid,0
STA-R14695,STA-O8292,04-05-2023,19.33,Paid,19.33
STA-R13525,STA-O12954,27-07-2025,26.72,Pending,0
STA-R18519,STA-O13098,03-12-2025,89.94,Paid,0
STA-R12778,STA-O12790,28-10-2023,32.2,Paid,0
STA-R11438,STA-O11233,05-02-2023,0,Paid,0
STA-R14255,STA-O10224,13-05-2023,22.4,Pending,0
STA-R16291,STA-O8926,10-11-2023,10.96,Paid,10.96
STA-R14442,STA-O9491,13-03-2024,6.15,Paid,0
STA-R18181,STA-O7586,31-07-2023,79.26,Refunded,0
STA-R13934,STA-O9208,12-08-2023,0,Paid,0
STA-R18523,STA-O11200,26-12-2024,26.1,Paid,0
STA-R16068,STA-O11193,10-06-2025,125.85,Paid,0
STA-R9306,STA-O11087,14-01-2023,33.85,Paid,0
STA-R10928,STA-O7648,15-12-2025,13.34,Paid,0
STA-R11568,STA-O11247,31-05-2025,17.24,Refunded,0
STA-R9848,STA-O9048,03-02-2024,24.45,Paid,0
STA-R9163,STA-O14795,20-11-2024,27.82,Paid,0
STA-R9927,STA-O14602,04-08-2023,20.56,Refunded,5.98
STA-R10824,STA-O9886,06-07-2023,25.64,Paid,0
STA-R9889,STA-O6624,26-10-2023,6.33,Paid,0
STA-R9269,STA-O11397,13-01-2025,9.04,Paid,0
STA-R10118,STA-O11537,19-10-2024,17.28,Paid,0
STA-R18411,STA-O7693,29-06-2024,11.95,Paid,0
STA-R15328,STA-O7433,22-01-2025,109.64,Paid,0
STA-R14526,STA-O5815,03-09-2023,24.69,Paid,0
STA-R17446,STA-O6881,09-06-2023,21.75,Paid,0
STA-R9509,STA-O12932,21-03-2023,8.72,Paid,0
STA-R13819,STA-O6309,12-08-2023,30.32,Paid,0
STA-R16490,STA-O14687,02-02-2024,7.36,Paid,0
STA-R11083,STA-O7218,13-09-2023,41.6,Paid,0
STA-R17766,STA-O12378,25-06-2023,11.56,Refunded,0
STA-R11710,STA-O10198,02-05-2023,34.36,Paid,34.36
STA-R15276,STA-O8288,15-07-2025,24.15,Paid,0
STA-R13914,STA-O5017,06-04-2023,17.73,Paid,0
STA-R17833,STA-O14173,01-01-2024,21.73,Paid,0
STA-R10245,STA-O6059,30-08-2023,25.14,Pending,0
STA-R9442,STA-O9851,14-04-2025,24.3,Refunded,0
STA-R10746,STA-O13928,24-03-2024,12.36,Paid,0
STA-R11041,STA-O10383,07-01-2025,3.15,Paid,0
STA-R10398,STA-O8965,01-09-2024,12.44,Paid,0
STA-R14302,STA-O10912,04-11-2023,50,Paid,0
STA-R15823,STA-O11269,09-11-2024,5.09,Pending,0
STA-R17827,STA-O5901,26-06-2025,5.1,Paid,0
STA-R14743,STA-O13604,04-09-2025,19.64,Paid,0
STA-R18252,STA-O10855,11-09-2025,0,Paid,6.2
STA-R18398,STA-O8383,29-08-2023,10,Refunded,0
STA-R17318,STA-O8569,05-12-2025,26.76,Paid,0
STA-R17769,STA-O7158,12-07-2025,6.88,Paid,0
STA-R14240,STA-O9400,23-02-2023,53.64,Paid,0
STA-R10484,STA-O13641,15-05-2025,29.95,Paid,0
STA-R14229,STA-O10438,16-01-2023,23.58,Paid,0
STA-R11021,STA-O13702,01-06-2025,16.38,Refunded,7.87
STA-R10578,STA-O13128,13-03-2025,13.38,Paid,0
STA-R14399,STA-O13854,27-01-2025,29.88,Paid,0
STA-R9767,STA-O14475,06-01-2025,5.58,Paid,0
STA-R17483,STA-O12526,16-05-2024,0,Pending,0
STA-R17696,STA-O7571,03-03-2025,15.25,Paid,0
STA-R16034,STA-O8635,20-04-2025,0,Paid,0
STA-R16055,STA-O7662,24-03-2023,40.3,Paid,0
STA-R17383,STA-O5407,25-01-2024,23.88,Paid,0
STA-R13451,STA-O6132,19-07-2024,60.69,Paid,0
STA-R15674,STA-O9397,03-09-2024,28.66,Paid,28.66
STA-R13184,STA-O8387,21-07-2025,19.47,Pending,0
STA-R18387,STA-O8529,09-02-2025,17.76,Paid,0
STA-R12108,STA-O6108,10-12-2024,12.08,Paid,0
STA-R14727,STA-O14700,20-06-2025,24.2,Paid,0
STA-R17848,STA-O11128,19-11-2024,85.45,Paid,0
STA-R9124,STA-O5031,31-08-2024,18.6,Paid,0
STA-R14516,STA-O6835,04-11-2023,15.96,Paid,15.96
STA-R15052,STA-O14855,26-03-2024,5.57,Paid,0
STA-R9913,STA-O13257,24-08-2025,13.65,Paid,13.65
STA-R13798,STA-O10438,16-01-2023,23.58,Paid,0
STA-R15219,STA-O11090,16-03-2025,27.2,Paid,0
STA-R13665,STA-O14642,09-03-2024,18.39,Paid,0
STA-R18095,STA-O6996,03-12-2024,40.8,Paid,0
STA-R12575,STA-O13732,26-02-2024,3.8,Paid,0
STA-R9534,STA-O14765,07-11-2024,7.32,Paid,0
STA-R11613,STA-O12117,16-09-2024,13.4,Paid,13.4
STA-R15278,STA-O8359,09-10-2023,21.12,Paid,0
STA-R14024,STA-O12272,27-01-2025,14.76,Paid,0
STA-R9680,STA-O6706,24-11-2024,22.28,Paid,0
STA-R14640,STA-O5004,18-10-2025,90.63,Paid,0
STA-R10011,STA-O7030,11-04-2025,29.85,Paid,0
STA-R12094,STA-O8764,17-02-2024,68.5,Pending,0
STA-R11808,STA-O6394,22-01-2025,89.88,Paid,0
STA-R10119,STA-O7090,21-06-2024,4.01,Paid,4.01
STA-R11058,STA-O10127,26-07-2025,8.8,Paid,0
STA-R16425,STA-O7525,06-08-2024,4.31,Paid,0
STA-R13216,STA-O9473,02-12-2025,64.84,Paid,64.84
STA-R17489,STA-O9757,11-12-2024,38.35,Refunded,0
STA-R14643,STA-O9369,23-11-2024,15.44,Paid,0
STA-R16833,STA-O11694,04-10-2024,25.04,Paid,0
STA-R12558,STA-O6179,28-08-2023,13.12,Paid,0
STA-R12570,STA-O5471,01-07-2023,6.24,Paid,0
STA-R13033,STA-O11927,13-11-2025,125.4,Paid,0
STA-R15877,STA-O10010,16-12-2025,15.57,Paid,0
STA-R10798,STA-O6478,12-08-2025,7.92,Paid,0
STA-R10336,STA-O5534,15-06-2023,5.47,Paid,0
STA-R17230,STA-O8289,23-02-2025,11.79,Paid,0
STA-R15179,STA-O13947,11-06-2024,12.54,Refunded,0
STA-R11460,STA-O8863,05-03-2024,7.44,Paid,0
STA-R15008,STA-O14753,02-04-2023,23.8,Refunded,0
STA-R9397,STA-O5810,22-06-2023,33.96,Paid,33.96
STA-R10308,STA-O14163,24-12-2024,17.07,Paid,0
STA-R17838,STA-O13444,30-11-2025,26.9,Paid,0
STA-R16182,STA-O11891,10-01-2024,19.16,Paid,0
STA-R10516,STA-O10104,23-02-2024,26.24,Pending,0
STA-R18474,STA-O13789,31-10-2025,39.56,Paid,0
STA-R17285,STA-O13815,23-01-2023,28.6,Paid,0
STA-R9853,STA-O10314,09-07-2024,7.14,Paid,0
STA-R9058,STA-O13790,04-12-2025,17.24,Paid,0
STA-R17565,STA-O14450,17-03-2023,19.88,Paid,0
STA-R16125,STA-O10722,07-07-2023,26.72,Pending,0
STA-R14889,STA-O5038,27-06-2025,3.44,Paid,0
STA-R10199,STA-O8805,08-07-2025,5.38,Paid,0
STA-R14983,STA-O12993,22-10-2024,30.84,Paid,30.84
STA-R13497,STA-O10333,04-12-2023,14.34,Paid,0
STA-R12516,STA-O13620,11-12-2024,5.81,Paid,0
STA-R14163,STA-O5390,29-03-2024,0,Paid,0
STA-R13554,STA-O8757,18-11-2023,18.09,Paid,18.09
STA-R9746,STA-O9576,28-12-2025,22.05,Paid,0
STA-R17806,STA-O13580,06-12-2024,7.59,Paid,0
STA-R15522,STA-O12561,30-06-2023,18.55,Refunded,0
STA-R10161,STA-O8432,13-02-2025,113.2,Paid,0
STA-R11622,STA-O7789,15-12-2024,0,Paid,0
STA-R17091,STA-O5331,08-07-2025,16.77,Paid,0
STA-R14523,STA-O10943,21-12-2025,16.8,Pending,0
STA-R11597,STA-O9977,12-01-2023,6.28,Paid,0
STA-R10094,STA-O7981,11-05-2024,13.92,Paid,0
STA-R16289,STA-O6840,10-10-2023,5.09,Paid,5.09
STA-R16110,STA-O6588,01-11-2023,17.4,Paid,0
STA-R10731,STA-O7041,19-02-2025,11.58,Paid,11.58
STA-R16042,STA-O12679,14-08-2025,10.44,Refunded,1.07
STA-R13860,STA-O8676,25-07-2023,3.21,Paid,0
STA-R12300,STA-O9742,23-05-2024,4.6,Paid,4.6
STA-R9350,STA-O10514,11-09-2023,85.88,Paid,0
STA-R15199,STA-O5489,24-12-2025,10.41,Refunded,0
STA-R12653,STA-O5367,30-05-2023,7.72,Pending,0
STA-R12012,STA-O14404,04-09-2023,27.36,Paid,0
STA-R16271,STA-O7382,11-02-2025,15,Paid,0
STA-R15160,STA-O10066,23-12-2025,0,Paid,0
STA-R11248,STA-O10182,08-03-2024,6.64,Refunded,0
STA-R13972,STA-O7006,01-07-2025,31.62,Paid,0
STA-R17099,STA-O6238,30-12-2023,4.29,Paid,0
STA-R16194,STA-O9620,02-03-2024,6.44,Paid,0
STA-R15352,STA-O12717,16-03-2024,29.45,Paid,0
STA-R12388,STA-O14044,22-05-2025,115.68,Pending,37.06
STA-R9279,STA-O11954,09-11-2024,5.65,Pending,0
STA-R11067,STA-O8295,22-10-2023,10.14,Paid,10.14
STA-R13149,STA-O6984,24-09-2024,71,Paid,71
STA-R12424,STA-O6718,23-03-2025,6.75,Paid,6.75
STA-R18590,STA-O9330,06-10-2023,27.6,Paid,0
STA-R10366,STA-O7703,21-07-2023,17.91,Paid,17.91
STA-R11008,STA-O7774,22-03-2024,20.35,Pending,7.31
STA-R9052,STA-O9169,16-05-2023,6.27,Pending,0
STA-R13444,STA-O5945,20-02-2024,16.53,Paid,16.53
STA-R13657,STA-O6978,07-01-2025,11.42,Paid,0
STA-R15391,STA-O13612,25-10-2025,16.82,Pending,2.52
STA-R11103,STA-O11748,21-02-2025,3.24,Paid,0
STA-R14851,STA-O14159,16-12-2024,95.04,Paid,0
STA-R12401,STA-O14560,28-01-2025,20.36,Paid,0
STA-R9131,STA-O6949,31-12-2023,8.7,Refunded,0
STA-R14482,STA-O11958,12-04-2024,41.35,Paid,0
STA-R12248,STA-O6693,01-02-2025,122.6,Paid,0
STA-R14097,STA-O13227,03-06-2024,10.93,Paid,0
STA-R10410,STA-O6065,18-12-2023,19.25,Paid,0
STA-R18335,STA-O8119,23-11-2023,21.97,Paid,21.97
STA-R16573,STA-O5785,05-11-2023,21.06,Paid,0
STA-R9301,STA-O11722,24-07-2024,32.16,Paid,0
STA-R9217,STA-O13259,08-02-2025,19.23,Pending,0
STA-R16393,STA-O13766,27-08-2024,7.53,Paid,0
STA-R11065,STA-O13900,25-11-2024,6.71,Paid,0
STA-R17729,STA-O8349,25-12-2023,6.17,Paid,0
STA-R14160,STA-O10793,01-05-2024,29.65,Paid,0
STA-R15703,STA-O10220,26-09-2023,17.43,Paid,0
STA-R17958,STA-O12369,12-01-2025,18.32,Paid,0
STA-R14400,STA-O6189,23-12-2023,29.68,Refunded,0
STA-R16332,STA-O6615,19-07-2025,34.52,Paid,0
STA-R17351,STA-O5179,22-11-2024,74.4,Paid,0
STA-R14867,STA-O6929,12-11-2025,9.76,Paid,0
STA-R9461,STA-O11440,11-10-2024,7.65,Refunded,0
STA-R17990,STA-O8781,18-09-2024,8.05,Pending,0
STA-R12893,STA-O7707,04-11-2023,4.42,Paid,0
STA-R13718,STA-O13301,05-10-2023,12.94,Paid,0
STA-R10237,STA-O8152,08-02-2025,38.7,Paid,38.7
STA-R13460,STA-O9036,23-01-2023,0,Paid,0
STA-R17048,STA-O6317,16-10-2024,11.14,Paid,0
STA-R10948,STA-O13006,15-02-2024,5.35,Paid,0
STA-R17336,STA-O5393,01-03-2023,8.57,Paid,0
STA-R10687,STA-O11862,01-09-2024,154.48,Paid,0
STA-R17401,STA-O11906,25-09-2024,0,Paid,0
STA-R9659,STA-O14805,10-12-2023,0,Paid,0
STA-R13414,STA-O11085,26-02-2023,23.12,Refunded,0
STA-R9674,STA-O9055,03-08-2023,23.95,Paid,0
STA-R9656,STA-O9775,22-10-2024,22.61,Paid,0
STA-R17556,STA-O13336,31-03-2023,107.61,Paid,0
STA-R18115,STA-O5819,17-10-2024,16,Refunded,0
STA-R14367,STA-O12668,15-11-2023,22.44,Refunded,0
STA-R10791,STA-O9439,07-04-2024,11.58,Pending,0
STA-R17126,STA-O12603,29-11-2023,0,Refunded,0
STA-R12667,STA-O11692,12-10-2023,5.78,Paid,0
STA-R13596,STA-O5365,17-09-2023,115.74,Paid,0
STA-R9978,STA-O11512,08-11-2023,13.74,Paid,0
STA-R13508,STA-O14636,11-12-2025,22.21,Paid,8.6
STA-R11957,STA-O5974,06-06-2023,4.51,Paid,0
STA-R12475,STA-O12451,15-05-2025,0,Paid,0
STA-R12533,STA-O14988,28-05-2023,18.55,Paid,18.55
STA-R15291,STA-O6456,16-02-2025,22.6,Paid,0
STA-R12747,STA-O10510,03-01-2023,58.52,Paid,0
STA-R13573,STA-O5339,10-07-2023,46.68,Paid,0
STA-R14656,STA-O9262,20-05-2023,67.68,Paid,0
STA-R11715,STA-O5848,25-08-2023,25.24,Paid,0
STA-R10692,STA-O5259,13-03-2025,102.4,Paid,102.4
STA-R11012,STA-O11484,23-12-2023,15.81,Paid,0
STA-R12190,STA-O10450,30-07-2023,7.75,Paid,0
STA-R11133,STA-O11427,08-05-2023,15.8,Paid,0
STA-R16134,STA-O5242,17-02-2023,10.18,Paid,0
STA-R14380,STA-O6285,27-06-2025,9.15,Paid,0
STA-R14473,STA-O13622,18-12-2023,22.7,Paid,0
STA-R18130,STA-O6082,11-09-2025,122.9,Paid,122.9
STA-R9235,STA-O5769,02-05-2023,29.55,Paid,0
STA-R17533,STA-O6654,06-07-2025,3.13,Paid,3.13
STA-R16682,STA-O13754,17-01-2023,23.94,Refunded,0
STA-R17389,STA-O11116,24-04-2023,7.36,Paid,0
STA-R11913,STA-O8195,10-10-2024,36.66,Paid,36.66
STA-R10630,STA-O7368,02-11-2025,44.2,Refunded,0
STA-R9713,STA-O11324,14-12-2024,98.32,Refunded,0
STA-R11761,STA-O8424,03-08-2024,14.92,Paid,0
STA-R17342,STA-O13108,20-06-2025,20.4,Paid,0
STA-R10112,STA-O7044,10-10-2024,24.6,Pending,0
STA-R18476,STA-O5738,24-02-2024,11.92,Paid,0
STA-R13827,STA-O12725,09-06-2023,15.69,Paid,15.69
STA-R13528,STA-O14487,18-06-2025,18.16,Paid,0
STA-R10737,STA-O8568,29-07-2025,70.62,Paid,0
STA-R9851,STA-O11451,21-12-2025,16,Paid,0
STA-R9557,STA-O11944,01-05-2024,11,Paid,0
STA-R15175,STA-O11754,31-10-2025,5.88,Paid,5.88
STA-R17604,STA-O7351,08-02-2024,37.73,Paid,37.73
STA-R17175,STA-O13509,10-02-2025,54.05,Paid,54.05
STA-R14981,STA-O14352,22-08-2024,32.45,Paid,0
STA-R14920,STA-O11461,01-05-2025,21.72,Pending,0
STA-R16987,STA-O6263,13-03-2025,23.85,Refunded,0
STA-R12719,STA-O7074,15-05-2023,26.28,Paid,0
STA-R18422,STA-O10254,18-04-2024,46.22,Paid,0
STA-R18073,STA-O11010,14-12-2025,6.53,Paid,0
STA-R15154,STA-O12879,20-11-2025,28.3,Refunded,0
STA-R9593,STA-O7716,31-10-2023,13.16,Paid,13.16
STA-R16972,STA-O14269,26-06-2023,23.85,Refunded,0
STA-R11983,STA-O8595,07-03-2025,3.25,Paid,0.35
STA-R16667,STA-O10562,13-02-2025,85.64,Paid,0
STA-R14932,STA-O11175,22-11-2025,7.25,Paid,0
STA-R12691,STA-O6410,24-07-2024,8.1,Paid,3.2
STA-R12139,STA-O12246,17-01-2023,4.92,Paid,0
STA-R14826,STA-O5094,04-10-2023,68.76,Refunded,0
STA-R15041,STA-O13454,23-09-2024,32.96,Pending,0
STA-R13408,STA-O13516,29-10-2025,15.45,Paid,0
STA-R12878,STA-O12824,25-02-2025,0,Paid,0
STA-R11116,STA-O10282,19-05-2023,49.95,Paid,0
STA-R10713,STA-O9767,03-05-2023,54.84,Refunded,0
STA-R9316,STA-O7729,15-09-2024,9.39,Paid,0
STA-R12717,STA-O8360,12-04-2023,28.75,Paid,28.75
STA-R11695,STA-O12057,26-03-2023,9.99,Paid,0
STA-R11365,STA-O11467,01-05-2025,12.7,Refunded,0
STA-R14653,STA-O13661,04-04-2023,14.97,Paid,0
STA-R9610,STA-O11976,10-07-2023,12.46,Paid,0
STA-R10432,STA-O10770,03-06-2025,22.52,Paid,0
STA-R12787,STA-O11941,23-12-2023,7.37,Paid,0
STA-R14869,STA-O12086,29-05-2023,20.44,Paid,2.56
STA-R18010,STA-O6319,29-08-2023,0,Paid,0
STA-R16590,STA-O11899,05-11-2023,25.68,Refunded,0
STA-R17190,STA-O13954,06-01-2025,10.48,Pending,0
STA-R17651,STA-O10424,31-05-2023,41.5,Pending,0
STA-R13690,STA-O12922,22-04-2024,3.31,Paid,0
STA-R16644,STA-O9803,30-08-2023,6.77,Paid,0
STA-R14781,STA-O6063,14-12-2024,6.85,Paid,0
STA-R15292,STA-O6233,23-09-2023,18.45,Paid,0
STA-R15761,STA-O13780,14-05-2023,21.64,Paid,21.64
STA-R9552,STA-O9548,12-11-2025,16.7,Paid,0
STA-R9196,STA-O10219,07-03-2023,0,Paid,0
STA-R15021,STA-O10389,21-07-2025,12.05,Paid,12.05
STA-R13193,STA-O8416,14-12-2024,27.4,Refunded,0
STA-R12178,STA-O8954,22-12-2024,22.75,Paid,0
STA-R14025,STA-O5188,05-03-2023,72.62,Paid,0
STA-R17243,STA-O6426,21-12-2024,21.56,Paid,0
STA-R11362,STA-O13148,21-09-2023,19.88,Refunded,0
STA-R11698,STA-O7380,18-07-2025,34.3,Paid,0
STA-R10057,STA-O13362,15-09-2025,12.6,Paid,0
STA-R11841,STA-O7899,07-10-2024,0,Paid,9.4
STA-R17886,STA-O5857,09-02-2025,14.55,Paid,0
STA-R15971,STA-O10485,27-07-2024,11.87,Paid,0
STA-R15482,STA-O14214,22-10-2024,19.23,Paid,0
STA-R11784,STA-O7336,17-09-2023,22.8,Paid,0
STA-R12072,STA-O7163,01-06-2024,7.27,Paid,0
STA-R16518,STA-O10233,19-04-2023,81.1,Paid,0
STA-R16948,STA-O9200,05-01-2023,46.53,Paid,46.53
STA-R18623,STA-O7605,09-12-2023,14.51,Paid,0
STA-R12830,STA-O9228,20-11-2025,16.08,Paid,0
STA-R10615,STA-O12305,12-01-2024,40.45,Paid,0
STA-R15467,STA-O5126,17-11-2025,23.98,Paid,0
STA-R9972,STA-O12276,30-06-2023,119.31,Paid,0
STA-R12508,STA-O5739,06-11-2024,77.16,Refunded,0
STA-R16001,STA-O14807,17-08-2023,58.44,Paid,0
STA-R9529,STA-O12388,01-01-2024,26,Paid,0
STA-R13310,STA-O11894,13-04-2024,28.2,Paid,0
STA-R10974,STA-O10859,16-06-2025,38.05,Paid,0
STA-R12597,STA-O5371,28-04-2023,79.84,Paid,0
STA-R14189,STA-O9842,14-01-2024,8.73,Paid,0
STA-R11171,STA-O11673,16-03-2023,32.36,Paid,6.47
STA-R16013,STA-O12951,17-01-2025,16.6,Paid,0
STA-R13861,STA-O7338,09-05-2023,6.51,Paid,6.51
STA-R13873,STA-O10289,17-04-2024,14.8,Paid,0
STA-R9250,STA-O7330,31-07-2024,20.64,Refunded,0
STA-R14169,STA-O12218,28-05-2025,20.82,Paid,20.82
STA-R9953,STA-O10726,18-11-2024,21.45,Pending,0
STA-R15856,STA-O5159,10-01-2023,20.64,Paid,0
STA-R9202,STA-O10566,08-09-2024,30.9,Paid,0
STA-R15118,STA-O7102,02-09-2025,19.17,Refunded,0
STA-R17370,STA-O6735,28-09-2025,28.9,Paid,0
STA-R14244,STA-O6139,14-11-2025,33.32,Paid,0
STA-R13971,STA-O9291,14-08-2025,18.88,Paid,0
STA-R16717,STA-O8421,31-05-2023,5.92,Paid,5.92
STA-R12591,STA-O5133,23-10-2023,26.28,Paid,0
STA-R13068,STA-O14799,20-02-2023,14.36,Paid,0
STA-R17763,STA-O13690,19-06-2023,68.52,Refunded,0
STA-R15413,STA-O5929,15-07-2025,11.04,Paid,0
STA-R18109,STA-O9332,22-09-2023,30.65,Paid,0
STA-R11876,STA-O14880,07-02-2025,7.53,Paid,0
STA-R18052,STA-O14695,03-08-2024,15.87,Paid,0
STA-R18319,STA-O9260,13-06-2024,28.8,Refunded,0
STA-R10280,STA-O10329,04-12-2025,27.52,Pending,0
STA-R10905,STA-O6260,06-09-2025,119.55,Paid,0
STA-R10518,STA-O13676,15-11-2025,47.16,Paid,47.16
STA-R11064,STA-O8853,29-06-2023,35.3,Paid,0
STA-R13271,STA-O13531,16-06-2023,20.73,Paid,0
STA-R11664,STA-O13498,19-01-2024,33.15,Refunded,0
STA-R12061,STA-O13950,27-01-2025,52.25,Refunded,0
STA-R14276,STA-O12316,25-04-2024,0,Paid,0
STA-R16408,STA-O13150,21-11-2023,11.48,Paid,0
STA-R13719,STA-O5507,09-05-2025,110.45,Paid,0
STA-R14513,STA-O12177,10-01-2024,5.68,Paid,0
STA-R15779,STA-O6447,04-05-2023,18.75,Paid,0
STA-R14572,STA-O5249,23-09-2025,29.31,Paid,0
STA-R12823,STA-O11921,15-11-2024,17.32,Paid,0
STA-R17214,STA-O13829,21-07-2025,57.66,Refunded,0
STA-R11891,STA-O14361,29-05-2024,20.48,Refunded,0
STA-R16270,STA-O5843,02-10-2024,15.24,Refunded,0
STA-R12461,STA-O11414,11-03-2025,26.1,Pending,0
STA-R11666,STA-O6665,07-01-2023,38.55,Paid,0
STA-R16712,STA-O13162,27-02-2025,15.5,Paid,0
STA-R13981,STA-O7917,20-11-2025,6.55,Refunded,0
STA-R13477,STA-O9014,22-02-2023,13.44,Paid,0
STA-R11448,STA-O14870,07-02-2023,58.56,Paid,0
STA-R9721,STA-O10097,09-08-2025,13.56,Paid,0
STA-R17800,STA-O7625,04-03-2024,42.86,Paid,0
STA-R17998,STA-O11432,28-01-2024,17.84,Paid,0
STA-R18176,STA-O9531,28-11-2025,11.72,Paid,0
STA-R12418,STA-O6952,08-01-2023,13.72,Paid,0
STA-R16171,STA-O14021,21-09-2023,0,Paid,0
STA-R11861,STA-O13667,05-05-2024,55.22,Refunded,0
STA-R17811,STA-O13133,11-03-2023,41.5,Pending,0
STA-R10046,STA-O6251,22-02-2024,20.95,Paid,2.86
STA-R10030,STA-O11386,14-04-2023,15.48,Paid,15.48
STA-R13164,STA-O11186,19-04-2024,28.3,Paid,0
STA-R9975,STA-O6613,02-01-2023,155.72,Paid,0
STA-R17004,STA-O6640,22-01-2024,7.14,Refunded,0
STA-R9820,STA-O12184,28-06-2024,0,Paid,0
STA-R12062,STA-O10967,08-01-2023,23.65,Paid,0
STA-R15727,STA-O12692,23-05-2025,7.6,Paid,0
STA-R17781,STA-O12038,12-02-2023,71.76,Paid,0
STA-R11523,STA-O13845,10-07-2025,9.38,Paid,0
STA-R12198,STA-O8734,26-12-2023,18.4,Paid,0
STA-R17672,STA-O10241,07-02-2023,5.91,Refunded,0
STA-R17888,STA-O12021,01-08-2023,12.56,Paid,12.56
STA-R16746,STA-O14538,16-08-2023,32.4,Paid,0
STA-R13917,STA-O7217,21-02-2025,91.65,Paid,0
STA-R16431,STA-O6961,26-05-2023,46.38,Paid,0
STA-R17180,STA-O14133,28-10-2023,73.72,Paid,0
STA-R10568,STA-O13860,24-01-2025,0,Refunded,0
STA-R10668,STA-O9919,18-08-2023,15.72,Pending,0
STA-R16026,STA-O6062,10-04-2025,12.5,Paid,0
STA-R12194,STA-O9254,08-09-2024,29.55,Pending,0
STA-R13539,STA-O10338,11-04-2025,77.2,Paid,0
STA-R11886,STA-O10511,23-06-2024,25.45,Paid,0
STA-R9766,STA-O9557,16-11-2023,17.5,Pending,0
STA-R17991,STA-O7314,20-10-2023,18.84,Paid,18.84
STA-R16658,STA-O6236,16-08-2024,32.15,Paid,0
STA-R9024,STA-O7790,01-03-2023,31.3,Refunded,0
STA-R15233,STA-O9648,22-11-2024,12.12,Paid,6.02
STA-R14899,STA-O5409,18-06-2025,43.5,Paid,0
STA-R14217,STA-O5851,09-06-2025,0,Paid,0
STA-R13110,STA-O14234,03-06-2023,35.8,Paid,0
STA-R11120,STA-O8102,24-09-2024,112.95,Paid,0
STA-R12524,STA-O10230,02-11-2023,23.84,Paid,0
STA-R13098,STA-O12926,01-09-2024,28.02,Paid,0
STA-R12762,STA-O6359,22-06-2025,33.05,Refunded,0
STA-R14179,STA-O8257,19-06-2023,20.34,Pending,7.99
STA-R16320,STA-O10027,16-07-2024,11.72,Refunded,0
STA-R18302,STA-O14924,25-04-2025,15.04,Paid,3.93
STA-R17108,STA-O11296,26-04-2024,10.05,Paid,0
STA-R15419,STA-O9758,30-11-2023,5.11,Paid,0
STA-R13618,STA-O5644,26-08-2025,13.68,Paid,0
STA-R9681,STA-O7891,16-07-2025,35.52,Paid,0
STA-R12749,STA-O14432,20-08-2025,20.79,Paid,0
STA-R18457,STA-O14594,10-03-2024,22.71,Pending,0
STA-R17440,STA-O8884,18-08-2024,38.85,Paid,0
STA-R18434,STA-O13543,17-11-2025,7.24,Paid,7.24
STA-R18049,STA-O6049,20-01-2024,2.42,Refunded,0
STA-R16878,STA-O11202,13-12-2023,22.56,Paid,22.56
STA-R11590,STA-O13674,29-04-2023,23.36,Paid,0
STA-R10251,STA-O8061,11-09-2025,35.64,Pending,0
STA-R13823,STA-O14322,26-01-2025,41.67,Paid,0
STA-R9776,STA-O13729,03-02-2024,17,Refunded,0
STA-R9139,STA-O8782,03-01-2024,150.84,Paid,0
STA-R12010,STA-O9909,19-07-2025,6.87,Paid,0
STA-R18520,STA-O12452,24-11-2024,17.19,Paid,0
STA-R18534,STA-O5387,14-02-2025,12.5,Paid,0
STA-R10733,STA-O11960,03-09-2024,81.72,Pending,0
STA-R18062,STA-O12597,13-09-2023,33.02,Paid,0
STA-R11758,STA-O7353,05-10-2024,25.52,Paid,0
STA-R11895,STA-O13405,09-11-2025,4.85,Pending,0
STA-R15472,STA-O12353,27-03-2023,27.52,Paid,0
STA-R14396,STA-O10734,19-01-2025,13.02,Refunded,0
STA-R16860,STA-O6805,06-03-2025,16.98,Refunded,0
STA-R13334,STA-O11837,24-07-2024,37.3,Paid,0
STA-R12995,STA-O12273,21-10-2024,72.36,Paid,0
STA-R11513,STA-O7251,11-08-2023,9.24,Refunded,0
STA-R13273,STA-O5089,25-01-2025,10.59,Paid,0
STA-R9177,STA-O5586,02-02-2025,16.29,Paid,0
STA-R11515,STA-O12085,30-06-2024,54.75,Pending,0
STA-R11292,STA-O8867,22-01-2024,6,Paid,0
STA-R11136,STA-O9408,28-05-2025,10.26,Paid,10.26
STA-R9283,STA-O13345,24-03-2024,16.35,Paid,0
STA-R17333,STA-O5132,22-08-2025,0,Paid,0
STA-R18308,STA-O9898,20-06-2024,23.64,Pending,0
STA-R9028,STA-O7878,16-02-2025,73.8,Paid,73.8
STA-R14712,STA-O13930,11-11-2023,9.76,Paid,4.34
STA-R13791,STA-O6152,23-05-2025,24.06,Pending,0
STA-R13269,STA-O11861,08-01-2023,96.85,Paid,0
STA-R9807,STA-O8587,14-06-2025,29.8,Paid,0
STA-R16528,STA-O11710,08-02-2023,17.68,Paid,0
STA-R16092,STA-O6799,10-02-2024,24.86,Paid,0
STA-R14234,STA-O11548,04-07-2024,86.84,Paid,86.84
STA-R16937,STA-O13863,26-09-2024,21.04,Paid,21.04
STA-R9475,STA-O9671,05-11-2024,15.85,Paid,0
STA-R11263,STA-O9889,20-01-2023,19.77,Pending,0
STA-R12343,STA-O6910,20-01-2025,25.14,Paid,0
STA-R13777,STA-O9313,24-11-2023,32.48,Refunded,0
STA-R15990,STA-O14927,07-09-2023,8.23,Paid,8.23
STA-R16678,STA-O9485,19-01-2023,24,Refunded,0
STA-R12847,STA-O5926,20-04-2024,21.04,Paid,21.04
STA-R12868,STA-O8732,04-04-2025,19.34,Paid,19.34
STA-R14134,STA-O10683,10-10-2024,43.48,Paid,0
STA-R17408,STA-O12640,17-11-2023,26.85,Paid,0
STA-R16896,STA-O12974,19-05-2024,2.88,Paid,0
STA-R16281,STA-O5844,25-03-2023,17.54,Paid,0
STA-R14778,STA-O14306,11-04-2025,36.65,Paid,0
STA-R10469,STA-O9574,11-11-2023,6.64,Paid,0
STA-R12488,STA-O5065,24-02-2025,6.55,Paid,0
STA-R17609,STA-O11118,27-05-2024,6.47,Paid,0
STA-R9565,STA-O6971,10-01-2023,60.1,Paid,0
STA-R14748,STA-O6206,08-05-2024,6.72,Pending,0
STA-R14829,STA-O9984,03-09-2023,95,Paid,0
STA-R10154,STA-O9337,10-02-2023,27.65,Pending,0
STA-R15303,STA-O5834,25-09-2023,16.17,Refunded,0
STA-R10830,STA-O6936,16-05-2024,42.2,Paid,0
STA-R14832,STA-O7769,17-07-2025,11.72,Paid,0
STA-R9499,STA-O13628,13-12-2023,7.56,Paid,0
STA-R17273,STA-O7171,01-12-2023,23.48,Paid,0
STA-R13176,STA-O13869,08-06-2023,15.26,Paid,0
STA-R10925,STA-O9638,18-06-2023,37.7,Pending,0
STA-R12184,STA-O6947,28-12-2025,51.28,Paid,0
STA-R11260,STA-O11337,12-02-2023,17.84,Paid,17.84
STA-R10031,STA-O6697,29-06-2023,3.34,Paid,0
STA-R14752,STA-O6769,01-09-2025,25.12,Paid,0
STA-R14494,STA-O6741,16-01-2024,54.28,Refunded,0
STA-R15343,STA-O10938,21-12-2023,35.88,Paid,35.88
STA-R17584,STA-O7523,11-01-2024,26.68,Paid,0
STA-R18564,STA-O12099,23-03-2025,10.42,Refunded,0
STA-R17378,STA-O10847,24-09-2025,6.03,Paid,0
STA-R11711,STA-O8313,06-03-2024,84.4,Paid,84.4
STA-R17118,STA-O10690,07-01-2023,31.11,Paid,0
STA-R14337,STA-O8330,10-08-2025,7.71,Paid,0
STA-R14791,STA-O7122,09-06-2024,16.9,Paid,16.9
STA-R9452,STA-O10269,11-10-2023,5.96,Paid,0
STA-R12324,STA-O11313,18-09-2024,69.54,Paid,0
STA-R16086,STA-O7344,11-09-2024,22.11,Paid,0
STA-R13964,STA-O6997,15-03-2023,18.42,Paid,18.42
STA-R12702,STA-O7549,23-08-2023,20.68,Refunded,0
STA-R12446,STA-O14084,02-12-2024,13.95,Paid,0
STA-R17815,STA-O8642,13-10-2024,0,Paid,0
STA-R17391,STA-O11706,27-10-2024,16.38,Paid,0
STA-R9732,STA-O12056,07-12-2023,70.74,Paid,70.74
STA-R14184,STA-O6850,16-10-2024,35.85,Refunded,0
STA-R13453,STA-O7227,07-05-2023,118.2,Paid,0
STA-R15879,STA-O13355,27-05-2023,4.63,Paid,0
STA-R17149,STA-O5499,19-09-2024,15.54,Pending,0
STA-R17422,STA-O12477,02-09-2023,115.48,Paid,0
STA-R15947,STA-O10652,01-11-2023,78.06,Paid,78.06
STA-R11688,STA-O9519,29-05-2023,28.5,Paid,0
STA-R15748,STA-O7475,21-01-2025,16.36,Paid,16.36
STA-R14842,STA-O13388,15-09-2024,12.17,Paid,0
STA-R14519,STA-O12457,09-11-2023,23.97,Paid,0
STA-R13759,STA-O7407,10-10-2024,27.5,Pending,0
STA-R15445,STA-O8203,19-02-2023,31.94,Paid,0
STA-R18094,STA-O5178,21-03-2023,53.22,Paid,0
STA-R13187,STA-O5527,16-07-2025,25.9,Paid,0
STA-R10903,STA-O12269,20-01-2023,22,Paid,0
STA-R13400,STA-O11256,27-01-2024,23.17,Pending,0
STA-R12122,STA-O12045,14-04-2025,7.22,Refunded,0
STA-R10763,STA-O11907,31-03-2025,20.79,Paid,0
STA-R17885,STA-O13791,20-02-2024,16.6,Paid,0
STA-R11735,STA-O7300,23-02-2025,10.5,Refunded,0
STA-R10709,STA-O6019,22-07-2023,27.84,Paid,0
STA-R14262,STA-O14242,23-06-2025,28.32,Paid,0
STA-R11677,STA-O7816,23-07-2025,7.74,Paid,0
STA-R11865,STA-O12784,12-12-2024,21.21,Refunded,0
STA-R9439,STA-O14984,01-03-2023,26.76,Paid,26.76
STA-R11162,STA-O7627,29-03-2024,33.75,Paid,0
STA-R14825,STA-O7474,12-05-2024,18.72,Paid,0
STA-R15584,STA-O7239,14-02-2025,28.75,Refunded,0
STA-R15104,STA-O6701,11-08-2024,28.15,Paid,0
STA-R9539,STA-O10608,19-12-2025,21.05,Paid,0
STA-R18548,STA-O11908,24-02-2023,0,Paid,0
STA-R18210,STA-O13461,26-04-2025,39.9,Paid,0
STA-R16069,STA-O6573,28-12-2024,14.98,Paid,0
STA-R9915,STA-O14518,24-06-2023,28.1,Paid,28.1
STA-R15232,STA-O6742,26-01-2024,10.53,Paid,0
STA-R10343,STA-O9286,17-12-2025,50.26,Paid,0
STA-R12284,STA-O10851,12-11-2025,0,Paid,0
STA-R9357,STA-O11457,11-09-2024,16.72,Paid,0
STA-R13129,STA-O14280,23-11-2023,22.56,Paid,0
STA-R15311,STA-O14530,06-07-2024,30.5,Paid,0
STA-R11334,STA-O11651,22-01-2023,19.6,Paid,0
STA-R10927,STA-O13917,25-12-2024,23.6,Paid,23.6
STA-R10943,STA-O11660,31-07-2023,17.02,Paid,0
STA-R13968,STA-O6497,13-04-2025,44.26,Paid,0
STA-R13929,STA-O12042,21-09-2024,80.56,Paid,0
STA-R14855,STA-O10681,07-09-2025,6.68,Refunded,0
STA-R10095,STA-O9569,30-12-2024,7.34,Paid,0
STA-R12519,STA-O7202,18-04-2024,15.48,Paid,15.48
STA-R14109,STA-O13172,03-07-2023,2.2,Paid,0
STA-R15609,STA-O14533,15-07-2024,48.63,Paid,48.63
STA-R13799,STA-O13886,22-07-2024,0,Paid,0
STA-R13564,STA-O6822,03-11-2023,16.74,Paid,0
STA-R10033,STA-O12106,05-06-2025,55.86,Refunded,0
STA-R12394,STA-O12850,09-05-2023,0,Paid,0
STA-R13563,STA-O6418,23-05-2024,18.16,Paid,0
STA-R15821,STA-O11874,13-10-2025,13.35,Pending,0
STA-R16383,STA-O5088,26-10-2025,70.68,Pending,0
STA-R9200,STA-O7078,23-09-2023,26.52,Paid,0
STA-R13729,STA-O11099,23-12-2024,28.85,Paid,0
STA-R14925,STA-O9074,11-11-2025,19.37,Paid,0
STA-R18061,STA-O8336,01-09-2025,12,Paid,12
STA-R15677,STA-O13696,18-10-2025,19.16,Refunded,0
STA-R17275,STA-O5486,03-06-2024,17.68,Paid,0
STA-R17995,STA-O6112,27-07-2024,8.95,Paid,0
STA-R17562,STA-O5330,07-12-2025,5.52,Pending,0.84
STA-R15422,STA-O6176,18-02-2024,24.64,Paid,0
STA-R15478,STA-O6427,13-07-2025,50.25,Refunded,0
STA-R13754,STA-O12508,23-07-2023,4,Pending,0
STA-R13212,STA-O11039,01-06-2023,9.04,Refunded,0
STA-R18349,STA-O13351,04-03-2024,10.06,Paid,0
STA-R9271,STA-O12797,14-12-2023,63.15,Pending,0
STA-R13365,STA-O7779,18-07-2025,16.36,Paid,16.36
STA-R13463,STA-O11311,10-03-2023,7.12,Paid,0
STA-R10323,STA-O6320,01-01-2024,32.92,Paid,0
STA-R11582,STA-O10446,08-07-2024,45.27,Refunded,0
STA-R13402,STA-O8155,12-07-2024,4.47,Paid,0
STA-R9317,STA-O12923,25-03-2023,8.32,Refunded,0
STA-R9281,STA-O11923,12-04-2023,3.12,Paid,0
STA-R18123,STA-O14473,30-12-2025,6.8,Paid,0
STA-R11683,STA-O12897,23-10-2025,32.9,Paid,0
STA-R14275,STA-O9728,01-05-2023,9.86,Refunded,0
STA-R15045,STA-O13796,27-05-2025,0,Paid,0
STA-R10040,STA-O9971,15-12-2023,13.4,Refunded,0
STA-R13420,STA-O7173,23-03-2024,32.25,Paid,0
STA-R16063,STA-O10830,15-12-2024,2.88,Paid,0
STA-R15362,STA-O7137,11-12-2024,9.3,Pending,0
STA-R9770,STA-O9873,10-02-2024,55.74,Paid,10.07
STA-R11308,STA-O14440,25-02-2024,16.62,Paid,16.62
STA-R15038,STA-O9617,15-07-2023,8.58,Refunded,0
STA-R16964,STA-O9264,18-05-2024,7.58,Paid,0
STA-R16811,STA-O6007,05-03-2023,10.9,Paid,0
STA-R15004,STA-O9619,27-02-2025,8.38,Paid,0
STA-R9800,STA-O9485,19-01-2023,24,Refunded,0
STA-R16465,STA-O6535,29-03-2023,9.12,Paid,0
STA-R18306,STA-O12341,22-11-2023,92.1,Paid,0
STA-R12091,STA-O12998,18-05-2024,0,Paid,27.52
STA-R16028,STA-O7690,09-01-2024,22.3,Paid,0
STA-R15844,STA-O5585,03-04-2023,6.75,Paid,0
STA-R17397,STA-O6103,28-07-2023,138.9,Paid,0
STA-R15151,STA-O11483,22-09-2025,10.28,Refunded,0
STA-R13279,STA-O7127,20-08-2025,7.5,Paid,0
STA-R10100,STA-O7031,30-06-2023,4.72,Paid,0
STA-R11917,STA-O12644,04-09-2025,57.4,Paid,0
STA-R12877,STA-O6352,13-06-2024,10.2,Paid,0
STA-R14539,STA-O13304,08-09-2023,21,Paid,21
STA-R11614,STA-O10606,12-01-2025,8.33,Refunded,0
STA-R11325,STA-O14215,06-07-2025,30.55,Paid,30.55
STA-R15230,STA-O13072,26-08-2024,64.84,Paid,0
STA-R14974,STA-O6511,22-08-2023,19.29,Paid,0
STA-R14555,STA-O12620,07-12-2023,22.74,Paid,0
STA-R13544,STA-O9392,17-06-2024,10.96,Paid,0
STA-R12173,STA-O11771,21-09-2024,5.56,Paid,0
STA-R10318,STA-O12831,11-03-2023,17.4,Paid,0
STA-R17633,STA-O13813,05-01-2023,7.92,Paid,0
STA-R18366,STA-O8071,04-11-2025,23.72,Paid,0
STA-R10595,STA-O8615,21-05-2025,17.44,Paid,0
STA-R16090,STA-O13567,10-03-2025,9.34,Refunded,0
STA-R17771,STA-O11245,19-12-2023,22,Paid,9.18
STA-R12204,STA-O11997,18-01-2025,36.65,Paid,36.65
STA-R15517,STA-O5090,23-05-2024,71.01,Refunded,0
STA-R16235,STA-O8481,30-11-2024,12.84,Paid,0
STA-R11690,STA-O11377,15-02-2024,12.02,Paid,0
STA-R11344,STA-O13186,12-04-2025,104.25,Paid,0
STA-R13889,STA-O12107,18-04-2024,25,Paid,0
STA-R13244,STA-O12131,25-06-2025,52.5,Pending,0
STA-R15526,STA-O8617,12-04-2025,29.5,Pending,0
STA-R15471,STA-O5822,07-12-2024,44.01,Refunded,0
STA-R16127,STA-O12299,04-05-2023,50.32,Refunded,0
STA-R10252,STA-O5226,14-05-2024,30.96,Paid,30.96
STA-R10364,STA-O5550,12-07-2025,6.46,Paid,6.46
STA-R12599,STA-O13438,08-05-2025,33.4,Paid,0
STA-R17693,STA-O10976,31-10-2024,14.55,Paid,14.55
STA-R18321,STA-O11315,26-03-2025,18.06,Paid,0
STA-R15337,STA-O5304,14-09-2025,23.48,Paid,0
STA-R11444,STA-O14225,10-07-2024,135.52,Paid,0
STA-R17839,STA-O6551,23-05-2025,12.94,Paid,12.94
STA-R14332,STA-O7181,05-04-2024,7.77,Paid,0
STA-R12219,STA-O14365,02-09-2024,11.72,Paid,0
STA-R11806,STA-O9619,27-02-2025,0,Paid,0
STA-R10509,STA-O9935,23-01-2023,19.92,Paid,19.92
STA-R10277,STA-O8796,07-09-2023,30.48,Paid,0
STA-R17371,STA-O11058,01-08-2025,29.9,Paid,29.9
STA-R13926,STA-O14136,25-03-2023,66.63,Paid,0
STA-R9750,STA-O9560,06-03-2024,8.65,Refunded,0
STA-R9445,STA-O5709,08-11-2025,25.85,Paid,0
STA-R18014,STA-O13836,14-03-2023,41.43,Paid,41.43
STA-R15688,STA-O11436,09-07-2024,93.85,Paid,93.85
STA-R13461,STA-O9547,28-09-2025,0,Paid,45.96
STA-R10878,STA-O9422,26-04-2024,20.2,Pending,8.76
STA-R9612,STA-O8273,23-11-2024,13.86,Paid,0
STA-R9011,STA-O5566,16-04-2025,4.28,Paid,0.94
STA-R14298,STA-O8423,26-06-2024,20.16,Paid,0
STA-R14292,STA-O6860,15-07-2024,49.4,Paid,0
STA-R14267,STA-O11372,31-01-2025,112.9,Paid,0
STA-R11364,STA-O12102,05-05-2024,7.06,Paid,0
STA-R16773,STA-O11798,15-10-2024,16.41,Pending,0
STA-R9171,STA-O14167,12-02-2025,8.73,Paid,0
STA-R9258,STA-O14781,02-05-2023,14.25,Paid,0
STA-R10730,STA-O8011,15-08-2023,34.85,Paid,34.85
STA-R11419,STA-O7126,02-03-2023,22.38,Paid,0
STA-R10820,STA-O13435,19-08-2023,19.6,Paid,0
STA-R18006,STA-O6035,14-12-2024,6.32,Paid,0
STA-R10894,STA-O7364,20-03-2025,25.4,Refunded,0
STA-R17582,STA-O6773,16-03-2023,4.5,Refunded,0
STA-R16276,STA-O5403,01-06-2024,12.06,Paid,12.06
STA-R14697,STA-O7983,27-11-2024,5.82,Paid,0
STA-R17465,STA-O10638,30-08-2025,10.71,Paid,0
STA-R17436,STA-O9526,08-05-2023,3.91,Paid,1.83
STA-R12262,STA-O13300,15-09-2024,27.35,Paid,0
STA-R15634,STA-O10058,28-02-2023,49.05,Paid,0
STA-R16472,STA-O13342,16-02-2025,5.51,Paid,0
STA-R18212,STA-O11629,01-04-2024,26.6,Paid,0
STA-R14216,STA-O5936,01-10-2024,18.28,Paid,0
STA-R12738,STA-O9612,12-03-2025,24.44,Refunded,0
STA-R16260,STA-O10405,12-05-2023,14.94,Pending,0
STA-R11489,STA-O5966,06-02-2024,5.86,Pending,0
STA-R10946,STA-O14660,03-02-2023,0,Paid,0
STA-R10049,STA-O7149,13-09-2025,71.25,Paid,0
STA-R11562,STA-O8089,23-12-2023,119.7,Paid,0
STA-R11190,STA-O8035,26-02-2024,4.94,Refunded,0
STA-R10997,STA-O9858,06-10-2023,13.38,Paid,0
STA-R15140,STA-O6128,15-12-2025,6.42,Paid,0
STA-R16913,STA-O11141,30-03-2025,38.9,Refunded,0
STA-R10466,STA-O7998,15-07-2025,11.98,Paid,0
STA-R14141,STA-O13542,20-06-2023,9.2,Paid,9.2
STA-R16897,STA-O12333,06-05-2024,5.18,Paid,0
STA-R16348,STA-O10016,11-08-2025,5.95,Paid,0
STA-R17922,STA-O14259,15-09-2024,16.94,Paid,0
STA-R11226,STA-O7188,22-04-2025,109.05,Pending,0
STA-R12271,STA-O10180,06-08-2025,42.4,Paid,0
STA-R12631,STA-O14183,09-06-2024,35.5,Paid,0
STA-R16413,STA-O9466,18-03-2024,6.8,Paid,0
STA-R15676,STA-O14299,21-10-2025,4.43,Paid,4.43
STA-R10923,STA-O13665,25-09-2023,12.9,Paid,0
STA-R15127,STA-O5837,04-05-2025,2.27,Paid,0
STA-R16963,STA-O12121,12-03-2023,24.01,Refunded,0
STA-R13630,STA-O11092,07-11-2025,85.64,Refunded,0
STA-R13857,STA-O11968,30-01-2023,23.97,Pending,0
STA-R16343,STA-O11554,12-11-2023,36.5,Paid,0
STA-R10132,STA-O13235,20-03-2024,0,Paid,112.89
STA-R11926,STA-O10944,19-09-2024,22.65,Paid,0
STA-R15057,STA-O12151,09-09-2024,16.11,Refunded,0
STA-R12242,STA-O14368,01-09-2023,41.79,Paid,0
STA-R13675,STA-O11580,15-07-2025,10.18,Paid,10.18
STA-R13479,STA-O5801,06-11-2025,15.9,Paid,0
STA-R11721,STA-O5545,28-01-2024,27.03,Paid,0
STA-R15773,STA-O7793,01-12-2025,59.2,Paid,59.2
STA-R14840,STA-O5469,08-06-2025,6.87,Paid,0
STA-R18444,STA-O14727,14-12-2023,21.68,Paid,0
STA-R12725,STA-O6680,23-04-2024,6.62,Paid,0
STA-R16340,STA-O11222,28-07-2023,29.25,Paid,0
STA-R9541,STA-O7015,19-07-2023,0,Refunded,0
STA-R11733,STA-O5348,02-09-2024,6.72,Refunded,0
STA-R17570,STA-O12307,16-10-2024,27.25,Paid,0
STA-R15833,STA-O8540,14-10-2023,16.59,Paid,0
STA-R9468,STA-O13437,12-05-2023,9.36,Refunded,0
STA-R17843,STA-O5153,21-05-2025,47.3,Refunded,0
STA-R13114,STA-O13333,25-11-2025,15.58,Paid,0
STA-R11202,STA-O6916,03-01-2025,24.36,Paid,0
STA-R12594,STA-O6559,25-09-2025,12.92,Refunded,0
STA-R11676,STA-O9635,15-03-2024,43.6,Paid,43.6
STA-R9386,STA-O12601,29-01-2023,6.6,Paid,0
STA-R10193,STA-O5200,17-10-2025,137,Paid,0
STA-R13629,STA-O5470,15-03-2023,15.05,Paid,15.05
STA-R11451,STA-O9350,19-05-2023,15.28,Paid,0
STA-R13795,STA-O5506,12-10-2025,53.6,Refunded,0
STA-R13992,STA-O12088,19-06-2025,15.72,Paid,15.72
STA-R9575,STA-O8376,14-01-2025,101.16,Paid,0
STA-R15217,STA-O10140,10-10-2023,34,Paid,0
STA-R17634,STA-O6117,21-02-2025,39.65,Paid,0
STA-R16230,STA-O7315,30-07-2025,0,Paid,0
STA-R12978,STA-O9497,22-03-2023,4.76,Paid,4.76
STA-R11262,STA-O13997,17-08-2024,93.63,Paid,0
STA-R13357,STA-O9131,17-06-2023,3.07,Refunded,0
STA-R11363,STA-O11350,03-05-2025,30.95,Paid,0
STA-R17564,STA-O8312,17-03-2023,11.32,Paid,11.32
STA-R12467,STA-O7566,25-04-2025,10.12,Paid,0
STA-R17452,STA-O13592,29-04-2024,54.12,Paid,0
STA-R10949,STA-O6420,10-03-2024,3.19,Refunded,0
STA-R17671,STA-O14624,20-02-2024,10.72,Paid,0
STA-R9128,STA-O5894,02-12-2023,12.21,Refunded,0
STA-R14772,STA-O10072,08-05-2024,18.24,Pending,0
STA-R16630,STA-O13648,15-12-2023,21.21,Paid,21.21
STA-R11431,STA-O7687,12-10-2025,20.85,Paid,0
STA-R18418,STA-O9966,27-08-2025,72.64,Paid,0
STA-R10697,STA-O5908,29-03-2024,0,Paid,27.3
STA-R9507,STA-O10478,24-02-2024,0,Paid,0
STA-R13104,STA-O6318,31-07-2023,91.36,Paid,91.36
STA-R17789,STA-O11594,17-03-2024,16.9,Paid,0
STA-R14800,STA-O10812,12-05-2025,58.89,Paid,0
STA-R17741,STA-O5013,09-10-2025,30.52,Paid,0
STA-R18362,STA-O8718,09-05-2024,60.4,Paid,0
STA-R12047,STA-O12949,16-06-2023,20.92,Paid,0
STA-R15797,STA-O8870,15-07-2025,51.7,Paid,0
STA-R16606,STA-O6712,26-04-2024,2.81,Pending,0
STA-R14340,STA-O5225,23-09-2023,0,Paid,29.2
STA-R14315,STA-O6618,14-11-2025,0,Paid,0
STA-R11345,STA-O5539,10-10-2025,97.4,Paid,0
STA-R9698,STA-O13197,18-04-2024,27.05,Refunded,0
STA-R14309,STA-O14571,02-09-2024,4.38,Paid,0
STA-R10481,STA-O6823,05-07-2023,34.12,Refunded,0
STA-R9947,STA-O12991,27-12-2024,25.92,Paid,0
STA-R12756,STA-O12415,27-03-2025,13.28,Refunded,0
STA-R11511,STA-O8903,18-01-2024,34.52,Paid,0
STA-R15103,STA-O11323,26-09-2024,99.24,Pending,0
STA-R13844,STA-O13132,09-01-2025,94.2,Paid,0
STA-R15375,STA-O14599,15-10-2023,13.24,Paid,0
STA-R11152,STA-O14477,02-12-2024,11.56,Paid,0
STA-R9893,STA-O11715,14-12-2025,86.22,Paid,0
STA-R11283,STA-O6075,08-06-2024,30.4,Pending,0
STA-R11080,STA-O13423,22-01-2023,7.26,Paid,0
STA-R17624,STA-O14370,11-08-2024,8.64,Paid,0
STA-R16487,STA-O12581,29-07-2025,120.6,Paid,0
STA-R16582,STA-O12290,13-02-2025,23.8,Paid,0
STA-R12383,STA-O9837,07-09-2024,149.88,Paid,0
STA-R16471,STA-O6540,05-09-2025,0,Paid,0
STA-R9994,STA-O10019,10-11-2023,13.32,Paid,0
STA-R12652,STA-O11892,05-06-2025,10.78,Paid,0
STA-R17398,STA-O9238,01-11-2023,43.75,Paid,0
STA-R10042,STA-O14513,25-08-2024,7.88,Paid,7.88
STA-R11033,STA-O13663,05-02-2023,0,Paid,26.52
STA-R11180,STA-O13453,03-06-2025,8.66,Paid,0
STA-R12819,STA-O9109,30-11-2025,23.61,Paid,0
STA-R12557,STA-O12127,01-02-2024,143.3,Refunded,0
STA-R12052,STA-O12637,08-12-2024,81.8,Paid,0
STA-R10769,STA-O9686,12-10-2025,27.4,Paid,0
STA-R15859,STA-O12921,07-12-2024,13.68,Paid,0
STA-R11625,STA-O12476,11-05-2024,17.36,Paid,0
STA-R9841,STA-O8812,05-02-2025,14.1,Paid,0
STA-R11889,STA-O14712,13-03-2023,30.88,Paid,0
STA-R9850,STA-O7522,19-09-2023,16.53,Paid,16.53
STA-R13647,STA-O12707,26-10-2025,16.72,Paid,16.72
STA-R11322,STA-O12945,17-09-2023,39.45,Paid,0
STA-R11305,STA-O14691,28-05-2024,13.84,Paid,0
STA-R12436,STA-O6699,13-09-2024,32.16,Paid,0
STA-R17708,STA-O10417,01-11-2023,136.8,Refunded,0
STA-R14105,STA-O11220,10-07-2023,10.7,Paid,0
STA-R16186,STA-O6337,05-08-2024,21.2,Paid,0
STA-R15527,STA-O14820,02-03-2025,24.08,Paid,24.08
STA-R9550,STA-O8920,08-10-2024,8.09,Paid,0
STA-R15213,STA-O11183,14-11-2023,22.05,Refunded,0
STA-R14239,STA-O11102,31-03-2024,4.62,Paid,0
STA-R18156,STA-O9356,27-08-2025,5.98,Pending,0
STA-R12266,STA-O12396,27-10-2023,14.88,Paid,0
STA-R16502,STA-O9143,31-08-2025,93.48,Paid,0
STA-R14418,STA-O14979,08-03-2024,0,Paid,0
STA-R16406,STA-O8301,07-01-2025,15.3,Paid,0
STA-R14320,STA-O8600,09-04-2024,16.95,Paid,0
STA-R11537,STA-O13450,24-07-2025,50.22,Paid,0
STA-R16239,STA-O10556,16-02-2023,9.87,Paid,0
STA-R15766,STA-O14860,26-11-2025,21.16,Paid,21.16
STA-R15948,STA-O7456,16-04-2025,28.28,Paid,0
STA-R16748,STA-O8826,01-02-2025,3.44,Refunded,0
STA-R17420,STA-O6776,12-03-2023,21.9,Paid,0
STA-R16585,STA-O5190,27-05-2025,7.88,Paid,0
STA-R12478,STA-O6520,26-05-2025,32.4,Refunded,0
STA-R10044,STA-O10083,27-05-2024,4.17,Refunded,0
STA-R16600,STA-O14420,11-08-2025,5.84,Paid,0
STA-R14016,STA-O6610,05-02-2024,5.23,Paid,0
STA-R9090,STA-O8059,25-11-2023,17.67,Paid,17.67
STA-R17041,STA-O11633,11-02-2024,21.68,Paid,0
STA-R14389,STA-O14013,31-07-2024,4.7,Refunded,0
STA-R14042,STA-O12256,20-10-2023,7.86,Paid,7.86
STA-R13712,STA-O12091,04-08-2025,12.38,Paid,0
STA-R16277,STA-O14390,06-09-2024,10.17,Paid,0
STA-R11135,STA-O13031,04-05-2024,13.2,Paid,3.94
STA-R14679,STA-O10381,04-05-2025,22.11,Paid,0
STA-R12085,STA-O5594,10-05-2024,25.6,Paid,0
STA-R15431,STA-O8674,27-10-2025,7.6,Paid,7.6
STA-R11173,STA-O7184,19-04-2025,34.64,Refunded,0
STA-R14607,STA-O12697,09-11-2024,5.37,Paid,0
STA-R9882,STA-O13733,15-07-2025,15.15,Paid,0
STA-R17730,STA-O8896,16-01-2023,36.36,Paid,36.36
STA-R14926,STA-O13687,21-07-2024,14.01,Paid,0
STA-R16156,STA-O5695,30-11-2024,16.2,Refunded,0
STA-R14358,STA-O14729,23-02-2024,11.64,Refunded,0
STA-R11235,STA-O12940,13-06-2023,9.76,Paid,0
STA-R17380,STA-O10823,04-06-2024,17.84,Paid,0
STA-R14691,STA-O13269,12-01-2024,4.09,Paid,0
STA-R9257,STA-O7257,04-08-2025,8.78,Refunded,0
STA-R13121,STA-O8998,31-03-2024,11.04,Paid,0
STA-R9900,STA-O6194,15-10-2024,38.35,Paid,0
STA-R15479,STA-O10727,19-08-2023,20.07,Paid,0
STA-R16738,STA-O9825,19-04-2025,21.99,Paid,0
STA-R15423,STA-O6558,19-11-2024,26.75,Refunded,0
STA-R18649,STA-O9999,26-01-2025,43.38,Paid,0
STA-R13045,STA-O9046,22-01-2025,3.44,Paid,0
STA-R11818,STA-O10057,02-08-2024,16.36,Paid,0
STA-R17610,STA-O8463,26-06-2023,63.96,Paid,0
STA-R12545,STA-O11806,02-05-2024,32.6,Paid,0
STA-R14427,STA-O7464,04-05-2023,28.05,Paid,0
STA-R12011,STA-O10006,06-01-2024,22.1,Paid,0
STA-R15214,STA-O8937,03-11-2023,5.7,Paid,0
STA-R9628,STA-O12261,22-07-2025,18.69,Paid,1.95
STA-R16535,STA-O11520,01-06-2023,21.72,Paid,0
STA-R10247,STA-O6565,10-10-2025,29.8,Paid,0
STA-R9381,STA-O7403,28-07-2023,5.61,Paid,0
STA-R9095,STA-O13310,07-01-2025,29.08,Paid,11.08
STA-R9310,STA-O10382,30-04-2023,18.15,Paid,0
STA-R17441,STA-O8026,08-03-2024,113.82,Paid,0
STA-R15495,STA-O5092,16-04-2024,0,Paid,0
STA-R18200,STA-O14497,07-01-2025,113.36,Refunded,0
STA-R11916,STA-O11762,24-01-2025,11.84,Paid,0
STA-R10375,STA-O9754,05-03-2024,21.19,Paid,0
STA-R16335,STA-O11531,21-11-2024,0,Paid,15.99
STA-R9825,STA-O9515,29-06-2025,17.3,Refunded,0
STA-R15088,STA-O11776,05-04-2025,23.13,Paid,0
STA-R14045,STA-O9176,11-06-2024,0,Paid,0
STA-R16278,STA-O8533,15-09-2023,29.64,Paid,0
STA-R18324,STA-O13102,21-10-2023,63.93,Paid,0
STA-R16999,STA-O8174,23-02-2023,21.96,Paid,0
STA-R17454,STA-O10869,10-01-2024,17.55,Refunded,0
STA-R12528,STA-O6798,01-05-2023,25.92,Paid,25.92
STA-R13513,STA-O14899,01-08-2024,6.44,Paid,0
STA-R12419,STA-O7684,15-05-2023,12.8,Paid,0
STA-R14219,STA-O13449,17-01-2025,15.1,Paid,0
STA-R14178,STA-O14211,26-02-2023,92.32,Paid,0
STA-R16776,STA-O12087,12-06-2023,27.5,Paid,27.5
STA-R14763,STA-O7018,02-04-2023,19,Paid,0
STA-R11644,STA-O7966,10-07-2025,4.55,Paid,0
STA-R15686,STA-O6896,24-10-2025,20.94,Paid,0
STA-R17292,STA-O6751,18-09-2024,13.56,Paid,0
STA-R13359,STA-O7577,13-03-2025,22.29,Paid,0
STA-R17679,STA-O5202,05-04-2024,36.15,Paid,12.28
STA-R13932,STA-O11808,27-02-2025,22.28,Paid,0
STA-R9631,STA-O8112,30-03-2025,14.88,Paid,0
STA-R13851,STA-O6968,16-05-2023,26.04,Paid,12.97
STA-R16872,STA-O5481,15-12-2025,138.2,Paid,0
STA-R16236,STA-O11463,17-12-2025,13.32,Paid,13.32
STA-R12215,STA-O11991,31-12-2025,40.7,Paid,0
STA-R14242,STA-O10426,20-03-2024,4.16,Paid,0
STA-R14074,STA-O5765,01-09-2024,5.81,Paid,5.81
STA-R13339,STA-O6205,17-12-2025,22.66,Paid,22.66
STA-R11057,STA-O11024,23-02-2023,14.85,Paid,0
STA-R16262,STA-O8422,14-12-2025,7.2,Paid,0
STA-R12873,STA-O8774,16-11-2025,22.48,Refunded,0
STA-R18552,STA-O13361,05-07-2025,31.4,Paid,0
STA-R15578,STA-O14204,18-06-2023,15.81,Paid,0
STA-R18026,STA-O6920,31-05-2023,14.08,Refunded,0
STA-R15651,STA-O11385,26-06-2025,4.1,Refunded,0
STA-R16052,STA-O9404,28-05-2025,27.6,Refunded,0
STA-R12259,STA-O5531,25-03-2025,42.95,Pending,0
STA-R17653,STA-O14206,08-05-2024,17.94,Paid,0
STA-R14525,STA-O6566,02-08-2025,10.93,Paid,0
STA-R13650,STA-O8701,24-04-2023,3.84,Paid,0
STA-R14977,STA-O9656,14-01-2023,11.72,Paid,0
STA-R15772,STA-O6820,22-10-2024,23.12,Paid,0
STA-R9730,STA-O9737,05-02-2025,41.54,Paid,0
STA-R17754,STA-O6040,09-07-2023,106.25,Paid,106.25
STA-R9314,STA-O8414,01-02-2024,10.02,Paid,0
STA-R16902,STA-O14147,03-09-2025,0,Paid,0
STA-R11586,STA-O10153,08-03-2024,7.38,Paid,0
STA-R14820,STA-O9821,02-03-2024,25.55,Paid,0
STA-R10724,STA-O7186,21-04-2024,195.25,Paid,0
STA-R15936,STA-O12590,23-07-2023,5.49,Paid,0
STA-R15540,STA-O5025,07-06-2023,30.92,Paid,0
STA-R14580,STA-O8180,16-09-2023,12.02,Paid,0
STA-R10406,STA-O13868,02-03-2025,15.72,Paid,0
STA-R13842,STA-O9420,07-05-2025,6.66,Paid,0
STA-R14540,STA-O8290,26-12-2025,13.17,Paid,0
STA-R14378,STA-O13644,04-03-2025,177.65,Paid,0
STA-R14334,STA-O6376,27-01-2025,14.6,Paid,0
STA-R9010,STA-O9106,28-12-2023,57.1,Paid,8.5
STA-R14211,STA-O7410,19-01-2025,17.16,Refunded,0
STA-R9391,STA-O10252,05-12-2023,27,Paid,0
STA-R17270,STA-O8925,01-04-2023,7.4,Paid,0
STA-R12760,STA-O10977,31-07-2025,20.76,Paid,0
STA-R18404,STA-O13185,20-09-2024,21.46,Paid,0
STA-R12977,STA-O5937,10-11-2023,7.66,Paid,0
STA-R11288,STA-O11497,24-01-2023,49.04,Pending,0
STA-R14553,STA-O11967,17-03-2023,40.44,Paid,0
STA-R11442,STA-O9463,21-12-2024,104.46,Paid,104.46
STA-R12490,STA-O12545,03-06-2023,47.15,Paid,0
STA-R10534,STA-O13097,11-01-2023,2.31,Paid,0
STA-R17172,STA-O5351,27-04-2023,0,Refunded,0
STA-R12403,STA-O7889,22-11-2023,21.32,Paid,0
STA-R9501,STA-O12885,16-02-2025,7.39,Paid,0
STA-R11815,STA-O6670,17-12-2024,9.4,Paid,0
STA-R13558,STA-O13379,11-09-2023,34.56,Refunded,0
STA-R17554,STA-O13466,10-11-2025,23.48,Paid,0
STA-R15133,STA-O13341,10-08-2023,25.5,Paid,25.5
STA-R14073,STA-O7439,15-08-2025,24.16,Refunded,0
STA-R15945,STA-O13734,24-12-2023,8.92,Paid,0
STA-R15283,STA-O13448,19-10-2024,25.48,Refunded,0
STA-R9345,STA-O11409,24-03-2024,7.17,Paid,0
STA-R9091,STA-O11881,12-06-2024,32.6,Paid,0
STA-R12348,STA-O7986,16-09-2024,19.59,Paid,0
STA-R18502,STA-O7051,09-04-2024,12.28,Paid,1.81
STA-R10736,STA-O8482,22-06-2025,17.45,Paid,0
STA-R12538,STA-O13767,30-01-2024,34.64,Paid,34.64
STA-R12152,STA-O6518,13-11-2023,17.9,Paid,0
STA-R10914,STA-O5075,08-03-2025,30.06,Paid,0
STA-R14815,STA-O8707,09-03-2024,22.29,Pending,0
STA-R12003,STA-O12354,14-10-2025,34.1,Refunded,0
STA-R11227,STA-O5535,23-10-2025,17.72,Paid,0
STA-R14776,STA-O7804,07-06-2023,23.73,Paid,0
STA-R10564,STA-O7480,20-07-2023,86.07,Paid,0
STA-R16993,STA-O5601,03-01-2024,6.72,Paid,0
STA-R10264,STA-O14607,24-06-2023,20.92,Paid,0
STA-R13667,STA-O5589,15-04-2024,5.29,Paid,0
STA-R15209,STA-O10309,25-01-2025,27.68,Paid,0
STA-R10305,STA-O5204,14-05-2025,180.25,Paid,0
STA-R10220,STA-O14476,09-04-2023,54.15,Paid,0
STA-R11512,STA-O5821,19-12-2025,41.97,Paid,0
STA-R12614,STA-O10279,14-02-2025,25.54,Refunded,0
STA-R16204,STA-O14287,17-01-2024,6.66,Pending,0
STA-R16048,STA-O13757,09-12-2024,5.33,Paid,0
STA-R10574,STA-O8630,07-02-2025,17.25,Paid,0
STA-R16382,STA-O13360,05-07-2023,24.92,Paid,0
STA-R9070,STA-O9395,18-04-2023,72.88,Paid,35.69
STA-R12682,STA-O8791,29-05-2025,92.25,Paid,0
STA-R9718,STA-O11402,19-01-2025,45.39,Pending,0
STA-R12214,STA-O6172,24-06-2023,21.08,Paid,0
STA-R13173,STA-O10706,25-01-2025,71.88,Paid,0
STA-R14790,STA-O6293,11-03-2024,114.48,Paid,0
STA-R18083,STA-O9843,22-01-2024,21.88,Paid,0
STA-R15710,STA-O5401,02-08-2023,35.28,Paid,35.28
STA-R10620,STA-O10973,14-08-2023,16.05,Paid,0
STA-R17648,STA-O12280,18-08-2025,13.18,Paid,0
STA-R13526,STA-O12008,13-10-2024,4.5,Paid,0
STA-R13385,STA-O13369,17-02-2025,38.91,Paid,0
STA-R13260,STA-O13746,09-05-2025,7.64,Paid,0
STA-R16894,STA-O5839,16-07-2024,17.32,Paid,0
STA-R10502,STA-O14337,12-07-2024,14.97,Paid,0
STA-R9621,STA-O14115,12-08-2023,5.43,Paid,0
STA-R13706,STA-O8871,03-09-2025,76.4,Paid,0
STA-R14558,STA-O13402,28-08-2025,11.12,Paid,11.12
STA-R18495,STA-O6417,05-07-2024,29.4,Paid,29.4
STA-R17346,STA-O7462,30-06-2025,20.43,Paid,20.43
STA-R10979,STA-O8663,29-12-2023,12.15,Refunded,1.97
STA-R10593,STA-O12978,03-10-2025,46.75,Paid,0
STA-R18462,STA-O11541,15-08-2025,0,Paid,32.76
STA-R10715,STA-O12003,12-12-2024,19.83,Pending,0
STA-R12363,STA-O7581,21-10-2023,43.66,Paid,0
STA-R9288,STA-O12514,07-05-2025,24.32,Refunded,0
STA-R10837,STA-O9192,30-12-2023,27.38,Paid,0
STA-R17138,STA-O6884,31-01-2025,0,Paid,0
STA-R10281,STA-O6764,28-04-2023,29.6,Paid,0
STA-R13796,STA-O13217,21-02-2025,15.27,Paid,0
STA-R9710,STA-O11602,07-05-2025,24.28,Paid,24.28
STA-R18152,STA-O12270,10-07-2023,4.31,Paid,4.31
STA-R12781,STA-O14724,16-08-2024,27.95,Paid,0
STA-R16002,STA-O5634,21-11-2023,80.9,Paid,0
STA-R10526,STA-O10218,30-01-2024,150.48,Paid,0
STA-R10257,STA-O5474,22-02-2024,8.7,Paid,0
STA-R9198,STA-O6812,04-03-2025,0,Paid,17.04
STA-R12457,STA-O12460,25-04-2024,34.2,Pending,0
STA-R16819,STA-O14342,21-09-2023,35.65,Paid,0
STA-R9944,STA-O6406,06-04-2024,0,Paid,26.12
STA-R14871,STA-O13614,11-12-2025,49.7,Paid,0
STA-R15882,STA-O8580,31-05-2024,0,Paid,0
STA-R17590,STA-O11901,17-10-2023,12.06,Paid,12.06
STA-R12368,STA-O9063,31-03-2023,11.88,Paid,11.88
STA-R11835,STA-O6052,10-07-2024,6.42,Paid,0
STA-R9158,STA-O12754,19-06-2023,19.74,Refunded,0
STA-R15406,STA-O5422,06-06-2023,10.68,Paid,10.68
STA-R14313,STA-O7827,16-07-2023,15.95,Pending,0
STA-R17642,STA-O11404,15-07-2024,12.63,Paid,12.63
STA-R10212,STA-O11854,09-08-2024,6.78,Paid,0
STA-R13500,STA-O14994,14-09-2023,16.52,Paid,0
STA-R18065,STA-O12720,20-09-2025,0,Paid,22.16
STA-R17338,STA-O14035,13-03-2025,19.64,Paid,0
STA-R10942,STA-O7016,15-09-2024,109.65,Paid,109.65
STA-R13090,STA-O14545,24-09-2025,150.55,Paid,0
STA-R13371,STA-O5014,04-03-2023,49.4,Paid,0
STA-R17786,STA-O8933,03-10-2024,13.06,Paid,0
STA-R13636,STA-O10954,18-07-2023,94.4,Paid,0
STA-R9117,STA-O8489,15-12-2023,6.44,Paid,6.44
STA-R13524,STA-O9875,15-06-2025,65.7,Paid,0
STA-R12729,STA-O10386,24-04-2024,30.52,Paid,0
STA-R9167,STA-O13205,13-05-2025,28.68,Paid,0
STA-R12592,STA-O8978,11-09-2024,17.01,Paid,0
STA-R18591,STA-O10177,10-08-2024,12.96,Paid,0
STA-R17517,STA-O7646,25-04-2023,21.5,Pending,0
STA-R9351,STA-O5064,24-04-2024,155.68,Paid,0
STA-R14864,STA-O10824,14-10-2025,49.84,Paid,0
STA-R9264,STA-O12164,03-12-2025,6.84,Paid,0
STA-R11307,STA-O7567,01-09-2025,18.18,Paid,0
STA-R16307,STA-O7291,30-05-2023,14.35,Paid,0
STA-R12904,STA-O8604,28-07-2025,43.8,Paid,0
STA-R10155,STA-O8115,10-08-2023,16.54,Paid,0
STA-R10727,STA-O6748,28-01-2023,6.32,Paid,0
STA-R14917,STA-O9918,09-01-2025,20.64,Pending,0
STA-R17162,STA-O7905,07-07-2025,79.36,Paid,0
STA-R14845,STA-O6685,01-08-2024,16.71,Paid,16.71
STA-R11910,STA-O6173,04-09-2024,4.38,Paid,0
STA-R12051,STA-O6220,08-05-2024,13.14,Refunded,0
STA-R14455,STA-O13287,08-08-2025,21.51,Paid,0
STA-R17220,STA-O8373,29-07-2025,15.36,Paid,15.36
STA-R11896,STA-O12842,19-08-2023,10.14,Paid,0
STA-R16604,STA-O10933,08-10-2024,9.87,Paid,0
STA-R10208,STA-O7256,08-10-2025,32.4,Paid,13.85
STA-R18341,STA-O8472,17-01-2025,11.62,Paid,0
STA-R13278,STA-O10921,02-05-2025,12.68,Paid,0
STA-R15570,STA-O9657,11-11-2025,31.32,Paid,31.32
STA-R10401,STA-O14241,04-07-2025,22.78,Paid,22.78
STA-R10423,STA-O14771,27-04-2023,12.78,Paid,0
STA-R9483,STA-O11321,03-09-2025,19.29,Paid,0
STA-R14198,STA-O9295,21-01-2025,18.2,Paid,0
STA-R10348,STA-O6378,30-11-2024,22.29,Paid,22.29
STA-R11238,STA-O5234,14-12-2025,22.7,Paid,0
STA-R16875,STA-O5368,05-09-2023,43.9,Paid,0
STA-R16482,STA-O13915,17-03-2023,6.82,Paid,0
STA-R14602,STA-O6469,01-09-2024,7.96,Paid,0
STA-R11912,STA-O10416,17-04-2024,37.04,Paid,0
STA-R15123,STA-O5575,19-05-2025,23.82,Refunded,0
STA-R12180,STA-O6163,21-07-2025,46.35,Paid,0
STA-R10782,STA-O12263,26-12-2025,11.65,Paid,0
STA-R11951,STA-O8553,07-10-2025,2.18,Paid,0
STA-R17412,STA-O9595,05-12-2025,40,Paid,0
STA-R14830,STA-O10165,20-08-2023,124.56,Paid,0
STA-R9291,STA-O13510,15-03-2023,6.02,Paid,0
STA-R16683,STA-O11138,28-01-2024,19.53,Paid,19.53
STA-R14308,STA-O10422,25-05-2024,27.86,Refunded,5.78
STA-R13800,STA-O10070,13-05-2024,13.26,Paid,0
STA-R18159,STA-O10038,04-07-2024,5.12,Paid,0
STA-R13710,STA-O7939,21-05-2023,17.4,Paid,0
STA-R15745,STA-O7588,08-09-2025,3.57,Paid,0
STA-R11351,STA-O5007,09-04-2023,6.17,Paid,0
STA-R12731,STA-O13717,04-08-2023,5.18,Paid,5.18
STA-R18155,STA-O13725,06-06-2024,108.95,Refunded,33.38
STA-R11771,STA-O6543,28-12-2024,11.42,Paid,0
STA-R11570,STA-O13203,07-04-2023,24.78,Refunded,0
STA-R14541,STA-O11232,19-12-2024,8.6,Paid,0
STA-R14421,STA-O8651,05-01-2023,27,Paid,0
STA-R12416,STA-O13492,11-07-2023,17.55,Refunded,0
STA-R13384,STA-O11400,02-07-2025,0,Pending,0
STA-R12247,STA-O6651,28-11-2024,22.11,Paid,0
STA-R17287,STA-O11369,16-06-2023,65,Paid,65
STA-R15535,STA-O8029,30-09-2023,69.8,Paid,0
STA-R13370,STA-O9380,28-06-2024,6.2,Paid,0
STA-R11454,STA-O12928,01-06-2025,9.16,Paid,0
STA-R14171,STA-O5728,24-09-2025,3.33,Paid,0
STA-R17796,STA-O5766,04-12-2023,21.12,Paid,0
STA-R10980,STA-O11338,10-01-2024,20.49,Pending,0
STA-R12116,STA-O14131,02-07-2023,0,Paid,7.25
STA-R14678,STA-O12671,22-05-2024,42.75,Paid,0
STA-R14180,STA-O12274,11-12-2024,9.54,Paid,9.54
STA-R13272,STA-O12855,01-04-2024,15.69,Paid,0
STA-R11661,STA-O6210,31-03-2025,25,Refunded,0
STA-R9546,STA-O9450,21-04-2023,34.85,Paid,0
STA-R16645,STA-O5093,05-03-2024,32.6,Paid,0
STA-R13079,STA-O5557,19-02-2024,10.74,Pending,0
STA-R17660,STA-O9685,27-01-2023,23.46,Paid,0
STA-R10075,STA-O10247,08-11-2023,4.61,Paid,4.61
STA-R9564,STA-O7422,19-10-2023,13.81,Paid,0
STA-R16032,STA-O14598,03-12-2025,12.88,Paid,0
STA-R10073,STA-O13236,01-05-2023,8.96,Paid,0
STA-R16607,STA-O13943,11-01-2024,26.45,Pending,0
STA-R10078,STA-O12402,10-12-2023,9.57,Pending,0
STA-R17008,STA-O5827,22-04-2025,0,Paid,0
STA-R15800,STA-O12533,18-04-2024,18.75,Paid,0
STA-R14637,STA-O10204,16-05-2025,34.6,Paid,34.6
STA-R12440,STA-O7159,09-10-2023,12.14,Paid,0
STA-R18439,STA-O8167,27-04-2023,22.75,Paid,0
STA-R15781,STA-O13116,16-01-2025,5.46,Paid,0
STA-R12411,STA-O14200,14-08-2024,3.18,Paid,0
STA-R13744,STA-O9613,13-08-2025,10.44,Paid,0
STA-R13282,STA-O9421,09-03-2025,11.64,Paid,0
STA-R14137,STA-O9511,15-09-2023,6.48,Paid,0
STA-R9905,STA-O14099,01-05-2025,43.62,Paid,0
STA-R14413,STA-O13136,01-04-2024,59.16,Paid,25.39
STA-R17188,STA-O5263,08-12-2024,12.18,Refunded,0
STA-R13347,STA-O9216,20-12-2024,10.4,Paid,4.32
STA-R10981,STA-O12808,24-07-2023,22.65,Paid,0
STA-R15630,STA-O6311,27-09-2023,28.9,Refunded,0
STA-R12549,STA-O7683,20-12-2024,24.36,Paid,24.36
STA-R13552,STA-O7372,23-02-2023,31.39,Paid,0
STA-R11773,STA-O6436,20-09-2023,20.1,Paid,20.1
STA-R11339,STA-O7485,03-08-2025,4.38,Refunded,0
STA-R11736,STA-O8704,06-05-2023,11.32,Paid,0
STA-R15263,STA-O8885,30-09-2025,6.29,Paid,6.29
STA-R13301,STA-O14468,03-10-2024,4.95,Paid,0
STA-R9623,STA-O9707,27-07-2023,19.44,Pending,0
STA-R17644,STA-O11585,10-03-2023,15.36,Refunded,0
STA-R12543,STA-O12244,17-06-2023,8.9,Paid,0
STA-R9764,STA-O6578,07-06-2023,43.75,Paid,0
STA-R9179,STA-O11825,01-03-2025,8.38,Paid,0
STA-R15055,STA-O9098,17-08-2023,15.76,Refunded,0
STA-R12696,STA-O10944,19-09-2024,22.65,Paid,0
STA-R13953,STA-O9004,27-10-2025,15.81,Paid,0
STA-R12364,STA-O11482,24-02-2023,26.43,Paid,0
STA-R12001,STA-O9536,08-11-2023,23.79,Paid,23.79
STA-R9973,STA-O6579,25-07-2024,32.25,Refunded,0
STA-R14365,STA-O5238,01-01-2024,4.29,Paid,0
STA-R17509,STA-O14107,06-02-2025,22.2,Paid,0
STA-R18639,STA-O9033,25-05-2023,0,Paid,0
STA-R16631,STA-O10248,01-11-2025,9.69,Paid,0
STA-R10642,STA-O11683,17-08-2024,26.75,Paid,0
STA-R17524,STA-O13123,12-01-2025,0,Paid,0
STA-R14419,STA-O14496,07-07-2023,114.3,Paid,0
STA-R17987,STA-O14928,31-12-2025,16.26,Paid,0
STA-R12392,STA-O13330,14-02-2025,48.78,Paid,48.78
STA-R17507,STA-O7161,20-05-2025,14.18,Paid,0
STA-R12360,STA-O13312,22-08-2025,20.88,Paid,0
STA-R16094,STA-O11568,15-04-2023,13.76,Paid,4.69
STA-R17545,STA-O12443,19-01-2024,17.75,Paid,0
STA-R16858,STA-O14907,11-02-2023,36.56,Refunded,0
STA-R12692,STA-O13470,08-10-2023,18.84,Refunded,0
STA-R16990,STA-O10659,21-10-2023,13.4,Pending,0
STA-R13116,STA-O8542,28-07-2025,13.86,Paid,0
STA-R18278,STA-O10157,31-01-2023,4.85,Paid,0
STA-R14960,STA-O13170,01-03-2023,86.2,Paid,0
STA-R13737,STA-O8245,04-11-2024,4.29,Paid,4.29
STA-R17603,STA-O12143,28-09-2024,0,Paid,0
STA-R18635,STA-O14290,31-10-2023,4.43,Paid,0
STA-R15771,STA-O14049,23-04-2024,17.91,Paid,0
STA-R16391,STA-O8398,04-07-2025,22.52,Paid,0
STA-R12958,STA-O12871,12-07-2024,0,Paid,0
STA-R10434,STA-O10603,25-01-2023,31.48,Paid,7.69
STA-R10771,STA-O8045,02-06-2025,3.95,Paid,0
STA-R10017,STA-O9458,30-03-2025,13.18,Pending,0
STA-R18238,STA-O11793,18-03-2024,6.71,Paid,0
STA-R18076,STA-O5963,13-06-2025,14.46,Paid,0
STA-R15298,STA-O14596,10-11-2025,19.2,Paid,0
STA-R17931,STA-O10128,29-06-2025,21,Paid,21
STA-R17954,STA-O7545,27-04-2024,13.5,Refunded,0
STA-R17780,STA-O7438,04-05-2025,12.16,Paid,0
STA-R11742,STA-O11505,09-05-2023,11.22,Paid,0
STA-R12268,STA-O7333,12-04-2024,15.68,Paid,0
STA-R9307,STA-O8396,29-10-2025,30.35,Pending,0
STA-R16050,STA-O14858,25-02-2025,14.32,Paid,14.32
STA-R9669,STA-O13504,18-11-2023,14.91,Paid,0
STA-R17241,STA-O6705,24-10-2025,7.88,Refunded,0
STA-R18195,STA-O8281,13-07-2024,0,Paid,0
STA-R9367,STA-O10052,29-01-2024,17.55,Paid,0
STA-R10114,STA-O12394,25-07-2023,0,Paid,0
STA-R18447,STA-O10488,05-02-2025,6.24,Paid,0
STA-R12793,STA-O11422,01-02-2024,4.12,Paid,0
STA-R14584,STA-O12576,15-09-2023,4.77,Refunded,0
STA-R16666,STA-O5497,18-01-2023,4.77,Paid,4.77
STA-R10896,STA-O6778,31-07-2024,90.72,Paid,0
STA-R16505,STA-O10036,22-07-2025,6.87,Paid,6.87
STA-R12166,STA-O13530,20-03-2024,11.98,Paid,11.98
STA-R14592,STA-O7468,10-04-2025,14.2,Paid,0
STA-R12374,STA-O14139,06-03-2023,6.3,Paid,0
STA-R16593,STA-O5972,01-09-2025,33,Refunded,0
STA-R13961,STA-O12084,22-10-2025,16.68,Paid,0
STA-R17297,STA-O14002,24-08-2024,6.45,Paid,6.45
STA-R15215,STA-O11367,22-12-2025,5.52,Paid,0
STA-R13119,STA-O11134,12-09-2025,12.6,Paid,0
STA-R12874,STA-O6758,13-03-2023,19.83,Paid,0
STA-R13847,STA-O14890,19-03-2024,20.34,Pending,0
STA-R13015,STA-O5187,09-02-2024,73.6,Refunded,0
STA-R12327,STA-O13634,21-04-2025,15.06,Paid,0
STA-R18443,STA-O5866,19-09-2025,4.65,Paid,0
STA-R12434,STA-O13015,29-03-2024,102.8,Paid,0
STA-R12226,STA-O9870,02-03-2024,25.05,Paid,0
STA-R17225,STA-O7253,31-05-2024,27.7,Paid,0
STA-R17713,STA-O6515,29-04-2023,42.2,Paid,0
STA-R10061,STA-O11000,01-09-2023,7.66,Paid,0
STA-R15389,STA-O8686,04-10-2024,69.72,Refunded,0
STA-R10194,STA-O6245,03-05-2024,12.76,Paid,12.76
STA-R12365,STA-O11980,07-06-2024,20.76,Paid,0
STA-R11109,STA-O10573,24-12-2024,14.96,Paid,14.96
STA-R18001,STA-O14856,10-01-2024,179.6,Refunded,0
STA-R15979,STA-O13135,10-08-2023,12.66,Paid,0
STA-R13979,STA-O9197,07-01-2023,29.15,Refunded,0
STA-R11118,STA-O12441,14-02-2024,60.32,Paid,0
STA-R11639,STA-O12818,11-03-2023,28.3,Paid,0
STA-R13018,STA-O10308,25-05-2025,20.08,Paid,0
STA-R18182,STA-O11550,23-06-2024,30.5,Paid,0
STA-R9993,STA-O9926,25-04-2024,10.04,Paid,0
STA-R14279,STA-O12877,22-02-2024,0,Pending,0
STA-R14446,STA-O6357,12-02-2024,17.48,Refunded,0
STA-R14497,STA-O5035,23-12-2024,25.17,Refunded,0
STA-R11435,STA-O11049,14-08-2024,7.74,Paid,0
STA-R16357,STA-O11759,18-04-2024,4.05,Paid,0
STA-R13610,STA-O14797,29-09-2025,0,Paid,0
STA-R9945,STA-O6142,30-06-2025,153.4,Paid,153.4
STA-R13803,STA-O7691,15-04-2023,54.28,Paid,0
STA-R17547,STA-O5277,23-09-2025,136,Paid,0
STA-R11434,STA-O13651,13-01-2024,53.43,Paid,0
STA-R11627,STA-O5020,14-06-2024,30.2,Paid,0
STA-R14086,STA-O7806,23-01-2024,7.24,Paid,0
STA-R18128,STA-O11535,01-01-2024,40.68,Paid,0
STA-R13645,STA-O7482,06-03-2025,0,Paid,0
STA-R12412,STA-O14804,16-12-2025,12.42,Paid,12.42
STA-R18241,STA-O10148,01-12-2025,0,Paid,0
STA-R14451,STA-O13131,01-11-2024,33.48,Paid,0
STA-R14117,STA-O13396,16-06-2023,12.4,Paid,0
STA-R17025,STA-O10531,10-05-2023,29,Refunded,0
STA-R14458,STA-O12198,07-02-2025,32.05,Refunded,0
STA-R14479,STA-O14146,28-06-2023,8.42,Paid,0
STA-R9790,STA-O6271,27-09-2023,29.25,Paid,0
STA-R18240,STA-O10953,31-10-2024,19.62,Pending,0
STA-R9778,STA-O8079,20-07-2023,39.8,Refunded,0
STA-R10665,STA-O6632,23-12-2024,46.5,Pending,0
STA-R9185,STA-O11489,24-04-2023,30.03,Paid,0
STA-R14942,STA-O14112,12-10-2023,19.29,Refunded,0
STA-R14675,STA-O8702,11-03-2025,11.52,Refunded,0
STA-R9690,STA-O9225,25-12-2023,23,Paid,0
STA-R9815,STA-O13558,16-01-2025,8.56,Paid,0
STA-R9102,STA-O5969,21-12-2023,20.9,Paid,20.9
STA-R16884,STA-O10152,30-05-2024,0,Paid,0
STA-R18625,STA-O9854,29-06-2023,5.72,Paid,0
STA-R18652,STA-O9999,05-02-2023,431.52,Paid,0
STA-R13671,STA-O7963,20-02-2025,13.36,Paid,0
STA-R15013,STA-O7349,31-10-2023,66.22,Paid,66.22
STA-R12309,STA-O7596,21-03-2023,35.6,Paid,0
STA-R12773,STA-O9517,01-11-2025,70.74,Pending,0
STA-R11408,STA-O6620,17-09-2023,10.05,Paid,0
STA-R18066,STA-O12678,26-05-2023,24.28,Paid,0
STA-R15440,STA-O11928,12-02-2025,0,Paid,0
STA-R17683,STA-O13967,03-01-2023,31.3,Paid,31.3
STA-R13747,STA-O8082,05-08-2025,31.72,Paid,31.72
STA-R16655,STA-O11167,06-07-2025,6.48,Refunded,0
STA-R10362,STA-O14317,11-05-2023,9.99,Paid,9.99
STA-R15662,STA-O11514,24-08-2025,8.54,Paid,0
STA-R14618,STA-O12060,19-10-2024,5.1,Paid,5.1
STA-R16596,STA-O5898,11-10-2025,13.7,Paid,13.7
STA-R18598,STA-O5564,26-01-2024,50.65,Paid,0
STA-R15395,STA-O9263,29-12-2025,11.74,Paid,0
STA-R17191,STA-O14914,15-02-2024,33.22,Paid,0
STA-R12845,STA-O11789,04-02-2023,33.54,Refunded,0
STA-R18031,STA-O12710,22-10-2024,31.28,Pending,14.65
STA-R9884,STA-O6671,10-08-2023,6.4,Paid,0
STA-R16953,STA-O9268,04-08-2024,11.98,Paid,0
STA-R15086,STA-O11157,23-11-2024,25.11,Paid,0
STA-R16939,STA-O7267,12-04-2023,105.45,Paid,105.45
STA-R14591,STA-O9672,18-08-2024,4.73,Paid,0
STA-R14963,STA-O7813,07-07-2024,12,Paid,0
STA-R14498,STA-O14122,17-08-2023,3.83,Paid,0
STA-R16530,STA-O11343,12-10-2023,10.75,Refunded,0
STA-R15351,STA-O11526,26-05-2025,5.72,Paid,0
STA-R9340,STA-O14792,10-11-2024,36.35,Paid,0
STA-R14940,STA-O10001,22-10-2025,10.26,Paid,0
STA-R14780,STA-O10533,30-11-2023,22.28,Paid,22.28
STA-R13080,STA-O5981,07-05-2025,6.01,Paid,0
STA-R10164,STA-O9670,03-12-2023,21.14,Paid,0
STA-R17195,STA-O13321,17-03-2025,10.62,Paid,0
STA-R16356,STA-O11418,01-10-2024,16.5,Paid,0
STA-R12168,STA-O7302,09-03-2025,120.2,Refunded,0
STA-R16640,STA-O13870,14-01-2024,24.15,Paid,0
STA-R11730,STA-O8627,20-11-2024,21.52,Pending,0
STA-R15273,STA-O8989,03-12-2025,28.45,Paid,0
STA-R16190,STA-O14034,29-04-2023,36.45,Paid,0
STA-R14731,STA-O12650,22-06-2025,68.52,Paid,0
STA-R9460,STA-O12195,04-03-2025,11.36,Paid,11.36
STA-R11898,STA-O10473,26-01-2023,14.79,Paid,0
STA-R12150,STA-O9472,30-09-2024,6.38,Paid,6.38
STA-R15491,STA-O9915,05-02-2024,17.72,Pending,0
STA-R14565,STA-O12587,06-10-2025,34.78,Paid,0
STA-R13261,STA-O10089,02-09-2025,17.85,Paid,0
STA-R16914,STA-O9899,10-05-2024,22.35,Paid,0
STA-R9142,STA-O6682,09-04-2024,6.08,Paid,0
STA-R16473,STA-O10326,06-02-2024,25.6,Refunded,0
STA-R14747,STA-O11300,02-11-2025,18.8,Paid,0
STA-R10858,STA-O8326,22-02-2024,34.92,Paid,0
STA-R10217,STA-O7200,21-10-2024,23.7,Paid,0
STA-R14879,STA-O6635,05-05-2024,6.66,Paid,0
STA-R13998,STA-O6323,08-04-2025,8.76,Paid,0
STA-R11762,STA-O13874,12-03-2024,0,Paid,0
STA-R17413,STA-O9716,16-11-2025,29.25,Paid,0
STA-R16327,STA-O8363,29-12-2023,39.84,Paid,0
STA-R16665,STA-O11113,20-11-2025,7.92,Paid,7.92
STA-R12900,STA-O8338,30-09-2024,20.02,Paid,0
STA-R16318,STA-O12970,07-07-2025,26.1,Paid,0
STA-R15902,STA-O9328,13-08-2025,116.43,Paid,0
STA-R14420,STA-O5618,03-09-2024,28.76,Refunded,0
STA-R17186,STA-O13675,21-01-2025,6.21,Paid,0
STA-R10086,STA-O7964,16-06-2024,5.5,Paid,5.5
STA-R9222,STA-O14788,10-11-2024,2.14,Paid,0
STA-R9408,STA-O9528,03-07-2023,8.99,Paid,0
STA-R10853,STA-O6522,10-09-2023,97.08,Refunded,0
STA-R14176,STA-O13445,17-07-2025,7.63,Paid,0
STA-R16409,STA-O14498,19-03-2023,22.93,Paid,22.93
STA-R11055,STA-O12840,07-10-2025,13.88,Paid,0
STA-R12063,STA-O5426,26-09-2023,38.05,Paid,0
STA-R16222,STA-O5756,21-11-2024,10.12,Refunded,0
STA-R16253,STA-O13936,04-03-2024,17.54,Paid,17.54
STA-R11232,STA-O10685,24-06-2025,7.43,Paid,7.43
STA-R9937,STA-O11605,07-12-2025,32.45,Paid,0
STA-R11550,STA-O8051,13-03-2025,27.15,Paid,0
STA-R10144,STA-O12527,13-01-2023,102.09,Paid,102.09
STA-R15462,STA-O5453,20-08-2025,5.59,Paid,5.59
STA-R18545,STA-O9032,16-11-2025,8.82,Paid,8.82
STA-R13165,STA-O6967,01-03-2025,31.8,Paid,31.8
STA-R12092,STA-O13155,13-09-2023,20.24,Paid,0
STA-R14852,STA-O12456,26-06-2023,23.84,Paid,23.84
STA-R11566,STA-O14876,09-01-2025,15.27,Paid,0
STA-R13231,STA-O10158,26-01-2025,6.81,Paid,0
STA-R16549,STA-O6755,15-06-2023,15.6,Paid,15.6
STA-R11591,STA-O10696,28-11-2024,16.53,Pending,0
STA-R15967,STA-O12636,27-08-2024,15.85,Paid,0
STA-R12380,STA-O10111,13-09-2025,10.07,Paid,10.07
STA-R10189,STA-O8149,03-05-2025,15.92,Paid,0
STA-R13439,STA-O14758,09-07-2024,18.88,Paid,0
STA-R12997,STA-O5307,21-02-2023,18.6,Paid,0
STA-R11456,STA-O8578,06-07-2024,118.38,Refunded,0
STA-R10446,STA-O9244,09-02-2023,22.85,Paid,0
STA-R15585,STA-O8640,26-03-2023,9.68,Paid,9.68
STA-R12065,STA-O9590,05-11-2023,6.98,Paid,0
STA-R16737,STA-O13053,29-07-2023,60.68,Paid,0
STA-R15567,STA-O6084,08-12-2025,53.4,Paid,0
STA-R13481,STA-O11096,07-03-2025,23.1,Paid,0
STA-R14796,STA-O9746,08-07-2025,27.36,Refunded,0
STA-R12157,STA-O8204,31-10-2025,19.2,Refunded,0
STA-R12684,STA-O5315,16-08-2024,4.31,Paid,4.31
STA-R17852,STA-O9128,12-11-2023,136.95,Paid,0
STA-R18402,STA-O6249,01-12-2025,22.64,Paid,0
STA-R17962,STA-O12638,30-04-2024,0,Paid,0
STA-R10123,STA-O5753,25-02-2025,10.18,Paid,4.37
STA-R16496,STA-O10303,10-04-2025,21.88,Paid,0
STA-R9540,STA-O11423,16-11-2024,28.5,Paid,0
STA-R11381,STA-O11070,08-09-2024,16.74,Paid,0
STA-R14936,STA-O14124,15-03-2023,85.6,Paid,0
STA-R13669,STA-O9436,12-08-2024,20.1,Paid,0
STA-R10354,STA-O12163,30-09-2025,8.86,Paid,0
STA-R11738,STA-O6893,30-01-2024,21.4,Paid,0
STA-R11794,STA-O7305,16-08-2025,10.38,Paid,0
STA-R16387,STA-O13407,23-01-2023,19.64,Paid,0
STA-R13311,STA-O11799,10-09-2025,3.24,Paid,0
STA-R10584,STA-O8883,17-05-2024,89.08,Paid,0
STA-R10899,STA-O14348,24-03-2024,5.72,Refunded,0
STA-R10533,STA-O12398,26-06-2023,18.6,Paid,0
STA-R15510,STA-O12141,09-03-2025,21.39,Paid,0
STA-R10215,STA-O10989,23-05-2024,88.62,Refunded,0
STA-R13071,STA-O8886,14-04-2024,23.28,Refunded,7.14
STA-R18225,STA-O13458,13-02-2024,22.5,Refunded,0
STA-R16381,STA-O13831,25-08-2024,25,Paid,0
STA-R17707,STA-O14832,26-10-2024,30.65,Paid,0
STA-R9930,STA-O14154,20-08-2025,5.28,Paid,0
STA-R12582,STA-O8447,14-10-2025,12.51,Paid,0
STA-R12916,STA-O5154,12-09-2025,13.36,Paid,5.08
STA-R18310,STA-O10118,23-03-2025,7.59,Refunded,0
STA-R12474,STA-O6221,02-09-2024,72.24,Paid,0
STA-R10663,STA-O10663,08-12-2025,0,Refunded,0
STA-R14114,STA-O9720,01-04-2023,23.04,Paid,0
STA-R16097,STA-O7857,07-03-2023,19.9,Refunded,0
STA-R15460,STA-O12262,13-10-2023,18.48,Paid,0
STA-R15446,STA-O13962,09-10-2025,186.25,Paid,0
STA-R14381,STA-O6666,04-08-2025,6.33,Pending,0
STA-R13020,STA-O5561,26-04-2023,11.24,Refunded,0
STA-R17451,STA-O12569,29-11-2024,0,Paid,0
STA-R15978,STA-O10280,07-02-2023,20.18,Paid,0
STA-R13013,STA-O8860,13-07-2024,33.48,Paid,33.48
STA-R9237,STA-O7002,29-11-2025,4.7,Paid,0
STA-R17128,STA-O5770,14-04-2024,46.66,Paid,0
STA-R17933,STA-O12599,18-12-2025,22.84,Paid,0
STA-R9099,STA-O8815,21-07-2025,26.4,Paid,26.4
STA-R11436,STA-O7005,27-06-2024,9.02,Paid,0
STA-R13612,STA-O9114,27-02-2024,3.39,Paid,0
STA-R16363,STA-O7954,30-01-2023,86.6,Paid,0
STA-R12656,STA-O14954,19-04-2024,4.71,Paid,0
STA-R14687,STA-O11217,02-01-2023,0,Paid,30.95
STA-R13788,STA-O9171,08-08-2024,29.5,Refunded,0
STA-R18235,STA-O5638,01-08-2023,9.12,Refunded,0
STA-R16385,STA-O13012,10-12-2024,36.9,Paid,36.9
STA-R12156,STA-O12472,23-08-2024,23.55,Refunded,0
STA-R16574,STA-O9489,06-04-2024,26.85,Paid,0
STA-R10967,STA-O11481,01-01-2025,13.32,Refunded,0
STA-R11314,STA-O9690,12-01-2025,6.86,Paid,0
STA-R10019,STA-O12765,25-04-2023,42.87,Paid,0
STA-R18466,STA-O13586,20-11-2023,20.75,Paid,0
STA-R18139,STA-O6471,18-09-2024,25.88,Paid,0
STA-R14354,STA-O10536,19-10-2025,10.72,Paid,10.72
STA-R18103,STA-O11281,25-12-2025,20.82,Refunded,0
STA-R13994,STA-O12785,17-05-2025,12.42,Paid,0
STA-R16252,STA-O12578,26-06-2024,7.57,Refunded,0
STA-R14066,STA-O8647,10-11-2024,12.64,Refunded,0
STA-R13865,STA-O7377,06-09-2023,41.02,Paid,0
STA-R16647,STA-O14934,31-10-2025,8.88,Pending,0
STA-R11754,STA-O13616,01-09-2024,6.96,Refunded,0
STA-R15137,STA-O12161,05-03-2024,36.44,Refunded,0
STA-R16898,STA-O10955,06-09-2024,56.79,Paid,56.79
STA-R17865,STA-O6964,08-07-2023,5.58,Paid,5.58
STA-R18572,STA-O6254,12-08-2024,4.08,Paid,4.08
STA-R10941,STA-O10325,24-08-2024,21.52,Pending,0
STA-R12662,STA-O6216,16-10-2023,4.29,Paid,0
STA-R16047,STA-O11110,20-10-2023,9,Paid,0
STA-R13455,STA-O13184,28-04-2023,29.36,Paid,0
STA-R17718,STA-O8523,08-05-2024,17.13,Paid,0
STA-R17059,STA-O7611,17-05-2023,5.42,Paid,0
STA-R12342,STA-O12925,29-08-2024,14.28,Paid,0
STA-R10489,STA-O6979,30-12-2023,0,Pending,0
STA-R11674,STA-O5757,28-10-2024,4.95,Paid,0
STA-R10881,STA-O8182,24-06-2025,6.85,Refunded,0
STA-R10636,STA-O10522,18-10-2024,24.51,Paid,0
STA-R15958,STA-O7583,13-12-2025,58.08,Paid,0
STA-R11548,STA-O6403,29-12-2024,14.64,Paid,0
STA-R10984,STA-O13143,12-08-2025,6.46,Paid,0
STA-R10080,STA-O10102,23-05-2025,27.55,Paid,27.55
STA-R17874,STA-O8909,12-08-2023,38.08,Refunded,0
STA-R16084,STA-O5774,17-10-2023,11.4,Paid,0
STA-R17356,STA-O14096,09-02-2024,91.85,Paid,91.85
STA-R9963,STA-O10844,27-11-2024,40.92,Paid,0
STA-R13863,STA-O6911,30-01-2024,6.2,Paid,0
STA-R18201,STA-O6228,20-09-2023,67.05,Paid,0
STA-R13703,STA-O8340,03-12-2024,13.18,Paid,13.18
STA-R16410,STA-O6377,03-08-2025,3.12,Paid,0
STA-R16915,STA-O9553,25-04-2025,44.92,Refunded,0
STA-R17853,STA-O6483,16-06-2024,11.98,Paid,0
STA-R9396,STA-O11860,30-10-2024,34.65,Paid,0
STA-R16365,STA-O7040,24-02-2024,23.15,Paid,0
STA-R18161,STA-O9159,09-12-2023,22.6,Paid,0
STA-R9466,STA-O8342,01-03-2025,16.5,Refunded,0
STA-R9840,STA-O11491,20-01-2025,33,Pending,0
STA-R13230,STA-O14789,05-09-2025,117.85,Paid,0
STA-R14588,STA-O8484,10-09-2023,26.86,Refunded,0
STA-R9984,STA-O12735,28-03-2023,5.74,Pending,0
STA-R9908,STA-O5016,24-11-2025,22.95,Paid,0
STA-R13351,STA-O11545,12-09-2023,20.44,Refunded,0
STA-R11991,STA-O7935,05-01-2023,8.67,Paid,8.67
STA-R16371,STA-O6849,14-08-2024,26.35,Paid,26.35
STA-R17474,STA-O14824,01-02-2023,23.6,Refunded,0
STA-R14941,STA-O9022,28-05-2024,31.65,Paid,0
STA-R15062,STA-O12987,17-11-2024,5.99,Paid,0
STA-R11007,STA-O14989,14-09-2025,78.52,Paid,0
STA-R11498,STA-O10112,10-06-2024,23.72,Pending,0
STA-R11353,STA-O13419,09-10-2024,16.28,Refunded,0
STA-R14537,STA-O5965,25-07-2023,21.44,Paid,5.56
STA-R10417,STA-O13916,27-06-2023,0,Refunded,0
STA-R10543,STA-O13198,08-02-2025,30.46,Paid,0
STA-R10909,STA-O13818,09-06-2024,3.12,Paid,3.12
STA-R15642,STA-O5519,23-12-2023,76.08,Paid,0
STA-R11134,STA-O9929,14-10-2025,13.04,Paid,0
STA-R18189,STA-O9848,12-03-2024,10.28,Refunded,0
STA-R16988,STA-O5370,30-06-2023,66.84,Refunded,0
STA-R14401,STA-O9759,29-03-2024,33.1,Refunded,0
STA-R10616,STA-O14043,17-10-2025,6.93,Paid,0
STA-R13531,STA-O13871,25-09-2024,113.6,Paid,0
STA-R9493,STA-O14253,27-08-2025,5.37,Paid,2.56
STA-R15484,STA-O7324,28-04-2025,25.9,Paid,0
STA-R12373,STA-O13948,19-06-2025,70.2,Pending,0
STA-R13585,STA-O11631,20-02-2024,4.4,Refunded,0
STA-R15819,STA-O10041,20-06-2025,12.7,Paid,0
STA-R14877,STA-O14982,27-07-2024,9.64,Paid,9.64
STA-R17098,STA-O8175,07-02-2025,6.14,Paid,0
STA-R17303,STA-O9302,02-09-2025,18.6,Refunded,0
STA-R13070,STA-O10513,18-11-2025,15.9,Paid,0
STA-R9931,STA-O13664,26-12-2025,29.32,Refunded,0
STA-R18456,STA-O10122,14-09-2025,30.7,Pending,0
STA-R10358,STA-O7250,01-01-2024,0,Paid,0
STA-R17915,STA-O9076,31-01-2024,3.28,Paid,0
STA-R9704,STA-O8622,10-06-2025,5.62,Paid,0
STA-R12162,STA-O6339,20-06-2024,16.24,Paid,0
STA-R15172,STA-O13513,29-05-2023,38.55,Refunded,0
STA-R18166,STA-O10106,15-08-2025,42.42,Paid,42.42
STA-R14491,STA-O8609,16-01-2024,16.71,Paid,0
STA-R13412,STA-O11501,11-08-2023,3.82,Paid,0
STA-R9709,STA-O7517,03-04-2025,4.96,Paid,0
STA-R14595,STA-O6601,08-02-2025,3.36,Paid,0
STA-R16625,STA-O6479,06-07-2023,37.35,Paid,0
STA-R12235,STA-O9796,14-04-2024,17.28,Paid,2.38
STA-R17558,STA-O12628,22-10-2025,59.9,Paid,59.9
STA-R17159,STA-O6373,03-07-2025,46.74,Pending,0
STA-R17883,STA-O9658,26-03-2023,0,Paid,0
STA-R14948,STA-O8585,15-12-2025,21.51,Paid,0
STA-R16377,STA-O11635,14-04-2023,8.21,Refunded,0
STA-R11373,STA-O6077,29-12-2025,20.04,Paid,0
STA-R15615,STA-O12386,27-03-2024,27.45,Paid,0
STA-R15646,STA-O9905,17-02-2024,8.99,Paid,8.99
STA-R12489,STA-O10342,14-12-2025,5.23,Refunded,0
STA-R14088,STA-O11721,29-09-2023,15.06,Paid,15.06
STA-R12117,STA-O12752,27-02-2023,5.19,Paid,0
STA-R17551,STA-O9597,07-12-2025,3.36,Paid,3.36
STA-R15855,STA-O13363,12-03-2025,23.58,Paid,0
STA-R10187,STA-O14742,17-05-2025,24.75,Paid,24.75
STA-R18521,STA-O9881,27-01-2024,53.54,Paid,0
STA-R16188,STA-O5109,19-12-2024,5.55,Refunded,0
STA-R13177,STA-O12607,20-02-2024,17.2,Refunded,0
STA-R15507,STA-O14529,22-12-2025,43.7,Paid,0
STA-R11189,STA-O7238,14-03-2024,9.64,Paid,0
STA-R17109,STA-O8040,28-10-2024,16.06,Paid,0
STA-R13935,STA-O5730,18-05-2023,29.4,Paid,0
STA-R15042,STA-O11329,20-12-2023,21.45,Paid,0
STA-R12004,STA-O9650,24-09-2024,6.01,Refunded,0
STA-R11161,STA-O8621,13-04-2025,5.34,Paid,0
STA-R17945,STA-O10086,19-04-2023,20.01,Paid,20.01
STA-R13592,STA-O5349,06-07-2025,6.63,Paid,0
STA-R10562,STA-O14803,26-10-2023,32.42,Refunded,13.54
STA-R16463,STA-O5112,22-02-2023,6.17,Paid,0
STA-R9866,STA-O9551,16-08-2023,21.4,Refunded,0
STA-R11074,STA-O12207,26-02-2025,37.2,Paid,37.2
STA-R10081,STA-O6604,05-08-2023,22.68,Paid,0
STA-R17470,STA-O13761,15-06-2025,4.98,Paid,0
STA-R13358,STA-O5749,14-12-2024,20.04,Paid,0
STA-R15200,STA-O7819,01-01-2023,11.58,Paid,0
STA-R15400,STA-O5678,16-08-2025,19.36,Paid,19.36
STA-R17807,STA-O14649,17-08-2024,7.77,Paid,0
STA-R15515,STA-O8065,09-12-2023,24.92,Paid,0
STA-R11068,STA-O8506,26-03-2024,22.16,Refunded,0
STA-R9415,STA-O10028,19-04-2025,0,Refunded,0
STA-R13346,STA-O6922,06-10-2024,5.4,Paid,0
STA-R13473,STA-O11415,23-11-2024,55.82,Refunded,0
STA-R15394,STA-O6102,19-04-2023,83.95,Paid,0
STA-R14789,STA-O8455,09-12-2024,149,Paid,0
STA-R13797,STA-O6020,29-11-2025,20.1,Paid,0
STA-R13776,STA-O14421,05-01-2025,22.25,Paid,0
STA-R11830,STA-O13887,06-06-2025,0,Refunded,0
STA-R10936,STA-O12972,01-11-2023,17.92,Paid,0
STA-R15988,STA-O5818,13-07-2024,12.28,Paid,0
STA-R17054,STA-O9501,07-07-2025,8.19,Paid,0
STA-R11043,STA-O5117,29-10-2023,27.4,Refunded,0
STA-R11844,STA-O7007,12-09-2024,11.88,Paid,0
STA-R11581,STA-O13553,11-10-2025,6.3,Refunded,0
STA-R18645,STA-O7880,21-07-2025,23,Paid,0
STA-R18021,STA-O7764,23-04-2024,15.54,Paid,0
STA-R15241,STA-O11480,16-04-2024,88,Paid,88
STA-R13556,STA-O9006,21-04-2023,73.41,Paid,0
STA-R15556,STA-O12683,11-03-2025,8.88,Paid,0
STA-R12898,STA-O13473,04-12-2024,62.04,Paid,0
STA-R15985,STA-O10427,28-07-2025,13.89,Paid,0
STA-R12323,STA-O7869,08-02-2024,3.54,Paid,0
STA-R11652,STA-O8324,15-01-2023,14.4,Paid,0
STA-R14991,STA-O13642,30-05-2025,16.45,Paid,0
STA-R10047,STA-O11769,01-10-2023,68.64,Paid,68.64
STA-R9145,STA-O14095,17-03-2025,36.3,Paid,36.3
STA-R17187,STA-O9529,23-02-2023,27.56,Refunded,0
STA-R12629,STA-O8070,31-10-2023,6.01,Paid,0
STA-R14946,STA-O5355,09-01-2025,19.32,Paid,0
STA-R18250,STA-O10711,03-11-2025,5.51,Paid,0
STA-R12452,STA-O10093,22-02-2025,4.1,Paid,4.1
STA-R16659,STA-O5953,20-12-2025,9.68,Paid,0
STA-R11186,STA-O10069,10-05-2025,8.22,Paid,0
STA-R11705,STA-O13575,28-04-2024,158.8,Paid,0
STA-R18624,STA-O7541,11-07-2025,0,Refunded,0
STA-R13600,STA-O14438,19-11-2025,22.72,Paid,0
STA-R17010,STA-O11988,03-08-2023,5.64,Paid,0
STA-R14033,STA-O12039,27-08-2024,34.65,Paid,0
STA-R16556,STA-O12966,25-10-2023,13.22,Paid,13.22
STA-R11932,STA-O7498,18-10-2023,17.92,Paid,0
STA-R13413,STA-O7980,09-01-2024,46.94,Paid,20.96
STA-R13753,STA-O7608,03-02-2023,11.12,Paid,0
STA-R12720,STA-O11257,18-02-2025,170.6,Paid,0
STA-R9123,STA-O13374,05-12-2025,16.14,Refunded,0
STA-R9753,STA-O8993,27-09-2024,32.96,Refunded,0
STA-R18482,STA-O6445,09-08-2025,142.6,Paid,0
STA-R17198,STA-O9661,03-04-2025,16.15,Paid,16.15
STA-R11301,STA-O10486,11-07-2025,13.26,Paid,0
STA-R17977,STA-O13307,09-03-2025,15.63,Paid,0
STA-R15250,STA-O10713,16-10-2024,0,Paid,6.43
STA-R16952,STA-O9123,28-03-2024,5.18,Refunded,0
STA-R17756,STA-O13417,17-04-2023,15.81,Paid,0
STA-R14213,STA-O12983,28-11-2025,9.08,Paid,0
STA-R17857,STA-O5352,24-05-2024,125.16,Paid,0
STA-R12320,STA-O14759,01-07-2024,7.31,Paid,0
STA-R13107,STA-O9904,06-08-2023,42.06,Pending,0
STA-R16646,STA-O5378,10-01-2024,15.45,Paid,0
STA-R15506,STA-O7934,02-05-2025,27.56,Paid,0
STA-R11493,STA-O14157,21-01-2023,17.91,Paid,17.91
STA-R9334,STA-O8178,03-06-2024,0,Paid,17.44
STA-R14402,STA-O12687,23-08-2024,36.8,Paid,0
STA-R13251,STA-O6012,05-07-2023,95.56,Paid,0
STA-R16137,STA-O9205,22-03-2023,38.04,Paid,38.04
STA-R11101,STA-O11819,01-03-2025,32.32,Paid,32.32
STA-R12812,STA-O11284,18-02-2025,5.46,Paid,0
STA-R16500,STA-O5058,29-05-2025,5.21,Paid,0
STA-R15541,STA-O14896,01-07-2024,10.9,Paid,0
STA-R9042,STA-O14996,05-04-2023,8.35,Paid,0
STA-R18575,STA-O8454,28-01-2025,15.96,Paid,15.96
STA-R14383,STA-O6827,02-08-2024,5.53,Paid,0
STA-R16956,STA-O5268,12-12-2024,4.68,Paid,0
STA-R13464,STA-O14900,10-01-2024,47.4,Paid,0
STA-R13405,STA-O12531,06-10-2025,10.64,Paid,0
STA-R12276,STA-O5616,06-01-2025,8.5,Paid,0
STA-R10651,STA-O5203,27-11-2024,16.36,Paid,0
STA-R14069,STA-O11176,30-06-2025,67.98,Paid,0
STA-R13246,STA-O7451,03-01-2025,0,Refunded,0
STA-R17845,STA-O10336,17-12-2023,15.3,Paid,0
STA-R9648,STA-O7099,02-01-2025,20.5,Paid,0
STA-R16577,STA-O10568,13-08-2023,2.32,Paid,0
STA-R14971,STA-O12058,28-07-2023,36.7,Paid,0
STA-R15290,STA-O5273,04-10-2024,22.86,Paid,0
STA-R15755,STA-O8048,06-07-2023,36.22,Paid,0
STA-R10827,STA-O14528,09-10-2023,4.25,Pending,0
STA-R11421,STA-O13760,26-08-2024,42.03,Paid,0
STA-R13833,STA-O14973,30-08-2023,3.14,Pending,0
STA-R15307,STA-O7999,01-02-2024,7.61,Paid,0
STA-R16534,STA-O13787,30-05-2023,19.32,Paid,0
STA-R10474,STA-O12346,17-02-2025,4.9,Paid,0
STA-R12665,STA-O12617,22-07-2023,6,Paid,0
STA-R14208,STA-O6801,13-01-2023,68.2,Paid,0
STA-R13179,STA-O13537,23-02-2025,32.65,Paid,0
STA-R15955,STA-O12197,04-03-2024,16.52,Paid,0
STA-R10691,STA-O6810,06-03-2025,5.68,Paid,0
STA-R16251,STA-O5295,12-11-2025,17.73,Paid,17.73
STA-R11679,STA-O12031,12-08-2024,33.65,Paid,0
STA-R12728,STA-O6454,15-05-2023,20.28,Refunded,0
STA-R14278,STA-O13314,09-10-2023,9.42,Refunded,0
STA-R12602,STA-O9834,20-08-2024,23.7,Paid,0
STA-R13106,STA-O13398,06-10-2024,25.2,Refunded,0
STA-R12199,STA-O9101,26-01-2023,13.95,Paid,0
STA-R17317,STA-O12218,28-05-2025,20.82,Paid,20.82
STA-R17918,STA-O9943,20-03-2023,22.6,Refunded,0
STA-R12170,STA-O13288,13-12-2023,82.1,Paid,82.1
STA-R16921,STA-O13149,05-04-2024,0,Paid,0
STA-R17354,STA-O13048,24-05-2023,23.22,Paid,0
STA-R18325,STA-O10110,30-01-2024,42.78,Paid,0
STA-R12583,STA-O5885,06-02-2024,16.65,Paid,0
STA-R18526,STA-O13959,17-05-2023,26.55,Paid,0
STA-R17219,STA-O9150,06-06-2025,16.38,Paid,16.38
STA-R13085,STA-O12347,30-01-2025,54.3,Refunded,0
STA-R9055,STA-O7796,08-01-2024,21.56,Paid,21.56
STA-R12712,STA-O8283,16-01-2023,16.04,Refunded,0
STA-R14989,STA-O8952,22-07-2024,15.05,Paid,0
STA-R9371,STA-O12488,17-09-2023,26.72,Paid,0
STA-R9347,STA-O6259,14-11-2023,17.56,Paid,0
STA-R11969,STA-O5840,30-06-2025,11.02,Paid,11.02
STA-R10849,STA-O6507,03-03-2023,20.4,Refunded,0
STA-R16429,STA-O12812,30-04-2023,13.3,Paid,0
STA-R12288,STA-O7919,08-04-2025,82.08,Paid,0
STA-R13792,STA-O7430,12-12-2024,0,Refunded,0
STA-R10259,STA-O8827,08-07-2025,6.31,Paid,0
STA-R12989,STA-O14929,10-11-2025,20.73,Refunded,0
STA-R17851,STA-O14971,13-04-2023,24.36,Paid,10.34
STA-R14155,STA-O5869,10-11-2023,13.62,Refunded,0
STA-R17520,STA-O14437,11-04-2023,15.6,Paid,0
STA-R15142,STA-O14718,13-11-2024,11.28,Paid,0
STA-R18312,STA-O13921,19-09-2023,25.14,Paid,0
STA-R18357,STA-O13777,28-10-2025,31.7,Paid,31.7
STA-R16857,STA-O5487,23-09-2023,121.96,Paid,121.96
STA-R12668,STA-O7019,03-11-2025,42.44,Refunded,0
STA-R15815,STA-O13816,03-11-2024,10.58,Pending,0
STA-R17448,STA-O5787,28-05-2025,4.56,Paid,0
STA-R13586,STA-O14932,11-05-2025,38.55,Paid,0
STA-R15614,STA-O8351,23-04-2023,31.32,Paid,0
STA-R16766,STA-O14681,03-06-2024,3.39,Paid,0
STA-R12202,STA-O12358,28-07-2023,25.08,Paid,0
STA-R9962,STA-O14977,16-11-2023,20.4,Paid,0
STA-R15124,STA-O10971,21-01-2025,32.68,Paid,0
STA-R11535,STA-O14616,25-09-2023,28.3,Paid,0
STA-R14798,STA-O11242,15-07-2024,5.78,Refunded,0
STA-R14783,STA-O6839,02-05-2023,15.42,Paid,0
STA-R11209,STA-O13119,26-10-2025,21.52,Paid,0
STA-R17600,STA-O11935,03-06-2023,73.32,Paid,0
STA-R9383,STA-O14422,30-03-2024,25.4,Paid,0
STA-R17018,STA-O13261,09-03-2024,25.25,Paid,0
STA-R13321,STA-O11047,07-10-2023,4.55,Paid,0
STA-R12976,STA-O8793,14-02-2023,22.05,Paid,0
STA-R17968,STA-O10205,27-03-2025,5.62,Paid,0
STA-R10938,STA-O6184,05-07-2023,30.3,Pending,0
STA-R10989,STA-O12100,22-09-2024,36.7,Pending,0
STA-R9508,STA-O11880,04-09-2025,16.87,Refunded,0
STA-R12438,STA-O11441,13-05-2025,78.54,Paid,78.54
STA-R17493,STA-O10196,30-03-2025,26.6,Paid,0
STA-R16091,STA-O13986,30-07-2024,6.24,Paid,0
STA-R9502,STA-O9297,21-08-2024,4.86,Paid,0
STA-R10300,STA-O8765,12-01-2024,11.76,Pending,0
STA-R16839,STA-O7908,21-05-2024,21.24,Paid,0
STA-R11234,STA-O6633,11-07-2023,0,Paid,0
STA-R10637,STA-O12876,15-05-2024,8.06,Paid,8.06
STA-R17016,STA-O7034,04-12-2023,14.74,Paid,0
STA-R9535,STA-O7233,07-05-2023,161.6,Paid,161.6
STA-R15907,STA-O11866,07-07-2024,20.2,Paid,0
STA-R10773,STA-O12532,27-07-2025,0,Paid,41.37
STA-R11732,STA-O13627,25-09-2025,5.3,Paid,0
STA-R11801,STA-O13657,18-01-2024,10.3,Paid,0
STA-R14202,STA-O11891,10-01-2024,19.16,Paid,0
STA-R10999,STA-O8450,09-08-2025,0,Paid,0
STA-R10963,STA-O13621,15-02-2024,34.4,Pending,0
STA-R9879,STA-O12616,13-04-2023,34.85,Paid,0
STA-R16790,STA-O9995,23-08-2024,23.05,Paid,0
STA-R9802,STA-O10448,13-09-2024,57.04,Paid,0
STA-R18651,STA-O9999,29-07-2023,45.01,Paid,0
STA-R18569,STA-O9857,13-12-2025,4.86,Paid,1.63
STA-R15387,STA-O13122,13-06-2025,24.2,Paid,0
STA-R18013,STA-O5346,11-12-2024,12.45,Paid,0
STA-R13653,STA-O10749,01-10-2023,4.16,Refunded,0
STA-R17453,STA-O14763,21-02-2025,16.94,Refunded,0
STA-R13081,STA-O13177,04-06-2025,29,Paid,0
STA-R17077,STA-O7472,26-08-2024,15.1,Paid,0
STA-R15272,STA-O5649,05-11-2024,17.73,Paid,0
STA-R14230,STA-O7341,18-07-2025,8.6,Paid,0
STA-R17837,STA-O12236,17-08-2024,21.92,Refunded,0
STA-R14049,STA-O11788,06-04-2025,10,Refunded,0
STA-R12577,STA-O11852,26-08-2023,17.24,Paid,0
STA-R13831,STA-O10065,19-10-2025,68.5,Paid,0
STA-R11178,STA-O12407,10-08-2025,0,Paid,0
STA-R16360,STA-O11012,29-12-2024,6.38,Refunded,0
STA-R11258,STA-O6146,10-09-2023,175.3,Paid,0
STA-R12964,STA-O13964,24-12-2024,23.76,Paid,0
STA-R18131,STA-O5228,25-04-2023,28.96,Paid,28.96
STA-R11873,STA-O6224,03-08-2023,26,Refunded,0
STA-R16920,STA-O12947,15-06-2024,5.3,Refunded,0
STA-R17385,STA-O6213,02-09-2023,62.2,Paid,0
STA-R15738,STA-O10137,10-10-2024,30.1,Paid,0
STA-R10954,STA-O8610,08-05-2025,22.25,Paid,0
STA-R13074,STA-O11377,15-02-2024,12.02,Paid,0
STA-R10203,STA-O10753,17-06-2025,13.36,Paid,0
STA-R14648,STA-O6836,22-05-2024,13.74,Refunded,0
STA-R12935,STA-O11493,02-05-2025,32.55,Paid,0
STA-R13153,STA-O9532,15-02-2024,27.35,Refunded,0
STA-R16018,STA-O5418,30-12-2024,10.72,Paid,0
STA-R9892,STA-O6765,15-11-2023,7.76,Refunded,0
STA-R15852,STA-O12471,21-09-2024,4.33,Pending,0
STA-R13157,STA-O5751,29-01-2024,30.44,Paid,0
STA-R14821,STA-O8168,14-04-2023,27.76,Refunded,0
STA-R12121,STA-O12308,03-04-2025,31.28,Pending,0
STA-R18116,STA-O14651,01-07-2024,4.02,Refunded,0
STA-R13161,STA-O5536,20-03-2023,14.72,Paid,0
STA-R9296,STA-O12144,17-10-2024,18.81,Paid,0
STA-R11492,STA-O9155,12-05-2025,22.35,Paid,0
STA-R15169,STA-O13218,16-08-2023,13.48,Refunded,0
STA-R9182,STA-O13564,24-12-2023,26.8,Paid,0
STA-R17438,STA-O14073,12-04-2025,29.35,Paid,0
STA-R17263,STA-O14701,10-05-2024,89.19,Paid,0
STA-R17496,STA-O10238,02-07-2024,101.64,Paid,0
STA-R15796,STA-O7595,20-06-2023,14.43,Paid,0
STA-R17872,STA-O5905,27-12-2023,16.48,Paid,16.48
STA-R11530,STA-O11851,18-04-2023,70.15,Paid,0
STA-R17124,STA-O11538,21-05-2023,14.76,Paid,1.81
STA-R17294,STA-O14059,14-08-2025,13.44,Paid,0
STA-R15082,STA-O13001,24-09-2023,0,Paid,0
STA-R11368,STA-O11922,13-03-2025,48.27,Paid,0
STA-R18587,STA-O7951,12-07-2023,27.15,Paid,0
STA-R14306,STA-O10643,11-03-2024,55.72,Paid,0
STA-R11939,STA-O5748,18-12-2024,32.8,Paid,0
STA-R11324,STA-O5554,13-03-2025,26.73,Paid,0
STA-R16129,STA-O5893,25-06-2024,55.12,Paid,0
STA-R17260,STA-O7339,25-11-2023,3.78,Paid,0
STA-R11426,STA-O6834,27-12-2025,7.22,Paid,7.22
STA-R15913,STA-O8959,18-02-2025,26.52,Refunded,0
STA-R9046,STA-O9362,01-05-2023,36.6,Paid,0
STA-R14808,STA-O7073,06-07-2024,16.53,Paid,16.53
STA-R11072,STA-O10883,14-01-2025,0,Paid,0
STA-R10765,STA-O12939,18-01-2023,19.74,Paid,19.74
STA-R10421,STA-O6954,04-02-2025,23.44,Paid,0
STA-R15520,STA-O11178,13-05-2025,37.85,Paid,0
STA-R9293,STA-O8999,07-10-2023,23.4,Refunded,0
STA-R16379,STA-O11877,24-03-2023,25.8,Refunded,0
STA-R13048,STA-O12064,30-01-2024,5.63,Paid,0.79
STA-R17939,STA-O11662,17-08-2024,35.44,Paid,35.44
STA-R17129,STA-O7867,07-10-2023,10.35,Paid,0
STA-R10499,STA-O10276,05-12-2023,11.64,Paid,0
STA-R9141,STA-O10014,13-12-2024,17.31,Refunded,0
STA-R15734,STA-O6574,30-06-2023,22.8,Refunded,0
STA-R12664,STA-O6283,14-09-2025,26.8,Paid,0
STA-R16439,STA-O12758,24-07-2024,9.62,Paid,0
STA-R10813,STA-O9838,06-08-2023,34.3,Paid,0
STA-R13150,STA-O11851,18-04-2023,70.15,Paid,0
STA-R10804,STA-O6630,25-09-2025,51.15,Paid,0
STA-R9638,STA-O9081,13-05-2023,17.75,Pending,0
STA-R11651,STA-O10691,08-04-2025,64.2,Paid,0
STA-R15229,STA-O5660,07-07-2023,14.04,Pending,0
STA-R15418,STA-O10061,19-09-2024,85.85,Pending,0
STA-R13139,STA-O12593,26-12-2025,0,Paid,0
STA-R11557,STA-O11255,14-02-2024,6.02,Paid,0
STA-R17495,STA-O6587,13-06-2023,19.16,Paid,0
STA-R12334,STA-O5584,22-10-2023,118.6,Paid,24.49
STA-R14530,STA-O6719,25-03-2025,13.32,Paid,13.32
STA-R17095,STA-O11275,06-05-2023,5.39,Paid,5.39
STA-R10284,STA-O14202,04-05-2025,6.05,Paid,0
STA-R10018,STA-O9566,28-10-2023,23.79,Paid,0
STA-R11899,STA-O7781,15-01-2023,16.32,Paid,0
STA-R17210,STA-O9593,18-02-2023,31.02,Paid,0
STA-R15173,STA-O14603,30-08-2025,40.88,Paid,40.88
STA-R18174,STA-O13603,03-04-2023,54.69,Paid,0
STA-R12795,STA-O13232,24-04-2025,29.9,Paid,29.9
STA-R12551,STA-O5860,17-05-2024,36.45,Paid,0
STA-R9586,STA-O5260,01-07-2024,23.35,Paid,0
STA-R10786,STA-O12183,03-05-2024,7.61,Paid,0
STA-R16803,STA-O13692,23-03-2025,0,Pending,0
STA-R14739,STA-O9788,16-02-2024,15.75,Paid,0
STA-R13025,STA-O7180,11-01-2025,32.6,Paid,0
STA-R17905,STA-O13127,31-08-2024,35.2,Paid,0
STA-R17923,STA-O11333,18-02-2024,4.34,Paid,0
STA-R12905,STA-O13225,01-07-2025,6.55,Refunded,0
STA-R18199,STA-O11823,15-10-2024,11.7,Paid,0
STA-R9549,STA-O13877,10-09-2024,24.45,Refunded,0
STA-R17927,STA-O5297,30-11-2024,0,Paid,0
STA-R17911,STA-O12254,28-09-2024,28.75,Paid,0
STA-R17071,STA-O7429,17-01-2023,3.23,Paid,0
STA-R10276,STA-O7459,12-07-2025,0,Paid,0
STA-R10852,STA-O12247,06-05-2024,24,Refunded,0
STA-R12033,STA-O11488,18-10-2025,16.29,Paid,7.34
STA-R10647,STA-O13088,21-11-2024,16,Paid,0
STA-R16462,STA-O11276,31-08-2024,8.78,Pending,0
STA-R9813,STA-O10906,03-05-2025,151.76,Refunded,0
STA-R14794,STA-O9290,11-06-2025,5.27,Paid,0
STA-R9871,STA-O9215,25-06-2024,10.47,Paid,0
STA-R9542,STA-O10489,05-10-2024,22.68,Refunded,0
STA-R18475,STA-O8919,27-09-2025,85.75,Paid,0
STA-R11902,STA-O12828,08-11-2025,40.53,Paid,0
STA-R10250,STA-O11996,02-12-2023,9.75,Paid,0
STA-R13868,STA-O11779,11-08-2023,10.08,Paid,10.08
STA-R14237,STA-O12579,10-07-2024,24.5,Paid,24.5
STA-R10376,STA-O7107,21-02-2023,10.48,Paid,0
STA-R17497,STA-O5162,26-07-2024,13.72,Paid,0
STA-R13054,STA-O14723,21-05-2025,15.7,Pending,0
STA-R17357,STA-O12673,16-06-2023,68.04,Paid,0
STA-R12937,STA-O12523,12-03-2024,4.14,Paid,4.14
STA-R9087,STA-O14655,06-04-2025,44.4,Paid,0
STA-R15850,STA-O6732,18-12-2023,19.24,Paid,0
STA-R14805,STA-O11930,07-12-2024,118.8,Paid,118.8
STA-R9242,STA-O11142,22-03-2023,67.25,Pending,0
STA-R16724,STA-O7154,11-10-2024,21.36,Refunded,0
STA-R15687,STA-O11353,15-02-2024,14.32,Paid,14.32
STA-R12357,STA-O13147,25-02-2025,40.44,Paid,0
STA-R9679,STA-O13126,29-06-2024,0,Paid,25.92
STA-R13866,STA-O8751,17-09-2024,29.49,Paid,0
STA-R11219,STA-O6857,10-07-2024,0,Paid,4.56
STA-R10227,STA-O11870,07-08-2024,2.84,Paid,2.84
STA-R17352,STA-O13493,05-10-2023,15.18,Refunded,0
STA-R16061,STA-O5855,06-08-2025,15.2,Paid,0
STA-R12908,STA-O8486,07-07-2025,47.34,Refunded,0
STA-R15516,STA-O14744,01-02-2024,79.1,Pending,0
STA-R10508,STA-O5276,26-11-2024,11.88,Paid,0
STA-R18187,STA-O9994,02-09-2024,16.4,Paid,0
STA-R13032,STA-O11544,13-05-2023,17.12,Refunded,0
STA-R11862,STA-O6942,17-04-2023,31.3,Pending,0
STA-R18078,STA-O6126,13-08-2023,14.19,Paid,0
STA-R13088,STA-O14515,23-06-2023,6.08,Paid,0
STA-R10586,STA-O13042,19-08-2025,15.8,Paid,0
STA-R9382,STA-O12363,21-12-2023,97.4,Paid,0
STA-R17125,STA-O14761,25-05-2025,16.46,Paid,5.62
STA-R12746,STA-O10116,25-09-2025,15.03,Paid,0
STA-R9267,STA-O11704,18-12-2025,146.2,Paid,0
STA-R9725,STA-O11322,22-01-2024,33.6,Paid,0
STA-R14702,STA-O8169,21-11-2023,19.4,Paid,0
STA-R14705,STA-O7012,16-09-2023,6.96,Refunded,0
STA-R17949,STA-O9456,17-07-2023,79.18,Pending,0
STA-R15166,STA-O6168,07-09-2025,15.6,Pending,0
STA-R15408,STA-O8934,18-07-2023,70.94,Paid,0
STA-R17468,STA-O5714,10-09-2024,8.46,Paid,0.96
STA-R16370,STA-O13861,11-09-2025,7.92,Paid,7.92
STA-R17238,STA-O11584,06-01-2023,27.05,Paid,27.05
STA-R11354,STA-O10777,24-06-2025,51.57,Paid,0
STA-R11380,STA-O10026,28-05-2024,29.4,Paid,0
STA-R15465,STA-O5999,31-01-2024,45.04,Paid,0
STA-R11011,STA-O9180,18-05-2024,24.6,Paid,0
STA-R13483,STA-O11163,31-08-2023,5.09,Paid,0
STA-R11196,STA-O14830,16-05-2023,10.92,Pending,0
STA-R12862,STA-O13320,20-04-2025,17.22,Pending,0
STA-R11035,STA-O6753,11-03-2024,81.3,Paid,0
STA-R10553,STA-O10030,30-10-2023,19.47,Paid,0
STA-R12928,STA-O8691,17-12-2024,61.85,Paid,0
STA-R15027,STA-O6370,29-01-2024,15,Paid,0
STA-R17616,STA-O8320,13-11-2024,4.29,Paid,0
STA-R17798,STA-O6003,14-05-2025,28.35,Paid,0
STA-R16934,STA-O10017,14-06-2025,19.24,Paid,0
STA-R13363,STA-O13899,31-10-2023,27.25,Paid,6.17
STA-R12713,STA-O8237,03-10-2023,14.55,Refunded,0
STA-R14674,STA-O10225,26-02-2023,12.86,Paid,0
STA-R17399,STA-O11858,09-03-2024,33.6,Paid,0
STA-R17924,STA-O10160,15-06-2025,64.5,Paid,64.5
STA-R15070,STA-O9241,17-11-2025,44.12,Paid,0
STA-R12858,STA-O14119,03-04-2025,26.79,Paid,0
STA-R15951,STA-O12180,23-07-2024,2.39,Pending,0
STA-R17199,STA-O7714,18-09-2025,49.14,Paid,0
STA-R12938,STA-O11805,24-08-2025,5.81,Refunded,0
STA-R13294,STA-O11083,27-04-2024,8.36,Paid,8.36
STA-R14300,STA-O9506,08-02-2025,19.89,Paid,0
STA-R12014,STA-O13455,18-02-2023,12.8,Refunded,0
STA-R11037,STA-O12962,20-03-2024,10.15,Paid,0
STA-R9741,STA-O13364,18-09-2023,35.3,Paid,0
STA-R17092,STA-O10928,05-03-2024,119.05,Paid,0
STA-R16107,STA-O5946,28-04-2023,0,Pending,0
STA-R12234,STA-O6154,31-10-2023,39.55,Paid,39.55
STA-R14488,STA-O8413,10-03-2023,5.03,Paid,5.03
STA-R13086,STA-O5053,21-11-2025,5.78,Refunded,0
STA-R12057,STA-O8316,28-09-2024,5.59,Paid,0
STA-R13302,STA-O5897,31-03-2025,28.24,Pending,0
STA-R9363,STA-O12587,06-10-2025,34.78,Paid,0
STA-R14764,STA-O8109,04-08-2025,24.1,Pending,0
STA-R16797,STA-O12942,15-09-2024,23.3,Paid,0
STA-R13902,STA-O6547,20-12-2025,4.27,Paid,4.27
STA-R15037,STA-O14108,28-07-2024,14.88,Paid,0
STA-R11204,STA-O10676,31-08-2024,20.58,Paid,0
STA-R9014,STA-O5052,20-07-2025,5.01,Paid,0
STA-R16757,STA-O14809,13-06-2023,9.52,Paid,0
STA-R14009,STA-O6737,30-10-2025,4.35,Refunded,0
STA-R9789,STA-O8092,27-05-2023,44.7,Refunded,0
STA-R14689,STA-O5494,04-04-2023,52.98,Refunded,0
STA-R15629,STA-O5684,18-11-2025,89.31,Paid,0
STA-R9443,STA-O9980,03-11-2023,26.62,Refunded,0
STA-R16946,STA-O13536,01-12-2023,12.56,Paid,0
STA-R15333,STA-O8525,05-09-2023,26.05,Paid,0
STA-R11114,STA-O8910,16-12-2023,5.04,Refunded,0
STA-R9134,STA-O10764,12-12-2024,23.56,Pending,0
STA-R9019,STA-O8995,14-07-2025,55.88,Paid,0
STA-R13702,STA-O10352,27-04-2025,22.14,Refunded,0
STA-R9627,STA-O13828,06-12-2023,15.64,Paid,0
STA-R9045,STA-O13991,30-06-2023,15.74,Paid,0
STA-R14110,STA-O9835,06-12-2024,7.86,Paid,0
STA-R16352,STA-O6899,18-10-2024,4.42,Paid,4.42
STA-R12617,STA-O8677,12-02-2024,0,Paid,0
STA-R10648,STA-O11280,07-10-2023,13,Paid,0
STA-R12831,STA-O13590,25-12-2024,20.7,Pending,0
STA-R10249,STA-O8250,12-10-2023,30.05,Paid,0
STA-R12550,STA-O11339,30-05-2024,6.77,Pending,0
STA-R9558,STA-O12511,11-05-2023,6.36,Refunded,0
STA-R14192,STA-O10563,17-08-2024,12.12,Paid,0
STA-R18331,STA-O6833,06-12-2023,5.77,Paid,0
STA-R12437,STA-O5438,02-05-2024,15.5,Paid,0
STA-R18214,STA-O12424,05-08-2023,7.39,Refunded,0
STA-R15130,STA-O10593,20-06-2025,14.72,Refunded,0
STA-R11169,STA-O5711,16-07-2025,17.48,Paid,0
STA-R13259,STA-O14077,06-01-2023,10.68,Paid,1.78
STA-R11038,STA-O9774,03-11-2023,9.6,Paid,0
STA-R15050,STA-O8891,07-08-2023,19.62,Paid,0
STA-R12230,STA-O12142,09-01-2023,0,Paid,63.51
STA-R16653,STA-O8879,11-08-2025,7.41,Refunded,0
STA-R13372,STA-O5364,12-11-2025,9.06,Paid,9.06
STA-R10537,STA-O14845,02-08-2024,10.3,Paid,0
STA-R13040,STA-O7204,29-10-2024,12.42,Paid,0
STA-R15386,STA-O12560,25-02-2023,24.54,Refunded,0
STA-R10757,STA-O7265,26-01-2024,26.04,Paid,26.04
STA-R13488,STA-O11655,10-07-2023,9.11,Pending,0
STA-R17361,STA-O13129,14-07-2024,9.14,Refunded,0
STA-R15120,STA-O6423,14-02-2024,7.16,Paid,0
STA-R11595,STA-O13275,13-08-2024,19.02,Paid,0
STA-R18606,STA-O13237,05-05-2023,12.69,Paid,12.69
STA-R15876,STA-O7282,07-05-2025,25.9,Refunded,0
STA-R15420,STA-O12052,16-04-2023,0,Paid,150.56
STA-R9650,STA-O11509,13-06-2024,0,Paid,4.71
STA-R15100,STA-O8105,05-09-2023,4.09,Paid,4.09
STA-R10102,STA-O11583,08-05-2024,16.29,Paid,0
STA-R11182,STA-O5949,03-04-2025,7.16,Paid,7.16
STA-R11214,STA-O10447,09-02-2024,20.6,Paid,0
STA-R16560,STA-O5692,15-08-2024,5.18,Refunded,0
STA-R15492,STA-O9693,02-09-2023,20.45,Paid,0
STA-R10952,STA-O7623,28-05-2024,38.85,Paid,38.85
STA-R10403,STA-O11144,03-03-2023,68.37,Paid,0
STA-R14260,STA-O7492,11-06-2025,37.35,Paid,0
STA-R17000,STA-O8081,05-10-2024,39.55,Paid,0
STA-R16954,STA-O8556,08-02-2024,8.59,Paid,0
STA-R10503,STA-O5251,10-04-2025,5.54,Paid,0
STA-R9969,STA-O10024,22-04-2024,42.75,Paid,42.75
STA-R17686,STA-O6057,07-11-2024,8.8,Paid,0
STA-R14252,STA-O11532,31-03-2025,116.96,Paid,19.74
STA-R12529,STA-O7836,30-06-2023,25.44,Paid,0
STA-R10147,STA-O9484,22-01-2025,71.02,Paid,0
STA-R10054,STA-O6280,14-11-2024,13.56,Paid,0
STA-R11553,STA-O10811,19-04-2023,3.78,Paid,0
STA-R10435,STA-O12934,26-11-2024,27.14,Paid,0
STA-R10546,STA-O8087,26-09-2024,41.08,Paid,0
STA-R15473,STA-O9885,10-04-2023,2.23,Paid,0
STA-R12608,STA-O13533,14-02-2024,2.12,Refunded,0
STA-R15077,STA-O6037,25-01-2023,17.73,Paid,0
STA-R15696,STA-O11209,26-07-2023,5.32,Paid,0
STA-R13008,STA-O9604,19-09-2023,55.74,Refunded,0
STA-R18011,STA-O10995,14-11-2025,10.32,Pending,0
STA-R15938,STA-O12152,22-10-2023,10.62,Paid,10.62
STA-R9083,STA-O11273,02-08-2024,4.97,Paid,0
STA-R16601,STA-O8842,01-05-2024,14.64,Paid,0
STA-R17956,STA-O14677,28-11-2023,22.44,Paid,0
STA-R18560,STA-O12434,26-09-2025,6.33,Paid,0
STA-R16813,STA-O7093,07-07-2024,7.02,Paid,0
STA-R16806,STA-O14018,08-12-2025,17.96,Pending,0
STA-R10282,STA-O6807,13-06-2025,6.4,Paid,0
STA-R11619,STA-O11335,08-01-2025,16.66,Paid,0
STA-R10596,STA-O12559,13-01-2025,58.64,Paid,0
STA-R13345,STA-O8816,23-08-2023,17.32,Refunded,0
STA-R11654,STA-O14606,16-07-2025,13.11,Paid,0
STA-R9956,STA-O14240,02-11-2025,89.97,Paid,0
STA-R11256,STA-O12958,23-07-2023,20.94,Paid,0
STA-R12055,STA-O10767,16-09-2024,6.51,Paid,6.51
STA-R10289,STA-O11946,01-09-2025,8.14,Paid,0
STA-R9775,STA-O10984,19-05-2024,5.95,Refunded,0
STA-R17427,STA-O14039,18-05-2025,187.8,Pending,0
STA-R12992,STA-O14947,24-03-2025,0,Paid,23.99
STA-R16323,STA-O14425,05-07-2025,23.5,Paid,23.5
STA-R9325,STA-O6256,12-09-2024,16.84,Paid,0
STA-R14118,STA-O6028,09-07-2025,28.08,Paid,28.08
STA-R18048,STA-O6036,06-08-2025,52.2,Refunded,0
STA-R16100,STA-O8659,01-02-2025,2.91,Paid,0
STA-R16651,STA-O8186,15-03-2023,25.68,Paid,0
STA-R11403,STA-O6771,01-10-2025,24.75,Paid,0
STA-R16432,STA-O6214,04-03-2023,3.35,Paid,3.35
STA-R11763,STA-O8479,20-11-2024,3.81,Paid,0
STA-R13286,STA-O10759,13-09-2024,6.66,Refunded,0
STA-R15359,STA-O6602,07-08-2025,7.08,Refunded,0
STA-R15997,STA-O6750,04-12-2025,5.74,Paid,5.74
STA-R13576,STA-O10130,04-03-2025,10.83,Paid,10.83
STA-R15312,STA-O9405,13-06-2024,70.52,Paid,0
STA-R9506,STA-O10373,14-07-2023,92.35,Paid,0
STA-R12023,STA-O9960,26-08-2023,7.7,Paid,7.7
STA-R9526,STA-O10151,20-10-2025,47.05,Pending,0
STA-R11987,STA-O13284,09-03-2023,13.96,Paid,0
STA-R13559,STA-O11588,18-04-2023,84.12,Paid,0
STA-R16775,STA-O13619,09-02-2024,0,Refunded,0
STA-R13607,STA-O14016,14-08-2025,25.64,Paid,0
STA-R15066,STA-O6628,30-11-2025,8.93,Paid,0
STA-R17731,STA-O8262,07-04-2025,6.24,Paid,0
STA-R10704,STA-O14904,23-07-2023,16.05,Paid,0
STA-R11941,STA-O5778,30-01-2024,5.5,Pending,0
STA-R10005,STA-O5141,26-07-2024,25.52,Paid,0
STA-R15096,STA-O7176,04-10-2023,154.12,Pending,74.94
STA-R11016,STA-O10651,08-05-2025,53.66,Paid,0
STA-R10515,STA-O11181,15-06-2024,2.24,Paid,0
STA-R18562,STA-O7342,09-06-2024,17.36,Paid,0
STA-R15883,STA-O13224,26-10-2025,5.63,Paid,0
STA-R17067,STA-O7420,17-01-2023,9.58,Paid,0
STA-R13126,STA-O7618,09-05-2023,12.04,Paid,5.96
STA-R16924,STA-O12361,13-03-2023,27.44,Refunded,0
STA-R10043,STA-O7950,06-09-2025,15.36,Paid,0
STA-R12726,STA-O8797,10-06-2024,39.74,Paid,0
STA-R17139,STA-O13429,18-10-2024,11.13,Paid,0
STA-R11286,STA-O12645,22-01-2025,11.58,Paid,0
STA-R18283,STA-O5679,16-05-2025,13.48,Paid,0
STA-R9249,STA-O7572,02-08-2025,0,Refunded,0
STA-R12965,STA-O9599,06-04-2024,34.3,Paid,0
STA-R15719,STA-O11984,14-06-2025,27.72,Paid,0
STA-R17306,STA-O9185,31-01-2023,19.84,Paid,0
STA-R14344,STA-O10805,25-07-2024,26.16,Paid,0
STA-R10549,STA-O6483,16-06-2024,11.98,Paid,0
STA-R16388,STA-O5582,24-09-2023,24.39,Paid,0
STA-R15326,STA-O12122,22-08-2025,10.02,Paid,0
STA-R14478,STA-O12212,01-03-2024,21.96,Paid,0
STA-R16495,STA-O12540,27-04-2023,40.2,Refunded,0
STA-R10755,STA-O13554,31-10-2024,21.15,Paid,0
STA-R16722,STA-O13022,15-03-2023,23.1,Refunded,0
STA-R17332,STA-O5214,10-09-2024,10.53,Paid,0
STA-R11637,STA-O10454,20-09-2023,3.15,Paid,0
STA-R16509,STA-O12615,20-11-2025,9.48,Paid,0
STA-R12881,STA-O8997,09-04-2025,30.55,Paid,0
STA-R14144,STA-O7061,27-01-2024,38.62,Paid,0
STA-R15009,STA-O14151,18-07-2024,94.36,Pending,0
STA-R17461,STA-O8868,16-11-2025,7.07,Paid,0
STA-R12491,STA-O6904,26-01-2025,12.54,Paid,12.54
STA-R15415,STA-O10410,24-05-2024,29.2,Paid,0
STA-R16566,STA-O9357,12-10-2024,9.06,Refunded,0
STA-R17645,STA-O8407,02-03-2024,19,Paid,0
STA-R15805,STA-O5701,16-02-2023,27.03,Paid,0
STA-R13535,STA-O13591,03-01-2025,29.24,Paid,0
STA-R10685,STA-O9503,10-06-2025,22.6,Paid,0
STA-R10397,STA-O10494,22-10-2023,12.66,Pending,0
STA-R17829,STA-O12487,14-10-2023,95.22,Paid,0
STA-R16958,STA-O5308,14-11-2023,28.6,Paid,0
STA-R14668,STA-O11160,03-05-2023,0,Paid,0
STA-R15643,STA-O5022,01-03-2023,39.75,Paid,0
STA-R17967,STA-O5979,27-10-2023,13.02,Paid,0
STA-R13590,STA-O10007,26-01-2023,10.58,Paid,0
STA-R15297,STA-O6720,04-05-2023,5.94,Paid,0
STA-R14758,STA-O14534,12-05-2025,10.8,Pending,0
STA-R15485,STA-O8043,15-04-2023,0,Paid,0
STA-R13582,STA-O14969,21-07-2023,6.83,Paid,6.83
STA-R11223,STA-O14074,15-05-2025,8.84,Paid,0
STA-R13159,STA-O8775,07-06-2025,6.62,Paid,0
STA-R17928,STA-O5420,05-05-2023,0,Paid,0
STA-R15776,STA-O5350,02-05-2023,18.6,Paid,18.6
STA-R18058,STA-O14706,12-10-2024,23.31,Paid,0
STA-R12929,STA-O10703,16-12-2024,60.3,Refunded,0
STA-R16072,STA-O13784,10-05-2025,20.72,Refunded,0
STA-R14633,STA-O12497,27-08-2024,18.82,Paid,0
STA-R10062,STA-O9479,27-10-2025,0,Pending,0
STA-R11598,STA-O12490,29-11-2024,10.84,Paid,0
STA-R16734,STA-O8337,23-04-2023,18.74,Paid,0
STA-R15989,STA-O7895,29-12-2023,5.71,Paid,5.71
STA-R13147,STA-O12129,16-10-2023,24.72,Paid,0
STA-R12292,STA-O13925,02-01-2025,81.16,Paid,0
STA-R15349,STA-O5722,08-02-2025,12.9,Paid,0
STA-R14347,STA-O13027,28-07-2025,26.16,Paid,0
STA-R10326,STA-O8516,13-05-2024,5.13,Paid,0
STA-R11128,STA-O9802,05-02-2023,12.56,Paid,0
STA-R10723,STA-O14185,18-03-2025,44.2,Refunded,0
STA-R14460,STA-O6400,09-05-2023,72.3,Paid,72.3
STA-R17522,STA-O11368,20-03-2025,23.25,Paid,0
STA-R18215,STA-O13867,20-03-2024,83.44,Paid,0
STA-R9901,STA-O8661,21-03-2024,66.88,Refunded,0
STA-R10554,STA-O5794,29-01-2024,3.45,Paid,3.45
STA-R10383,STA-O5212,18-02-2023,4.7,Paid,0
STA-R10565,STA-O11817,02-12-2024,100.85,Paid,0
STA-R18281,STA-O9133,20-10-2023,20.07,Paid,0
STA-R17685,STA-O7762,11-07-2025,7.52,Paid,7.52
STA-R17801,STA-O7617,03-03-2023,11.7,Paid,0
STA-R15838,STA-O12563,05-11-2025,20.2,Refunded,0
STA-R12681,STA-O10888,16-11-2025,4.2,Refunded,0
STA-R10438,STA-O11647,27-06-2025,6.8,Paid,0
STA-R11807,STA-O5931,13-02-2024,24.48,Pending,5.85
STA-R12806,STA-O14992,01-12-2025,22.25,Paid,22.25
STA-R12186,STA-O7241,11-06-2025,30.52,Paid,0
STA-R15434,STA-O14617,14-01-2023,26.31,Paid,0
STA-R12056,STA-O10370,25-12-2024,20.52,Refunded,0
STA-R13332,STA-O5598,05-03-2024,36.85,Paid,0
STA-R10632,STA-O8165,14-05-2024,18.67,Refunded,0
STA-R11031,STA-O7553,27-01-2025,26.44,Paid,0
STA-R13625,STA-O11888,18-09-2023,15.62,Paid,0
STA-R17045,STA-O10567,28-05-2024,5.88,Pending,0
STA-R14685,STA-O7927,18-11-2024,18.36,Paid,0
STA-R16992,STA-O14999,15-03-2025,5.87,Paid,0
STA-R14231,STA-O13908,25-02-2023,173.35,Paid,0
STA-R9642,STA-O11197,09-08-2023,14,Paid,0
STA-R18216,STA-O9924,05-09-2023,28.96,Paid,0
STA-R13768,STA-O5938,04-06-2025,5.84,Paid,5.84
STA-R14106,STA-O11036,15-01-2023,4.29,Paid,0
STA-R14839,STA-O13214,14-10-2024,33.57,Paid,0
STA-R10306,STA-O7017,31-01-2024,12.93,Paid,12.93
STA-R9152,STA-O11871,25-04-2025,27.65,Paid,0
STA-R16009,STA-O11667,16-09-2024,18.21,Paid,0
STA-R9898,STA-O8794,26-12-2023,16.2,Paid,0
STA-R10560,STA-O13820,13-03-2024,15.78,Paid,0
STA-R15973,STA-O12191,22-06-2024,29.2,Refunded,0
STA-R12009,STA-O13462,02-09-2024,18.82,Refunded,0
STA-R15799,STA-O14283,15-12-2025,3.45,Refunded,0
STA-R13011,STA-O8817,12-08-2023,10.14,Paid,0
STA-R15029,STA-O6138,20-04-2024,31.15,Paid,0
STA-R12836,STA-O13282,23-09-2025,38.58,Paid,0
STA-R14988,STA-O11983,08-04-2023,92.25,Paid,0
STA-R17022,STA-O5342,16-03-2024,22.68,Refunded,0
STA-R12154,STA-O14217,26-10-2023,37,Paid,0
STA-R17492,STA-O14955,01-11-2025,31.35,Paid,31.35
STA-R9137,STA-O14252,14-06-2023,0,Refunded,0
STA-R14532,STA-O10630,08-01-2023,118.6,Paid,0
STA-R14575,STA-O9488,01-03-2024,12.1,Paid,0
STA-R11697,STA-O11391,15-12-2025,49.12,Paid,0
STA-R14904,STA-O7168,10-10-2023,31.7,Pending,0
STA-R16077,STA-O6644,17-05-2024,79.16,Refunded,0
STA-R18304,STA-O5538,05-08-2024,12.93,Refunded,0
STA-R11881,STA-O12719,06-03-2025,5.23,Paid,0
STA-R16989,STA-O12661,18-04-2025,13.74,Paid,0
STA-R16589,STA-O5850,07-03-2024,20,Paid,0
STA-R10272,STA-O5646,18-10-2023,64.08,Paid,0
STA-R16941,STA-O7650,23-05-2023,75.85,Refunded,0
STA-R9368,STA-O8278,02-05-2024,64.72,Paid,0
STA-R12369,STA-O14344,25-01-2025,7.8,Pending,0
STA-R17965,STA-O11838,13-01-2023,13.66,Refunded,0
STA-R9472,STA-O12630,30-01-2024,17.98,Pending,0
STA-R9588,STA-O6053,27-11-2023,5.58,Paid,0
STA-R11803,STA-O14597,21-09-2024,34.66,Paid,0
STA-R14055,STA-O5715,01-11-2024,26.76,Paid,0
STA-R9653,STA-O13353,13-11-2024,11.42,Refunded,0
STA-R15335,STA-O11034,10-09-2023,15.3,Paid,15.3
STA-R16581,STA-O13584,13-07-2025,12.96,Paid,0
STA-R10268,STA-O14392,17-01-2023,15.88,Paid,0
STA-R14490,STA-O13439,26-05-2023,17.57,Paid,0
STA-R9287,STA-O11401,20-01-2023,21.3,Refunded,0
STA-R15917,STA-O10318,17-01-2023,8.87,Paid,0
STA-R9765,STA-O7274,26-01-2025,6.29,Paid,0
STA-R12024,STA-O14844,13-05-2025,20.1,Paid,0
STA-R16122,STA-O9894,15-04-2024,12.2,Pending,0
STA-R17784,STA-O7240,30-11-2023,5.92,Paid,0
STA-R13047,STA-O5309,07-05-2024,10.9,Refunded,0
STA-R11166,STA-O9981,10-05-2024,17.43,Refunded,0
STA-R14311,STA-O10375,20-01-2025,29.44,Paid,0
STA-R14741,STA-O7047,04-10-2023,0,Paid,16.86
STA-R13361,STA-O9633,08-03-2023,0,Paid,0
STA-R14258,STA-O5019,08-03-2024,21.51,Paid,0
STA-R16455,STA-O14024,15-01-2025,85.62,Paid,0
STA-R10587,STA-O10518,09-07-2024,13.34,Paid,0
STA-R17181,STA-O5889,12-01-2023,50.38,Refunded,0
STA-R15319,STA-O11911,20-10-2025,159.75,Refunded,0
STA-R16571,STA-O9100,27-11-2025,5.79,Paid,0
STA-R15957,STA-O14071,04-01-2025,27,Paid,0
STA-R10273,STA-O12881,01-03-2023,5.84,Paid,0
STA-R11872,STA-O5655,09-03-2023,4.18,Paid,0
STA-R15709,STA-O11272,16-02-2023,4.04,Paid,0
STA-R13859,STA-O12252,24-07-2024,5.34,Paid,0
STA-R13096,STA-O6468,20-07-2025,27.64,Paid,0
STA-R14964,STA-O13408,25-09-2025,51.95,Refunded,0
STA-R10067,STA-O8758,25-07-2023,13.92,Paid,13.92
STA-R11400,STA-O7164,20-10-2025,43.28,Paid,43.28
STA-R10367,STA-O12294,25-01-2025,84.16,Paid,33.69
STA-R15618,STA-O8761,10-05-2023,3.23,Paid,0
STA-R18213,STA-O11121,14-01-2023,10.86,Paid,0
STA-R14769,STA-O5189,07-10-2024,30.65,Paid,0
STA-R9835,STA-O9554,20-12-2023,30.07,Paid,30.07
STA-R9799,STA-O14769,30-09-2025,64.86,Refunded,0
STA-R15324,STA-O6946,13-04-2025,20.75,Paid,0
STA-R12066,STA-O8988,06-03-2024,57.24,Paid,0
STA-R10304,STA-O13552,06-05-2024,7.06,Pending,0
STA-R17767,STA-O10729,23-02-2023,21.92,Refunded,0
STA-R16450,STA-O5927,07-09-2024,5.82,Refunded,0
STA-R11504,STA-O12801,08-10-2025,38.92,Paid,0
STA-R13170,STA-O8007,21-03-2025,8.26,Paid,0
STA-R16351,STA-O9509,26-02-2024,3.5,Paid,0
STA-R15260,STA-O5103,29-05-2025,5.29,Paid,0
STA-R14969,STA-O12334,02-09-2024,122.15,Paid,122.15
STA-R17096,STA-O14592,03-12-2025,13.95,Refunded,0
STA-R10053,STA-O6421,03-09-2024,52.4,Refunded,0
STA-R15954,STA-O13566,04-09-2024,25.6,Paid,0
STA-R18426,STA-O5961,04-07-2023,16.89,Paid,0
STA-R18389,STA-O5911,03-02-2023,31.05,Pending,0
STA-R9027,STA-O9108,15-11-2024,7.37,Paid,7.37
STA-R16155,STA-O9990,05-01-2023,29.85,Paid,29.85
STA-R9702,STA-O6113,19-07-2024,2.95,Paid,0
STA-R10544,STA-O12746,28-03-2024,17.28,Paid,0
STA-R17396,STA-O6787,28-10-2024,38.65,Paid,0
STA-R11138,STA-O7230,29-12-2024,35.52,Pending,0
STA-R12759,STA-O9639,17-10-2023,29.5,Refunded,0
STA-R16355,STA-O5184,25-05-2024,32.28,Paid,0
STA-R18178,STA-O5288,12-08-2025,3.46,Paid,0
STA-R12505,STA-O5335,12-06-2024,12.28,Refunded,0
STA-R17775,STA-O8272,01-07-2025,46.12,Refunded,0
STA-R15730,STA-O6360,03-09-2024,41.6,Paid,0
STA-R10921,STA-O11915,29-06-2023,21.72,Refunded,0
STA-R16732,STA-O9664,25-04-2024,16.52,Paid,0
STA-R9453,STA-O11893,15-04-2024,24.8,Paid,0
STA-R15119,STA-O9486,11-03-2025,25.95,Paid,25.95
STA-R16287,STA-O9276,10-06-2024,26.32,Paid,0
STA-R10817,STA-O12375,21-09-2024,0,Paid,0
STA-R11476,STA-O8476,23-03-2025,31.52,Paid,0
STA-R13734,STA-O11072,04-05-2023,59.36,Paid,0
STA-R16864,STA-O5959,11-09-2025,32.04,Paid,32.04
STA-R17417,STA-O9334,25-08-2024,32.96,Paid,0
STA-R17659,STA-O7389,06-03-2025,17.43,Paid,0
STA-R10324,STA-O10402,27-11-2024,28.96,Paid,0
STA-R12554,STA-O5312,24-09-2023,14.08,Paid,0
STA-R11294,STA-O10295,03-04-2024,10.36,Paid,0
STA-R12384,STA-O5402,29-05-2023,22.08,Paid,22.08
STA-R13472,STA-O13308,15-10-2025,7.72,Refunded,0
STA-R17248,STA-O8102,24-09-2024,112.95,Paid,0
STA-R10785,STA-O10604,21-01-2023,123.55,Paid,0
STA-R13598,STA-O12367,20-04-2024,22.77,Paid,0
STA-R14510,STA-O7503,02-02-2025,7.05,Paid,0
STA-R12095,STA-O10064,23-06-2025,0,Paid,0
STA-R10143,STA-O5125,04-11-2024,16.46,Paid,0
STA-R9705,STA-O5529,17-02-2024,44.15,Paid,0
STA-R17235,STA-O9429,07-09-2024,15.4,Refunded,0
STA-R13305,STA-O10166,10-07-2025,17.36,Refunded,0
STA-R12375,STA-O11811,15-10-2024,24.88,Paid,24.88
STA-R12211,STA-O7809,12-11-2024,72.7,Paid,0
STA-R11036,STA-O11916,03-04-2025,16.84,Refunded,0
STA-R14770,STA-O8695,21-08-2023,34.92,Paid,0
STA-R18570,STA-O7724,11-09-2025,9,Paid,0
STA-R17791,STA-O10660,12-07-2025,21.68,Paid,0
STA-R18390,STA-O11670,13-01-2024,5.59,Paid,0
STA-R12669,STA-O11459,23-05-2024,11.88,Paid,0
STA-R12565,STA-O8311,12-01-2025,45.7,Refunded,0
STA-R15417,STA-O14050,09-10-2025,7.58,Paid,0
STA-R11878,STA-O9782,08-10-2023,27.84,Paid,0
STA-R14680,STA-O11664,17-10-2023,33.44,Refunded,0
STA-R14688,STA-O12726,19-07-2023,7.55,Paid,7.55
STA-R12546,STA-O5750,15-03-2023,40.4,Paid,0
STA-R13044,STA-O9589,19-02-2024,13,Paid,0
STA-R18436,STA-O10654,24-08-2025,20.92,Paid,0
STA-R13485,STA-O11172,31-01-2024,31.4,Pending,0
STA-R12317,STA-O10547,19-03-2024,44.8,Refunded,0
STA-R17327,STA-O8973,08-03-2024,11.98,Paid,0
STA-R16868,STA-O6266,18-02-2023,6.5,Paid,0
STA-R12797,STA-O13069,02-04-2024,30.68,Paid,0
STA-R17313,STA-O14063,05-10-2024,20.41,Refunded,0
STA-R15736,STA-O8150,25-01-2023,28.96,Paid,0
STA-R14387,STA-O7757,21-04-2024,15.45,Paid,0
STA-R16300,STA-O11215,19-05-2025,23,Paid,0
STA-R13462,STA-O14256,19-12-2025,60.9,Pending,0
STA-R12112,STA-O14427,20-04-2024,35.08,Refunded,0
STA-R10712,STA-O5257,04-10-2024,27.65,Paid,0
STA-R13427,STA-O9860,28-10-2024,0,Paid,11.52
STA-R18290,STA-O10131,04-01-2025,13.12,Paid,0
STA-R11390,STA-O14017,02-07-2025,29.61,Paid,0
STA-R10710,STA-O13904,11-07-2024,15.66,Paid,0
STA-R15174,STA-O14906,07-05-2025,20.25,Pending,0
STA-R9170,STA-O8964,11-05-2025,13.86,Paid,0
STA-R13969,STA-O14085,10-01-2024,20.31,Refunded,0
STA-R10865,STA-O10898,17-10-2023,31.8,Paid,0
STA-R18515,STA-O7466,13-04-2025,4.14,Paid,0
STA-R17866,STA-O5896,31-07-2024,29.55,Paid,0
STA-R11130,STA-O13066,24-12-2024,26.52,Refunded,0
STA-R11982,STA-O7033,31-01-2025,13.86,Pending,0
STA-R12666,STA-O8497,21-05-2024,26,Paid,0
STA-R17715,STA-O13571,23-03-2023,12.24,Paid,0
STA-R13879,STA-O8918,17-02-2024,23.12,Paid,23.12
STA-R11418,STA-O10540,05-09-2025,4.36,Paid,0
STA-R11000,STA-O7982,14-12-2025,5.14,Pending,0
STA-R16211,STA-O11229,16-08-2023,17.16,Paid,0
STA-R14767,STA-O10191,06-04-2025,48.99,Refunded,0
STA-R13319,STA-O12027,14-11-2025,8.34,Pending,0
STA-R11820,STA-O9976,27-01-2024,10.74,Paid,0
STA-R14328,STA-O10260,05-08-2025,12,Paid,12
STA-R12941,STA-O11278,22-10-2023,16.74,Paid,0
STA-R16676,STA-O7478,01-08-2024,4.11,Paid,0
STA-R9068,STA-O5152,18-12-2024,0,Paid,0
STA-R11125,STA-O10099,28-09-2024,7.54,Paid,0
STA-R16709,STA-O10592,24-06-2025,2.71,Paid,0
STA-R13533,STA-O9446,07-03-2024,180.05,Refunded,0
STA-R13057,STA-O14834,06-09-2023,17.7,Paid,0
STA-R18497,STA-O9616,13-11-2023,5.28,Paid,0
STA-R18498,STA-O6684,05-04-2025,21.32,Paid,0
STA-R11603,STA-O7493,16-10-2025,16.85,Pending,0
STA-R12888,STA-O7490,18-11-2023,80.07,Paid,0
STA-R9743,STA-O9468,01-02-2025,5.67,Paid,0
STA-R10156,STA-O6004,17-07-2023,3.41,Paid,0
STA-R10201,STA-O5706,29-01-2024,25.2,Paid,0
STA-R14222,STA-O12517,26-09-2025,57.05,Paid,0
STA-R11731,STA-O9877,21-03-2024,27.46,Refunded,0
STA-R12959,STA-O8294,15-11-2025,14.51,Paid,0
STA-R11383,STA-O6855,08-03-2025,6.05,Paid,0
STA-R18399,STA-O5522,23-12-2024,5.39,Paid,0
STA-R14226,STA-O6770,17-01-2025,9.32,Paid,0
STA-R12120,STA-O10886,16-12-2024,22.2,Paid,0
STA-R11838,STA-O6470,18-03-2025,16.65,Paid,0
STA-R12470,STA-O10631,19-09-2025,18.69,Paid,0
STA-R11647,STA-O5237,12-06-2024,15.64,Paid,0
STA-R16057,STA-O8593,17-10-2024,13.98,Paid,0
STA-R10309,STA-O13329,18-11-2024,6.78,Pending,0
STA-R17122,STA-O10785,07-04-2023,0,Paid,0
STA-R18074,STA-O5043,16-10-2023,0,Paid,0
STA-R14773,STA-O8395,02-12-2023,3.52,Refunded,0
STA-R12647,STA-O8439,05-11-2024,110.28,Paid,0
STA-R11741,STA-O12311,20-11-2023,10.94,Pending,0
STA-R13140,STA-O10354,25-08-2023,8.4,Paid,8.4
STA-R12096,STA-O7203,10-09-2024,4.52,Paid,4.52
STA-R14722,STA-O14574,30-10-2025,34.02,Refunded,0
STA-R10035,STA-O6603,02-05-2023,22.04,Refunded,0
STA-R14080,STA-O11088,17-03-2025,3.86,Paid,0
STA-R10863,STA-O8946,28-03-2024,60.04,Paid,0
STA-R11997,STA-O5105,25-08-2024,7.26,Refunded,0
STA-R14087,STA-O6137,12-06-2025,31.68,Paid,0
STA-R13127,STA-O14794,28-11-2024,24.7,Paid,24.7
STA-R15628,STA-O13347,12-12-2025,6.76,Paid,6.76
STA-R18646,STA-O8715,20-04-2025,7.67,Refunded,0
STA-R17226,STA-O7306,13-05-2024,124.56,Paid,0
STA-R14059,STA-O8163,08-09-2024,58.06,Paid,0
STA-R9338,STA-O8052,28-04-2025,82.55,Paid,0
STA-R11272,STA-O12347,30-01-2025,54.3,Refunded,0
STA-R17668,STA-O5143,12-08-2025,4.89,Refunded,0
STA-R14604,STA-O8216,27-12-2024,24.57,Refunded,0
STA-R13134,STA-O14957,15-10-2023,43.96,Paid,43.96
STA-R9658,STA-O13548,17-03-2024,17.7,Paid,0
STA-R18018,STA-O8511,27-05-2024,0,Paid,0
STA-R13595,STA-O12364,27-10-2023,19.89,Paid,0
STA-R9768,STA-O12927,15-09-2024,33.03,Paid,0
STA-R18027,STA-O5971,22-03-2025,7.47,Paid,0
STA-R11091,STA-O5444,17-11-2023,29.32,Paid,0
STA-R17622,STA-O5337,05-09-2025,5.1,Pending,0
STA-R10854,STA-O9922,03-10-2025,16.2,Pending,0
STA-R13432,STA-O12250,19-02-2024,13.04,Pending,0
STA-R14318,STA-O9021,09-01-2024,13.2,Paid,13.2
STA-R17799,STA-O10697,04-02-2025,17.1,Paid,17.1
STA-R10986,STA-O10190,18-02-2023,36.88,Refunded,0
STA-R17023,STA-O12760,11-04-2024,13.36,Paid,0
STA-R13700,STA-O10080,11-07-2024,17.25,Paid,0
STA-R9321,STA-O7783,12-08-2025,5.68,Paid,0
STA-R13449,STA-O6957,22-02-2025,16.65,Paid,16.65
STA-R15245,STA-O8357,27-10-2023,7.25,Paid,0
STA-R16643,STA-O14470,19-12-2023,19.8,Paid,19.8
STA-R11108,STA-O10328,15-08-2024,56.2,Paid,0
STA-R17908,STA-O10738,20-10-2024,6.95,Paid,0
STA-R11573,STA-O9152,06-01-2024,12.21,Paid,0
STA-R10130,STA-O14195,16-03-2024,68.76,Paid,68.76
STA-R16710,STA-O12450,12-06-2023,0,Refunded,0
STA-R14437,STA-O13547,29-02-2024,7.17,Paid,0
STA-R12541,STA-O8752,11-06-2025,17.58,Refunded,0
STA-R15025,STA-O13240,14-03-2024,17.64,Paid,0
STA-R13172,STA-O13949,03-04-2024,25.83,Paid,0
STA-R10961,STA-O6405,20-05-2025,15.45,Paid,0
STA-R17901,STA-O7979,27-02-2023,0,Paid,0
STA-R10495,STA-O7112,29-05-2023,11.43,Paid,0
STA-R11300,STA-O5614,01-07-2023,6.06,Refunded,0
STA-R15940,STA-O10937,14-07-2023,4.56,Paid,0
STA-R11412,STA-O10865,14-02-2023,38.58,Refunded,0
STA-R12690,STA-O9706,02-11-2023,48.6,Paid,48.6
STA-R15309,STA-O13811,27-09-2023,71.7,Refunded,0
STA-R9762,STA-O9037,19-03-2023,24.8,Paid,0
STA-R13264,STA-O7423,18-11-2023,5.66,Paid,0
STA-R13715,STA-O8430,19-06-2023,34.72,Paid,34.72
STA-R14660,STA-O12065,27-01-2024,6.18,Paid,0
STA-R9863,STA-O5875,16-04-2025,16.56,Paid,0
STA-R13227,STA-O13418,26-11-2023,5.47,Pending,0
STA-R15965,STA-O8694,01-06-2024,6.08,Paid,0
STA-R16785,STA-O10542,27-06-2024,34.4,Paid,0
STA-R18185,STA-O7846,26-01-2024,16.47,Refunded,0
STA-R10012,STA-O11399,11-11-2023,40.3,Paid,0
STA-R18370,STA-O6736,05-11-2024,25,Paid,0
STA-R13072,STA-O6914,28-06-2025,6.97,Paid,0
STA-R9290,STA-O12110,03-04-2023,29.05,Paid,0
STA-R10105,STA-O5496,29-09-2024,20.44,Paid,20.44
STA-R17166,STA-O7141,28-11-2024,4.76,Refunded,0
STA-R11246,STA-O7494,10-12-2023,9.33,Paid,0
STA-R16080,STA-O7956,12-03-2024,41.46,Paid,0
STA-R18239,STA-O6849,14-08-2024,26.35,Paid,26.35
STA-R9788,STA-O7808,04-08-2025,19.6,Paid,0
STA-R13236,STA-O6287,06-01-2025,47.43,Paid,0
STA-R9484,STA-O8385,15-10-2025,0,Paid,0
STA-R17311,STA-O13697,24-06-2024,57.24,Paid,57.24
STA-R13772,STA-O11391,15-12-2025,49.12,Paid,0
STA-R9286,STA-O9095,10-01-2023,39.7,Paid,0
STA-R17631,STA-O11726,29-04-2025,86.2,Paid,0
STA-R11472,STA-O10627,08-05-2024,14.82,Paid,0
STA-R14084,STA-O9849,01-08-2025,38.9,Paid,38.9
STA-R13960,STA-O8205,06-10-2024,12.54,Paid,12.54
STA-R18223,STA-O13459,04-07-2024,61.1,Paid,0
STA-R11769,STA-O9893,15-03-2024,15.84,Paid,0
STA-R17366,STA-O7242,05-06-2025,0,Pending,0
STA-R9471,STA-O5635,11-02-2023,161.9,Paid,24.13
STA-R14417,STA-O10635,04-06-2023,17.25,Paid,17.25
STA-R16193,STA-O7831,22-12-2024,20.55,Paid,0
STA-R15056,STA-O7319,11-01-2023,66.45,Paid,0
STA-R9964,STA-O12336,24-05-2023,52.72,Paid,24.93
STA-R14345,STA-O13832,23-12-2024,12.63,Paid,12.63
STA-R11020,STA-O6945,05-03-2025,15.6,Paid,0
STA-R14754,STA-O11955,25-08-2024,11.06,Refunded,0
STA-R13503,STA-O10081,13-10-2025,17.4,Paid,0
STA-R12207,STA-O13765,25-08-2023,8.12,Paid,0
STA-R17664,STA-O5928,29-12-2024,27.88,Paid,27.88
STA-R10993,STA-O14232,25-04-2023,3.64,Paid,0
STA-R15381,STA-O8552,05-11-2025,13.74,Refunded,0
STA-R14253,STA-O7842,03-02-2023,10.38,Refunded,0
STA-R10783,STA-O8792,03-02-2023,9.69,Paid,0
STA-R11385,STA-O13573,16-10-2025,22.48,Paid,0
STA-R15332,STA-O6114,21-08-2024,17.84,Paid,0
STA-R16540,STA-O6563,05-08-2025,22.36,Paid,22.36
STA-R15875,STA-O8013,16-06-2024,17.42,Paid,0
STA-R9023,STA-O14774,30-06-2023,6.92,Refunded,3
STA-R14891,STA-O10350,02-07-2023,19.96,Paid,0
STA-R16044,STA-O8064,29-03-2025,19.96,Refunded,0
STA-R17142,STA-O9601,02-04-2025,17.84,Paid,0
STA-R17951,STA-O12781,24-08-2023,24.03,Paid,0
STA-R12636,STA-O14895,23-01-2025,63.8,Paid,0
STA-R12892,STA-O9993,16-11-2023,9.06,Paid,9.06
STA-R16106,STA-O11499,18-03-2023,22.52,Refunded,0
STA-R15853,STA-O11675,17-01-2025,4.65,Paid,0
STA-R14287,STA-O11019,20-10-2023,7.89,Paid,0
STA-R14973,STA-O14460,01-05-2024,12.08,Paid,5.24
STA-R16661,STA-O10105,15-11-2024,10.63,Paid,0
STA-R16768,STA-O13814,27-02-2025,16.89,Paid,0
STA-R9454,STA-O9391,03-02-2024,120.44,Paid,0
STA-R12944,STA-O11084,06-06-2025,6.32,Refunded,0
STA-R14766,STA-O5742,11-10-2025,2.63,Refunded,0
STA-R13194,STA-O13335,03-08-2025,23.1,Paid,0
STA-R10084,STA-O9478,17-11-2024,24.84,Paid,0
STA-R12054,STA-O9630,03-11-2025,28.4,Paid,0
STA-R9754,STA-O10149,26-10-2024,11.76,Paid,0
STA-R10960,STA-O12655,15-02-2025,14.36,Paid,0
STA-R16062,STA-O10358,10-07-2024,18.42,Paid,0
STA-R17424,STA-O9539,13-04-2023,13.47,Paid,0
STA-R9836,STA-O5397,30-04-2023,122.52,Paid,0
STA-R10662,STA-O11730,19-03-2024,0,Paid,11.98
STA-R12501,STA-O10579,08-10-2025,11.2,Paid,0
STA-R11304,STA-O14051,08-03-2023,3.36,Paid,0
STA-R10122,STA-O11848,22-11-2025,17.28,Paid,0
STA-R10583,STA-O9910,05-07-2023,21.7,Paid,0
STA-R10818,STA-O13980,08-07-2024,48.38,Pending,0
STA-R17583,STA-O12332,22-05-2023,22.95,Paid,0
STA-R9060,STA-O12006,05-07-2023,59.32,Paid,0
STA-R14245,STA-O9198,03-08-2025,3.06,Paid,0
STA-R12890,STA-O8785,10-12-2023,23.85,Paid,0
STA-R16303,STA-O13905,11-07-2023,4.22,Paid,4.22
STA-R12776,STA-O14332,08-03-2024,8.05,Paid,0
STA-R12914,STA-O9634,11-03-2024,17.13,Refunded,0
STA-R13012,STA-O14756,13-09-2024,6.89,Paid,6.89
STA-R16761,STA-O14627,18-01-2025,12.36,Paid,12.36
STA-R12302,STA-O9257,17-05-2024,4.41,Paid,0
STA-R12358,STA-O7721,01-07-2025,22.12,Paid,0
STA-R17060,STA-O9477,10-12-2023,22.6,Refunded,0
STA-R16272,STA-O12423,13-07-2024,10.64,Paid,0
STA-R16567,STA-O14519,11-07-2025,15.34,Paid,0
STA-R15529,STA-O14866,10-05-2023,17.88,Paid,0
STA-R11699,STA-O13527,17-12-2025,97.08,Paid,0
STA-R17500,STA-O13565,21-10-2024,20.04,Paid,0
STA-R16153,STA-O6520,26-05-2025,32.4,Refunded,0
STA-R16888,STA-O7736,29-06-2025,14.26,Paid,0
STA-R10671,STA-O14750,13-04-2023,12.72,Paid,0
STA-R14227,STA-O14052,16-05-2023,14.68,Paid,0
STA-R9022,STA-O9126,12-02-2025,18.75,Paid,18.75
STA-R17971,STA-O10098,15-01-2024,16.5,Paid,16.5
STA-R12200,STA-O12176,18-11-2025,13.92,Paid,0
STA-R16114,STA-O5253,31-01-2025,15.25,Paid,0
STA-R15011,STA-O13906,06-01-2024,7.1,Paid,0
STA-R12442,STA-O12397,16-08-2023,13.9,Paid,13.9
STA-R14411,STA-O5323,27-11-2025,77.54,Paid,0
STA-R13275,STA-O7700,15-08-2025,17.49,Paid,0
STA-R11093,STA-O5102,07-01-2024,8.44,Paid,8.44
STA-R17455,STA-O5964,21-12-2023,90.88,Paid,90.88
STA-R13393,STA-O7658,05-12-2023,6.23,Refunded,0
STA-R13043,STA-O6710,02-10-2025,31.83,Paid,0
STA-R10352,STA-O12030,12-11-2024,19.08,Paid,0
STA-R9104,STA-O5216,22-03-2024,25.55,Paid,0
STA-R13686,STA-O5932,11-01-2023,58.52,Paid,58.52
STA-R16101,STA-O13034,09-04-2025,23.32,Paid,0
STA-R15202,STA-O11226,21-09-2023,8.02,Paid,8.02
STA-R11471,STA-O14041,03-05-2025,0,Paid,21.55
STA-R10028,STA-O5419,13-07-2025,4.39,Paid,0
STA-R13349,STA-O11716,18-08-2025,6.33,Paid,0
STA-R11414,STA-O5473,24-01-2023,22.15,Paid,3.37
STA-R17760,STA-O6092,23-03-2023,98.16,Paid,0
STA-R15156,STA-O12387,01-04-2023,26.16,Paid,0
STA-R15308,STA-O13193,21-03-2025,80.64,Paid,0
STA-R12147,STA-O13539,09-08-2023,15.45,Refunded,0
STA-R11528,STA-O14495,07-07-2023,13.88,Paid,0
STA-R14326,STA-O12658,11-08-2023,88.45,Paid,0
STA-R11936,STA-O14040,14-11-2023,12.02,Paid,12.02
STA-R13108,STA-O9493,20-08-2023,8.43,Refunded,0
STA-R14667,STA-O14671,20-06-2025,5.98,Paid,0
STA-R16575,STA-O13611,14-07-2024,18.12,Paid,0
STA-R12181,STA-O10931,13-11-2023,15.14,Refunded,0
STA-R17695,STA-O10999,17-06-2023,0,Paid,0
STA-R17103,STA-O11046,12-03-2023,30.31,Paid,0
STA-R12451,STA-O9974,07-02-2025,27.76,Paid,0
STA-R11946,STA-O12233,12-06-2023,7.11,Paid,0
STA-R18583,STA-O11898,23-11-2025,14.02,Pending,0
STA-R12835,STA-O12723,03-10-2023,29.2,Paid,0
STA-R16181,STA-O13077,02-10-2024,0,Paid,0
STA-R10888,STA-O7021,10-03-2024,34.9,Paid,0
STA-R9480,STA-O7132,01-03-2025,7.31,Paid,0
STA-R14955,STA-O8584,18-03-2023,7.24,Paid,0
STA-R9113,STA-O10249,14-01-2024,12.96,Paid,12.96
STA-R9313,STA-O13451,16-02-2023,14.6,Paid,14.6
STA-R14038,STA-O5808,09-10-2025,36.35,Refunded,0
STA-R13075,STA-O7453,16-11-2023,7.38,Paid,0
STA-R16591,STA-O10045,02-04-2024,18.54,Paid,18.54
STA-R14844,STA-O6136,14-12-2025,28.35,Paid,28.35
STA-R17532,STA-O10632,06-07-2024,16.32,Paid,0
STA-R9186,STA-O7400,12-08-2024,31.92,Paid,0
STA-R16196,STA-O5664,10-07-2023,24.96,Paid,6.05
STA-R9714,STA-O11950,09-01-2023,9.62,Refunded,0
STA-R16470,STA-O10762,14-05-2024,24.65,Paid,0
STA-R11953,STA-O14608,21-09-2023,4.08,Paid,0
STA-R13711,STA-O13844,10-11-2025,24.45,Paid,0
STA-R17250,STA-O8594,18-06-2023,158.4,Paid,0
STA-R14732,STA-O9016,24-07-2024,47.3,Paid,47.3
STA-R14505,STA-O13643,14-07-2024,29.95,Paid,0
STA-R9047,STA-O12556,25-08-2025,16.71,Paid,16.71
STA-R18315,STA-O13046,26-04-2025,13.98,Paid,0
STA-R15638,STA-O8927,29-01-2025,62.79,Refunded,0
STA-R12169,STA-O7620,01-03-2024,58.36,Refunded,0
STA-R10542,STA-O10771,24-09-2024,13.44,Paid,0
STA-R15363,STA-O5156,11-06-2024,43.78,Paid,0
STA-R14986,STA-O5274,03-08-2025,11.8,Refunded,0
STA-R13026,STA-O5661,10-12-2024,3.74,Refunded,0
STA-R18500,STA-O9985,11-11-2025,17.1,Refunded,0
STA-R14142,STA-O5667,01-07-2025,12.84,Paid,0
STA-R18272,STA-O10313,10-09-2025,12.45,Paid,12.45
STA-R13928,STA-O8339,11-01-2023,6.76,Paid,0
STA-R16570,STA-O9231,11-04-2024,91.05,Paid,0
STA-R17076,STA-O14155,10-12-2023,0,Paid,124.36
STA-R16890,STA-O9086,12-09-2023,47.4,Paid,0
STA-R10525,STA-O12325,30-04-2024,15.35,Paid,0
STA-R13242,STA-O5604,23-11-2024,5.41,Paid,0
STA-R11453,STA-O7840,24-02-2023,34.35,Paid,0
STA-R18104,STA-O12410,09-05-2024,4.43,Refunded,0
STA-R9880,STA-O12674,28-01-2024,16.79,Paid,0
STA-R10051,STA-O12701,01-08-2024,26.75,Paid,0
STA-R13073,STA-O6646,04-11-2023,12.32,Paid,0
STA-R12537,STA-O6307,06-11-2023,84,Paid,0
STA-R16143,STA-O14628,20-12-2023,0,Paid,0
STA-R10521,STA-O12835,04-08-2025,0,Paid,0
STA-R17677,STA-O14854,30-04-2024,44.94,Paid,0
STA-R13815,STA-O13220,07-01-2025,17.74,Paid,17.74
STA-R17737,STA-O12292,07-03-2024,23.24,Paid,0
STA-R13875,STA-O9311,01-02-2024,71.58,Paid,0
STA-R11993,STA-O8833,13-02-2024,24.45,Paid,0
STA-R10703,STA-O7546,04-02-2023,58.85,Refunded,0
STA-R18544,STA-O13348,15-04-2025,18.45,Paid,0
STA-R10598,STA-O11031,29-06-2024,55.28,Refunded,0
STA-R10472,STA-O12907,20-09-2023,24.44,Paid,0
STA-R12427,STA-O6508,06-07-2023,10.78,Paid,0
STA-R12676,STA-O11258,12-05-2023,16.36,Paid,0
STA-R13280,STA-O14399,03-12-2023,41.2,Paid,41.2
STA-R9747,STA-O9323,02-03-2025,14.32,Paid,0
STA-R11729,STA-O8469,15-07-2024,11.94,Paid,11.94
STA-R11355,STA-O6683,27-11-2023,31.26,Refunded,0
STA-R10082,STA-O8210,06-01-2023,14.8,Refunded,0
STA-R9846,STA-O7036,26-07-2023,5.28,Paid,0
STA-R16151,STA-O14678,07-01-2025,15.96,Paid,0
STA-R18361,STA-O5271,11-08-2023,6.29,Paid,0
STA-R14943,STA-O11939,10-05-2025,10.23,Paid,0
STA-R10826,STA-O9538,13-11-2025,36.31,Paid,0
STA-R10001,STA-O8095,29-12-2025,28.68,Refunded,0
STA-R15946,STA-O10932,09-06-2023,5.02,Paid,0
STA-R18328,STA-O5077,19-10-2023,35.37,Paid,0
STA-R9899,STA-O6463,11-10-2025,81,Refunded,0
STA-R16998,STA-O6901,27-09-2025,14.52,Paid,0
STA-R17393,STA-O9718,26-11-2024,21.92,Paid,8.32
STA-R15112,STA-O8348,31-12-2024,27.45,Paid,0
STA-R10969,STA-O11627,15-06-2024,80.52,Paid,80.52
STA-R9192,STA-O9156,01-03-2025,44.66,Paid,44.66
STA-R9153,STA-O13430,22-04-2025,12.36,Paid,0
STA-R16728,STA-O10557,03-05-2025,118.77,Refunded,0
STA-R12527,STA-O5621,30-11-2025,14.72,Paid,0
STA-R16846,STA-O9502,25-03-2024,23.13,Paid,0
STA-R10355,STA-O9172,23-09-2023,22.12,Paid,0
STA-R11855,STA-O14389,26-02-2023,20.48,Paid,0
STA-R12448,STA-O12447,04-11-2025,5.37,Paid,0
STA-R16166,STA-O13633,28-12-2025,9.66,Refunded,0
STA-R9916,STA-O5780,14-10-2024,23.48,Refunded,0
STA-R9093,STA-O7949,04-03-2024,63.96,Paid,0
STA-R10254,STA-O6752,09-10-2024,23.7,Refunded,0
STA-R17264,STA-O8461,06-03-2023,8.59,Paid,0
STA-R14507,STA-O6943,19-03-2025,103.02,Paid,0
STA-R14785,STA-O6767,21-03-2024,22.28,Paid,0
STA-R9715,STA-O14782,26-08-2023,10.78,Pending,0
STA-R11668,STA-O6222,04-07-2025,22.29,Paid,0
STA-R18318,STA-O11286,23-11-2024,4.06,Paid,0
STA-R16764,STA-O12265,10-11-2024,21.55,Paid,0
STA-R17056,STA-O7406,03-08-2025,2.3,Paid,0
STA-R15072,STA-O11765,21-03-2025,27.65,Paid,0
STA-R17339,STA-O10852,29-01-2024,4.42,Refunded,0
STA-R15829,STA-O5669,07-12-2024,144.68,Paid,0
STA-R18206,STA-O12095,11-02-2024,13.35,Paid,0
STA-R16916,STA-O14733,18-08-2023,14.04,Pending,1.71
STA-R11713,STA-O12210,29-11-2024,16.74,Paid,16.74
STA-R15405,STA-O7014,04-08-2024,5.38,Paid,0
STA-R16330,STA-O12950,20-11-2024,19.53,Paid,0
STA-R13204,STA-O9571,21-05-2023,32.22,Paid,32.22
STA-R15858,STA-O14657,12-03-2025,36.65,Refunded,0
STA-R15746,STA-O14564,05-06-2024,18.32,Refunded,0
STA-R17986,STA-O13299,17-05-2023,7.29,Paid,0
STA-R12872,STA-O13292,18-02-2024,30.6,Paid,0
STA-R9097,STA-O10484,28-11-2025,9.6,Paid,9.6
STA-R13027,STA-O7505,05-09-2025,90.15,Refunded,0
STA-R12019,STA-O8881,26-01-2023,17.46,Paid,17.46
STA-R9885,STA-O13827,13-05-2023,6.89,Paid,0
STA-R16022,STA-O14722,27-02-2024,22.06,Refunded,0
STA-R14011,STA-O6118,06-08-2023,14.7,Paid,0
STA-R17549,STA-O5429,20-12-2023,3.99,Paid,0
STA-R13352,STA-O6030,12-01-2024,31.05,Paid,0
STA-R15560,STA-O9921,14-07-2024,16.44,Paid,16.44
STA-R14430,STA-O9061,27-07-2024,8.68,Paid,0
STA-R17605,STA-O12404,23-12-2023,5.93,Refunded,0
STA-R13137,STA-O10674,17-05-2023,62.49,Refunded,0
STA-R14197,STA-O13267,08-04-2025,6.62,Paid,0
STA-R12994,STA-O7655,06-05-2025,17.3,Pending,0
STA-R11241,STA-O8763,22-09-2025,12.81,Paid,0
STA-R12743,STA-O7223,27-04-2024,15.24,Paid,0
STA-R16669,STA-O14199,19-09-2023,25.44,Paid,0
STA-R16111,STA-O8132,13-11-2024,20.32,Refunded,0
STA-R12563,STA-O8354,02-10-2023,8.18,Refunded,0
STA-R16475,STA-O13375,22-03-2025,0,Paid,0
STA-R13931,STA-O6336,13-03-2024,13.36,Paid,0
STA-R9598,STA-O13372,07-06-2025,38.63,Paid,38.63
STA-R14999,STA-O6513,18-02-2025,21.12,Pending,0
STA-R18525,STA-O8471,03-08-2025,26.52,Paid,0
STA-R16349,STA-O7912,15-04-2023,15.48,Paid,0
STA-R11251,STA-O12097,04-03-2025,4.45,Paid,0
STA-R13109,STA-O6723,31-01-2025,8.4,Paid,0
STA-R9295,STA-O9879,24-07-2025,24.25,Paid,0
STA-R13858,STA-O5555,10-02-2023,21.3,Paid,0
STA-R17131,STA-O8139,03-02-2023,23.32,Paid,0
STA-R13542,STA-O5395,28-02-2023,59.43,Paid,0
STA-R18345,STA-O5255,07-11-2025,6.5,Refunded,0
STA-R17203,STA-O10415,01-12-2025,176,Paid,0
STA-R13112,STA-O11006,13-07-2025,6.91,Paid,6.91
STA-R16843,STA-O6872,10-05-2024,51.12,Paid,15.22
STA-R16369,STA-O13124,18-08-2024,8.8,Paid,0
STA-R16178,STA-O14670,13-12-2023,27.64,Refunded,0
STA-R16892,STA-O13109,02-07-2024,25.76,Paid,0
STA-R17758,STA-O12622,16-04-2024,36.85,Paid,0
STA-R17329,STA-O9806,20-02-2023,30.35,Paid,0
STA-R16458,STA-O10519,07-04-2025,21.6,Paid,0
STA-R18295,STA-O14307,25-08-2025,7.24,Paid,7.24
STA-R13323,STA-O7059,20-03-2023,28.35,Refunded,0
STA-R11960,STA-O6140,23-11-2025,54.72,Paid,0
STA-R11449,STA-O9378,19-04-2024,0,Paid,0
STA-R14603,STA-O8030,14-01-2023,101.19,Paid,0
STA-R10071,STA-O12068,13-03-2025,79.56,Paid,0
STA-R12353,STA-O8075,16-04-2023,28.32,Paid,28.32
STA-R14713,STA-O8699,19-07-2025,45.12,Refunded,0
STA-R13997,STA-O7335,23-02-2023,7.63,Paid,7.63
STA-R12579,STA-O14835,20-08-2023,16.9,Refunded,0
STA-R16850,STA-O12635,10-07-2024,18.16,Paid,0
STA-R16412,STA-O6306,26-01-2024,12.48,Paid,0
STA-R18219,STA-O8975,19-02-2024,69.36,Refunded,0
STA-R18379,STA-O14673,02-12-2025,21.68,Paid,0
STA-R9545,STA-O9755,26-03-2023,112.4,Refunded,0
STA-R18334,STA-O5095,15-05-2023,20.58,Refunded,0
STA-R14528,STA-O10195,03-08-2023,19.17,Paid,0
STA-R15288,STA-O14262,16-10-2023,15.75,Paid,0
STA-R10985,STA-O10843,20-06-2025,10.26,Refunded,0
STA-R17141,STA-O5775,24-10-2024,24,Paid,0
STA-R13486,STA-O5918,08-02-2024,15.18,Paid,2.3
STA-R18619,STA-O11007,11-11-2023,15.05,Paid,0
STA-R17364,STA-O9779,29-03-2023,7.8,Paid,0
STA-R17062,STA-O14176,27-11-2023,40.02,Refunded,0
STA-R16804,STA-O14386,06-12-2024,15.92,Paid,0
STA-R18600,STA-O11055,08-03-2024,0,Paid,0
STA-R14177,STA-O8287,07-12-2025,73.14,Refunded,0
STA-R12460,STA-O12148,30-04-2025,53.64,Paid,53.64
STA-R15376,STA-O6667,18-11-2023,25.84,Paid,25.84
STA-R12391,STA-O6609,10-02-2023,3.11,Paid,0
STA-R11634,STA-O12604,31-01-2024,34.45,Refunded,0
STA-R11299,STA-O7603,26-08-2024,0,Paid,0
STA-R9343,STA-O14184,28-07-2023,28.92,Pending,0
STA-R9609,STA-O10963,25-04-2024,16.74,Paid,16.74
STA-R17258,STA-O6772,28-12-2023,51.64,Refunded,0
STA-R16152,STA-O6006,07-06-2025,53.4,Refunded,0
STA-R14998,STA-O11446,25-09-2023,26.7,Paid,0
STA-R13886,STA-O8986,10-07-2023,16.76,Pending,0
STA-R13801,STA-O6853,26-11-2024,8.32,Paid,0
STA-R15239,STA-O14514,14-11-2025,31.36,Paid,31.36
STA-R9505,STA-O13601,21-08-2025,5.36,Refunded,0
STA-R12980,STA-O5113,11-01-2025,20.96,Paid,0
STA-R15866,STA-O9371,10-07-2023,50.4,Refunded,0
STA-R9822,STA-O8856,05-11-2024,36.45,Paid,9.62
STA-R16848,STA-O7600,28-04-2023,15.58,Paid,0
STA-R18150,STA-O5373,09-04-2025,15.57,Paid,0
STA-R10191,STA-O6694,21-11-2023,38.15,Paid,0
STA-R9148,STA-O6195,30-11-2024,7.03,Paid,0
STA-R10471,STA-O14380,07-08-2023,34.12,Paid,34.12
STA-R12420,STA-O12684,23-04-2024,15.81,Paid,0
STA-R17792,STA-O13085,29-12-2025,16.88,Paid,0
STA-R11555,STA-O12854,15-10-2025,6.11,Paid,0
STA-R10982,STA-O8613,12-08-2025,39.4,Refunded,0
STA-R13852,STA-O6087,13-05-2024,36.2,Paid,0
STA-R10514,STA-O14148,07-09-2025,50.35,Paid,0
STA-R11487,STA-O9052,28-02-2024,12.47,Refunded,0
STA-R15135,STA-O11597,31-08-2024,5.44,Paid,0
STA-R15269,STA-O7375,04-03-2025,8.2,Paid,0
STA-R10661,STA-O14443,30-10-2024,10.04,Paid,0
STA-R17652,STA-O6391,27-12-2025,13,Refunded,0
STA-R11905,STA-O8589,22-02-2023,105.2,Pending,0
STA-R14122,STA-O12641,14-08-2024,25.86,Paid,0
STA-R18613,STA-O13399,15-06-2025,30.08,Paid,0
STA-R17505,STA-O10323,16-04-2024,32.05,Paid,0
STA-R17586,STA-O8006,01-08-2023,7.42,Paid,0
STA-R18339,STA-O5924,10-05-2025,50.07,Paid,0
STA-R18378,STA-O7273,22-05-2023,67.36,Refunded,0
STA-R14068,STA-O9119,30-01-2024,33.32,Paid,0
STA-R16774,STA-O7875,07-12-2024,5.61,Refunded,0
STA-R10627,STA-O13599,08-06-2024,24.57,Paid,0
STA-R13709,STA-O12092,28-11-2025,121.95,Paid,121.95
STA-R12075,STA-O8227,06-01-2024,13.78,Paid,0
STA-R10462,STA-O8818,27-04-2023,136.4,Pending,0
STA-R16865,STA-O12937,15-09-2023,22.05,Refunded,0
STA-R10463,STA-O7311,19-02-2023,49,Paid,0
STA-R13853,STA-O7082,29-07-2025,27.7,Refunded,0
STA-R14372,STA-O13234,19-10-2025,16.8,Paid,16.8
STA-R13342,STA-O10917,03-11-2024,86.4,Paid,0
STA-R13476,STA-O11303,30-11-2025,12.8,Paid,0
STA-R12423,STA-O14986,31-12-2023,13.86,Paid,13.86
STA-R15511,STA-O13812,05-05-2025,3.55,Paid,0
STA-R17001,STA-O13534,28-04-2024,82.98,Paid,82.98
STA-R13367,STA-O11992,12-04-2023,32.35,Paid,0
STA-R12843,STA-O12515,19-01-2025,0,Refunded,0
STA-R17379,STA-O13207,07-01-2024,153.52,Paid,0
STA-R12520,STA-O8824,21-09-2024,28.64,Paid,0
STA-R17209,STA-O14567,05-01-2023,23.8,Paid,0
STA-R18543,STA-O14725,25-07-2023,11.92,Refunded,0
STA-R9302,STA-O14827,15-10-2025,0,Paid,9
STA-R12389,STA-O5992,30-09-2025,8.38,Paid,8.38
STA-R10659,STA-O13807,22-11-2025,0,Paid,0
STA-R10505,STA-O7206,19-06-2024,15.12,Paid,0
STA-R10077,STA-O14536,02-11-2025,4.68,Paid,0
STA-R10416,STA-O12551,10-02-2023,35.8,Paid,35.8
STA-R12263,STA-O8457,21-07-2025,7.04,Paid,0
STA-R13330,STA-O11359,21-04-2025,127.32,Paid,0
STA-R11044,STA-O6083,16-12-2023,36.9,Paid,0
STA-R16074,STA-O9320,15-11-2023,15.6,Paid,0
STA-R18541,STA-O9331,11-01-2025,10.41,Paid,0
STA-R15847,STA-O9354,28-03-2024,22.8,Paid,0
STA-R15210,STA-O8847,01-01-2025,9.68,Paid,0
STA-R9429,STA-O8828,28-01-2024,14.86,Paid,0
STA-R14646,STA-O8392,27-02-2025,10.8,Paid,10.8
STA-R14031,STA-O12904,15-01-2025,4.9,Paid,0
STA-R18035,STA-O5606,20-07-2024,24.45,Paid,0
STA-R11464,STA-O7460,20-06-2023,5.49,Paid,5.49
STA-R10476,STA-O8286,24-02-2023,6.92,Paid,0
STA-R18352,STA-O12104,15-12-2023,122.65,Paid,0
STA-R14436,STA-O14611,27-08-2024,37.95,Paid,0
STA-R15498,STA-O11104,24-06-2023,16.9,Paid,16.9
STA-R9857,STA-O7977,16-10-2023,6.81,Paid,0
STA-R13233,STA-O14191,08-05-2024,12.44,Paid,0
STA-R13642,STA-O12446,11-05-2025,8.01,Paid,0
STA-R15114,STA-O14633,18-06-2025,45.5,Paid,0
STA-R12832,STA-O6512,07-11-2024,13.24,Paid,0
STA-R14935,STA-O12769,06-12-2025,102.8,Paid,102.8
STA-R13042,STA-O14935,08-04-2024,12.76,Paid,0
STA-R12902,STA-O12919,24-10-2025,15.3,Paid,0
STA-R16791,STA-O13318,20-03-2024,38,Pending,0
STA-R16605,STA-O9558,15-04-2025,5.92,Paid,0
STA-R14289,STA-O13741,30-10-2024,32.35,Paid,32.35
STA-R14859,STA-O13431,12-09-2023,23.9,Refunded,0
STA-R9231,STA-O14683,13-08-2024,11.35,Paid,0
STA-R12996,STA-O7933,05-06-2023,176.9,Paid,0
STA-R12632,STA-O11265,27-03-2023,30.9,Paid,30.9
STA-R14403,STA-O9836,01-04-2025,7.56,Paid,7.56
STA-R12252,STA-O8343,04-11-2025,15.78,Refunded,0
STA-R15885,STA-O5150,17-02-2024,30,Paid,0
STA-R10422,STA-O5086,12-09-2024,24.63,Pending,0
STA-R11022,STA-O12288,03-06-2024,26.94,Paid,26.94
STA-R17880,STA-O12069,14-09-2023,14.38,Paid,0
STA-R18344,STA-O9618,22-03-2025,20.7,Paid,0
STA-R10517,STA-O12933,22-04-2024,5.34,Pending,0
STA-R10990,STA-O13994,21-12-2024,6.82,Paid,0
STA-R9077,STA-O9925,01-04-2023,10.74,Paid,10.74
STA-R15612,STA-O12067,05-03-2025,123.7,Paid,0
STA-R16284,STA-O6009,01-07-2025,10.2,Paid,0
STA-R14256,STA-O9856,28-04-2024,18.84,Paid,18.84
STA-R16818,STA-O5067,05-04-2025,4.69,Paid,0
STA-R16971,STA-O6365,14-05-2025,21.48,Paid,0
STA-R14020,STA-O11644,24-12-2025,33.99,Paid,0
STA-R17808,STA-O11582,20-08-2024,8.7,Paid,0
STA-R10608,STA-O12750,12-02-2024,15.66,Paid,0
STA-R12213,STA-O12519,09-02-2023,25.7,Refunded,0
STA-R15023,STA-O9786,25-08-2024,19.77,Paid,0
STA-R9025,STA-O7035,22-07-2024,72.32,Paid,29.16
STA-R14343,STA-O10439,21-07-2025,31.28,Paid,0
STA-R17283,STA-O14033,21-02-2023,124.68,Paid,0
STA-R16699,STA-O7110,13-07-2025,11.88,Paid,0
STA-R11032,STA-O12721,04-05-2023,0,Pending,0
STA-R9511,STA-O13636,02-06-2024,12.2,Paid,0
STA-R10641,STA-O5302,07-07-2025,5.73,Paid,0
STA-R15518,STA-O7628,22-02-2025,10.92,Paid,10.92
STA-R11496,STA-O5197,31-01-2025,55.76,Paid,0
STA-R14952,STA-O9696,28-12-2023,12.87,Pending,0
STA-R17856,STA-O6627,08-01-2024,88.2,Paid,0
STA-R18483,STA-O6043,04-03-2024,19.15,Paid,0
STA-R16546,STA-O8950,26-10-2023,7.11,Paid,0
STA-R17902,STA-O11161,12-07-2024,11.84,Refunded,0
STA-R16179,STA-O5160,03-06-2023,18.57,Paid,0
STA-R18485,STA-O5745,02-01-2025,7.54,Paid,0
STA-R10944,STA-O14631,02-07-2025,23.4,Paid,7.03
STA-R13597,STA-O13260,23-05-2025,49.9,Paid,0
STA-R13285,STA-O7223,27-04-2024,15.24,Paid,0
STA-R16098,STA-O7296,28-02-2024,0,Paid,1.35
STA-R11388,STA-O6000,28-09-2025,36.7,Paid,36.7
STA-R15637,STA-O10723,20-05-2024,3.77,Paid,0
STA-R13872,STA-O13089,13-11-2025,58.44,Paid,0
STA-R15721,STA-O12555,11-01-2024,65.64,Paid,0
STA-R10221,STA-O5762,14-10-2023,0,Paid,0
STA-R16703,STA-O14419,07-11-2025,7.54,Paid,0
STA-R11257,STA-O5245,30-06-2025,5.33,Refunded,0
STA-R14500,STA-O10094,17-03-2023,71.58,Paid,71.58
STA-R11847,STA-O10978,23-09-2023,9.44,Paid,9.44
STA-R11340,STA-O9487,25-05-2025,20.3,Paid,20.3
STA-R16856,STA-O14091,13-06-2025,44.01,Pending,0
STA-R16060,STA-O13572,27-10-2024,16.53,Paid,0
STA-R10319,STA-O13032,17-12-2024,26.94,Paid,0
STA-R17271,STA-O8405,29-11-2024,36.84,Paid,0
STA-R9782,STA-O8620,21-03-2023,0,Pending,0
STA-R10900,STA-O12768,19-09-2024,14.28,Paid,0
STA-R9573,STA-O10274,18-09-2025,74.7,Paid,0
STA-R14013,STA-O11450,05-01-2024,5.11,Paid,0
STA-R13644,STA-O9441,27-12-2024,7.72,Paid,0
STA-R16511,STA-O9498,09-06-2025,8.28,Paid,8.28
STA-R15790,STA-O7337,15-01-2024,24.9,Paid,0
STA-R12626,STA-O9355,19-11-2025,59.24,Paid,0
STA-R10241,STA-O8633,12-03-2024,9.7,Paid,0
STA-R9996,STA-O14072,02-04-2025,7.8,Refunded,0
STA-R17588,STA-O5887,18-08-2025,20.49,Paid,0
STA-R11958,STA-O11207,21-09-2023,7.45,Paid,0
STA-R15636,STA-O8076,17-03-2023,14.04,Pending,0
STA-R13474,STA-O11439,11-06-2023,37.7,Paid,0
STA-R9169,STA-O12251,06-02-2023,23.72,Paid,23.72
STA-R11593,STA-O9258,26-09-2025,26.88,Paid,0
STA-R18280,STA-O14499,29-01-2024,16.11,Paid,16.11
STA-R16392,STA-O10501,01-07-2023,124,Paid,0
STA-R18467,STA-O14837,27-06-2023,33.32,Paid,0
STA-R14956,STA-O12817,14-02-2025,25.01,Paid,0
STA-R17353,STA-O11204,11-09-2023,31.68,Paid,0
STA-R14035,STA-O14911,09-05-2024,28.7,Paid,0
STA-R11767,STA-O7077,21-03-2025,28.1,Paid,0
STA-R11207,STA-O8544,13-04-2025,17.27,Paid,0
STA-R9096,STA-O7780,18-02-2023,20.36,Paid,0
STA-R9911,STA-O10146,29-06-2023,6.49,Paid,0
STA-R10950,STA-O9062,15-01-2023,33.9,Refunded,0
STA-R10720,STA-O5870,25-02-2024,7.2,Paid,0
STA-R9831,STA-O7321,05-11-2023,24.84,Pending,0
STA-R13221,STA-O11492,16-02-2024,106.15,Paid,106.15
STA-R16444,STA-O6664,24-10-2023,23.6,Paid,0
STA-R10582,STA-O12126,26-02-2023,30.04,Paid,0
STA-R11406,STA-O5116,22-09-2025,5.55,Paid,0
STA-R12815,STA-O12766,11-12-2025,27.55,Paid,0
STA-R17510,STA-O11002,16-01-2023,21.78,Paid,0
STA-R14225,STA-O9764,18-02-2023,87.15,Paid,0
STA-R12710,STA-O5023,21-03-2023,126.68,Paid,0
STA-R11458,STA-O14663,23-02-2024,18.94,Paid,0
STA-R11629,STA-O11064,16-04-2025,55.8,Paid,0
STA-R10414,STA-O12816,01-04-2025,13.32,Paid,0
STA-R12750,STA-O9631,24-03-2023,3.41,Paid,0
STA-R17282,STA-O12505,06-08-2025,7.33,Paid,7.33
STA-R17755,STA-O9140,25-03-2025,3.34,Paid,0
STA-R15806,STA-O13491,21-08-2024,7.3,Paid,7.3
STA-R10682,STA-O12178,26-12-2023,121.45,Paid,0
STA-R17654,STA-O10730,10-05-2024,15.38,Paid,0
STA-R18313,STA-O11444,17-09-2024,25.31,Paid,0
STA-R15325,STA-O11676,10-03-2024,8.78,Paid,0
STA-R18364,STA-O7476,09-02-2024,17.86,Paid,0
STA-R13893,STA-O13685,25-09-2023,101.22,Paid,0
STA-R13062,STA-O14908,29-05-2024,28.7,Paid,0
STA-R11350,STA-O7067,21-04-2024,24.51,Paid,0
STA-R10205,STA-O13467,13-02-2025,9.69,Paid,0
STA-R13067,STA-O13748,27-08-2024,4.9,Paid,0
STA-R10787,STA-O13866,15-01-2025,0,Paid,0
STA-R16206,STA-O6842,07-06-2024,49.16,Paid,0
STA-R14807,STA-O8799,07-11-2023,25.05,Paid,0
STA-R11929,STA-O12009,16-10-2025,95.4,Paid,0
STA-R15607,STA-O12676,28-08-2023,38.66,Paid,38.66
STA-R10197,STA-O13187,24-07-2025,12.6,Paid,0
STA-R14111,STA-O7810,25-08-2023,10.54,Paid,10.54
STA-R9183,STA-O8318,13-08-2024,26.88,Paid,0
STA-R17331,STA-O5510,02-03-2025,28.99,Refunded,0
STA-R15593,STA-O8411,16-10-2025,13.6,Paid,0
STA-R13705,STA-O9968,22-02-2023,20.98,Paid,0
STA-R12954,STA-O8504,15-02-2024,28.5,Paid,0
STA-R15048,STA-O11551,11-07-2025,23.8,Paid,0
STA-R13117,STA-O14134,18-11-2024,32.6,Paid,0
STA-R12049,STA-O8008,05-06-2025,22.36,Pending,0
STA-R18234,STA-O11625,13-09-2025,6.94,Paid,0
STA-R15509,STA-O8005,03-04-2023,91.65,Paid,0
STA-R9683,STA-O11957,17-02-2024,61.56,Paid,0
STA-R14737,STA-O9340,26-02-2024,4.43,Paid,4.43
STA-R10327,STA-O12938,28-01-2025,25.75,Paid,25.75
STA-R11600,STA-O11120,27-12-2023,105.85,Paid,105.85
STA-R16245,STA-O12553,17-07-2023,15.76,Pending,0
STA-R9527,STA-O11338,10-01-2024,20.49,Paid,0
STA-R17444,STA-O13656,04-02-2025,9.08,Paid,0
STA-R17738,STA-O10169,29-06-2024,13.1,Paid,0
STA-R10407,STA-O5205,12-10-2024,19.16,Paid,0
STA-R10184,STA-O6437,19-05-2024,94.2,Paid,0
STA-R10183,STA-O14456,12-05-2024,43.8,Pending,0
STA-R14093,STA-O5556,20-07-2023,5.96,Pending,0
STA-R9771,STA-O10231,19-08-2025,78.6,Paid,0
STA-R16614,STA-O14857,07-06-2024,4.97,Refunded,0
STA-R15450,STA-O9265,25-06-2024,22.08,Paid,0
STA-R15279,STA-O6626,21-02-2023,5.53,Refunded,0
STA-R10744,STA-O7640,06-04-2024,4.17,Pending,0
STA-R9970,STA-O9937,09-12-2024,80.75,Pending,0
STA-R12429,STA-O11718,04-09-2024,45.16,Paid,45.16
STA-R14047,STA-O8397,25-03-2023,21.8,Paid,0
STA-R15330,STA-O12898,22-09-2023,3.54,Paid,0
STA-R13504,STA-O8056,13-01-2024,11.3,Refunded,0
STA-R15295,STA-O8172,03-07-2024,32.68,Paid,0
STA-R14868,STA-O6372,29-05-2025,8.76,Paid,0
STA-R11422,STA-O9651,10-03-2024,12.72,Paid,12.72
STA-R9212,STA-O11375,26-11-2025,9.56,Paid,0
STA-R15757,STA-O9425,07-05-2024,21.72,Pending,0
STA-R11935,STA-O7847,25-10-2024,33.35,Paid,0
STA-R12027,STA-O8650,01-06-2023,43.3,Pending,0
STA-R14716,STA-O11078,25-07-2025,18.72,Paid,18.72
STA-R9869,STA-O7756,11-12-2023,25.72,Paid,0
STA-R16319,STA-O6818,14-03-2024,13.48,Paid,0
STA-R12366,STA-O8369,09-06-2023,4.85,Paid,0
STA-R15126,STA-O12094,28-03-2023,15.55,Refunded,0
STA-R16401,STA-O11382,23-03-2023,25.8,Paid,0
STA-R17161,STA-O10831,30-03-2025,44.01,Paid,0
STA-R16671,STA-O6653,19-02-2023,0,Paid,9.09
STA-R16316,STA-O10602,13-09-2024,22.5,Paid,0
STA-R9156,STA-O11737,21-06-2023,12.84,Paid,0
STA-R10180,STA-O11650,01-01-2024,7.56,Paid,7.56
STA-R17257,STA-O10682,30-07-2023,94.35,Paid,0
STA-R11201,STA-O9000,13-03-2023,21.68,Paid,0
STA-R14898,STA-O11164,12-04-2025,18,Paid,0
STA-R10145,STA-O5269,14-08-2023,20.08,Paid,0
STA-R15944,STA-O12834,07-07-2023,60.15,Paid,0
STA-R18055,STA-O13630,18-05-2024,137.52,Paid,0
STA-R14271,STA-O14767,18-01-2023,27.64,Paid,0
STA-R9161,STA-O8844,25-11-2025,41.65,Paid,0
STA-R10683,STA-O10626,13-06-2023,0,Refunded,0
STA-R16103,STA-O5657,05-06-2023,19.95,Paid,0
STA-R10806,STA-O13196,20-06-2025,19.8,Pending,0
STA-R16024,STA-O8206,04-07-2024,15.05,Paid,0
STA-R12084,STA-O6490,07-12-2025,5.84,Paid,0
STA-R13084,STA-O6868,04-03-2025,23.56,Paid,23.56
STA-R14323,STA-O8843,11-08-2024,5.25,Refunded,0
STA-R12301,STA-O11250,07-05-2023,16.6,Paid,0
STA-R9797,STA-O9209,15-08-2023,28.16,Paid,0
STA-R13977,STA-O6898,21-08-2023,22.8,Paid,0
STA-R18163,STA-O10436,13-02-2023,20.1,Refunded,0
STA-R11945,STA-O5388,03-06-2023,10.7,Paid,0
STA-R10523,STA-O8834,31-07-2025,9.2,Paid,0
STA-R16579,STA-O9214,10-09-2023,19.71,Refunded,0
STA-R9701,STA-O6241,20-11-2023,12.84,Paid,0
STA-R15994,STA-O8007,21-03-2025,8.26,Paid,0
STA-R11792,STA-O9715,06-06-2024,16.86,Pending,0
STA-R11499,STA-O11342,17-07-2023,9.16,Paid,0
STA-R9422,STA-O9057,04-06-2023,0,Paid,169.55
STA-R16808,STA-O12462,25-02-2024,62.24,Paid,0
STA-R10822,STA-O12657,24-11-2023,27.24,Paid,0
STA-R11693,STA-O14439,30-04-2025,32.94,Paid,32.94
STA-R15564,STA-O9954,22-09-2025,0,Pending,0
STA-R13373,STA-O7465,04-01-2025,4.7,Paid,0
STA-R16871,STA-O7065,05-08-2023,17.86,Paid,0
STA-R10169,STA-O14490,25-09-2024,7.54,Paid,0
STA-R13723,STA-O8361,07-10-2025,5.74,Paid,0
STA-R13100,STA-O6444,09-02-2025,32.92,Paid,0
STA-R17761,STA-O14668,25-08-2024,18.48,Refunded,0
STA-R17809,STA-O5191,25-11-2025,8.72,Pending,0
STA-R17817,STA-O11979,07-11-2023,16.04,Paid,0
STA-R18580,STA-O11224,15-08-2024,14.43,Paid,3.52
STA-R13023,STA-O5171,28-01-2025,20.12,Paid,0
STA-R17014,STA-O11800,29-12-2024,25.23,Paid,0
STA-R14029,STA-O11011,15-04-2025,19.38,Paid,0
STA-R9229,STA-O13649,13-01-2023,58.71,Paid,58.71
STA-R16677,STA-O9973,23-03-2024,6.35,Paid,0
STA-R15832,STA-O8263,02-07-2025,0,Paid,0
STA-R9774,STA-O8344,07-12-2025,7.32,Refunded,0
STA-R13633,STA-O9812,24-02-2025,55.7,Refunded,0
STA-R14082,STA-O5710,15-10-2024,13.72,Paid,0
STA-R12351,STA-O8317,12-10-2024,16.92,Paid,7.85
STA-R18472,STA-O9550,01-09-2024,89.16,Refunded,0
STA-R12119,STA-O6941,07-06-2025,26.96,Refunded,0
STA-R12328,STA-O10063,23-05-2024,17.38,Refunded,0
STA-R10892,STA-O13613,11-11-2025,34.65,Paid,34.65
STA-R12459,STA-O12469,11-11-2025,25.15,Paid,0
STA-R12471,STA-O10746,27-04-2025,5.09,Paid,0
STA-R10726,STA-O7172,02-03-2024,15.51,Paid,15.51
STA-R12125,STA-O10458,20-01-2023,6.4,Paid,1.77
STA-R15182,STA-O11159,28-06-2023,11.96,Paid,11.96
STA-R16869,STA-O5317,31-12-2024,26.96,Paid,0
STA-R16457,STA-O13031,04-05-2024,13.2,Paid,0
STA-R10135,STA-O6164,20-05-2024,109.65,Refunded,0
STA-R15921,STA-O10807,25-08-2023,4.68,Paid,0
STA-R15095,STA-O11124,01-12-2024,44.1,Paid,44.1
STA-R11222,STA-O7266,25-12-2024,20.76,Paid,0
STA-R17869,STA-O8350,09-01-2025,16.76,Paid,0
STA-R14404,STA-O5691,19-05-2025,21.4,Paid,0
STA-R18147,STA-O6046,27-09-2025,27.2,Paid,0
STA-R11787,STA-O5912,31-07-2023,16.62,Paid,0
STA-R16138,STA-O7688,18-07-2023,115.75,Paid,0
STA-R17689,STA-O13517,17-04-2023,27.08,Paid,0
STA-R17163,STA-O6291,02-06-2023,67.15,Paid,0
STA-R14517,STA-O11689,08-11-2025,36.4,Paid,0
STA-R15010,STA-O12153,14-12-2023,11.46,Refunded,0
STA-R13806,STA-O14808,06-11-2024,12.72,Paid,0
STA-R15791,STA-O8654,28-10-2023,10.62,Paid,0
STA-R10614,STA-O10600,15-07-2024,8.22,Paid,0
STA-R15372,STA-O11691,23-10-2024,141.9,Paid,0
STA-R12657,STA-O10904,07-09-2023,32.3,Paid,32.3
STA-R14729,STA-O13110,27-02-2023,9.18,Paid,0
STA-R10007,STA-O14783,09-11-2023,15.95,Refunded,0
STA-R18507,STA-O10271,04-11-2023,10.55,Paid,0
STA-R10745,STA-O12648,10-05-2025,5.46,Paid,0
STA-R18093,STA-O6443,18-01-2023,11.35,Paid,0
STA-R9620,STA-O5142,20-01-2023,20.12,Paid,20.12
STA-R15211,STA-O12851,29-11-2023,6.63,Refunded,0
STA-R12654,STA-O12048,07-05-2024,21.6,Paid,21.6
STA-R12378,STA-O6041,06-01-2024,6.64,Paid,0
STA-R14511,STA-O12522,21-03-2023,35.76,Paid,0
STA-R14433,STA-O7923,16-01-2025,22.35,Paid,22.35
STA-R12598,STA-O8853,29-06-2023,35.3,Paid,0
STA-R13673,STA-O13672,03-02-2023,18.88,Refunded,0
STA-R18197,STA-O6593,10-02-2025,33.2,Pending,0
STA-R11247,STA-O9326,20-09-2025,69.66,Paid,0
STA-R16522,STA-O12411,18-06-2023,16.02,Paid,0
STA-R13571,STA-O13068,27-01-2024,11,Paid,0
STA-R10918,STA-O9962,19-07-2024,3.54,Paid,0
STA-R14708,STA-O6980,16-07-2025,31.95,Paid,0
STA-R13820,STA-O9676,04-09-2023,16.68,Paid,0
STA-R10370,STA-O10273,27-10-2025,12.48,Refunded,0
STA-R10761,STA-O14959,11-02-2024,0,Paid,0
STA-R13648,STA-O5385,11-11-2024,23.2,Refunded,0
STA-R12841,STA-O5353,23-05-2025,5.04,Paid,0
STA-R18243,STA-O5768,25-11-2024,18.45,Paid,18.45
STA-R12113,STA-O7941,14-01-2024,12.36,Paid,0
STA-R9034,STA-O11456,06-10-2024,29.2,Paid,0
STA-R13049,STA-O8394,05-01-2024,22.36,Refunded,0
STA-R18167,STA-O12573,08-05-2025,44.5,Paid,0
STA-R16297,STA-O7234,06-07-2024,23.16,Paid,0
STA-R10131,STA-O7745,29-01-2023,7.76,Refunded,0
STA-R12948,STA-O9374,24-08-2025,25.68,Paid,0
STA-R17079,STA-O6638,17-02-2025,8.88,Paid,0
STA-R17027,STA-O14369,21-06-2025,12.36,Paid,0
STA-R10802,STA-O14301,16-02-2025,58.16,Paid,0
STA-R18285,STA-O7334,27-12-2024,43.05,Paid,0
STA-R10337,STA-O11199,02-06-2025,34.23,Paid,0
STA-R17749,STA-O11362,09-06-2024,95.24,Refunded,0
STA-R11795,STA-O14950,03-07-2023,14.19,Paid,14.19
STA-R12386,STA-O10481,12-10-2024,18.16,Paid,0
STA-R17402,STA-O10212,22-10-2024,0,Refunded,0
STA-R12857,STA-O7394,02-11-2024,42.84,Paid,42.84
STA-R11772,STA-O12913,23-06-2023,17.44,Paid,0
STA-R16088,STA-O12596,23-01-2023,10.38,Paid,10.38
STA-R9393,STA-O9202,15-08-2024,91.6,Pending,0
STA-R15887,STA-O5063,05-06-2024,30.73,Paid,0
STA-R17019,STA-O5737,25-11-2025,88.28,Paid,88.28
STA-R14467,STA-O8058,07-04-2024,17.64,Paid,0
STA-R10104,STA-O8854,13-10-2024,20.58,Paid,20.58
STA-R9440,STA-O12433,29-04-2025,4.99,Paid,0
STA-R10296,STA-O13373,01-10-2025,22.5,Paid,0
STA-R11404,STA-O6343,14-10-2025,18.18,Paid,0
STA-R13517,STA-O5530,01-10-2025,33.78,Pending,10.6
STA-R12535,STA-O13749,13-10-2025,59.13,Paid,0
STA-R13336,STA-O7638,19-09-2025,0,Pending,0
STA-R10015,STA-O7576,07-12-2025,29.05,Paid,0
STA-R18530,STA-O12844,28-06-2023,25.16,Paid,0
STA-R10029,STA-O12902,16-02-2025,16.52,Paid,0
STA-R12463,STA-O14313,16-09-2025,6.54,Paid,6.54
STA-R17047,STA-O6433,01-05-2025,0,Paid,0
STA-R16314,STA-O12420,03-09-2023,7.76,Paid,0
STA-R16306,STA-O10810,23-06-2023,23.32,Paid,0
STA-R15270,STA-O7890,12-12-2024,184.85,Paid,0
STA-R14719,STA-O14885,04-08-2025,15.15,Paid,0
STA-R17421,STA-O10714,10-09-2024,20.85,Paid,0
STA-R13223,STA-O5682,04-05-2023,26.12,Paid,0
STA-R16426,STA-O11502,15-09-2024,16.83,Paid,0
STA-R12625,STA-O6921,19-04-2023,22.62,Paid,0
STA-R14187,STA-O7094,28-10-2025,39.9,Paid,0
STA-R16617,STA-O7357,03-08-2025,73.2,Paid,0
STA-R15579,STA-O8443,08-03-2023,31.04,Refunded,0
STA-R11572,STA-O7146,19-12-2024,28.6,Paid,0
STA-R15227,STA-O8638,10-05-2025,42.65,Paid,42.65
STA-R11157,STA-O14790,09-01-2023,34.9,Refunded,0
STA-R12949,STA-O6937,20-08-2023,15.15,Refunded,0
STA-R18090,STA-O10409,26-10-2025,7.86,Pending,0
STA-R17140,STA-O7952,27-09-2024,16.59,Pending,0
STA-R14543,STA-O8941,08-01-2025,12.36,Paid,0
STA-R11967,STA-O6506,23-05-2024,0,Paid,0
STA-R11417,STA-O5767,16-09-2025,5.76,Paid,5.76
STA-R18396,STA-O5886,31-07-2023,50.44,Paid,0
STA-R9874,STA-O7752,10-02-2025,4.84,Paid,0
STA-R12640,STA-O11607,18-03-2023,68.24,Paid,0
STA-R15305,STA-O11970,23-06-2024,12.2,Paid,0
STA-R17894,STA-O10658,07-03-2025,18.16,Paid,0
STA-R13548,STA-O12258,28-11-2025,38.62,Paid,0
STA-R12737,STA-O9161,23-03-2023,20.04,Paid,0
STA-R11457,STA-O5232,28-02-2025,29.85,Pending,0
STA-R11145,STA-O6495,20-05-2024,7.25,Paid,0
STA-R14133,STA-O5573,01-08-2023,9.44,Refunded,0
STA-R15201,STA-O5902,21-01-2024,26.05,Paid,0
STA-R16130,STA-O14367,07-05-2023,17.34,Pending,0
STA-R9834,STA-O13278,07-02-2025,65.35,Pending,0
STA-R14375,STA-O13502,14-08-2023,70.8,Paid,0
STA-R15020,STA-O13107,11-01-2024,6.4,Paid,0
STA-R17515,STA-O11453,27-08-2024,0,Paid,5.14
STA-R12637,STA-O10550,14-03-2025,81.3,Paid,81.3
STA-R12839,STA-O14387,10-02-2025,5.68,Paid,0
STA-R13099,STA-O8142,06-09-2025,8,Paid,0
STA-R9031,STA-O14164,15-12-2023,28.95,Paid,0
STA-R14596,STA-O8268,13-09-2025,13.02,Paid,0
STA-R11858,STA-O8129,21-09-2023,13.48,Paid,13.48
STA-R18251,STA-O14573,30-04-2023,15,Pending,0
STA-R11379,STA-O9352,09-11-2023,9.3,Refunded,0
STA-R15107,STA-O14553,14-12-2023,7.02,Paid,0
STA-R11737,STA-O6048,13-02-2025,34.36,Refunded,0
STA-R9617,STA-O13325,21-07-2023,28.95,Paid,0
STA-R9495,STA-O8619,19-01-2024,52.71,Paid,52.71
STA-R14811,STA-O10653,07-10-2023,0,Paid,0
STA-R13101,STA-O5690,07-10-2024,6.51,Paid,0
STA-R10815,STA-O8452,30-09-2023,17.12,Paid,0
STA-R13102,STA-O7190,06-07-2024,0,Refunded,0
STA-R9330,STA-O9455,16-03-2023,10.14,Paid,10.14
STA-R18326,STA-O10015,03-11-2023,4.38,Pending,0
STA-R10869,STA-O5718,14-07-2023,29.9,Paid,0
STA-R17936,STA-O9555,02-01-2024,5.8,Paid,5.8
STA-R10667,STA-O8548,31-05-2023,68.64,Paid,0
STA-R18582,STA-O11503,07-05-2024,5.8,Paid,5.8
STA-R14064,STA-O7431,02-05-2023,25.85,Paid,0
STA-R11029,STA-O11412,20-04-2023,20.94,Paid,0
STA-R14659,STA-O8271,05-06-2025,24.8,Refunded,0
STA-R13641,STA-O9740,27-07-2025,91.8,Paid,0
STA-R18059,STA-O9375,28-10-2024,18.2,Paid,0
STA-R10513,STA-O5459,12-04-2023,63.78,Refunded,0
STA-R16917,STA-O10456,02-03-2025,5.11,Pending,0
STA-R11009,STA-O14488,20-10-2024,5.2,Paid,0
STA-R16216,STA-O8570,20-08-2024,17.8,Paid,0
STA-R13575,STA-O5552,15-02-2023,25,Paid,0
STA-R12133,STA-O6917,29-07-2023,18.16,Paid,0
STA-R15299,STA-O8567,11-02-2025,8.97,Paid,0
STA-R12444,STA-O11063,04-05-2023,11.34,Paid,0
STA-R10258,STA-O13428,11-10-2025,88.25,Paid,88.25
STA-R13324,STA-O6415,22-04-2025,42.34,Paid,21.16
STA-R18342,STA-O12903,27-06-2023,35.05,Paid,35.05
STA-R10660,STA-O13472,30-06-2024,7.01,Paid,0
STA-R18478,STA-O8309,16-07-2025,7.71,Paid,0
STA-R10179,STA-O14926,22-03-2024,11.34,Refunded,0
STA-R10764,STA-O12372,11-01-2023,8.65,Refunded,0
STA-R12852,STA-O10907,09-04-2024,7.39,Paid,0
STA-R15667,STA-O12389,20-01-2025,110.25,Paid,0
STA-R16402,STA-O10163,29-08-2025,4.85,Paid,0
STA-R15631,STA-O12494,13-05-2023,9.06,Paid,9.06
STA-R13965,STA-O5068,07-10-2025,5.88,Paid,0
STA-R17425,STA-O13653,10-02-2025,85.96,Refunded,0
STA-R18175,STA-O9066,04-02-2024,77.58,Refunded,0
STA-R17705,STA-O11974,22-07-2025,0,Refunded,0
STA-R10393,STA-O13091,08-08-2024,30.85,Paid,0
STA-R11097,STA-O10964,11-06-2024,36.64,Paid,0
STA-R9075,STA-O11434,16-01-2023,0,Refunded,0
STA-R12732,STA-O14508,29-07-2025,10.48,Refunded,0
STA-R16980,STA-O14444,14-07-2023,26.35,Paid,0
STA-R12249,STA-O5977,03-01-2025,29.68,Paid,0
STA-R17105,STA-O8321,05-07-2024,20.55,Paid,0
STA-R10779,STA-O7119,17-04-2025,26.82,Paid,0
STA-R10359,STA-O10699,24-07-2023,60.44,Paid,0
STA-R9624,STA-O13638,19-04-2024,11.46,Refunded,0
STA-R16922,STA-O13731,09-01-2023,4.88,Paid,0
STA-R9751,STA-O10466,20-11-2025,15,Paid,0
STA-R16718,STA-O10548,26-12-2024,24.04,Paid,0
STA-R9647,STA-O13549,10-03-2025,5.36,Paid,0
STA-R9048,STA-O12468,22-03-2025,181.8,Refunded,0
STA-R17969,STA-O9772,03-02-2023,19.26,Paid,19.26
STA-R17463,STA-O10655,16-09-2025,4.25,Paid,0
STA-R18063,STA-O12789,22-11-2024,72.36,Pending,0
STA-R13720,STA-O14589,07-04-2025,55.35,Paid,55.35
STA-R18608,STA-O9212,09-09-2023,21.95,Paid,0
STA-R16452,STA-O5548,28-12-2024,91.2,Refunded,0
STA-R11776,STA-O7906,29-06-2024,15.42,Refunded,0
STA-R12142,STA-O5708,23-04-2024,15.96,Paid,15.96
STA-R9482,STA-O13270,21-06-2024,14.49,Refunded,0
STA-R18260,STA-O6502,29-12-2023,10.42,Paid,0
STA-R12435,STA-O6409,26-05-2024,26.72,Refunded,0
STA-R11475,STA-O13343,25-09-2023,20.44,Paid,0
STA-R12479,STA-O5891,08-12-2023,28.4,Paid,0
STA-R11923,STA-O12315,23-06-2023,0,Paid,12.36
STA-R13540,STA-O13939,26-04-2024,7.38,Paid,7.38
STA-R16433,STA-O13121,18-04-2025,24.75,Paid,0
STA-R10278,STA-O7444,15-04-2024,28.25,Paid,28.25
STA-R16565,STA-O14275,29-01-2024,0,Refunded,0
STA-R11505,STA-O10829,23-08-2025,42.9,Paid,42.9
STA-R18605,STA-O9626,01-07-2024,25.25,Paid,0
STA-R11675,STA-O13532,23-05-2023,63.4,Paid,0
STA-R15180,STA-O6642,04-09-2025,28.16,Paid,0
STA-R14001,STA-O5079,18-11-2024,32.7,Paid,0
STA-R16881,STA-O6105,07-01-2023,13.32,Paid,0
STA-R11230,STA-O9432,10-02-2025,34.5,Paid,0
STA-R9543,STA-O9930,06-06-2024,105.18,Paid,0
STA-R18449,STA-O10934,21-11-2024,3.95,Paid,0
STA-R12605,STA-O8144,04-05-2025,28.84,Paid,0
STA-R12430,STA-O10584,31-05-2024,43.06,Paid,0
STA-R11168,STA-O11933,15-03-2025,96.06,Refunded,0
STA-R11799,STA-O8402,19-03-2024,77.08,Paid,0
STA-R12763,STA-O13619,09-02-2024,29.32,Refunded,0
STA-R15924,STA-O14620,01-03-2024,26.2,Paid,0
STA-R13124,STA-O12053,22-02-2024,60,Paid,0
STA-R13181,STA-O5275,28-06-2024,2.32,Paid,0
STA-R9936,STA-O8669,01-01-2023,14.4,Paid,0
STA-R16233,STA-O10588,10-02-2025,3.27,Paid,0
STA-R18024,STA-O8260,24-09-2024,9.18,Paid,0
STA-R16536,STA-O13751,07-09-2023,48.84,Paid,0
STA-R17909,STA-O10583,18-02-2023,31.53,Paid,31.53
STA-R10153,STA-O10321,13-09-2025,35.75,Paid,0
STA-R10846,STA-O12211,03-03-2023,0,Paid,0
STA-R15849,STA-O6314,30-08-2023,41.64,Pending,0
STA-R15624,STA-O6100,18-01-2025,83.92,Paid,0
STA-R9752,STA-O14773,02-02-2024,21.06,Paid,0
STA-R11141,STA-O9335,13-03-2023,87.51,Paid,0
STA-R11532,STA-O11413,17-01-2024,11.67,Paid,11.67
STA-R12472,STA-O6413,13-03-2023,30.15,Paid,0
STA-R10740,STA-O6739,18-05-2023,0,Paid,0
STA-R16817,STA-O9932,05-09-2025,24.95,Paid,0
STA-R11077,STA-O8510,19-01-2023,11.6,Paid,0
STA-R14786,STA-O8753,21-12-2024,7.36,Paid,0
STA-R15874,STA-O11764,24-11-2024,14.32,Paid,0
STA-R11075,STA-O6570,16-01-2024,74.24,Pending,0
STA-R17416,STA-O7569,04-06-2023,23.35,Refunded,0
STA-R9662,STA-O9866,05-11-2024,13.74,Paid,0
STA-R16796,STA-O8958,24-01-2023,4.54,Paid,0
STA-R18142,STA-O6361,11-10-2023,19.4,Paid,0
STA-R14281,STA-O9266,25-07-2024,30.45,Paid,0
STA-R15723,STA-O5127,16-03-2025,18.35,Paid,0
STA-R12734,STA-O5985,13-07-2024,7.96,Paid,0
STA-R9731,STA-O8985,25-01-2025,17.5,Refunded,0
STA-R10246,STA-O8305,14-12-2025,11.16,Paid,0
STA-R14924,STA-O11909,16-04-2023,27.3,Refunded,0
STA-R11633,STA-O8586,07-02-2024,16.26,Paid,0
STA-R15909,STA-O8766,25-10-2023,20.46,Paid,0
STA-R13190,STA-O8297,27-07-2025,15.8,Paid,0
STA-R10142,STA-O11969,20-07-2025,3.31,Pending,0
STA-R18264,STA-O5608,26-09-2025,103,Paid,0
STA-R9920,STA-O8218,31-01-2024,14.43,Paid,0
STA-R9582,STA-O10259,10-06-2025,7.09,Paid,7.09
STA-R9637,STA-O8806,19-07-2023,63.27,Paid,0
STA-R10988,STA-O10053,20-10-2023,11.67,Paid,0
STA-R9968,STA-O6182,15-02-2023,6.8,Paid,0
STA-R18374,STA-O8684,25-11-2023,24.2,Refunded,0
STA-R18028,STA-O9644,10-05-2024,3.83,Paid,0
STA-R18513,STA-O12542,14-01-2024,72.16,Refunded,0
STA-R15811,STA-O5354,25-02-2025,5.7,Pending,0
STA-R9001,STA-O6091,29-11-2025,88.7,Paid,0
STA-R16430,STA-O9104,18-10-2023,5.7,Paid,0
STA-R15872,STA-O14233,10-03-2024,13.86,Paid,0
STA-R17948,STA-O9344,09-11-2024,13.08,Paid,0
STA-R10623,STA-O8072,31-05-2023,192.65,Paid,0
STA-R16531,STA-O10705,06-05-2024,19.96,Refunded,0
STA-R14600,STA-O9533,06-10-2023,7.01,Paid,0
STA-R13693,STA-O9341,08-11-2025,0,Paid,0
STA-R12950,STA-O8645,28-03-2023,87.84,Paid,18.71
STA-R11819,STA-O9679,04-02-2024,15.08,Paid,0
STA-R12742,STA-O12406,30-06-2025,0,Refunded,0
STA-R9238,STA-O10210,06-03-2023,10.42,Paid,0
STA-R15222,STA-O14847,20-02-2025,17.2,Refunded,0
STA-R9425,STA-O14787,13-02-2023,14.42,Paid,0
STA-R16874,STA-O10202,10-05-2025,8.67,Paid,0
STA-R15622,STA-O11056,22-12-2023,57.27,Paid,0
STA-R9600,STA-O7644,08-03-2023,9.04,Paid,9.04
STA-R17084,STA-O13691,24-04-2024,91.5,Paid,0
STA-R13841,STA-O9817,25-04-2025,17.72,Paid,0
STA-R17334,STA-O9345,21-05-2025,6,Paid,0
STA-R17964,STA-O5978,17-10-2025,20.05,Paid,20.05
STA-R15834,STA-O8754,03-02-2023,20.72,Paid,20.72
STA-R17029,STA-O7155,06-07-2023,16.41,Paid,0
STA-R10302,STA-O5128,31-03-2025,62.76,Paid,62.76
STA-R14006,STA-O12646,05-04-2023,7.81,Paid,0
STA-R14124,STA-O7753,21-01-2024,16.53,Paid,0
STA-R16783,STA-O8983,19-05-2024,18.12,Paid,0
STA-R9817,STA-O13350,30-05-2025,92,Paid,0
STA-R14243,STA-O10240,11-12-2025,15.6,Paid,0
STA-R14026,STA-O13817,03-07-2025,4.69,Paid,0
STA-R17878,STA-O5925,22-05-2025,17.49,Paid,0
STA-R16945,STA-O13913,25-12-2023,17.91,Pending,0
STA-R11088,STA-O5386,10-06-2025,36.8,Paid,0
STA-R15248,STA-O12865,13-11-2023,33.56,Paid,0
STA-R13133,STA-O10708,05-04-2023,17.43,Paid,0
STA-R12716,STA-O11810,24-08-2024,112.32,Refunded,0
STA-R11437,STA-O13096,28-02-2025,13.26,Paid,13.26
STA-R14238,STA-O9137,08-11-2024,21.09,Paid,0
STA-R13423,STA-O13668,10-11-2025,4,Paid,4
STA-R16692,STA-O6110,04-09-2024,4.1,Paid,0
STA-R15789,STA-O6895,11-11-2023,25,Refunded,0
STA-R15753,STA-O9584,12-10-2024,35.55,Paid,0
STA-R12982,STA-O9273,20-11-2024,75.4,Paid,0
STA-R17891,STA-O11801,09-12-2024,19.64,Paid,0
STA-R12447,STA-O9655,14-10-2025,20.85,Paid,0
STA-R10847,STA-O5515,25-10-2023,3.8,Paid,3.8
STA-R9960,STA-O8618,25-10-2025,11.04,Paid,0
STA-R12261,STA-O13191,02-08-2023,14.68,Paid,14.68
STA-R13594,STA-O11809,11-07-2023,145.68,Refunded,0
STA-R13452,STA-O12740,16-09-2024,25.4,Paid,0
STA-R10445,STA-O10369,24-08-2024,17.61,Paid,17.61
STA-R16580,STA-O13471,08-02-2024,9.06,Paid,0
STA-R9599,STA-O7969,13-01-2024,8.74,Paid,0
STA-R18332,STA-O6368,05-10-2024,11.24,Paid,0
STA-R11026,STA-O11147,01-01-2023,22.55,Paid,0
STA-R10477,STA-O7371,21-01-2024,22.86,Paid,0
STA-R15726,STA-O14471,29-03-2024,0,Refunded,0
STA-R11919,STA-O6097,26-04-2023,27.44,Paid,27.44
STA-R18554,STA-O11347,23-01-2025,77.76,Paid,0
STA-R15264,STA-O7144,06-03-2023,18.6,Paid,0
STA-R10461,STA-O6181,12-09-2025,118.32,Paid,0
STA-R11402,STA-O14288,07-10-2025,18.55,Paid,0
STA-R14336,STA-O6830,22-02-2025,17.16,Refunded,0
STA-R18355,STA-O6289,27-08-2025,21.16,Paid,0
STA-R10700,STA-O14324,20-04-2023,35.96,Paid,0
STA-R13704,STA-O11225,01-06-2024,10.62,Paid,0
STA-R15713,STA-O11058,01-08-2025,29.9,Paid,29.9
STA-R14415,STA-O8440,13-12-2024,8.24,Paid,0
STA-R10402,STA-O6400,09-05-2023,72.3,Paid,72.3
STA-R16750,STA-O14618,28-01-2023,8.01,Paid,0
STA-R9086,STA-O13577,18-06-2024,7.26,Paid,7.26
STA-R14182,STA-O14458,05-08-2025,3.13,Paid,0
STA-R18394,STA-O14949,27-10-2024,26.35,Refunded,0
STA-R17168,STA-O13120,06-07-2025,33.8,Paid,0
STA-R11060,STA-O11965,10-09-2025,17.02,Paid,0
STA-R11155,STA-O10784,13-07-2023,23.4,Paid,0
STA-R16514,STA-O7405,09-03-2025,21.16,Paid,2.63
STA-R9811,STA-O8245,04-11-2024,4.29,Paid,4.29
STA-R11494,STA-O10503,30-08-2023,9.46,Paid,0
STA-R10297,STA-O12370,11-11-2023,5.9,Paid,5.9
STA-R16102,STA-O9010,11-08-2024,16.28,Paid,0
STA-R11237,STA-O14019,16-07-2023,29.2,Paid,0
STA-R12089,STA-O5254,19-02-2025,14.76,Paid,0
STA-R15441,STA-O11009,16-03-2023,25.55,Paid,0
STA-R12206,STA-O12427,22-12-2025,78.96,Paid,78.96
STA-R11129,STA-O5488,14-04-2025,49.16,Refunded,0
STA-R16777,STA-O14766,16-03-2025,76.92,Refunded,0
STA-R16929,STA-O13013,20-11-2024,13.2,Paid,0
STA-R15635,STA-O5817,08-02-2024,16.48,Paid,16.48
STA-R13756,STA-O8212,11-05-2024,28.25,Refunded,0
STA-R10050,STA-O13028,16-06-2024,15.05,Paid,0
STA-R12299,STA-O10442,01-10-2023,73.52,Paid,73.52
STA-R15277,STA-O5029,28-05-2024,68.12,Paid,0
STA-R16635,STA-O8996,01-04-2025,17.7,Pending,0
STA-R13475,STA-O6542,24-04-2025,5.18,Pending,0
STA-R9157,STA-O6745,31-01-2025,54.44,Paid,0
STA-R16342,STA-O9711,30-11-2024,91.9,Paid,0
STA-R11671,STA-O12357,21-01-2024,28.48,Paid,28.48
STA-R13688,STA-O10642,15-05-2023,149.88,Paid,0
STA-R9488,STA-O14452,28-12-2025,14.16,Pending,0
STA-R14933,STA-O9913,29-04-2023,32.43,Paid,0
STA-R16829,STA-O14901,16-06-2024,30.36,Pending,0
STA-R10940,STA-O13081,18-04-2023,15.55,Paid,0
STA-R10931,STA-O10223,28-12-2024,21.24,Refunded,0
STA-R17508,STA-O10297,10-11-2023,28.16,Paid,0
STA-R12297,STA-O7754,24-06-2023,29.72,Paid,0
STA-R9037,STA-O9269,25-01-2023,25.08,Paid,0
STA-R15814,STA-O9908,19-12-2023,38.37,Paid,38.37
STA-R14183,STA-O6301,30-08-2024,14.68,Paid,14.68
STA-R12074,STA-O10340,05-05-2025,34.44,Paid,0
STA-R11583,STA-O7526,12-04-2025,15.21,Paid,0
STA-R9592,STA-O12862,09-01-2023,79.53,Paid,0
STA-R10739,STA-O5807,08-10-2025,46.92,Paid,0
STA-R14273,STA-O13929,26-11-2023,18.88,Paid,0
STA-R9876,STA-O9467,20-09-2023,10.56,Paid,0
STA-R18471,STA-O7231,07-08-2024,13.41,Refunded,0
STA-R10150,STA-O9138,20-07-2025,25.6,Paid,0
STA-R18567,STA-O8241,28-11-2023,39.42,Refunded,0
STA-R11670,STA-O7993,07-10-2025,38.8,Refunded,0
STA-R12638,STA-O10893,31-10-2023,6.87,Paid,0
STA-R15425,STA-O12886,02-03-2024,8.54,Paid,0
STA-R14890,STA-O10390,16-03-2025,16.47,Paid,16.47
STA-R15827,STA-O9153,03-10-2024,6.17,Paid,0
STA-R13546,STA-O6572,10-05-2024,124.36,Paid,0
STA-R14386,STA-O6079,10-05-2025,18.16,Paid,6.44
STA-R17569,STA-O14786,27-10-2023,79.56,Refunded,0
STA-R11127,STA-O9942,23-06-2024,4.03,Paid,0
STA-R13836,STA-O9844,21-05-2025,31.88,Paid,0
STA-R18022,STA-O9955,11-07-2023,36.58,Paid,0
STA-R12347,STA-O12600,12-01-2025,54.04,Paid,0
STA-R13471,STA-O14383,07-12-2024,20.6,Paid,20.6
STA-R13089,STA-O5291,05-07-2024,35.04,Paid,0
STA-R16443,STA-O9941,06-11-2025,10.08,Paid,0
STA-R16049,STA-O13762,14-05-2023,32.13,Paid,11.05
STA-R12619,STA-O7747,03-10-2023,0,Paid,118.88
STA-R11146,STA-O12534,02-07-2023,13.29,Paid,0
STA-R14985,STA-O11539,29-11-2023,33.45,Paid,0
STA-R12161,STA-O13436,19-02-2023,32.15,Paid,32.15
STA-R17234,STA-O13865,09-02-2025,15.94,Refunded,0
STA-R16007,STA-O9896,08-11-2025,30.08,Refunded,0
STA-R11382,STA-O9115,23-03-2024,21.08,Pending,0
STA-R13731,STA-O9388,18-09-2024,17.1,Paid,0
STA-R11473,STA-O7991,02-06-2024,4.35,Paid,0
STA-R17253,STA-O8234,08-06-2023,13.86,Paid,0
STA-R12439,STA-O7858,17-03-2025,95.95,Paid,0
STA-R11604,STA-O10075,06-01-2024,60.55,Paid,60.55
STA-R11663,STA-O9724,30-05-2025,13.08,Paid,0
STA-R10886,STA-O5590,25-01-2024,0,Pending,0
STA-R17058,STA-O13236,01-05-2023,0,Paid,0
STA-R11206,STA-O5595,01-04-2024,17.88,Paid,0
STA-R14627,STA-O10558,08-01-2025,16.96,Paid,0
STA-R15724,STA-O9047,06-01-2023,3.96,Pending,1.08
STA-R11547,STA-O14373,18-03-2025,9.38,Paid,9.38
STA-R9614,STA-O7340,18-01-2023,14.6,Refunded,0
STA-R11105,STA-O5637,24-02-2025,12.82,Paid,0
STA-R18503,STA-O13106,13-06-2023,43.47,Paid,43.47
STA-R15843,STA-O6958,14-05-2024,11.56,Paid,0
STA-R10000,STA-O10200,07-02-2023,0,Paid,0
STA-R10338,STA-O7262,31-12-2024,18.36,Paid,0
STA-R14384,STA-O12602,17-07-2023,26.64,Refunded,0
STA-R9228,STA-O6494,20-03-2025,5.9,Paid,0
STA-R14927,STA-O5369,24-01-2023,14.96,Refunded,0
STA-R10756,STA-O13248,06-10-2025,14.19,Paid,0
STA-R15868,STA-O7463,04-09-2025,3.1,Paid,3.1
STA-R13077,STA-O12813,11-05-2023,11.46,Paid,0
STA-R16031,STA-O10640,06-10-2025,0,Paid,29.3
STA-R11282,STA-O8638,10-05-2025,42.65,Paid,42.65
STA-R14428,STA-O13211,16-04-2025,17.07,Paid,0
STA-R12580,STA-O12224,24-09-2024,73.65,Paid,0
STA-R9873,STA-O11260,11-05-2025,24.63,Paid,0
STA-R11197,STA-O9312,16-06-2024,16.16,Paid,0
STA-R16618,STA-O6107,06-04-2024,119.67,Paid,0
STA-R15032,STA-O10990,06-10-2025,5.23,Paid,0
STA-R12280,STA-O12580,02-09-2024,21.3,Paid,0
STA-R11726,STA-O10530,18-05-2025,4.13,Paid,0
STA-R11959,STA-O8977,03-03-2024,17,Paid,0
STA-R18440,STA-O6918,02-06-2023,16.8,Paid,0
STA-R13000,STA-O8016,29-03-2024,142.4,Paid,0
STA-R14617,STA-O11277,16-03-2024,16.34,Paid,0
STA-R12227,STA-O12024,14-07-2025,17.69,Paid,17.69
STA-R9227,STA-O5440,07-02-2024,13.05,Paid,0
STA-R13846,STA-O13716,09-10-2023,13.44,Paid,0
STA-R18423,STA-O12109,24-09-2024,115.9,Paid,0
STA-R12044,STA-O10173,25-08-2023,16.38,Paid,16.38
STA-R16173,STA-O8228,30-06-2024,6.84,Paid,0
STA-R14373,STA-O12160,15-04-2023,11.54,Pending,0
STA-R15246,STA-O5876,03-02-2024,0,Refunded,0
STA-R10874,STA-O12992,11-01-2024,46.68,Pending,0
STA-R10074,STA-O6153,13-12-2023,0,Paid,0
STA-R11319,STA-O11264,24-10-2023,17.55,Paid,0
STA-R14079,STA-O14379,10-09-2023,112.75,Paid,0
STA-R11313,STA-O14274,04-11-2024,15.72,Paid,15.72
STA-R10747,STA-O11795,05-06-2024,10.24,Refunded,0
STA-R11001,STA-O7277,10-02-2025,11.44,Refunded,0
STA-R12445,STA-O14411,17-12-2025,19.98,Paid,0
STA-R15253,STA-O10524,22-09-2025,14.49,Paid,0
STA-R10780,STA-O13188,07-03-2023,7.26,Refunded,0
STA-R10742,STA-O12733,18-03-2023,48.56,Refunded,0
STA-R17218,STA-O13923,03-08-2025,13.34,Paid,0
STA-R16674,STA-O14224,14-02-2024,49.24,Paid,0
STA-R11416,STA-O10661,02-11-2024,60.92,Paid,0
STA-R11662,STA-O13681,17-12-2024,61.71,Paid,0
STA-R12975,STA-O7363,20-09-2023,21.52,Paid,0
STA-R13146,STA-O6199,21-01-2023,11.84,Paid,0
STA-R13094,STA-O7191,24-03-2023,28.8,Paid,0
STA-R13243,STA-O10076,15-09-2024,12,Pending,0
STA-R10055,STA-O5208,24-08-2023,11.04,Paid,11.04
STA-R16983,STA-O8069,13-03-2023,5.95,Paid,0
STA-R11643,STA-O8280,04-08-2025,5.96,Refunded,0
STA-R15846,STA-O11658,26-05-2023,13.26,Paid,13.26
STA-R9364,STA-O11018,21-08-2024,21.3,Paid,0
STA-R15354,STA-O9845,27-11-2025,9,Paid,0
STA-R13897,STA-O14229,15-07-2024,7.32,Paid,0
STA-R14151,STA-O12223,11-09-2023,7.05,Paid,0
STA-R11514,STA-O8923,14-12-2024,35.04,Paid,35.04
STA-R17650,STA-O7084,07-10-2024,61.59,Paid,0
STA-R9056,STA-O12665,27-02-2023,11.98,Paid,0
STA-R10939,STA-O11702,21-06-2025,7.1,Paid,0
STA-R11295,STA-O6721,07-08-2025,27.15,Paid,0
STA-R18277,STA-O5384,23-06-2023,0,Pending,0
STA-R9533,STA-O8830,24-10-2023,10.74,Refunded,0
STA-R14405,STA-O10299,21-07-2023,29.88,Paid,29.88
STA-R14277,STA-O5289,09-03-2023,5.58,Paid,0
STA-R12658,STA-O8895,22-06-2024,12.12,Refunded,0
STA-R9119,STA-O11341,22-12-2023,17.38,Paid,0
STA-R13297,STA-O14821,01-09-2023,156.12,Paid,156.12
STA-R9435,STA-O10733,28-09-2024,6.22,Paid,6.22
STA-R13315,STA-O11882,30-06-2025,2.76,Paid,0
STA-R14331,STA-O14816,21-12-2023,5.52,Paid,5.52
STA-R13951,STA-O13291,07-01-2023,19.59,Paid,0
STA-R17411,STA-O10119,30-04-2025,9.36,Paid,9.36
STA-R15060,STA-O7636,29-12-2023,69.4,Paid,0
STA-R13431,STA-O14381,13-09-2023,16.11,Refunded,0
STA-R14672,STA-O7558,16-05-2025,32.4,Refunded,0
STA-R10789,STA-O5930,22-11-2024,19.62,Paid,0
STA-R18080,STA-O9338,15-08-2023,0,Paid,21.7
STA-R14223,STA-O13025,26-09-2023,2.82,Paid,0
STA-R13240,STA-O12340,15-11-2024,36.15,Paid,0
STA-R18292,STA-O11361,13-09-2025,16.3,Pending,0
STA-R17595,STA-O10384,23-10-2024,19.48,Paid,0
STA-R16282,STA-O8404,29-09-2023,43.88,Paid,18.52
STA-R17355,STA-O10788,15-04-2025,16.98,Paid,0
STA-R10106,STA-O14140,20-03-2023,58.3,Pending,0
STA-R9463,STA-O10607,20-06-2024,11.43,Paid,0
STA-R14701,STA-O9951,31-03-2023,8.4,Paid,0
STA-R9403,STA-O5672,14-12-2023,4.38,Refunded,0
STA-R11989,STA-O12741,24-04-2024,28.92,Paid,0
STA-R15152,STA-O14565,08-05-2024,17.76,Paid,0
STA-R9646,STA-O8851,05-10-2023,92.08,Refunded,0
STA-R10140,STA-O6045,20-07-2024,22.96,Paid,0
STA-R10882,STA-O5490,24-10-2023,8.42,Paid,0
STA-R16254,STA-O14552,06-12-2023,25.75,Paid,0
STA-R17502,STA-O6580,03-09-2025,16.66,Paid,0
STA-R12931,STA-O7174,20-06-2023,41.94,Paid,41.94
STA-R15316,STA-O7778,10-04-2023,14.54,Paid,0
STA-R9660,STA-O7888,08-11-2024,153,Paid,0
STA-R10702,STA-O10525,10-09-2024,5.6,Paid,0
STA-R18479,STA-O7374,16-10-2025,7.71,Refunded,0
STA-R14165,STA-O6477,05-05-2025,74.32,Paid,74.32
STA-R11315,STA-O9504,05-02-2023,21.38,Paid,0
STA-R14959,STA-O7741,10-12-2025,74.46,Paid,0
STA-R9985,STA-O6362,21-12-2025,14.39,Paid,0
STA-R9129,STA-O14344,25-01-2025,7.8,Paid,0
STA-R17302,STA-O8091,06-02-2025,55.3,Paid,55.3
STA-R16743,STA-O7978,21-04-2025,6.73,Paid,0
STA-R11062,STA-O8303,12-10-2023,9.18,Refunded,0
STA-R14950,STA-O6061,27-09-2024,8.56,Refunded,0
STA-R12723,STA-O11746,21-10-2024,6.08,Refunded,0
STA-R18227,STA-O14500,02-11-2024,28.6,Paid,0
STA-R10303,STA-O6393,06-06-2023,0,Paid,0
STA-R9110,STA-O9135,23-03-2025,9.48,Paid,0
STA-R11538,STA-O5085,18-03-2023,30.85,Pending,0
STA-R11984,STA-O7467,19-02-2023,116.07,Paid,0
STA-R9742,STA-O9738,13-01-2023,4.02,Paid,0
STA-R18628,STA-O13825,12-03-2023,19.59,Paid,0
STA-R17596,STA-O10778,01-02-2024,37.65,Paid,0
STA-R16947,STA-O6747,09-12-2023,12.62,Refunded,0
STA-R9050,STA-O8850,17-08-2024,23.2,Paid,0
STA-R13299,STA-O14479,16-01-2025,13.56,Paid,0
STA-R15205,STA-O12318,04-11-2025,156,Refunded,0
STA-R13661,STA-O14831,13-06-2024,14.4,Paid,14.4
STA-R14568,STA-O14542,10-05-2023,26.52,Refunded,0
STA-R12289,STA-O14434,03-05-2023,0,Paid,0
STA-R17774,STA-O8522,24-02-2024,19.02,Paid,19.02
STA-R17185,STA-O13452,14-07-2024,4.86,Paid,0
STA-R16695,STA-O12010,22-07-2023,52.12,Refunded,0
STA-R14310,STA-O10101,18-01-2023,14.4,Paid,3.25
STA-R12464,STA-O5856,21-08-2023,44.32,Paid,0
STA-R13943,STA-O14502,04-03-2024,46.89,Paid,46.89
STA-R10507,STA-O5650,06-09-2023,13.41,Refunded,0
STA-R15327,STA-O13982,09-03-2023,161.75,Paid,0
STA-R13144,STA-O7615,04-03-2024,0,Paid,0
STA-R18124,STA-O11533,11-08-2025,82.65,Paid,0
STA-R14594,STA-O14397,10-10-2024,7.08,Paid,0
STA-R12410,STA-O5572,16-10-2025,4.41,Paid,4.41
STA-R15922,STA-O8328,11-09-2025,38.02,Paid,0
STA-R10557,STA-O13178,07-04-2025,27.85,Paid,0
STA-R11940,STA-O14388,24-02-2025,79.92,Paid,0
STA-R14860,STA-O10599,17-10-2024,4.43,Paid,0
STA-R10799,STA-O13358,18-01-2024,3.33,Paid,0
STA-R9486,STA-O7538,07-06-2023,61.2,Refunded,0
STA-R10301,STA-O5588,05-01-2025,20.12,Paid,20.12
STA-R13097,STA-O7661,19-08-2025,5.34,Paid,0
STA-R12601,STA-O10362,17-05-2023,50.46,Paid,0
STA-R10377,STA-O9339,13-02-2023,17.3,Paid,0
STA-R10328,STA-O7499,28-09-2025,16.98,Paid,16.98
STA-R17720,STA-O5803,07-03-2025,90.03,Paid,0
STA-R11194,STA-O10393,07-12-2023,4.63,Paid,0
STA-R10480,STA-O14688,27-08-2023,0,Paid,0
STA-R11102,STA-O14868,13-08-2023,3.37,Paid,0
STA-R15477,STA-O8922,09-04-2023,16.17,Paid,0
STA-R13130,STA-O10208,20-06-2023,139.08,Paid,139.08
STA-R16517,STA-O11703,14-03-2023,18.35,Paid,0
STA-R17075,STA-O11236,14-10-2024,50.73,Paid,0
STA-R13208,STA-O10756,20-12-2024,14.16,Paid,0
STA-R13392,STA-O10286,26-07-2025,9.66,Paid,0
STA-R13039,STA-O12430,26-10-2025,4.81,Paid,0
STA-R17021,STA-O5781,06-01-2024,23.68,Paid,0
STA-R12882,STA-O8147,14-03-2024,44.6,Paid,0
STA-R10597,STA-O8592,16-02-2024,20.91,Refunded,0
STA-R12409,STA-O9039,02-08-2024,22.17,Paid,0
STA-R9015,STA-O8236,19-08-2024,12.09,Paid,0
STA-R12677,STA-O10251,05-10-2025,51.55,Refunded,0
STA-R17574,STA-O10790,09-04-2024,21.76,Paid,0
STA-R15157,STA-O6925,02-04-2024,0,Paid,0
STA-R16209,STA-O12377,15-12-2024,67.95,Paid,0
STA-R18032,STA-O9316,13-04-2024,122.75,Paid,0
STA-R12695,STA-O7633,03-08-2025,9.26,Paid,0
STA-R17482,STA-O5051,28-06-2024,61.89,Paid,0
STA-R14883,STA-O13694,31-05-2024,5.48,Paid,5.48
STA-R18405,STA-O14000,28-06-2024,23.56,Paid,0
STA-R18004,STA-O7195,02-02-2023,26.2,Paid,0
STA-R9057,STA-O5316,28-10-2025,41.96,Paid,0
STA-R18542,STA-O5670,17-08-2025,13.22,Paid,0
STA-R15953,STA-O11095,01-12-2023,10.29,Paid,0
STA-R17912,STA-O14189,20-01-2024,17.91,Paid,0
STA-R16835,STA-O6422,29-01-2024,28.32,Paid,0
STA-R17152,STA-O14480,17-05-2025,10.64,Paid,0
STA-R11357,STA-O10215,25-06-2025,31.96,Paid,0
STA-R10707,STA-O7825,15-02-2023,53.6,Paid,0
STA-R17414,STA-O5763,18-04-2024,8.72,Pending,0
STA-R10211,STA-O7411,03-02-2024,26.35,Paid,0
STA-R9504,STA-O5383,25-07-2024,19.74,Paid,0
STA-R14686,STA-O13808,15-03-2023,88.4,Pending,0
STA-R9645,STA-O13801,04-06-2025,2.41,Paid,0
STA-R18084,STA-O6784,03-12-2025,14.04,Pending,0
STA-R14907,STA-O11770,08-05-2024,25.8,Paid,0
STA-R14534,STA-O8475,26-04-2024,16.77,Paid,0
STA-R17111,STA-O6223,13-05-2023,32.84,Paid,0
STA-R16847,STA-O11263,14-11-2023,0,Paid,0
STA-R17150,STA-O13311,11-07-2025,86.24,Refunded,0
STA-R9954,STA-O6808,10-12-2024,32.05,Paid,0
STA-R14930,STA-O5097,17-11-2025,9.12,Refunded,0
STA-R11717,STA-O7346,14-10-2024,6.52,Refunded,0
STA-R10234,STA-O6838,16-12-2024,29.93,Paid,0
STA-R15064,STA-O8711,10-11-2025,20.79,Paid,0
STA-R17256,STA-O6476,03-01-2023,27,Paid,0
STA-R15301,STA-O10725,19-07-2025,5.71,Paid,5.71
STA-R12663,STA-O6977,23-02-2025,4.31,Paid,0
STA-R17814,STA-O13719,12-05-2024,13.84,Paid,0
STA-R15398,STA-O12479,20-12-2025,22.36,Paid,22.36
STA-R14293,STA-O12165,26-10-2024,20.48,Paid,0
STA-R16828,STA-O8001,28-03-2024,16.14,Paid,0
STA-R15760,STA-O10256,12-08-2024,15.48,Paid,0
STA-R18053,STA-O12314,24-02-2025,25.96,Paid,0
STA-R11970,STA-O9702,01-12-2024,13.15,Paid,13.15
STA-R17147,STA-O10472,26-09-2023,121.8,Paid,0
STA-R10959,STA-O14004,09-08-2023,14.25,Paid,14.25
STA-R13881,STA-O12136,15-01-2023,29.97,Paid,0
STA-R10778,STA-O12475,09-11-2025,5,Paid,0
STA-R14931,STA-O5852,18-01-2023,20.85,Paid,0
STA-R12970,STA-O9417,21-05-2025,17.19,Paid,0
STA-R13903,STA-O7777,26-11-2024,56.3,Paid,0
STA-R16637,STA-O7261,20-04-2024,12.52,Paid,0
STA-R15623,STA-O11775,24-01-2023,13.72,Paid,0
STA-R13480,STA-O7593,07-12-2023,13.86,Paid,0
STA-R16449,STA-O12964,04-03-2023,8.82,Pending,0
STA-R11149,STA-O10181,16-03-2025,16.71,Paid,0
STA-R16636,STA-O6963,09-10-2025,20.84,Paid,20.84
STA-R15370,STA-O14360,17-04-2023,6.89,Paid,6.89
STA-R10491,STA-O14946,20-11-2024,8.82,Paid,0
STA-R9980,STA-O6915,23-04-2023,23.25,Paid,23.25
STA-R13691,STA-O10139,21-07-2024,8.38,Paid,0
STA-R17513,STA-O13563,21-01-2024,103.85,Paid,0
STA-R15608,STA-O6026,10-12-2025,25.36,Paid,25.36
STA-R10066,STA-O12442,15-01-2024,4.16,Refunded,0
STA-R16136,STA-O6567,23-07-2024,27.48,Paid,0
STA-R9262,STA-O8882,26-11-2025,29.5,Refunded,0
STA-R14119,STA-O10900,05-10-2023,19.68,Refunded,0
STA-R9735,STA-O9972,01-08-2023,25.74,Paid,0
STA-R9601,STA-O6243,18-11-2024,76.7,Paid,76.7
STA-R9503,STA-O12619,19-11-2025,16.92,Refunded,0
STA-R13646,STA-O5568,07-11-2024,15.56,Paid,0
STA-R16364,STA-O5629,31-03-2024,27.56,Paid,0
STA-R16095,STA-O5341,05-05-2024,13.18,Refunded,0
STA-R17812,STA-O6390,07-07-2025,41.35,Paid,0
STA-R11107,STA-O11190,08-03-2024,15.54,Paid,0
STA-R16311,STA-O6866,02-04-2023,59.7,Paid,0
STA-R14923,STA-O13371,30-10-2024,3.36,Paid,0
STA-R16010,STA-O9950,25-12-2023,5.96,Refunded,0
STA-R12453,STA-O11626,25-03-2024,96.18,Paid,0
STA-R14997,STA-O14426,13-03-2023,8.68,Paid,0
STA-R9560,STA-O5813,09-05-2024,193.1,Paid,0
STA-R16004,STA-O9607,09-02-2025,104.4,Paid,104.4
STA-R16126,STA-O7222,03-01-2023,11.76,Refunded,0
STA-R16120,STA-O9798,23-06-2023,66.35,Paid,66.35
STA-R14246,STA-O9230,20-05-2023,9.44,Paid,0
STA-R10014,STA-O12248,20-10-2024,16.35,Paid,0
STA-R17309,STA-O12193,30-09-2023,3.43,Refunded,0
STA-R17486,STA-O14126,22-04-2024,19.36,Paid,0
STA-R14628,STA-O7354,06-10-2023,29.15,Paid,0
STA-R10134,STA-O9027,30-09-2024,27.7,Paid,0
STA-R13382,STA-O10650,01-03-2025,14.92,Paid,14.92
STA-R16497,STA-O13420,27-03-2025,13.02,Paid,0
STA-R16504,STA-O5047,20-11-2024,24,Paid,0
STA-R11863,STA-O12014,15-12-2025,10.64,Paid,10.64
STA-R15502,STA-O14318,13-07-2024,25.14,Paid,0
STA-R16217,STA-O11994,19-02-2024,17.91,Paid,0
STA-R16232,STA-O8743,23-12-2023,11.18,Paid,0
STA-R9184,STA-O10675,10-06-2023,11.34,Paid,0
STA-R16680,STA-O7685,26-04-2025,24.05,Paid,0
STA-R15595,STA-O11373,05-05-2024,78.32,Paid,0
STA-R16331,STA-O6177,01-09-2025,79.8,Paid,0
STA-R17293,STA-O14886,28-08-2023,98.7,Paid,0
STA-R9413,STA-O10008,05-04-2025,6.12,Refunded,0
STA-R14012,STA-O13204,24-06-2024,12.86,Paid,0
STA-R9843,STA-O11358,28-04-2025,41.37,Paid,0
STA-R9136,STA-O13489,02-12-2024,65.88,Paid,0
STA-R16626,STA-O5145,05-11-2023,34.16,Paid,0
STA-R16895,STA-O7486,08-06-2025,29.48,Paid,0
STA-R18180,STA-O5816,02-03-2023,25.15,Paid,0
STA-R17563,STA-O12669,06-04-2025,99.96,Paid,0
STA-R18300,STA-O5707,08-10-2025,13.62,Paid,0
STA-R17868,STA-O13847,28-08-2025,83.97,Paid,0
STA-R13166,STA-O5311,01-07-2023,92.05,Paid,92.05
STA-R12766,STA-O9513,07-12-2023,27.05,Paid,27.05
STA-R14371,STA-O10455,02-02-2023,24.56,Paid,0
STA-R13574,STA-O14539,11-05-2023,33.48,Refunded,0
STA-R17608,STA-O5027,28-07-2023,106.7,Paid,0
STA-R10958,STA-O8894,10-04-2025,5.58,Paid,5.58
STA-R17089,STA-O9869,15-02-2025,98.46,Paid,38.14
STA-R13923,STA-O6347,23-03-2023,30.96,Pending,0
STA-R14235,STA-O9168,24-05-2023,25.32,Paid,0
STA-R10129,STA-O12916,24-02-2024,13.68,Paid,0
STA-R10833,STA-O7237,21-12-2023,30.55,Refunded,0
STA-R17526,STA-O13238,07-09-2024,54.09,Paid,0
STA-R13493,STA-O9524,31-01-2023,30.84,Paid,30.84
STA-R11366,STA-O7552,23-07-2024,36.34,Paid,36.34
STA-R14250,STA-O5157,10-05-2025,7.77,Paid,0
STA-R11925,STA-O9483,19-07-2025,174.25,Paid,0
STA-R9384,STA-O6974,21-08-2023,16.5,Paid,16.5
STA-R9436,STA-O13759,21-07-2024,6.35,Refunded,0
STA-R13975,STA-O12703,19-09-2023,22.28,Paid,0
STA-R14835,STA-O10339,26-01-2025,11.07,Paid,11.07
STA-R14506,STA-O13794,03-03-2025,124.04,Refunded,0
STA-R18410,STA-O10825,11-02-2024,17.92,Refunded,0
STA-R15497,STA-O7123,09-11-2023,24.18,Paid,24.18
STA-R13557,STA-O11037,30-11-2025,20.42,Paid,0
STA-R10332,STA-O6247,24-05-2024,17.67,Paid,0
STA-R18258,STA-O14734,26-01-2023,53.04,Paid,0
STA-R12655,STA-O8492,03-10-2024,4.76,Paid,0
STA-R13668,STA-O12480,01-10-2025,17.52,Paid,0
STA-R9265,STA-O14132,24-07-2024,3.81,Paid,1.53
STA-R12050,STA-O8323,17-01-2025,29.75,Paid,0
STA-R15136,STA-O8176,18-11-2025,91.3,Paid,0
STA-R15220,STA-O10842,20-11-2025,7.29,Paid,0
STA-R16649,STA-O10585,26-02-2025,33.2,Pending,0
STA-R17580,STA-O7902,27-05-2023,103.32,Paid,103.32
STA-R17854,STA-O6275,20-07-2024,52.26,Paid,0
STA-R17889,STA-O8936,01-04-2025,18.75,Paid,0
STA-R9213,STA-O10205,27-03-2025,5.62,Paid,0
STA-R10835,STA-O11074,15-10-2025,21.08,Paid,0
STA-R9209,STA-O6645,22-01-2023,8.78,Paid,0
STA-R11588,STA-O10838,04-02-2024,0,Paid,0
STA-R10182,STA-O10050,19-11-2025,36.85,Paid,0
STA-R17724,STA-O5792,12-05-2023,27.64,Refunded,0
STA-R10902,STA-O14412,22-04-2023,0,Paid,0
STA-R16770,STA-O12278,05-03-2025,7.09,Refunded,0
STA-R10101,STA-O12259,10-10-2025,27.05,Paid,0
STA-R13198,STA-O9970,04-08-2024,17.46,Refunded,0
STA-R11578,STA-O14435,13-02-2024,15,Paid,0
STA-R11618,STA-O12841,18-11-2025,12.15,Paid,0
STA-R17670,STA-O8261,28-05-2025,20.76,Paid,0
STA-R14937,STA-O9382,31-05-2025,15.24,Refunded,0
STA-R16017,STA-O9623,09-02-2023,12.08,Pending,0
STA-R12013,STA-O13979,19-09-2023,14.46,Paid,0
STA-R12673,STA-O13090,02-01-2023,62.88,Refunded,0
STA-R10947,STA-O11749,19-06-2023,0,Paid,30.75
STA-R16918,STA-O14968,04-05-2025,24.12,Pending,0
STA-R15496,STA-O12330,14-06-2025,11.31,Refunded,0
STA-R16228,STA-O8185,12-06-2023,12.69,Paid,0
STA-R18108,STA-O6961,26-05-2023,0,Paid,0
STA-R11378,STA-O14026,31-10-2025,26.12,Paid,0
STA-R17879,STA-O5920,15-11-2023,23.95,Paid,0
STA-R12217,STA-O7179,09-12-2024,30.8,Paid,30.8
STA-R14823,STA-O14964,01-08-2025,47.74,Paid,0
STA-R10907,STA-O9662,08-01-2024,17.01,Paid,0
STA-R12413,STA-O11075,14-09-2023,15.3,Paid,0
STA-R13732,STA-O6338,07-05-2024,23.9,Paid,0
STA-R13056,STA-O8284,22-06-2024,3.5,Paid,0
STA-R10342,STA-O5935,10-01-2023,17.45,Paid,17.45
STA-R17919,STA-O5250,05-11-2024,30.56,Paid,30.56
STA-R18293,STA-O11403,23-11-2025,9.66,Paid,0
STA-R11522,STA-O5119,21-09-2023,13.78,Paid,0
STA-R14915,STA-O12861,30-12-2023,36.51,Refunded,0
STA-R17941,STA-O6045,20-07-2024,0,Paid,0
STA-R9682,STA-O7885,27-08-2024,35.35,Paid,0
STA-R12966,STA-O10059,24-02-2024,31.48,Paid,0
STA-R9005,STA-O11336,22-09-2025,16.02,Refunded,0
STA-R9331,STA-O12215,02-02-2023,9.42,Paid,0
STA-R10558,STA-O11945,11-05-2024,5.31,Paid,0
STA-R10039,STA-O10459,05-07-2023,15.57,Refunded,0
STA-R15254,STA-O11143,03-08-2023,3.01,Paid,0
STA-R18207,STA-O7562,06-06-2025,15.8,Paid,5.07
STA-R18221,STA-O6404,09-03-2025,18.4,Paid,0
STA-R17081,STA-O5940,24-04-2023,73.32,Paid,0
STA-R15190,STA-O13483,05-11-2023,57.25,Paid,0
STA-R11175,STA-O12525,15-01-2023,12.46,Paid,0
STA-R15991,STA-O5467,06-04-2023,14.8,Paid,0
STA-R11264,STA-O14141,02-05-2024,66.66,Paid,0
STA-R11519,STA-O8838,06-05-2024,10.77,Paid,0
STA-R16586,STA-O10671,12-03-2024,23.35,Paid,0
STA-R18179,STA-O9596,23-06-2023,33.9,Paid,0
STA-R10602,STA-O5915,19-12-2023,22.75,Paid,0
STA-R14477,STA-O11198,09-11-2025,40.35,Paid,0
STA-R16149,STA-O6531,08-06-2024,0,Paid,0
STA-R15198,STA-O8208,31-03-2023,105.75,Refunded,0
STA-R16493,STA-O8526,13-05-2025,71.46,Paid,0
STA-R11842,STA-O5591,30-03-2024,0,Paid,0
STA-R14724,STA-O9847,30-12-2024,17.46,Paid,0
STA-R11491,STA-O7091,01-04-2025,44.25,Paid,0
STA-R13510,STA-O14330,06-05-2023,11.68,Refunded,0
STA-R16578,STA-O11040,12-02-2024,43.48,Paid,0
STA-R11151,STA-O13989,08-09-2024,11.56,Paid,0
STA-R11979,STA-O7497,30-05-2023,6.34,Paid,6.34
STA-R9318,STA-O8852,10-01-2023,19.56,Paid,19.56
STA-R13397,STA-O11869,14-02-2025,78.45,Paid,0
STA-R16595,STA-O10885,29-08-2024,20.2,Paid,20.2
STA-R18230,STA-O13229,17-07-2025,20.16,Paid,0
STA-R10684,STA-O5084,04-09-2023,0,Paid,0
STA-R18047,STA-O7607,11-05-2025,34.25,Paid,0
STA-R15732,STA-O14703,07-03-2024,177,Paid,0
STA-R10267,STA-O8276,08-09-2025,22.2,Paid,0
STA-R12585,STA-O10349,05-07-2024,6.33,Refunded,0
STA-R9921,STA-O14417,29-05-2024,0,Pending,0
STA-R9667,STA-O8098,07-07-2024,50.22,Refunded,0
STA-R10310,STA-O10412,31-12-2025,66.78,Paid,0
STA-R17179,STA-O14701,10-05-2024,89.19,Paid,0
STA-R17083,STA-O9579,19-03-2023,9.08,Refunded,0
STA-R12517,STA-O9884,08-06-2023,0,Paid,0
STA-R15565,STA-O8063,16-09-2023,15.61,Refunded,0
STA-R15835,STA-O6010,09-04-2023,7.7,Paid,0
STA-R15743,STA-O7748,02-07-2024,33.24,Paid,0
STA-R11123,STA-O11152,26-09-2024,22.5,Pending,0
STA-R16442,STA-O10591,10-03-2025,89.52,Paid,89.52
STA-R14056,STA-O13159,16-04-2023,48.6,Paid,0
STA-R16150,STA-O11534,19-08-2025,15.42,Refunded,0
STA-R16548,STA-O7187,09-01-2024,8.74,Pending,0
STA-R12724,STA-O13669,03-03-2024,11.24,Paid,0
STA-R13757,STA-O7046,06-03-2024,24.05,Paid,0
STA-R11972,STA-O8410,08-07-2023,8.91,Refunded,0
STA-R12730,STA-O9020,17-07-2025,30.15,Paid,0
STA-R17871,STA-O7862,19-02-2025,0,Paid,0
STA-R17123,STA-O12811,21-06-2023,0,Paid,0
STA-R13424,STA-O14372,11-04-2024,7.72,Paid,0
STA-R14795,STA-O5570,18-03-2023,28.76,Paid,0
STA-R17783,STA-O7632,14-04-2023,31.23,Paid,0
STA-R12283,STA-O9204,26-04-2025,16.2,Paid,0
STA-R9611,STA-O11646,03-08-2023,88,Pending,0
STA-R18020,STA-O14378,23-12-2025,26.57,Paid,0
STA-R14836,STA-O12874,15-03-2025,14.4,Paid,0
STA-R9553,STA-O11890,24-02-2023,15.06,Paid,4.67
STA-R17614,STA-O5731,06-06-2023,29.5,Paid,0
STA-R11181,STA-O13277,31-10-2023,25.38,Refunded,0
STA-R10919,STA-O6379,15-07-2023,27,Paid,27
STA-R11986,STA-O11690,22-06-2024,21.92,Refunded,0
STA-R14444,STA-O14939,05-03-2024,28.88,Paid,0
STA-R12936,STA-O10543,16-12-2024,12.04,Refunded,0
STA-R9531,STA-O11196,28-04-2025,23.82,Paid,0
STA-R9416,STA-O10170,17-12-2025,30.4,Paid,0
STA-R16341,STA-O5806,29-03-2025,5.07,Paid,0
STA-R14443,STA-O6453,16-08-2024,31.12,Paid,0
STA-R15065,STA-O7900,01-05-2024,0,Paid,5.88
STA-R16395,STA-O6446,12-02-2024,12.52,Pending,0
STA-R9372,STA-O12946,10-07-2024,7.25,Paid,7.25
STA-R9995,STA-O8009,28-09-2024,2.5,Paid,2.5
STA-R9226,STA-O12544,04-01-2025,6.94,Paid,0
STA-R9326,STA-O12554,29-03-2023,15.26,Paid,0
STA-R10845,STA-O14080,23-06-2023,21.33,Refunded,0
STA-R9100,STA-O7072,27-06-2023,3.86,Paid,0
STA-R11010,STA-O12823,18-12-2023,32.19,Paid,0
STA-R14156,STA-O9275,25-02-2023,12.28,Paid,12.28
STA-R17946,STA-O12699,18-02-2023,12.22,Paid,0
STA-R10174,STA-O6354,10-09-2024,20.32,Pending,0
STA-R11030,STA-O9585,27-11-2024,44.95,Paid,44.95
STA-R9717,STA-O5605,19-01-2023,40.28,Refunded,0
STA-R16036,STA-O8576,03-07-2025,57.39,Paid,0
STA-R17697,STA-O12187,15-08-2024,65.28,Refunded,0
STA-R13545,STA-O8845,26-10-2024,31.66,Paid,0
STA-R16448,STA-O7767,20-04-2024,39.65,Refunded,0
STA-R13222,STA-O6725,11-05-2025,8.82,Paid,0
STA-R17628,STA-O10856,11-04-2024,19.8,Paid,19.8
STA-R15407,STA-O11668,18-09-2023,39.48,Paid,0
STA-R16506,STA-O8220,11-06-2023,8.3,Refunded,0
STA-R11506,STA-O9415,06-07-2024,0,Paid,0
STA-R16568,STA-O7158,12-07-2025,6.88,Paid,0
STA-R9431,STA-O14113,10-03-2024,17.88,Paid,0
STA-R17080,STA-O8335,08-06-2023,6,Paid,0
STA-R18535,STA-O12044,10-02-2025,15.36,Paid,0
STA-R14750,STA-O13999,24-11-2025,6,Refunded,0
STA-R10168,STA-O12081,27-12-2023,7.52,Paid,0
STA-R11280,STA-O5957,07-02-2025,12.64,Paid,0
STA-R16035,STA-O11697,17-09-2024,78.93,Paid,0
STA-R18419,STA-O13040,24-12-2024,5.95,Pending,0
STA-R17921,STA-O14398,10-06-2023,28.64,Paid,0
STA-R11375,STA-O8636,28-03-2025,44.25,Paid,0
STA-R9346,STA-O11846,30-07-2025,5.04,Paid,0
STA-R16501,STA-O12888,20-04-2024,15.6,Paid,0
STA-R9067,STA-O9091,21-02-2025,28.76,Paid,0
STA-R13252,STA-O14721,05-08-2024,5.15,Paid,0
STA-R18249,STA-O11500,25-08-2025,26.6,Paid,26.6
STA-R10915,STA-O5910,31-10-2024,8.12,Paid,0
STA-R12521,STA-O13699,02-11-2025,10.86,Refunded,0
STA-R10973,STA-O5836,11-02-2025,31.8,Paid,0
STA-R17418,STA-O6159,14-05-2023,85.86,Paid,0
STA-R13876,STA-O7968,27-12-2023,24.25,Paid,0
STA-R12114,STA-O14846,18-05-2023,14.79,Paid,0
STA-R13353,STA-O13117,29-12-2024,0,Paid,0
STA-R16969,STA-O14559,19-10-2025,38.9,Paid,0
STA-R9490,STA-O11131,29-06-2025,30.36,Paid,0
STA-R13978,STA-O9861,04-02-2024,26.4,Paid,26.4
STA-R10714,STA-O11831,20-06-2025,20.87,Paid,0
STA-R12988,STA-O12279,02-02-2024,5.26,Paid,0
STA-R14283,STA-O14376,28-07-2025,20.04,Paid,0
STA-R12646,STA-O13858,28-09-2023,29.15,Paid,0
STA-R9950,STA-O8698,03-10-2025,21.26,Refunded,0
STA-R18514,STA-O14315,10-08-2025,7.08,Paid,0
STA-R17630,STA-O14067,07-06-2023,27.48,Paid,27.48
STA-R16912,STA-O6970,08-06-2024,29.68,Refunded,0
STA-R10330,STA-O5825,05-06-2024,41.3,Paid,0
STA-R12043,STA-O10877,28-11-2025,16.5,Paid,16.5
STA-R11887,STA-O12289,22-06-2025,68.64,Paid,0
STA-R17115,STA-O13706,27-11-2024,9.32,Paid,0
STA-R11755,STA-O14995,20-01-2024,17.55,Paid,0
STA-R17193,STA-O5592,27-11-2024,7.88,Paid,0
STA-R10873,STA-O10425,23-04-2024,4.01,Paid,0.53
STA-R18493,STA-O8022,18-01-2024,11.98,Paid,11.98
STA-R17820,STA-O13160,11-02-2024,23.75,Refunded,0
STA-R17296,STA-O11940,19-01-2024,22.73,Paid,22.73
STA-R13403,STA-O7197,24-12-2024,10.9,Pending,2.26
STA-R13429,STA-O14286,03-12-2023,10.7,Paid,0
STA-R16083,STA-O12538,25-11-2025,108.1,Paid,0
STA-R14533,STA-O12323,24-09-2024,65.24,Paid,0
STA-R16085,STA-O8755,06-06-2023,9.12,Paid,0
STA-R18146,STA-O12070,25-02-2023,49.7,Pending,0
STA-R11497,STA-O12524,04-02-2024,14.43,Paid,0
STA-R14438,STA-O9518,08-12-2025,31.96,Refunded,0
STA-R10741,STA-O14333,14-12-2025,23.68,Paid,0
STA-R16488,STA-O14705,06-05-2023,6.64,Paid,6.64
STA-R10855,STA-O12643,16-11-2024,26.2,Paid,0
STA-R11712,STA-O5325,08-07-2025,9.42,Paid,0
STA-R11027,STA-O6230,31-10-2024,34.65,Paid,0
STA-R15443,STA-O9886,06-07-2023,25.64,Paid,0
STA-R13064,STA-O11357,11-01-2024,17.91,Paid,0
STA-R15647,STA-O14572,03-07-2023,14.05,Paid,0
STA-R12251,STA-O8332,28-02-2025,30.96,Paid,0
STA-R10686,STA-O10207,10-07-2025,39,Paid,0
STA-R16529,STA-O8505,27-08-2025,24.4,Paid,0
STA-R15116,STA-O9235,21-09-2023,32.6,Paid,0
STA-R13506,STA-O11666,12-09-2023,7.44,Refunded,0
STA-R9934,STA-O11462,18-12-2024,24.64,Paid,0
STA-R9432,STA-O12530,28-05-2023,25.45,Paid,0
STA-R17779,STA-O12826,08-12-2025,37.7,Refunded,0
STA-R17961,STA-O12664,24-10-2025,21.78,Paid,0
STA-R14447,STA-O9544,30-06-2024,38.3,Refunded,0
STA-R13871,STA-O13100,20-03-2023,37.77,Paid,0
STA-R9112,STA-O12732,24-07-2025,5.09,Paid,0
STA-R14728,STA-O6657,12-12-2025,25.11,Refunded,0
STA-R10883,STA-O7477,06-05-2025,31.72,Paid,0
STA-R15801,STA-O13009,07-05-2025,133.72,Paid,0
STA-R11069,STA-O12539,18-12-2023,11.78,Paid,11.78
STA-R10772,STA-O14639,17-06-2023,5.72,Refunded,0
STA-R12807,STA-O6639,09-06-2023,42.9,Paid,0
STA-R12578,STA-O7872,19-08-2025,25.64,Paid,0
STA-R15329,STA-O14186,01-05-2025,28.55,Paid,0
STA-R11081,STA-O14248,03-03-2023,15.69,Pending,0
STA-R9983,STA-O9148,27-11-2025,13.98,Refunded,0
STA-R11950,STA-O10798,30-08-2025,8.29,Paid,0
STA-R13051,STA-O14385,12-05-2024,4.4,Paid,0
STA-R9467,STA-O11100,14-03-2025,3.94,Paid,0
STA-R17745,STA-O12736,15-12-2025,18.75,Paid,18.75
STA-R13748,STA-O13725,06-06-2024,0,Refunded,0
STA-R11017,STA-O10791,15-04-2025,27.56,Paid,27.56
STA-R11486,STA-O6001,10-11-2024,22.76,Refunded,2.82
STA-R15262,STA-O9013,23-10-2025,14.28,Paid,0
STA-R9524,STA-O5408,10-03-2025,61.65,Paid,0
STA-R11829,STA-O10327,23-06-2024,25.92,Pending,0
STA-R14893,STA-O10068,01-01-2024,26.1,Pending,0
STA-R16720,STA-O6791,29-06-2024,10.86,Paid,10.86
STA-R12825,STA-O5784,06-09-2025,31.65,Paid,0
STA-R9806,STA-O7670,11-05-2025,5.19,Paid,0
STA-R10930,STA-O6590,18-05-2023,0,Pending,0
STA-R12855,STA-O10748,30-08-2025,84.7,Paid,84.7
STA-R17706,STA-O14791,03-03-2024,4.38,Paid,4.38
STA-R12918,STA-O12439,09-11-2024,14.44,Paid,0
STA-R13789,STA-O10374,07-03-2023,20.15,Paid,20.15
STA-R14972,STA-O11714,21-04-2025,4.51,Pending,0
STA-R18517,STA-O5832,27-11-2023,25.2,Paid,25.2
STA-R12273,STA-O5041,03-08-2024,27.3,Paid,0
STA-R14735,STA-O8264,03-04-2024,22.8,Paid,0
STA-R10232,STA-O5607,24-10-2024,4.08,Paid,0
STA-R14816,STA-O12466,22-09-2025,42.9,Paid,0
STA-R9826,STA-O11663,29-04-2024,17.25,Paid,0
STA-R15649,STA-O7488,13-01-2025,0,Paid,0
STA-R12269,STA-O9403,18-06-2025,19.15,Paid,0
STA-R17262,STA-O6392,25-11-2024,16.14,Pending,0
STA-R15854,STA-O6496,29-01-2025,58,Refunded,0
STA-R17046,STA-O11069,30-03-2024,32.55,Paid,0
STA-R13991,STA-O5266,01-07-2023,65.61,Paid,0
STA-R16693,STA-O12621,15-07-2024,62.67,Paid,0
STA-R9240,STA-O11595,30-07-2025,13.8,Pending,0
STA-R10411,STA-O12577,10-07-2024,38.04,Refunded,4.72
STA-R13948,STA-O9163,05-08-2023,26.75,Paid,0
STA-R13933,STA-O12690,29-05-2024,0,Paid,28
STA-R17639,STA-O5600,06-02-2025,11.86,Paid,0
STA-R9932,STA-O14922,11-03-2025,13.32,Paid,0
STA-R12645,STA-O14493,09-04-2025,6.96,Pending,0
STA-R10693,STA-O14265,06-09-2023,16.32,Paid,0
STA-R9378,STA-O9272,14-06-2023,12.1,Paid,0
STA-R14578,STA-O9800,18-11-2023,6.86,Paid,0
STA-R16852,STA-O9916,16-10-2023,6.22,Paid,0
STA-R14472,STA-O6627,08-01-2024,88.2,Paid,0
STA-R13016,STA-O7946,03-01-2023,18.12,Paid,0
STA-R12240,STA-O9727,15-10-2025,3.97,Paid,0
STA-R16447,STA-O11640,09-07-2025,52.2,Paid,0
STA-R17300,STA-O9913,29-04-2023,32.43,Paid,0
STA-R9878,STA-O9139,19-02-2025,11.56,Paid,0
STA-R18172,STA-O10909,23-02-2025,7,Paid,0
STA-R12761,STA-O9279,26-06-2025,108.93,Paid,108.93
STA-R9860,STA-O7130,29-12-2025,14.64,Paid,2.12
STA-R10962,STA-O14784,18-08-2024,14.2,Paid,0
STA-R10037,STA-O10620,10-01-2023,110.7,Paid,0
STA-R12123,STA-O9508,26-10-2025,11.9,Paid,0
STA-R18220,STA-O6186,07-03-2025,16.11,Paid,0
STA-R11890,STA-O9120,30-10-2025,0,Paid,11.23
STA-R17834,STA-O7802,12-07-2023,15.8,Refunded,0
STA-R17222,STA-O10156,13-06-2025,102.44,Paid,0
STA-R11976,STA-O11091,22-05-2025,11.82,Paid,0
STA-R9474,STA-O8631,08-12-2024,8.74,Paid,0
STA-R16213,STA-O10998,06-08-2023,12.34,Paid,0
STA-R11306,STA-O10965,14-05-2024,5.28,Paid,0
STA-R9881,STA-O6156,01-12-2024,30.2,Paid,30.2
STA-R9280,STA-O10037,24-07-2024,81.4,Refunded,0
STA-R18186,STA-O9005,09-04-2023,43.5,Refunded,0
STA-R11429,STA-O14849,05-06-2023,4.36,Paid,4.36
STA-R11409,STA-O13446,25-06-2023,8.52,Paid,0
STA-R11904,STA-O9170,02-12-2025,47.6,Paid,47.6
STA-R12298,STA-O10769,07-09-2025,72.06,Refunded,0
STA-R10386,STA-O10366,07-06-2023,26.64,Paid,0
STA-R18393,STA-O6973,16-11-2024,18.8,Paid,18.8
STA-R16347,STA-O9322,04-09-2024,26.9,Pending,0
STA-R9377,STA-O7860,31-12-2024,9.6,Paid,0
STA-R17710,STA-O14549,16-01-2024,0,Paid,0
STA-R15972,STA-O6991,14-06-2024,63.16,Refunded,0
STA-R17787,STA-O10839,29-11-2023,70.2,Refunded,0
STA-R16629,STA-O14699,10-02-2025,4.98,Pending,0
STA-R14003,STA-O12486,15-10-2023,4.56,Paid,0
STA-R12151,STA-O10879,20-09-2025,9.99,Refunded,0
STA-R12381,STA-O9816,06-04-2025,46.47,Paid,0
STA-R12784,STA-O7822,22-09-2024,11.08,Pending,0
STA-R9035,STA-O7929,07-02-2023,3.5,Paid,0
STA-R16538,STA-O13074,06-05-2024,11.89,Paid,11.89
STA-R16362,STA-O7484,20-01-2025,52,Refunded,0
STA-R18610,STA-O9565,18-01-2024,24.2,Paid,0
STA-R14664,STA-O14644,24-12-2025,5.76,Pending,0
STA-R10345,STA-O9199,19-08-2023,5.45,Paid,0
STA-R9678,STA-O9768,26-06-2025,16.14,Paid,0
STA-R14236,STA-O8219,12-04-2025,9.48,Paid,0
STA-R15097,STA-O14169,23-01-2025,12.72,Paid,12.72
STA-R13220,STA-O11751,19-01-2023,27.94,Paid,0
STA-R10253,STA-O12399,12-01-2025,4.24,Paid,0
STA-R18540,STA-O5518,16-06-2025,5.19,Refunded,0
STA-R15147,STA-O6902,17-02-2024,5.72,Paid,0
STA-R12924,STA-O14193,18-10-2023,4.29,Refunded,0
STA-R13912,STA-O5076,19-10-2023,123.5,Refunded,0
STA-R15788,STA-O6215,08-01-2024,74.76,Paid,0
STA-R10230,STA-O7589,31-07-2025,26.97,Paid,0
STA-R13974,STA-O8159,18-08-2025,7.64,Paid,0
STA-R17907,STA-O9846,29-06-2024,30,Paid,0
STA-R16792,STA-O5950,05-10-2023,24.3,Pending,0
STA-R14212,STA-O11045,30-01-2023,12.87,Paid,0
STA-R11063,STA-O14276,10-03-2023,11,Paid,0
STA-R16147,STA-O12496,27-07-2023,62,Paid,0
STA-R10550,STA-O14645,26-12-2025,18.87,Paid,0
STA-R12132,STA-O7281,04-02-2024,22.59,Paid,0
STA-R9868,STA-O14715,07-12-2025,20.36,Paid,0
STA-R15087,STA-O13779,17-08-2023,4.65,Paid,0
STA-R11640,STA-O14894,30-01-2025,91.75,Paid,0
STA-R13292,STA-O7776,20-03-2024,0,Paid,0
STA-R12919,STA-O13679,13-01-2023,9.51,Paid,4.61
STA-R9089,STA-O6489,15-05-2024,20.45,Paid,20.45
STA-R15583,STA-O8101,04-02-2024,25.64,Paid,0
STA-R12634,STA-O5221,10-12-2024,31,Paid,0
STA-R18153,STA-O14535,08-03-2024,19.72,Pending,0
STA-R17177,STA-O11383,14-09-2025,105.92,Paid,105.92
STA-R14412,STA-O6244,17-05-2024,37.05,Paid,0
STA-R14652,STA-O7071,02-10-2024,5.48,Paid,0
STA-R16380,STA-O9283,15-04-2024,15.76,Paid,0
STA-R12361,STA-O12804,28-03-2025,8.52,Paid,0
STA-R18536,STA-O12591,20-04-2023,18.57,Paid,0
STA-R15031,STA-O14069,02-07-2025,5.52,Paid,1.35
STA-R14429,STA-O9674,11-12-2025,5.39,Pending,0
STA-R12367,STA-O6965,15-04-2024,8.62,Paid,0
STA-R12002,STA-O9864,11-05-2023,23.5,Paid,23.5
STA-R16572,STA-O5343,09-08-2025,138.04,Paid,0
STA-R9537,STA-O5002,23-06-2024,25.5,Paid,0
STA-R11253,STA-O14010,28-11-2024,14.7,Paid,0
STA-R15657,STA-O8436,06-05-2023,16.2,Paid,16.2
STA-R9352,STA-O5883,23-09-2023,71.1,Paid,0
STA-R12188,STA-O9107,16-11-2025,12.66,Paid,0
STA-R16708,STA-O7989,03-10-2024,13.36,Paid,0
STA-R13874,STA-O10194,12-03-2023,22.92,Paid,0
STA-R14157,STA-O5265,14-11-2023,8.36,Paid,0
STA-R9555,STA-O8804,18-10-2023,38.55,Paid,0
STA-R9883,STA-O7773,29-06-2023,7.62,Paid,7.62
STA-R11943,STA-O6781,19-02-2023,7.62,Paid,7.62
STA-R13050,STA-O7470,29-05-2023,17.52,Paid,0
STA-R11112,STA-O12742,29-04-2023,15.05,Paid,0
STA-R13313,STA-O8299,28-03-2025,38.7,Refunded,0
STA-R10235,STA-O14760,06-05-2023,32.78,Paid,0
STA-R16749,STA-O10262,31-05-2024,5.03,Paid,0
STA-R10992,STA-O8145,14-06-2023,0,Paid,0
STA-R9030,STA-O6414,29-03-2024,115.65,Paid,0
STA-R10585,STA-O6702,22-11-2023,6.92,Paid,0
STA-R12160,STA-O10307,15-10-2025,17.55,Paid,17.55
STA-R14610,STA-O12794,06-11-2024,22.2,Paid,0
STA-R12573,STA-O13538,14-04-2023,57.21,Paid,0
STA-R14650,STA-O14027,28-09-2025,4.78,Paid,0
STA-R14138,STA-O10077,01-11-2025,71.35,Paid,0
STA-R15022,STA-O10178,11-05-2023,5.82,Paid,0
STA-R10669,STA-O14650,15-06-2024,13.46,Paid,0
STA-R10331,STA-O9015,22-02-2024,7.6,Paid,7.6
STA-R17997,STA-O14006,23-06-2023,64.71,Paid,0
STA-R12243,STA-O12739,26-02-2023,35.04,Refunded,0
STA-R15563,STA-O14648,08-02-2025,15.18,Paid,0
STA-R16982,STA-O6416,21-08-2024,0,Refunded,0
STA-R12145,STA-O10910,13-09-2025,62.25,Paid,0
STA-R18127,STA-O7303,05-06-2025,33.11,Refunded,0
STA-R17970,STA-O5879,19-01-2023,13.08,Pending,0
STA-R11195,STA-O6013,14-01-2025,11.98,Refunded,0
STA-R13514,STA-O13971,03-09-2024,20.28,Paid,0
STA-R11507,STA-O7631,05-08-2023,34.62,Paid,0
STA-R15416,STA-O11146,06-11-2024,35.35,Refunded,0
STA-R9105,STA-O12930,09-08-2024,6.9,Paid,0
STA-R14052,STA-O11719,04-02-2024,23.49,Refunded,0
STA-R15242,STA-O5210,07-02-2023,21.3,Paid,0
STA-R15591,STA-O8334,23-01-2024,12.51,Paid,12.51
STA-R13529,STA-O11686,05-11-2025,3.78,Paid,0
STA-R14542,STA-O7854,16-07-2024,10.59,Paid,10.59
STA-R15915,STA-O13617,31-01-2023,0,Paid,0
STA-R11275,STA-O8028,11-03-2024,187.45,Refunded,0
STA-R15390,STA-O11354,02-09-2025,15.12,Paid,0
STA-R16862,STA-O11610,29-11-2023,0,Paid,0
STA-R15956,STA-O5505,28-03-2023,16.65,Paid,0
STA-R12921,STA-O9370,07-01-2025,65.01,Paid,0
STA-R9561,STA-O11437,19-03-2024,18.22,Paid,0
STA-R10527,STA-O11405,16-02-2025,3.48,Paid,0
STA-R9952,STA-O14166,07-09-2023,13.32,Paid,0
STA-R13845,STA-O12513,02-10-2024,30.25,Paid,0
STA-R10977,STA-O12321,31-10-2023,16.68,Paid,0
STA-R12305,STA-O11395,08-02-2025,7.32,Paid,0
STA-R15397,STA-O5219,10-06-2025,20.88,Paid,0
STA-R13446,STA-O13078,19-10-2024,20.94,Paid,0
STA-R16681,STA-O11732,06-08-2025,5.07,Paid,0
STA-R17585,STA-O7841,25-10-2023,3.39,Paid,0
STA-R11747,STA-O14751,26-07-2024,20.13,Paid,20.13
STA-R14598,STA-O6386,03-02-2025,28.28,Paid,28.28
STA-R10877,STA-O9691,30-01-2025,0,Paid,0
STA-R15228,STA-O7555,14-02-2024,19.4,Paid,0
STA-R9794,STA-O8874,25-03-2024,24.45,Pending,0
STA-R17439,STA-O14321,08-09-2025,89.75,Paid,0
STA-R17561,STA-O8741,25-08-2024,3.24,Pending,0
STA-R9842,STA-O12771,17-11-2025,11.6,Paid,0
STA-R10373,STA-O9598,06-03-2025,17.46,Paid,0
STA-R11360,STA-O5299,01-02-2023,13.16,Paid,0
STA-R15459,STA-O7660,27-11-2024,21.68,Paid,0
STA-R9664,STA-O11713,03-11-2024,16.86,Paid,16.86
STA-R12402,STA-O14621,27-06-2025,2.42,Paid,0
STA-R9510,STA-O13673,04-07-2025,0,Paid,0
STA-R10821,STA-O6217,26-10-2024,31.68,Paid,0
STA-R16116,STA-O5795,11-07-2024,0,Refunded,0
STA-R11425,STA-O9142,09-10-2025,59.25,Paid,0
STA-R18496,STA-O10509,01-05-2023,148.24,Paid,148.24
STA-R17020,STA-O10720,28-07-2025,5.64,Paid,0
STA-R13225,STA-O13931,01-08-2025,95.16,Paid,0
STA-R15355,STA-O11033,04-12-2023,44.35,Paid,44.35
STA-R13619,STA-O9867,29-08-2024,92.16,Paid,0
STA-R11150,STA-O8466,13-04-2025,10.74,Paid,0
STA-R14900,STA-O6023,13-10-2024,17.98,Paid,2.39
STA-R15235,STA-O11563,01-09-2025,26.34,Paid,0
STA-R14629,STA-O13346,18-04-2023,34.64,Refunded,0
STA-R16944,STA-O6442,23-11-2023,21.62,Paid,0
STA-R18421,STA-O14036,01-12-2025,13.28,Paid,13.28
STA-R16583,STA-O10773,03-11-2024,38.35,Refunded,0
STA-R16268,STA-O5865,04-08-2024,55.82,Paid,55.82
STA-R10968,STA-O6616,12-09-2023,0,Paid,5.5
STA-R13654,STA-O8447,14-10-2025,12.51,Paid,0
STA-R14671,STA-O12996,21-01-2025,22.36,Paid,0
STA-R14599,STA-O13953,17-12-2023,16.75,Paid,0
STA-R11361,STA-O5261,15-01-2025,25.82,Paid,0
STA-R10295,STA-O10751,03-12-2025,57.12,Refunded,0
STA-R14463,STA-O10361,18-06-2025,16.72,Paid,16.72
STA-R15410,STA-O7974,15-11-2025,105.93,Paid,105.93
STA-R18316,STA-O14349,29-02-2024,12.72,Paid,0
STA-R17034,STA-O9961,27-05-2024,6.31,Paid,6.31
STA-R13197,STA-O11214,01-12-2024,18.33,Paid,0
STA-R10287,STA-O8893,09-05-2025,30.35,Paid,30.35
STA-R9335,STA-O7712,14-04-2024,34.7,Paid,0
STA-R15574,STA-O11428,15-04-2025,8.44,Paid,0
STA-R17691,STA-O11477,19-04-2024,24.92,Refunded,0
STA-R9419,STA-O11546,21-01-2024,2.36,Paid,0
STA-R14335,STA-O14882,10-06-2025,19,Paid,0
STA-R17655,STA-O14023,26-08-2025,44.75,Paid,0
STA-R10634,STA-O10672,16-09-2023,0,Paid,0
STA-R18424,STA-O11766,29-11-2023,10.2,Paid,0
STA-R14810,STA-O8537,21-07-2023,14.74,Paid,0
STA-R13391,STA-O7053,10-01-2024,43.75,Paid,43.75
STA-R12399,STA-O8629,13-06-2023,9.96,Paid,0
STA-R15411,STA-O6204,25-03-2024,12.52,Paid,0
STA-R15949,STA-O10319,12-10-2023,13.68,Paid,0
STA-R15164,STA-O6841,17-02-2024,12.42,Paid,12.42
STA-R10816,STA-O8388,15-03-2023,11.96,Pending,0
STA-R14768,STA-O10639,21-12-2025,9.12,Paid,0
STA-R11822,STA-O11251,06-12-2023,42.82,Paid,0
STA-R18279,STA-O7746,11-09-2024,38.3,Refunded,0
STA-R17963,STA-O10257,25-10-2023,57.56,Pending,0
STA-R10770,STA-O5917,22-12-2023,12.75,Paid,0
STA-R14027,STA-O14521,26-07-2024,38.25,Paid,0
STA-R13329,STA-O12130,11-09-2025,4.55,Paid,0
STA-R17521,STA-O9641,12-09-2023,17.64,Refunded,7.82
STA-R13401,STA-O14092,24-10-2025,54.96,Paid,0
STA-R18488,STA-O11466,27-06-2024,26.75,Paid,0
STA-R15632,STA-O9423,05-09-2024,22.36,Paid,0
STA-R10848,STA-O7892,15-12-2025,3.37,Paid,0
STA-R12767,STA-O13264,04-10-2023,7.32,Refunded,0
STA-R11848,STA-O12724,29-09-2023,5.23,Paid,5.23
STA-R17233,STA-O7427,30-12-2024,104.01,Paid,0
STA-R17744,STA-O13585,16-06-2023,13.74,Paid,0
STA-R15663,STA-O14100,12-07-2024,7.9,Paid,0
STA-R15106,STA-O10913,07-08-2025,11.52,Paid,0
STA-R11816,STA-O7972,29-10-2023,7.18,Paid,7.18
STA-R17694,STA-O7098,01-05-2023,23.12,Paid,0
STA-R13949,STA-O7391,15-02-2023,6.88,Paid,0
STA-R17232,STA-O12880,27-10-2024,23.85,Paid,0
STA-R9773,STA-O12479,20-12-2025,22.36,Paid,22.36
STA-R13805,STA-O6698,25-03-2025,7.38,Paid,0
STA-R9328,STA-O7594,30-08-2024,11.08,Paid,0
STA-R9852,STA-O9182,20-06-2024,21.6,Paid,0
STA-R13214,STA-O6269,06-03-2025,59.96,Paid,0
STA-R18368,STA-O10575,10-04-2024,16.5,Paid,0
STA-R17846,STA-O8230,24-09-2025,20.8,Paid,0
STA-R10315,STA-O13850,05-12-2024,33.2,Refunded,0
STA-R11177,STA-O10826,30-03-2024,5.08,Paid,0
STA-R11163,STA-O5990,28-03-2025,12.36,Paid,0
STA-R13509,STA-O12745,07-12-2024,10.2,Paid,0
STA-R11918,STA-O5656,21-03-2025,24.75,Paid,0
STA-R9214,STA-O10355,13-07-2023,3.27,Paid,0
STA-R16991,STA-O12796,13-09-2023,4.15,Paid,0
STA-R9400,STA-O5170,12-11-2024,29.75,Paid,0
STA-R16154,STA-O8151,11-04-2023,25.75,Pending,0
STA-R11327,STA-O13003,19-07-2025,5.31,Paid,0
STA-R14098,STA-O9907,07-08-2024,21.9,Refunded,0
STA-R15435,STA-O8900,27-11-2025,5.75,Refunded,0
STA-R17764,STA-O7511,02-05-2023,38.78,Paid,0
STA-R13766,STA-O5508,15-04-2023,6.66,Pending,0
STA-R12955,STA-O5681,19-04-2025,6.85,Refunded,0
STA-R18297,STA-O12050,07-05-2024,16.45,Paid,0
STA-R16733,STA-O13156,23-07-2025,28.84,Paid,0
STA-R11271,STA-O11438,05-10-2025,17.07,Refunded,0
STA-R12223,STA-O11079,02-05-2024,17.32,Paid,17.32
STA-R17795,STA-O5760,13-12-2023,26.84,Paid,0
STA-R17591,STA-O6790,01-03-2023,5.89,Paid,0
STA-R9974,STA-O13507,02-05-2023,0,Pending,0
STA-R17112,STA-O10492,07-09-2023,15.27,Paid,0
STA-R15695,STA-O10788,15-04-2025,16.98,Paid,0
STA-R14515,STA-O6067,28-10-2025,0,Paid,0
STA-R13105,STA-O5944,16-06-2024,7.98,Paid,7.98
STA-R10374,STA-O11794,08-02-2025,94.76,Paid,94.76
STA-R10111,STA-O12304,19-09-2025,6,Paid,0
STA-R10124,STA-O12967,09-06-2024,24.55,Paid,0
STA-R12233,STA-O9680,17-04-2023,18.54,Paid,0
STA-R16642,STA-O14588,05-02-2025,28.92,Paid,0
STA-R13835,STA-O10033,08-06-2025,26.4,Paid,0
STA-R15777,STA-O5888,27-06-2024,7.58,Pending,0
STA-R13913,STA-O9906,24-08-2024,15.62,Paid,0
STA-R9418,STA-O14125,15-11-2023,0,Paid,0
STA-R12822,STA-O11571,18-04-2023,10.35,Paid,0
STA-R12615,STA-O13233,20-01-2025,34.92,Paid,0
STA-R9909,STA-O7232,05-06-2023,5.44,Paid,0
STA-R17550,STA-O10114,22-06-2024,9.18,Paid,0
STA-R17862,STA-O11613,16-08-2025,29.6,Pending,0
STA-R11024,STA-O5445,14-07-2023,17.65,Paid,0
STA-R15729,STA-O6907,08-12-2025,12.42,Pending,0
STA-R12295,STA-O10223,28-12-2024,21.24,Refunded,0
STA-R12926,STA-O8196,21-06-2025,22.08,Paid,0
STA-R15886,STA-O7936,26-06-2024,18.04,Refunded,0
STA-R11369,STA-O7288,29-03-2025,11.74,Paid,0
STA-R11398,STA-O7115,30-05-2025,26.08,Paid,0
STA-R12449,STA-O10634,21-08-2025,8.8,Paid,0
STA-R16965,STA-O6985,02-07-2025,14.7,Paid,0
STA-R14369,STA-O9847,30-12-2024,17.46,Paid,1.91
STA-R9695,STA-O7766,31-05-2024,18.45,Refunded,0
STA-R16175,STA-O12448,25-01-2025,18.96,Paid,0
STA-R16480,STA-O8836,16-06-2025,5.17,Paid,0
STA-R17568,STA-O14897,05-07-2023,6.72,Refunded,0
STA-R12303,STA-O12606,06-03-2025,20.52,Paid,0
STA-R15731,STA-O6793,07-08-2023,13.78,Refunded,0
STA-R13765,STA-O5693,23-04-2025,25.14,Refunded,0
STA-R16786,STA-O7323,24-03-2024,10.46,Refunded,0
STA-R15226,STA-O13255,21-09-2025,19.59,Refunded,0
STA-R11131,STA-O10281,01-11-2024,14.4,Paid,0
STA-R15430,STA-O10572,22-02-2023,15.16,Refunded,0
STA-R9959,STA-O10310,05-06-2025,22.16,Paid,0
STA-R16684,STA-O10270,22-05-2023,124.56,Paid,0
STA-R12007,STA-O8498,18-04-2023,16.5,Paid,0
STA-R9458,STA-O8823,15-03-2023,41.98,Refunded,0
STA-R10644,STA-O8034,08-05-2023,30.25,Paid,0
STA-R12318,STA-O10228,19-08-2025,73.88,Paid,0
STA-R9864,STA-O6877,10-03-2023,24.36,Paid,0
STA-R16834,STA-O7897,01-07-2023,5.79,Refunded,0
STA-R15869,STA-O6257,06-03-2024,17.84,Paid,0
STA-R14483,STA-O5976,05-09-2023,27.35,Paid,0
STA-R17337,STA-O8588,15-08-2023,4.71,Paid,0
STA-R18137,STA-O7799,08-11-2025,12.66,Paid,0
STA-R9069,STA-O8002,05-01-2024,0,Paid,43.05
STA-R10294,STA-O8253,08-04-2025,10.85,Paid,0
STA-R16273,STA-O12213,31-12-2024,21.2,Paid,0
STA-R10392,STA-O5658,29-10-2024,15.06,Paid,0
STA-R16765,STA-O14243,10-04-2025,6.5,Paid,0
STA-R13587,STA-O12979,27-05-2024,8.36,Refunded,0
STA-R18045,STA-O10958,22-05-2024,26.4,Paid,0
STA-R10906,STA-O9437,01-10-2024,15.88,Paid,15.88
STA-R15754,STA-O13144,22-08-2023,17.16,Paid,17.16
STA-R10209,STA-O9632,08-10-2023,48.96,Paid,0
STA-R14164,STA-O12767,26-04-2024,91,Paid,0
STA-R13053,STA-O13481,21-10-2023,3.09,Paid,0
STA-R15043,STA-O5151,18-08-2023,6.51,Paid,6.51
STA-R17988,STA-O10044,13-10-2023,36.25,Paid,0
STA-R9635,STA-O12984,23-09-2023,5.61,Paid,0
STA-R16202,STA-O7635,25-06-2024,19.23,Paid,0
STA-R11961,STA-O11059,17-10-2024,32.08,Paid,0
STA-R12884,STA-O5439,07-01-2023,43.3,Paid,0
STA-R17733,STA-O6662,14-11-2024,24.1,Paid,24.1
STA-R16610,STA-O5776,22-10-2025,0,Paid,0
STA-R17762,STA-O8027,15-08-2024,0,Paid,0
STA-R10200,STA-O6919,08-09-2023,5.89,Paid,0
STA-R16384,STA-O6726,13-07-2024,7.76,Paid,0
STA-R10590,STA-O9372,27-11-2025,17.57,Paid,0
STA-R11255,STA-O9090,24-01-2025,8.96,Paid,0
STA-R11479,STA-O9451,09-10-2023,144.95,Paid,0
STA-R18350,STA-O5406,08-05-2023,39.42,Paid,0
STA-R11852,STA-O11863,06-04-2025,11.46,Paid,0
STA-R14577,STA-O9739,21-08-2024,31.65,Paid,0
STA-R12503,STA-O10761,13-09-2024,3.34,Paid,0
STA-R9651,STA-O6891,07-03-2023,111.85,Paid,111.85
STA-R12428,STA-O11738,19-07-2024,34.45,Paid,9.27
STA-R11342,STA-O5122,19-05-2023,4.8,Paid,0
STA-R9692,STA-O12328,17-07-2024,4.14,Pending,0
STA-R13541,STA-O5139,10-04-2025,41.52,Paid,0
STA-R17144,STA-O14449,25-08-2024,52.72,Paid,0
STA-R13154,STA-O14448,18-01-2024,32.31,Pending,0
STA-R9523,STA-O9444,24-10-2024,28.06,Paid,0
STA-R17592,STA-O9832,24-05-2023,39.52,Paid,0
STA-R15597,STA-O9512,28-06-2023,12.3,Paid,0
STA-R15566,STA-O9695,22-12-2023,16.35,Paid,0
STA-R11790,STA-O8244,20-01-2023,3.34,Paid,0
STA-R12177,STA-O12436,04-03-2024,36.3,Paid,0
STA-R15486,STA-O12696,07-06-2023,10.5,Pending,0
STA-R14432,STA-O6867,06-11-2025,17.86,Refunded,0
STA-R17989,STA-O11513,07-05-2024,20.46,Paid,0
STA-R17158,STA-O14647,29-10-2024,29.36,Paid,0
STA-R15054,STA-O13400,16-08-2025,33.68,Pending,0
STA-R13918,STA-O14409,15-06-2024,18.46,Paid,0
STA-R14876,STA-O7216,08-08-2024,23.08,Paid,0
STA-R10674,STA-O6203,27-02-2025,9.8,Paid,0
STA-R17197,STA-O6264,08-06-2025,17.82,Paid,8.36
STA-R14487,STA-O8924,28-12-2024,4.49,Refunded,0
STA-R12306,STA-O13394,08-07-2023,58.71,Refunded,0
STA-R12083,STA-O7068,28-03-2024,9.34,Refunded,0
STA-R15600,STA-O10236,07-02-2024,40.4,Paid,40.4
STA-R16778,STA-O7835,03-08-2025,2.57,Paid,2.57
STA-R12362,STA-O6524,31-12-2023,13.8,Paid,0
STA-R9305,STA-O13946,15-08-2024,18.03,Paid,0
STA-R15249,STA-O10861,27-02-2025,23.35,Paid,0
STA-R14054,STA-O14950,03-07-2023,14.19,Paid,14.19
STA-R14753,STA-O6015,12-03-2025,23.2,Paid,0
STA-R16293,STA-O7226,29-09-2024,7.45,Paid,0
STA-R14120,STA-O5996,08-01-2023,0,Paid,26.8
STA-R18481,STA-O9666,20-10-2023,7.45,Paid,0
STA-R10159,STA-O11964,15-04-2025,17.6,Paid,0
STA-R12346,STA-O7358,26-12-2024,112.15,Paid,0
STA-R16338,STA-O6859,30-12-2024,20.05,Refunded,0
STA-R12504,STA-O6231,06-09-2024,32.3,Pending,0
STA-R10624,STA-O6315,06-04-2024,40.92,Paid,0
STA-R11826,STA-O9577,14-05-2023,29.9,Paid,29.9
STA-R9759,STA-O9945,30-05-2025,17.15,Pending,0
STA-R11546,STA-O8474,15-04-2023,18.66,Paid,0
STA-R10910,STA-O9443,14-05-2023,5.27,Paid,0
STA-R13976,STA-O12123,18-01-2023,13.48,Paid,0
STA-R10378,STA-O7001,03-02-2024,27.45,Pending,0
STA-R14286,STA-O14747,10-09-2024,43.08,Paid,0
STA-R15960,STA-O7907,19-01-2025,38.16,Paid,0
STA-R14349,STA-O9447,21-12-2025,18.88,Paid,0
STA-R11885,STA-O11884,06-03-2025,78.46,Paid,0
STA-R9661,STA-O6709,07-01-2025,33.08,Paid,0
STA-R17267,STA-O14463,09-09-2025,25.3,Paid,0
STA-R14979,STA-O6098,10-07-2023,16.52,Paid,0
STA-R17165,STA-O14447,04-12-2023,22.8,Refunded,0
STA-R9563,STA-O7945,21-09-2025,4.09,Paid,0
STA-R18599,STA-O5110,30-01-2025,45.44,Refunded,0
STA-R18586,STA-O13529,25-02-2024,14.43,Paid,0
STA-R13683,STA-O6527,07-03-2023,19.8,Paid,0
STA-R16986,STA-O11914,28-11-2023,23.54,Paid,0
STA-R17942,STA-O5847,07-09-2023,15.6,Paid,0
STA-R14853,STA-O10029,02-03-2025,28.6,Refunded,0
STA-R9933,STA-O7988,29-05-2025,26.4,Paid,0
STA-R14771,STA-O12147,07-04-2023,79.75,Paid,0
STA-R17984,STA-O5372,05-08-2024,74.76,Paid,0
STA-R13730,STA-O5286,31-01-2023,26.16,Paid,0
STA-R10887,STA-O12062,01-10-2024,9.39,Refunded,0
STA-R9849,STA-O11452,24-06-2023,21,Refunded,0
STA-R16104,STA-O9622,14-11-2025,26.65,Refunded,0
STA-R14631,STA-O6691,09-07-2025,5.32,Paid,5.32
STA-R9981,STA-O14239,31-08-2024,6.48,Paid,0
STA-R12741,STA-O10774,17-02-2024,14.94,Paid,0
STA-R9998,STA-O12135,27-01-2025,16.89,Paid,0
STA-R18468,STA-O6556,18-03-2024,14.25,Paid,0
STA-R16767,STA-O10704,07-04-2024,16.8,Paid,16.8
STA-R10860,STA-O12492,16-01-2023,91.8,Paid,91.8
STA-R16686,STA-O8656,16-05-2023,12.98,Paid,12.98
STA-R9837,STA-O14963,10-08-2024,0,Paid,0
STA-R12811,STA-O6759,09-12-2024,114.25,Paid,0
STA-R16168,STA-O5320,29-01-2025,80.16,Pending,0
STA-R17251,STA-O5357,16-06-2024,30.28,Paid,0
STA-R9988,STA-O14109,04-10-2023,19.88,Paid,0
STA-R10492,STA-O7121,01-09-2025,36.84,Paid,36.84
STA-R14549,STA-O13215,14-08-2025,2.51,Refunded,0
STA-R14481,STA-O9683,03-11-2025,3.04,Paid,0
STA-R17661,STA-O9038,15-03-2024,27.25,Paid,0
STA-R9568,STA-O10845,29-04-2025,35.96,Refunded,0
STA-R10844,STA-O10716,04-10-2024,6.39,Paid,0
STA-R10654,STA-O6288,19-01-2023,12.72,Paid,0
STA-R13059,STA-O14188,23-08-2023,17.44,Paid,0
STA-R18072,STA-O12802,23-07-2023,21.04,Paid,0
STA-R18461,STA-O6757,04-07-2024,36.45,Paid,0
STA-R17926,STA-O7366,16-10-2025,29.72,Paid,0
STA-R17445,STA-O13158,23-06-2024,18,Paid,0
STA-R11781,STA-O7801,15-11-2023,7.87,Paid,0
STA-R13784,STA-O5363,01-02-2025,14.97,Pending,0
STA-R12036,STA-O11103,01-12-2024,21.69,Paid,0
STA-R15553,STA-O7948,16-12-2025,16.74,Paid,16.74
STA-R12087,STA-O10315,07-11-2023,3.11,Paid,0
STA-R11002,STA-O8809,25-12-2024,15.33,Paid,15.33
STA-R13419,STA-O6334,19-09-2024,16.14,Paid,0
STA-R13267,STA-O10645,09-08-2024,17.12,Paid,17.12
STA-R11968,STA-O13403,21-12-2024,23.44,Paid,0
STA-R10859,STA-O14351,11-09-2025,34.6,Refunded,11.72
STA-R11756,STA-O5468,31-10-2024,10.16,Paid,0
STA-R10120,STA-O11494,12-09-2023,24.64,Paid,24.64
STA-R13779,STA-O10596,30-03-2023,17.94,Paid,0
STA-R9446,STA-O13262,04-07-2025,13.02,Paid,0
STA-R12189,STA-O13912,14-05-2023,3.68,Refunded,0
STA-R15196,STA-O13035,25-10-2024,11.74,Paid,0
STA-R11540,STA-O8503,21-11-2024,15.18,Refunded,0
STA-R15102,STA-O14702,02-06-2023,11.14,Paid,0
STA-R9977,STA-O6505,24-03-2024,11,Paid,0
STA-R14793,STA-O10935,19-07-2025,78.16,Paid,78.16
STA-R12042,STA-O7092,23-09-2023,62.5,Paid,0
STA-R15068,STA-O11171,16-08-2023,103.35,Paid,0
STA-R9951,STA-O10526,21-07-2024,6.81,Paid,6.81
STA-R11888,STA-O10618,25-05-2023,16.08,Refunded,0
STA-R18046,STA-O8605,04-11-2024,10.23,Paid,0
STA-R10470,STA-O10190,18-02-2023,36.88,Refunded,0
STA-R15256,STA-O12800,27-02-2024,7.9,Paid,0
STA-R13635,STA-O9472,30-09-2024,6.38,Paid,6.38
STA-R11047,STA-O7384,26-01-2023,0,Paid,0
STA-R16519,STA-O9012,11-11-2025,26.97,Paid,0
STA-R14827,STA-O9936,20-04-2024,5.37,Paid,0
STA-R16657,STA-O5375,07-04-2023,51.56,Refunded,0
STA-R15692,STA-O7425,23-04-2024,30.52,Paid,30.52
STA-R18566,STA-O11206,02-11-2024,16.06,Paid,0
STA-R17793,STA-O12300,15-10-2025,26.2,Refunded,0
STA-R18373,STA-O11517,25-03-2024,23.64,Paid,0
STA-R13739,STA-O6727,14-09-2023,15.45,Paid,0
STA-R13599,STA-O10779,04-09-2023,65.74,Paid,0
STA-R10576,STA-O7297,28-11-2024,6.03,Paid,6.03
STA-R12338,STA-O12222,02-06-2023,4.84,Paid,0
STA-R14621,STA-O10331,13-06-2025,17.46,Paid,0
STA-R14856,STA-O12588,23-02-2025,33,Paid,0
STA-R9259,STA-O11784,29-11-2025,28.84,Paid,0
STA-R11556,STA-O13977,05-02-2024,12.18,Paid,0
STA-R10069,STA-O6279,20-08-2023,10.11,Paid,0
STA-R12059,STA-O6631,16-01-2023,23.79,Paid,0
STA-R18594,STA-O5991,02-01-2025,16.04,Paid,0
STA-R13442,STA-O7286,14-09-2025,9.34,Paid,0
STA-R17552,STA-O8555,09-11-2025,8.16,Paid,8.16
STA-R11059,STA-O10453,20-11-2023,25.2,Paid,0
STA-R14975,STA-O12231,21-11-2024,22.11,Pending,0
STA-R11948,STA-O7871,12-02-2025,44.4,Paid,0
STA-R15105,STA-O6143,01-04-2023,28.88,Paid,0
STA-R16405,STA-O9299,09-02-2023,123.8,Refunded,0
STA-R9332,STA-O6894,23-03-2025,66.45,Paid,0
STA-R12158,STA-O13842,28-08-2025,21.32,Paid,0
STA-R14583,STA-O5517,28-05-2024,117.7,Refunded,0
STA-R18140,STA-O11772,07-06-2025,28.7,Paid,28.7
STA-R18245,STA-O6892,24-07-2023,0,Paid,0
STA-R15426,STA-O7455,07-12-2023,19.68,Paid,0
STA-R18441,STA-O14940,21-03-2023,113.4,Paid,0
STA-R9828,STA-O9213,15-11-2025,12.36,Paid,0
STA-R12140,STA-O8675,26-03-2025,12.06,Paid,12.06
STA-R9322,STA-O7345,27-05-2023,0,Paid,0
STA-R17310,STA-O10862,13-05-2023,7.74,Paid,7.74
STA-R18232,STA-O10863,14-10-2025,23.13,Paid,0
STA-R17145,STA-O5523,08-05-2023,26.7,Paid,26.7
STA-R15558,STA-O5609,09-04-2024,12.21,Paid,0
STA-R12332,STA-O13689,07-02-2023,13.76,Refunded,0
STA-R18204,STA-O10972,02-01-2025,16.62,Paid,0
STA-R10218,STA-O9454,04-03-2025,15.88,Paid,0
STA-R9398,STA-O6585,12-08-2023,4.71,Paid,0
STA-R12569,STA-O8961,13-05-2024,13.14,Pending,0
STA-R10506,STA-O7049,11-06-2023,35.84,Pending,0
STA-R12405,STA-O13019,11-10-2023,20.85,Refunded,0
STA-R15598,STA-O14883,07-04-2024,15.96,Paid,0
STA-R16711,STA-O13531,16-06-2023,0,Paid,0
STA-R11778,STA-O12727,07-08-2024,4.23,Paid,0
STA-R13783,STA-O5111,30-09-2025,10.98,Paid,0
STA-R18029,STA-O9833,08-04-2025,6.18,Paid,0
STA-R15084,STA-O9710,20-11-2024,26.85,Paid,26.85
STA-R10538,STA-O14029,27-06-2023,21.33,Paid,0
STA-R12285,STA-O10502,04-01-2024,17.4,Paid,17.4
STA-R11766,STA-O9174,26-06-2025,6.73,Paid,0
STA-R17678,STA-O6854,27-09-2023,0,Paid,0
STA-R14214,STA-O11593,14-02-2025,7.87,Paid,7.87
STA-R10893,STA-O10175,25-09-2025,17.96,Pending,0
STA-R15808,STA-O13152,05-02-2023,22.73,Paid,0
STA-R14632,STA-O13511,19-02-2024,35.8,Refunded,0
STA-R13900,STA-O13574,12-09-2025,6.02,Paid,0
STA-R11517,STA-O10836,28-05-2023,100.1,Paid,100.1
STA-R13738,STA-O11351,25-07-2025,8.38,Paid,0
STA-R10898,STA-O11614,01-04-2023,130.96,Paid,0
STA-R11580,STA-O7024,29-04-2025,5.48,Paid,5.48
STA-R15601,STA-O9065,02-06-2024,9.06,Paid,0
STA-R13849,STA-O12629,24-07-2024,7.92,Refunded,0
STA-R18122,STA-O12075,20-12-2023,22.4,Refunded,0
STA-R12752,STA-O10857,29-03-2023,23.64,Paid,0
STA-R13911,STA-O5498,18-07-2023,0,Paid,0
STA-R11928,STA-O8579,19-08-2025,17.46,Refunded,0
STA-R13201,STA-O12303,28-03-2025,10.22,Paid,0
STA-R13767,STA-O12351,04-06-2025,94.9,Paid,94.9
STA-R14128,STA-O7932,08-08-2024,43.1,Pending,0
STA-R17830,STA-O11802,27-12-2023,98.8,Paid,0
STA-R14377,STA-O10498,11-05-2024,24.2,Paid,0
STA-R15185,STA-O9386,07-01-2023,10.7,Paid,0
STA-R10592,STA-O10353,21-04-2025,6.24,Paid,0
STA-R15014,STA-O5227,22-12-2023,14.2,Paid,0
STA-R14409,STA-O10421,26-08-2023,11.45,Refunded,0
STA-R15689,STA-O13570,02-03-2025,7.97,Paid,0
STA-R12390,STA-O5462,10-09-2023,13.6,Paid,0
STA-R12826,STA-O11177,16-09-2023,22.5,Refunded,0
STA-R15001,STA-O9495,01-10-2024,11.46,Refunded,0
STA-R14611,STA-O13157,04-10-2025,5.22,Paid,0
STA-R11649,STA-O7962,13-03-2024,19,Paid,0
STA-R13189,STA-O8803,16-01-2023,16.76,Refunded,0
STA-R16587,STA-O8003,06-08-2023,28.78,Paid,0
STA-R10951,STA-O7089,02-12-2025,39.05,Paid,0
STA-R10418,STA-O7686,02-02-2024,15.28,Paid,0
STA-R17301,STA-O7009,25-06-2025,26.4,Pending,0
STA-R9928,STA-O5796,01-09-2024,23.07,Paid,0
STA-R18538,STA-O10992,30-06-2025,9.44,Pending,0
STA-R16373,STA-O10578,23-09-2024,28.12,Paid,0
STA-R12863,STA-O13521,09-02-2023,110.85,Paid,0
STA-R18085,STA-O11052,16-12-2025,14.18,Paid,0
STA-R16229,STA-O14818,09-07-2023,9.34,Paid,0
STA-R12454,STA-O12737,02-02-2024,22.1,Paid,0
STA-R15444,STA-O10429,01-12-2024,21.65,Paid,0
STA-R12853,STA-O9089,12-02-2023,33.57,Paid,16.47
STA-R14918,STA-O10306,26-02-2024,20.04,Paid,0
STA-R17359,STA-O6273,24-04-2023,28.24,Pending,0
STA-R14094,STA-O8441,12-05-2025,25.05,Paid,0
STA-R9051,STA-O12266,15-04-2024,15.74,Pending,0
STA-R9745,STA-O5732,08-09-2023,59.1,Paid,0
STA-R10116,STA-O8125,28-09-2024,30.76,Paid,30.76
STA-R16876,STA-O9480,21-06-2024,34.75,Refunded,0
STA-R10283,STA-O8820,09-05-2023,7.56,Pending,0
STA-R15742,STA-O13512,24-07-2023,5.91,Paid,0
STA-R15451,STA-O5417,04-02-2024,7.24,Paid,0
STA-R11184,STA-O6516,21-07-2023,4.48,Paid,0
STA-R12539,STA-O8434,11-05-2025,27.92,Paid,0
STA-R16554,STA-O10023,09-06-2023,13.46,Paid,0
STA-R18499,STA-O9760,17-12-2024,23,Refunded,0
STA-R10613,STA-O10123,23-12-2024,26,Paid,26
STA-R10173,STA-O5799,05-01-2023,11.36,Paid,0
STA-R10210,STA-O13849,21-05-2025,19.08,Paid,0
STA-R16445,STA-O7028,22-10-2025,13.36,Paid,0
STA-R16424,STA-O10147,22-08-2024,19.3,Paid,0
STA-R17887,STA-O5428,19-06-2023,29.4,Paid,29.4
STA-R16702,STA-O8572,03-11-2025,4.95,Paid,0
STA-R13682,STA-O5329,03-05-2024,41,Paid,0
STA-R14465,STA-O11314,10-12-2024,35.44,Paid,35.44
STA-R12337,STA-O7473,10-01-2025,63.02,Paid,63.02
STA-R13963,STA-O9947,25-09-2024,106.72,Paid,106.72
STA-R15739,STA-O12034,17-08-2023,8.48,Refunded,0
STA-R13569,STA-O6766,20-06-2025,23.78,Refunded,0
STA-R14922,STA-O9996,18-10-2023,28.36,Paid,0
STA-R14547,STA-O5278,23-12-2024,20.1,Paid,0
STA-R13145,STA-O10837,24-06-2024,28.76,Paid,0
STA-R9478,STA-O13036,18-09-2023,17.22,Paid,0
STA-R16489,STA-O8899,17-05-2025,5.3,Paid,0
STA-R15476,STA-O7397,26-11-2025,18.75,Paid,0
STA-R14902,STA-O7527,22-01-2024,0,Paid,0
STA-R9929,STA-O14466,28-05-2024,29.16,Refunded,0
STA-R18432,STA-O7235,24-04-2024,68.55,Paid,0
STA-R16207,STA-O8737,11-01-2023,16.32,Paid,0
STA-R10196,STA-O7269,29-05-2023,15.32,Paid,0
STA-R15318,STA-O5442,20-09-2023,26.5,Paid,0
STA-R12801,STA-O6141,18-02-2023,20.32,Paid,20.32
STA-R14849,STA-O6325,05-08-2024,15.68,Paid,0
STA-R16931,STA-O9292,27-02-2025,5,Paid,0
STA-R11903,STA-O7100,24-12-2025,103.25,Paid,103.25
STA-R9224,STA-O13456,15-10-2024,6.65,Paid,0
STA-R15271,STA-O11947,03-12-2025,123.4,Paid,0
STA-R17072,STA-O5782,27-05-2023,13.69,Paid,0
STA-R14063,STA-O7534,17-11-2025,75.48,Paid,0
STA-R15338,STA-O5282,16-04-2023,70.32,Paid,0
STA-R14882,STA-O14787,13-02-2023,14.42,Paid,0
STA-R10097,STA-O11352,02-12-2025,8.26,Paid,0
STA-R13832,STA-O5256,15-07-2024,10.77,Paid,0
STA-R12282,STA-O5207,20-01-2024,26.95,Paid,0
STA-R15668,STA-O7896,28-08-2023,13.74,Paid,0
STA-R14476,STA-O13835,05-03-2023,8.56,Paid,8.56
STA-R9324,STA-O10577,05-03-2025,14.98,Paid,0
STA-R16569,STA-O14714,06-06-2023,16.28,Refunded,0
STA-R15545,STA-O12343,10-10-2024,20.8,Paid,0
STA-R11802,STA-O8858,10-12-2024,18.36,Paid,0
STA-R17157,STA-O6652,24-10-2023,11.62,Paid,0
STA-R17101,STA-O7458,08-01-2023,35.32,Paid,0
STA-R10307,STA-O6449,06-12-2023,39.81,Paid,15.73
STA-R17322,STA-O12548,24-08-2025,19.96,Paid,19.96
STA-R17619,STA-O10611,08-06-2023,14.86,Paid,0
STA-R12633,STA-O8122,14-04-2023,19.5,Paid,0
STA-R15822,STA-O13305,14-06-2023,13.42,Paid,13.42
STA-R12548,STA-O5525,21-05-2025,7.96,Paid,7.96
STA-R10631,STA-O6432,19-11-2024,6.69,Paid,0
STA-R16503,STA-O5209,30-07-2023,15.36,Paid,0
STA-R18595,STA-O9694,18-12-2025,69.15,Paid,0
STA-R16675,STA-O8877,29-07-2024,14.79,Paid,14.79
STA-R16403,STA-O8527,08-06-2025,94.3,Paid,94.3
STA-R14765,STA-O12847,16-05-2024,33.88,Paid,0
STA-R17673,STA-O5185,05-11-2023,0,Paid,0
STA-R16240,STA-O13381,27-02-2024,4.52,Paid,4.52
STA-R16955,STA-O10529,10-04-2024,107.55,Paid,0
STA-R13773,STA-O9868,03-05-2024,31.15,Paid,0
STA-R15189,STA-O14121,10-10-2023,110.92,Paid,0
STA-R11160,STA-O8442,27-02-2025,73.92,Paid,73.92
STA-R9417,STA-O13293,18-10-2025,5.04,Refunded,0
STA-R13634,STA-O9188,05-07-2024,15.21,Paid,0
STA-R12308,STA-O10397,19-05-2023,17.95,Refunded,0
STA-R18054,STA-O10610,16-03-2024,63.85,Refunded,0
STA-R15259,STA-O13606,16-01-2025,104.08,Paid,0
STA-R17985,STA-O12708,22-06-2025,82.35,Paid,0
STA-R9795,STA-O9688,22-05-2024,0,Paid,0
STA-R11608,STA-O6926,22-11-2024,17.55,Paid,0
STA-R12699,STA-O8862,20-10-2025,0,Paid,7.21
STA-R12620,STA-O5180,07-06-2025,0,Paid,0
STA-R9006,STA-O10414,10-04-2024,15.18,Paid,0
STA-R17227,STA-O12680,20-09-2023,30.43,Paid,0
STA-R12326,STA-O9259,16-04-2023,64,Paid,64
STA-R13046,STA-O6903,24-12-2024,27.45,Paid,27.45
STA-R11006,STA-O13924,21-06-2025,117.18,Paid,0
STA-R17849,STA-O10087,14-07-2023,64.64,Pending,0
STA-R10388,STA-O10203,02-08-2025,130.68,Refunded,0
STA-R13487,STA-O10679,18-03-2024,27.56,Paid,8.06
STA-R18612,STA-O13968,02-08-2023,8.46,Paid,0
STA-R15976,STA-O14076,13-08-2024,7.26,Paid,0
STA-R15783,STA-O10144,29-07-2023,23.12,Paid,23.12
STA-R18267,STA-O6024,03-08-2024,17.23,Paid,0
STA-R18547,STA-O11900,21-06-2023,7.6,Refunded,0
STA-R17802,STA-O13222,06-10-2025,57.48,Paid,0
STA-R16184,STA-O6762,15-03-2023,16.23,Paid,0
STA-R13947,STA-O12546,28-07-2025,20.48,Pending,0
STA-R9569,STA-O8717,03-03-2025,5.36,Paid,0
STA-R15069,STA-O14142,23-07-2023,8.7,Paid,8.7
STA-R14957,STA-O9997,03-08-2023,106.41,Paid,0
STA-R9376,STA-O13380,26-10-2025,51.44,Paid,0
STA-R9497,STA-O9390,27-04-2025,7.28,Paid,7.28
STA-R16588,STA-O7547,10-05-2025,4.06,Paid,0
STA-R16628,STA-O6714,15-08-2025,15.48,Refunded,0
STA-R9571,STA-O6734,08-03-2025,5.71,Paid,5.71
STA-R10895,STA-O13805,04-08-2024,19.08,Paid,0
STA-R10991,STA-O8902,20-07-2025,113.16,Paid,0
STA-R13327,STA-O9407,21-04-2023,35.96,Refunded,0
STA-R16967,STA-O6282,24-10-2023,52.54,Paid,52.54
STA-R10639,STA-O12859,16-07-2025,15.06,Paid,0
STA-R16615,STA-O14201,19-04-2023,25.12,Paid,25.12
STA-R11921,STA-O13666,15-03-2023,33.42,Paid,0
STA-R9088,STA-O8685,13-11-2024,17.84,Paid,0
STA-R18050,STA-O7679,21-08-2024,4.74,Refunded,0
STA-R15458,STA-O7865,14-01-2023,106.55,Paid,106.55
STA-R16557,STA-O8111,06-01-2023,27.64,Paid,0
STA-R13758,STA-O14212,05-09-2024,24.21,Pending,0
STA-R18578,STA-O12409,28-09-2023,19.95,Paid,0
STA-R12804,STA-O8459,27-04-2024,8.99,Paid,8.99
STA-R17228,STA-O11889,19-06-2023,11.78,Paid,0
STA-R10382,STA-O11543,16-11-2023,66.84,Refunded,0
STA-R18106,STA-O13682,06-03-2025,177.95,Paid,0
STA-R17777,STA-O13524,23-05-2023,17.11,Paid,0
STA-R16329,STA-O14676,19-09-2025,15.85,Paid,0
STA-R14725,STA-O10356,22-03-2023,36.95,Paid,36.95
STA-R12093,STA-O14874,23-03-2025,0,Paid,0
STA-R18437,STA-O12149,25-05-2024,36.36,Paid,0
STA-R18092,STA-O11137,06-01-2023,2.37,Paid,2.37
STA-R13445,STA-O7733,07-03-2024,16.64,Paid,0
STA-R16781,STA-O13873,16-09-2025,4.39,Paid,0
STA-R10828,STA-O11982,12-02-2024,33.75,Paid,0
STA-R13714,STA-O14459,23-12-2025,4.32,Paid,0
STA-R17136,STA-O10232,14-09-2023,11.92,Refunded,0
STA-R17268,STA-O12718,21-03-2024,60.81,Paid,0
STA-R16205,STA-O12670,26-05-2023,11.55,Paid,11.55
STA-R10810,STA-O10013,19-10-2023,4.88,Refunded,0
STA-R12627,STA-O12751,02-02-2025,42.8,Paid,0
STA-R12496,STA-O13245,05-08-2025,6.54,Paid,0
STA-R9763,STA-O12845,28-10-2024,12.22,Paid,0
STA-R9323,STA-O6033,08-09-2025,68.4,Paid,68.4
STA-R17167,STA-O11472,11-05-2023,67.64,Paid,0
STA-R15192,STA-O5871,31-05-2025,29.85,Pending,0
STA-R10467,STA-O6473,31-01-2025,5.39,Paid,0
STA-R14676,STA-O11648,11-10-2024,0,Paid,6.2
STA-R17681,STA-O10154,18-11-2023,6.6,Paid,0
STA-R12236,STA-O10067,10-01-2023,123.85,Pending,0
STA-R18596,STA-O10039,31-05-2025,30.54,Paid,0
STA-R9924,STA-O9938,25-07-2025,24.22,Refunded,0
STA-R11278,STA-O9460,22-01-2025,15.96,Paid,15.96
STA-R13447,STA-O14008,21-12-2023,46.78,Paid,0
STA-R10768,STA-O10082,20-06-2025,16.75,Refunded,0
STA-R9036,STA-O11312,26-10-2023,34.17,Paid,0
STA-R12798,STA-O8855,14-09-2025,25.8,Paid,25.8
STA-R14579,STA-O6592,14-12-2023,15.99,Refunded,0
STA-R18301,STA-O7473,10-01-2025,63.02,Paid,63.02
STA-R13721,STA-O5114,26-11-2024,45.57,Refunded,0
STA-R12008,STA-O11318,22-07-2024,0,Paid,0
STA-R18040,STA-O9750,17-10-2023,66.44,Paid,0
STA-R14692,STA-O6351,15-08-2023,9.32,Paid,0
STA-R11039,STA-O11757,17-08-2023,22.2,Refunded,0
STA-R17073,STA-O14785,28-01-2023,71.37,Paid,0
STA-R14017,STA-O6825,05-01-2024,26.08,Pending,0
STA-R13142,STA-O13802,20-06-2025,4.85,Refunded,0
STA-R10540,STA-O14544,25-09-2023,41.35,Refunded,0
STA-R15384,STA-O10235,04-09-2025,4.96,Paid,0
STA-R12246,STA-O9829,29-10-2024,34.79,Paid,34.79
STA-R15071,STA-O12004,06-03-2024,34.95,Paid,0
STA-R14100,STA-O5812,12-02-2024,9.1,Refunded,0
STA-R11533,STA-O11652,13-10-2025,30.04,Paid,0
STA-R10372,STA-O5181,01-06-2023,20.49,Paid,0
STA-R9939,STA-O12734,08-07-2025,33.04,Paid,0
STA-R12393,STA-O14222,28-09-2023,37.87,Paid,0
STA-R17151,STA-O7004,22-05-2023,7.58,Paid,0
STA-R13707,STA-O9049,02-05-2025,31.92,Paid,0
STA-R16679,STA-O11620,25-05-2023,8.94,Paid,0
STA-R14333,STA-O5211,05-02-2025,26.45,Paid,26.45
STA-R17323,STA-O13756,13-03-2024,5.25,Paid,5.25
STA-R13290,STA-O14082,01-02-2023,13.84,Paid,0
STA-R9547,STA-O11098,24-12-2024,23.95,Paid,0
STA-R15504,STA-O5421,25-04-2025,4.3,Paid,0
STA-R16521,STA-O13105,07-08-2023,32.5,Pending,15.76
STA-R12969,STA-O8104,24-08-2024,38.48,Paid,0
STA-R13410,STA-O8170,01-08-2024,37.15,Paid,0
STA-R10531,STA-O13945,21-03-2023,73.52,Pending,0
STA-R14423,STA-O6544,01-01-2025,82,Refunded,0
STA-R11949,STA-O12586,03-11-2025,5.15,Paid,0
STA-R17299,STA-O12381,31-03-2024,34.65,Paid,0
STA-R14861,STA-O7947,02-03-2023,5.52,Paid,0
STA-R17069,STA-O9327,23-03-2025,5.52,Paid,0
STA-R14903,STA-O10996,21-10-2025,14.24,Pending,0
STA-R15294,STA-O7997,14-08-2025,55.6,Paid,0
STA-R18100,STA-O10804,14-01-2025,14.2,Paid,14.2
STA-R18528,STA-O6597,13-06-2023,8.26,Refunded,0
STA-R16214,STA-O10506,09-12-2025,63.92,Paid,0
STA-R9298,STA-O10621,31-10-2024,38.34,Paid,38.34
STA-R9144,STA-O13961,17-01-2024,0,Pending,0
STA-R9101,STA-O8382,29-03-2024,15.35,Pending,0
STA-R13217,STA-O14355,06-03-2025,16.34,Pending,0
STA-R10994,STA-O6109,20-02-2024,35.44,Paid,35.44
STA-R13031,STA-O6031,07-11-2024,22.9,Paid,22.9
STA-R13387,STA-O7307,16-12-2025,18.45,Paid,18.45
STA-R17512,STA-O9024,24-03-2025,19.89,Paid,0
STA-R11005,STA-O11416,28-02-2025,33.4,Paid,33.4
STA-R17005,STA-O7070,15-10-2025,21.66,Paid,21.66
STA-R12567,STA-O12383,05-06-2023,23.85,Paid,0
STA-R14784,STA-O14257,24-11-2025,48.08,Pending,0
STA-R16782,STA-O8103,01-08-2023,18.96,Refunded,0
STA-R10473,STA-O14945,18-06-2025,14.5,Paid,0
STA-R18614,STA-O11867,01-05-2024,39.2,Paid,39.2
STA-R12559,STA-O13485,06-08-2025,32.15,Paid,32.15
STA-R18563,STA-O7147,04-08-2025,13,Paid,0
STA-R10759,STA-O8807,18-02-2023,6.7,Paid,6.7
STA-R12693,STA-O7258,05-01-2025,17.64,Paid,0
STA-R10360,STA-O11487,07-10-2023,9.66,Paid,0
STA-R17182,STA-O10364,20-04-2024,15.93,Paid,0
STA-R13458,STA-O5512,22-09-2023,22.16,Paid,0
STA-R14908,STA-O14813,24-12-2024,11.72,Paid,0
STA-R11477,STA-O9820,07-05-2024,6.48,Paid,0
STA-R9294,STA-O9975,26-03-2025,5.34,Paid,0
STA-R15146,STA-O8967,21-11-2024,17.4,Paid,17.4
STA-R17443,STA-O12155,25-10-2023,21.2,Paid,0
STA-R17501,STA-O5559,01-01-2024,5.41,Pending,0
STA-R12813,STA-O14694,23-08-2023,59.36,Paid,0
STA-R9434,STA-O5716,28-03-2023,39.75,Paid,0
STA-R15322,STA-O14665,26-09-2024,16.65,Paid,0
STA-R10424,STA-O12589,28-11-2025,30.64,Paid,0
STA-R12805,STA-O5382,09-03-2024,6.73,Paid,6.73
STA-R9319,STA-O10598,26-11-2024,11.62,Paid,0
STA-R15539,STA-O5164,17-02-2025,0,Paid,28.5
STA-R11884,STA-O6528,03-11-2024,5.05,Paid,5.05
STA-R13348,STA-O9210,24-03-2023,13.11,Paid,13.11
STA-R18261,STA-O6116,22-04-2023,20.25,Paid,0
STA-R18414,STA-O7532,28-03-2024,16.8,Paid,0
STA-R17534,STA-O5447,15-09-2024,20.96,Paid,0
STA-R13904,STA-O12352,10-11-2025,16.98,Refunded,0
STA-R12588,STA-O5262,01-06-2023,89.92,Paid,0
STA-R15894,STA-O6388,19-10-2024,5.07,Paid,5.07
STA-R9597,STA-O8795,05-11-2025,21.99,Paid,0
STA-R9854,STA-O9781,08-07-2025,30.8,Paid,0
STA-R11843,STA-O7320,13-12-2023,109,Paid,0
STA-R17012,STA-O9805,19-11-2025,11.68,Paid,0
STA-R17606,STA-O7228,19-09-2024,20.55,Paid,0
STA-R10109,STA-O14320,22-06-2023,26.1,Paid,0
STA-R9199,STA-O9989,22-05-2023,14.08,Paid,0
STA-R13484,STA-O14923,22-05-2023,15.6,Paid,0
STA-R15404,STA-O11053,23-11-2024,44.22,Refunded,0
STA-R16040,STA-O12301,15-07-2023,20.88,Pending,0
STA-R18584,STA-O10188,13-05-2024,10.95,Paid,0
STA-R9917,STA-O11832,24-06-2023,0,Paid,0
STA-R12035,STA-O12872,04-07-2025,6.62,Refunded,0
STA-R12208,STA-O9570,07-02-2024,17.44,Paid,0
STA-R16389,STA-O14012,10-08-2024,73.02,Paid,0
STA-R12764,STA-O9416,14-03-2025,8.39,Refunded,0
STA-R11722,STA-O5537,23-11-2025,18.81,Paid,18.81
STA-R12155,STA-O8189,13-01-2025,23.88,Paid,0
STA-R16936,STA-O8612,12-02-2023,11.64,Paid,0
STA-R12098,STA-O7680,13-10-2023,6.74,Paid,0
STA-R11089,STA-O5451,18-08-2023,16.35,Paid,0
STA-R10172,STA-O7165,18-04-2023,9.7,Paid,0
STA-R16436,STA-O6517,18-10-2023,7.13,Paid,0
STA-R17030,STA-O6792,12-11-2024,2.38,Paid,0
STA-R17252,STA-O8772,27-10-2023,27.52,Refunded,0
STA-R12031,STA-O9653,24-10-2025,12.78,Paid,0
STA-R9961,STA-O11592,10-11-2024,17.7,Paid,0
STA-R12576,STA-O9173,16-07-2025,9.32,Paid,0
STA-R9525,STA-O9248,08-05-2023,5.3,Refunded,0
STA-R13002,STA-O11590,10-06-2023,20.87,Paid,0
STA-R10233,STA-O8513,23-03-2025,31.88,Refunded,0
STA-R15599,STA-O13671,28-05-2025,29.41,Paid,0
STA-R13870,STA-O14696,07-06-2024,73.6,Paid,28.78
STA-R17160,STA-O8417,17-03-2024,0,Refunded,0
STA-R18030,STA-O5602,15-11-2023,15.04,Paid,0
STA-R16623,STA-O7536,07-08-2023,30,Pending,0
STA-R9465,STA-O9928,05-01-2024,6.71,Paid,0
STA-R12942,STA-O8876,23-08-2025,19.8,Paid,19.8
STA-R12232,STA-O14507,28-03-2025,18.1,Paid,0
STA-R11158,STA-O10263,12-08-2025,29.52,Paid,0
STA-R11786,STA-O9564,11-05-2024,19,Refunded,0
STA-R16041,STA-O10959,25-02-2023,195,Paid,0
STA-R17082,STA-O10985,27-03-2023,22.16,Paid,0
STA-R9865,STA-O5148,07-02-2023,126.8,Paid,0
STA-R10956,STA-O11645,14-12-2025,12.52,Paid,12.52
STA-R11236,STA-O14930,14-06-2025,10.5,Paid,10.5
STA-R13930,STA-O11020,03-06-2023,11.76,Paid,0
STA-R14376,STA-O8658,07-04-2025,23.79,Paid,0
STA-R16167,STA-O13602,13-07-2023,15.36,Paid,15.36
STA-R12628,STA-O6081,16-07-2025,23.37,Paid,0
STA-R15725,STA-O6749,25-08-2024,18.1,Paid,0
STA-R15159,STA-O5230,21-03-2023,73.32,Paid,73.32
STA-R11490,STA-O13319,29-09-2025,76.48,Paid,0
STA-R14662,STA-O12170,04-02-2024,14.88,Paid,0
STA-R10070,STA-O13443,18-02-2025,7.94,Paid,0
STA-R13115,STA-O14246,01-12-2023,32,Pending,0
STA-R9736,STA-O5960,01-12-2024,26.2,Paid,0
STA-R17148,STA-O14244,17-08-2024,9.36,Paid,0
STA-R15085,STA-O7454,09-07-2024,12.14,Paid,0
STA-R18377,STA-O13002,29-09-2025,22.65,Paid,0
STA-R10794,STA-O6568,24-11-2024,23.84,Paid,0
STA-R15488,STA-O12302,13-10-2023,4.41,Paid,0
STA-R13967,STA-O11017,25-09-2024,33.52,Paid,0
STA-R16119,STA-O12786,22-07-2025,8.82,Paid,0
STA-R11084,STA-O12558,03-08-2023,14.61,Paid,14.61
STA-R18253,STA-O10841,23-08-2025,2.77,Paid,0
STA-R16769,STA-O8199,27-01-2023,38.4,Paid,0
STA-R11900,STA-O6537,02-06-2023,36.75,Paid,0
STA-R16386,STA-O12400,13-01-2025,5.55,Refunded,0
STA-R18184,STA-O14061,03-06-2025,12.75,Paid,12.75
STA-R12030,STA-O10003,11-02-2024,11.67,Paid,0
STA-R11268,STA-O9809,04-03-2025,12.2,Paid,0
STA-R14270,STA-O11523,29-02-2024,10.29,Paid,0
STA-R11658,STA-O10614,19-03-2024,63,Paid,63
STA-R14881,STA-O6847,26-05-2023,9.09,Paid,0
STA-R14630,STA-O8528,22-09-2023,6.88,Pending,0
STA-R10008,STA-O14801,12-01-2023,9.99,Paid,0
STA-R13394,STA-O14637,07-07-2024,27.32,Paid,0
STA-R13036,STA-O6050,23-06-2023,14.79,Paid,0
STA-R12492,STA-O13587,26-10-2023,11.1,Paid,0
STA-R18615,STA-O9556,13-09-2025,16.53,Paid,0
STA-R15019,STA-O10493,12-12-2023,15.69,Paid,0
STA-R15963,STA-O12689,24-01-2024,15.18,Pending,0
STA-R10242,STA-O11346,12-05-2023,79.66,Refunded,0
STA-R17154,STA-O11065,31-08-2025,41.94,Paid,0
STA-R14338,STA-O14667,24-04-2024,23.11,Paid,0
STA-R13490,STA-O9029,07-02-2025,31.64,Paid,0
STA-R15255,STA-O5881,19-11-2024,22.9,Refunded,0
STA-R17821,STA-O6844,02-10-2025,98.35,Refunded,0
STA-R15690,STA-O14250,04-11-2024,3.74,Paid,0
STA-R10261,STA-O8377,16-10-2023,12.92,Pending,0
STA-R9706,STA-O11705,21-09-2024,5.74,Refunded,0
STA-R18464,STA-O6809,22-04-2023,24.12,Paid,0
STA-R12171,STA-O7079,10-11-2023,5.64,Paid,0
STA-R14616,STA-O12770,04-07-2025,34.92,Paid,0
STA-R9632,STA-O13386,08-01-2024,14.24,Paid,0
STA-R17017,STA-O5446,11-04-2024,2.51,Paid,0
STA-R10229,STA-O11485,24-04-2025,22.7,Paid,0
STA-R14070,STA-O5983,05-08-2025,25.59,Paid,0
STA-R9982,STA-O9636,19-09-2025,18.9,Paid,0
STA-R14422,STA-O7169,11-12-2023,14.31,Paid,0
STA-R11092,STA-O11920,13-11-2023,14.12,Paid,0
STA-R14201,STA-O13043,05-08-2024,6.23,Paid,0
STA-R13813,STA-O7868,27-05-2025,13.77,Paid,0
STA-R12714,STA-O11408,16-05-2024,21.92,Paid,0
STA-R12068,STA-O12074,25-06-2023,8.12,Pending,0
STA-R10970,STA-O14461,06-01-2024,18.9,Paid,0
STA-R12590,STA-O5054,06-10-2023,11.46,Paid,0
STA-R18002,STA-O12976,06-10-2025,9.22,Refunded,0
STA-R17959,STA-O14658,24-11-2023,20.1,Paid,0
STA-R9712,STA-O13076,26-10-2024,98.15,Paid,0
STA-R16172,STA-O6637,08-08-2025,14.82,Paid,0
STA-R15896,STA-O10539,17-06-2024,5.84,Paid,0
STA-R16532,STA-O10732,05-11-2024,7.11,Pending,0
STA-R12499,STA-O10090,25-02-2025,20.04,Refunded,0
STA-R18627,STA-O7823,22-01-2023,58.5,Paid,58.5
STA-R17618,STA-O5790,05-02-2023,11.26,Paid,0
STA-R14554,STA-O8637,27-02-2023,24.4,Paid,0
STA-R13340,STA-O10916,27-04-2025,11,Paid,0
STA-R15187,STA-O12297,01-11-2025,10.82,Paid,0
STA-R14509,STA-O14878,23-09-2023,14.52,Paid,0
STA-R15648,STA-O10359,16-06-2025,11.64,Paid,0
STA-R9206,STA-O10320,26-01-2024,28.65,Paid,28.65
STA-R14569,STA-O6828,03-07-2023,64.36,Refunded,24.07
STA-R16539,STA-O12453,07-11-2025,15.6,Paid,15.6
STA-R17816,STA-O5457,23-12-2024,25.08,Paid,0
STA-R11716,STA-O10395,19-07-2025,15.36,Paid,0
STA-R15514,STA-O13468,24-06-2024,23.8,Refunded,0
STA-R11974,STA-O10601,23-02-2023,8.06,Paid,0
STA-R16016,STA-O14097,29-12-2024,11.72,Paid,0
STA-R10344,STA-O11995,28-07-2023,12.8,Paid,0
STA-R17940,STA-O10948,12-08-2024,0,Paid,12.4
STA-R12837,STA-O13285,03-06-2025,23.88,Paid,23.88
STA-R17244,STA-O11528,06-07-2025,0,Pending,0
STA-R11875,STA-O13506,03-01-2024,73.59,Paid,0
STA-R17740,STA-O12892,02-11-2023,43.65,Paid,0
STA-R18070,STA-O6966,04-01-2023,100.84,Paid,0
STA-R12571,STA-O12286,07-04-2023,75.16,Paid,75.16
STA-R13188,STA-O9507,23-08-2025,10.2,Paid,0
STA-R18069,STA-O9871,30-08-2025,22.21,Paid,0
STA-R17315,STA-O8979,22-12-2023,0,Paid,0
STA-R17255,STA-O5300,14-12-2025,8.34,Paid,8.34
STA-R11558,STA-O11015,22-05-2024,20.04,Pending,0
STA-R17519,STA-O12509,07-02-2025,5.84,Paid,0
STA-R17825,STA-O9769,08-07-2025,2.32,Paid,0
STA-R10371,STA-O6425,25-02-2025,25.4,Paid,0
STA-R12238,STA-O13880,18-02-2023,18.4,Paid,0
STA-R11646,STA-O9177,21-02-2023,110.68,Paid,0
STA-R9810,STA-O5080,03-04-2023,28.76,Paid,0
STA-R16076,STA-O13387,13-05-2025,24.85,Refunded,0
STA-R11170,STA-O7278,14-03-2023,21.68,Paid,0
STA-R12740,STA-O14165,17-02-2024,30.28,Refunded,5.35
STA-R17555,STA-O6756,19-11-2024,38,Paid,0
STA-R12622,STA-O10285,02-05-2025,30.9,Paid,30.9
STA-R14470,STA-O9017,23-04-2023,21.28,Paid,0
STA-R13678,STA-O11435,02-01-2025,5.31,Paid,0
STA-R13672,STA-O9255,30-01-2025,30.4,Paid,0
STA-R16274,STA-O8251,10-05-2025,18,Paid,0
STA-R15421,STA-O12504,26-10-2025,0,Paid,0
STA-R12859,STA-O13598,06-07-2023,19.29,Paid,0
STA-R11389,STA-O10874,29-12-2023,13.47,Paid,0
STA-R18601,STA-O14469,14-11-2023,21.08,Paid,0
STA-R18631,STA-O10551,23-02-2023,16.4,Paid,0
STA-R13956,STA-O10174,19-10-2023,0,Paid,26.2
STA-R15654,STA-O6302,07-08-2025,0,Paid,99.66
STA-R17121,STA-O10343,01-12-2023,26.37,Paid,0
STA-R10547,STA-O14093,20-05-2023,10.18,Paid,10.18
STA-R11746,STA-O8146,27-03-2024,21.32,Pending,0
STA-R18017,STA-O11634,27-08-2025,15.28,Paid,0
STA-R15374,STA-O6402,18-01-2024,33.75,Paid,0
STA-R13787,STA-O5754,09-09-2023,24.44,Paid,0
STA-R10792,STA-O6803,21-08-2023,17.43,Paid,0
STA-R16492,STA-O8722,24-12-2023,12.18,Paid,0
STA-R14135,STA-O9841,06-08-2023,18.42,Paid,0
STA-R12256,STA-O9367,14-06-2024,25.25,Paid,0
STA-R12167,STA-O11393,20-04-2023,20.26,Paid,20.26
STA-R11439,STA-O6605,04-04-2025,197.3,Paid,0
STA-R15627,STA-O7097,14-10-2024,18.63,Paid,18.63
STA-R15236,STA-O11589,07-01-2024,19.48,Paid,19.48
STA-R13239,STA-O7113,25-05-2023,11.86,Paid,11.86
STA-R12287,STA-O5087,24-06-2024,37.65,Paid,0
STA-R16407,STA-O14081,25-02-2025,23.2,Paid,0
STA-R13183,STA-O8085,04-03-2025,58.44,Paid,58.44
STA-R16716,STA-O11473,02-12-2023,17,Paid,3.45
STA-R16200,STA-O13039,20-06-2023,12.33,Refunded,0
STA-R11760,STA-O13167,09-06-2024,16.76,Paid,0
STA-R9174,STA-O11778,01-03-2025,12.23,Paid,0
STA-R9554,STA-O9923,18-05-2025,20.04,Paid,0
STA-R10181,STA-O9193,19-01-2024,25.35,Paid,0
STA-R11191,STA-O8557,12-01-2025,21.66,Paid,0
STA-R11153,STA-O7637,23-04-2024,44.26,Paid,0
STA-R12239,STA-O14118,14-06-2023,0,Paid,0
STA-R14037,STA-O6614,25-12-2025,29.75,Paid,0
STA-R11025,STA-O7859,02-10-2023,5.13,Paid,5.13
STA-R17514,STA-O14429,21-09-2023,10.84,Paid,0
STA-R9559,STA-O13841,26-05-2023,4.95,Paid,0
STA-R9216,STA-O6692,19-08-2025,24.45,Refunded,0
STA-R15552,STA-O9240,09-07-2025,0,Paid,0
STA-R9197,STA-O9194,08-08-2024,15.24,Paid,0
STA-R17768,STA-O5472,28-02-2025,17.85,Paid,0
STA-R17143,STA-O7803,07-03-2024,0,Paid,22.44
STA-R10487,STA-O10491,16-06-2025,93.56,Paid,93.56
STA-R16261,STA-O5800,23-03-2024,67.36,Paid,0
STA-R11797,STA-O7727,12-08-2023,6.28,Paid,6.28
STA-R15155,STA-O5233,11-11-2024,13.68,Paid,0
STA-R15984,STA-O8759,26-11-2025,24.42,Paid,0
STA-R17938,STA-O11661,11-12-2025,78.02,Refunded,0
STA-R9135,STA-O7011,09-04-2025,25.95,Paid,25.95
STA-R12909,STA-O5521,29-10-2024,0,Paid,7.19
STA-R13611,STA-O6564,02-01-2023,37.8,Paid,0
STA-R18162,STA-O8560,01-07-2025,0,Paid,0
STA-R15109,STA-O12747,30-03-2023,4.55,Paid,0
STA-R17675,STA-O7434,01-06-2025,18,Paid,0
STA-R14398,STA-O10765,17-03-2023,15.48,Paid,0
STA-R13722,STA-O7280,06-06-2023,11.16,Paid,0
STA-R12697,STA-O10719,02-05-2024,26.9,Paid,0
STA-R14143,STA-O14915,06-08-2024,22.8,Refunded,0
STA-R17265,STA-O5033,30-01-2025,25.54,Refunded,0
STA-R16673,STA-O5381,05-12-2023,13.89,Paid,0
STA-R15550,STA-O7973,08-03-2025,8.52,Paid,8.52
STA-R15897,STA-O13768,21-05-2024,68.05,Refunded,0
STA-R14812,STA-O7828,05-03-2024,44.9,Refunded,0
STA-R10293,STA-O6350,25-11-2023,11.36,Pending,0
STA-R16747,STA-O9953,22-02-2023,6.24,Refunded,0
STA-R11298,STA-O5374,18-03-2025,8.31,Paid,0
STA-R18118,STA-O5313,02-04-2025,8.31,Refunded,0
STA-R15385,STA-O8389,03-12-2024,17.24,Paid,0
STA-R14148,STA-O13526,01-07-2024,82.83,Paid,0
STA-R17377,STA-O10858,25-08-2025,5.15,Paid,0
STA-R10840,STA-O9157,04-12-2024,10.89,Paid,0
STA-R10478,STA-O10461,25-07-2025,13.35,Paid,0
STA-R9308,STA-O9954,22-09-2025,13.46,Pending,0
STA-R15168,STA-O14120,28-10-2024,24.05,Paid,0
STA-R17803,STA-O7668,17-11-2025,33.82,Paid,0
STA-R10628,STA-O9385,28-05-2025,37.25,Paid,0
STA-R9870,STA-O9761,13-04-2023,11.78,Paid,0
STA-R18064,STA-O6071,28-09-2023,9.87,Paid,0
STA-R11965,STA-O13146,24-11-2024,9.42,Paid,0
STA-R14531,STA-O9600,22-10-2023,178.35,Paid,0
STA-R10694,STA-O6655,05-03-2023,37.4,Paid,0
STA-R18640,STA-O10911,18-02-2024,56.7,Pending,0
STA-R9054,STA-O14150,09-01-2023,8.32,Paid,0
STA-R12842,STA-O9158,05-03-2025,15.8,Refunded,0
STA-R15113,STA-O8386,05-09-2025,96.95,Paid,0
STA-R14206,STA-O13840,25-07-2024,22.44,Paid,0
STA-R15030,STA-O5833,26-06-2024,3.79,Paid,0
STA-R13817,STA-O7294,29-12-2023,47.43,Paid,0
STA-R14342,STA-O11813,23-04-2024,20.93,Paid,0
STA-R18428,STA-O8710,10-12-2024,6.56,Refunded,0
STA-R16613,STA-O6074,05-02-2025,3.31,Paid,0
STA-R13838,STA-O13268,18-06-2024,147.5,Paid,147.5
STA-R14522,STA-O8315,28-03-2024,38.2,Paid,38.2
STA-R10567,STA-O9806,20-02-2023,30.35,Paid,0
STA-R17456,STA-O11829,29-02-2024,4.13,Paid,0
STA-R16687,STA-O12459,30-04-2023,63.04,Paid,0
STA-R11212,STA-O11376,03-02-2025,23.73,Refunded,0
STA-R13660,STA-O14569,16-09-2024,9.76,Paid,0
STA-R13037,STA-O6369,26-10-2025,11.82,Paid,0
STA-R10916,STA-O11443,26-12-2025,10.88,Pending,0
STA-R11297,STA-O8211,28-09-2025,12.72,Paid,0
STA-R17120,STA-O12173,03-09-2025,20.56,Paid,0
STA-R16494,STA-O9376,21-08-2024,9.42,Paid,9.42
STA-R11718,STA-O14042,27-01-2025,22.6,Paid,0
STA-R11602,STA-O6852,17-04-2024,32.8,Pending,0
STA-R14317,STA-O12799,24-03-2025,15.28,Paid,0
STA-R11800,STA-O10516,22-02-2023,8.48,Paid,8.48
STA-R18593,STA-O7029,22-04-2023,27.45,Paid,0
STA-R18307,STA-O10483,15-01-2025,21.27,Paid,0
STA-R15881,STA-O11932,08-08-2023,26.1,Paid,0
STA-R9500,STA-O11279,14-06-2023,28.2,Refunded,0
STA-R17106,STA-O8607,12-11-2024,22.95,Paid,0
STA-R11090,STA-O10799,20-06-2024,8.32,Refunded,0
STA-R17459,STA-O5668,13-01-2024,36.86,Paid,0
STA-R16616,STA-O9831,25-07-2025,39.8,Paid,0
STA-R12183,STA-O14568,20-12-2024,9.84,Paid,0
STA-R13364,STA-O11843,12-11-2023,7.08,Paid,0
STA-R15857,STA-O12309,15-10-2023,41.65,Paid,0
STA-R10361,STA-O13199,03-03-2023,0,Paid,0
STA-R17487,STA-O14245,19-11-2025,5.28,Paid,5.28
STA-R18274,STA-O11285,10-04-2025,89.05,Paid,89.05
STA-R17481,STA-O12414,10-03-2025,16.65,Paid,16.65
STA-R12395,STA-O14540,29-03-2024,16.92,Paid,0
STA-R9303,STA-O8018,07-01-2025,12.09,Paid,0
STA-R11336,STA-O7728,02-01-2025,0,Paid,0
STA-R9387,STA-O11460,12-07-2023,21.12,Paid,0
STA-R16933,STA-O6997,15-03-2023,18.42,Paid,18.42
STA-R13248,STA-O9317,04-07-2023,88.95,Paid,0
STA-R14693,STA-O14181,23-09-2024,11.58,Paid,0
STA-R15247,STA-O7995,18-07-2025,27.56,Paid,27.56
STA-R11571,STA-O10300,15-03-2023,11.84,Paid,0
STA-R15860,STA-O12390,27-02-2025,12.14,Refunded,0
STA-R18237,STA-O12662,19-08-2024,4.89,Paid,4.89
STA-R11147,STA-O14149,23-02-2023,71.34,Paid,71.34
STA-R14475,STA-O14757,01-05-2023,11.52,Paid,11.52
STA-R15505,STA-O8514,25-01-2025,69.88,Paid,69.88
STA-R9423,STA-O13338,06-07-2024,19.58,Refunded,0
STA-R9897,STA-O7279,01-03-2024,18.39,Refunded,0
STA-R9084,STA-O11744,01-11-2024,22.24,Paid,0
STA-R12861,STA-O10580,08-05-2023,61.14,Paid,0
STA-R16234,STA-O12373,11-04-2024,9.08,Pending,0
STA-R17466,STA-O8742,20-06-2025,42.45,Paid,42.45
STA-R14535,STA-O13764,03-01-2023,17.05,Paid,0
STA-R12753,STA-O8345,20-11-2023,20.16,Paid,0
STA-R15186,STA-O6313,01-02-2024,20.8,Paid,0
STA-R13751,STA-O14531,31-03-2025,36.82,Paid,0
STA-R16249,STA-O11129,27-04-2023,5.88,Refunded,0
STA-R16195,STA-O13469,17-01-2024,54.48,Refunded,0
STA-R12397,STA-O12565,01-02-2023,3.25,Refunded,0
STA-R16350,STA-O7378,22-09-2024,28.94,Paid,0
STA-R10341,STA-O10950,02-04-2023,0,Paid,0
STA-R14843,STA-O14053,01-08-2024,58.6,Paid,8.52
STA-R15758,STA-O12385,02-04-2025,14.64,Paid,0
STA-R15681,STA-O6093,15-12-2023,11.94,Refunded,0
STA-R14089,STA-O10396,09-06-2024,0,Paid,0
STA-R9689,STA-O8906,15-11-2025,10,Paid,0
STA-R11743,STA-O8628,11-06-2024,62.96,Paid,62.96
STA-R9694,STA-O11643,07-01-2025,4.6,Paid,0
STA-R10556,STA-O14111,26-12-2024,23.78,Paid,0
STA-R18057,STA-O10437,10-08-2023,16.2,Paid,0
STA-R12606,STA-O7331,06-03-2023,0,Paid,0
STA-R12253,STA-O14661,24-12-2023,40.08,Paid,0
STA-R13973,STA-O10428,03-12-2023,13.36,Paid,0
STA-R10493,STA-O11396,15-06-2023,30.3,Paid,0
STA-R17701,STA-O10444,08-09-2023,25.2,Refunded,0
STA-R15358,STA-O14983,19-12-2024,24.45,Paid,0
STA-R10496,STA-O7874,20-08-2025,4.26,Paid,0
STA-R17038,STA-O8431,13-05-2023,132.72,Paid,0
STA-R18117,STA-O8948,15-02-2025,12.21,Paid,0
STA-R13780,STA-O12917,05-10-2025,10.8,Paid,10.8
STA-R9092,STA-O7479,03-02-2025,4.9,Refunded,0
STA-R17321,STA-O14817,13-11-2025,0,Refunded,0
STA-R13938,STA-O7359,24-09-2025,14.16,Paid,0
STA-R9356,STA-O8532,25-12-2025,0,Paid,0
STA-R17594,STA-O14865,16-02-2025,22.04,Paid,0
STA-R14545,STA-O8192,05-08-2025,10.38,Paid,0
STA-R18060,STA-O14840,18-08-2025,62.1,Paid,0
STA-R15287,STA-O10970,30-11-2024,0,Paid,0
STA-R10041,STA-O9187,25-02-2024,0,Paid,0
STA-R16247,STA-O6054,18-09-2024,12.45,Paid,0
STA-R14759,STA-O6125,05-07-2025,34.55,Paid,0
STA-R11708,STA-O9358,16-10-2025,10.66,Paid,0
STA-R10459,STA-O5327,02-02-2024,140.64,Paid,140.64
STA-R16109,STA-O13623,13-10-2023,11.07,Paid,0
STA-R10363,STA-O13086,23-10-2024,16.38,Paid,0
STA-R17993,STA-O12846,10-04-2023,5.01,Pending,0
STA-R17850,STA-O12990,17-04-2023,21.68,Paid,21.68
STA-R13941,STA-O6209,16-05-2023,116.9,Paid,0
STA-R18473,STA-O9897,19-06-2025,11.85,Refunded,0
STA-R11749,STA-O8784,09-03-2025,18.35,Paid,0
STA-R12485,STA-O6533,17-12-2023,25.16,Refunded,0
STA-R12455,STA-O7509,24-05-2024,164.45,Paid,0
STA-R15475,STA-O11271,20-11-2024,19.23,Paid,19.23
STA-R11518,STA-O14491,03-10-2024,5.62,Paid,0
STA-R17975,STA-O5236,27-03-2024,0,Paid,0
STA-R15257,STA-O6358,08-05-2023,18.94,Paid,0
STA-R13532,STA-O11044,04-03-2025,25.56,Paid,0
STA-R9151,STA-O7861,26-05-2024,2.3,Paid,0
STA-R9353,STA-O13416,12-05-2024,10.26,Paid,10.26
STA-R14873,STA-O11032,08-06-2025,4.24,Paid,0
STA-R14694,STA-O13846,22-08-2023,48.04,Paid,0
STA-R18079,STA-O13331,08-01-2025,23.54,Refunded,0
STA-R11587,STA-O8141,18-01-2023,10.32,Paid,0
STA-R11796,STA-O5948,21-08-2025,21.5,Paid,0
STA-R17649,STA-O13992,31-03-2024,0,Paid,0
STA-R9938,STA-O10324,06-06-2025,8.22,Paid,0
STA-R13437,STA-O9226,28-08-2025,29.32,Paid,0
STA-R12589,STA-O12775,23-11-2023,80.1,Paid,80.1
STA-R15067,STA-O5909,17-08-2023,14.6,Paid,0
STA-R10176,STA-O10206,22-04-2024,0,Refunded,0
STA-R13999,STA-O6324,14-06-2024,14.53,Paid,0
STA-R11291,STA-O8215,02-01-2023,115.35,Refunded,0
STA-R13749,STA-O13158,23-06-2024,18,Paid,0
STA-R11376,STA-O14075,14-08-2024,0,Paid,0
STA-R11681,STA-O8367,19-09-2025,75.18,Paid,75.18
STA-R10195,STA-O10085,16-05-2025,19.84,Paid,0
STA-R17229,STA-O7641,11-12-2024,81.15,Paid,0
STA-R11660,STA-O13414,23-04-2025,30.56,Paid,30.56
STA-R17314,STA-O5922,22-06-2025,25.15,Pending,0
STA-R9133,STA-O5399,16-06-2024,29.9,Paid,0
STA-R15184,STA-O13163,04-05-2024,15.03,Paid,0
STA-R12613,STA-O11836,08-10-2024,4.98,Paid,0
STA-R9207,STA-O14938,22-06-2025,24.2,Paid,0
STA-R15547,STA-O13856,16-09-2023,113.72,Refunded,51.85
STA-R15664,STA-O9083,23-01-2024,28.1,Paid,0
STA-R17430,STA-O12547,25-09-2025,23.76,Refunded,0
STA-R10510,STA-O9009,10-05-2023,10.1,Paid,0
STA-R15670,STA-O9823,16-05-2025,13.18,Paid,13.18
STA-R15361,STA-O13021,01-03-2024,0,Paid,2.05
STA-R12694,STA-O11987,01-01-2025,39.72,Paid,0
STA-R15360,STA-O7491,27-12-2023,92.46,Paid,0
STA-R13409,STA-O7402,16-07-2025,0,Paid,61.35
STA-R12532,STA-O6250,01-05-2025,13.52,Paid,13.52
STA-R12623,STA-O11624,15-06-2024,26.65,Paid,0
STA-R13774,STA-O12908,11-12-2025,6.64,Paid,0
STA-R16561,STA-O6381,21-03-2023,5.8,Paid,0
STA-R12510,STA-O5712,01-09-2025,137.2,Paid,0
STA-R16394,STA-O8577,10-06-2024,14.28,Paid,14.28
STA-R17529,STA-O14646,28-07-2024,6.06,Paid,0
STA-R9094,STA-O5400,12-09-2023,25.2,Paid,0
STA-R14552,STA-O6412,06-08-2023,113.88,Refunded,0
STA-R12814,STA-O10949,23-11-2023,15.64,Paid,0
STA-R17369,STA-O11213,13-11-2025,0,Paid,7.78
STA-R11723,STA-O13246,21-03-2025,5.65,Paid,0
STA-R15617,STA-O10216,26-07-2025,17.88,Paid,0
STA-R12957,STA-O11294,04-02-2024,35.68,Paid,0
STA-R10626,STA-O14629,08-09-2023,11,Pending,0
STA-R16308,STA-O9303,28-11-2025,8.32,Paid,0
STA-R14190,STA-O13576,16-01-2024,25.2,Paid,0
STA-R14749,STA-O14281,05-07-2023,85.77,Paid,0
STA-R17716,STA-O14864,30-08-2023,6.42,Pending,0
STA-R15861,STA-O10827,18-01-2023,7.34,Paid,0
STA-R10563,STA-O5989,07-12-2024,42.15,Refunded,0
STA-R9121,STA-O6663,25-07-2024,19.96,Paid,0
STA-R13996,STA-O9698,06-11-2023,24.6,Paid,24.6
STA-R15439,STA-O7042,12-09-2023,7.92,Paid,7.92
STA-R15641,STA-O13137,15-11-2025,5.82,Paid,5.82
STA-R14576,STA-O7452,11-04-2024,5.87,Paid,0
STA-R17055,STA-O8366,18-09-2023,5.27,Paid,0
STA-R18375,STA-O12792,07-07-2025,0,Paid,0
STA-R18284,STA-O14180,02-07-2023,3.01,Paid,0
STA-R12848,STA-O7367,21-06-2025,21.18,Paid,0
STA-R17376,STA-O13153,11-03-2023,5.96,Paid,2.17
STA-R10801,STA-O8917,29-08-2023,27.3,Paid,27.3
STA-R15221,STA-O12780,30-12-2025,30.36,Paid,0
STA-R14665,STA-O8611,25-08-2025,17.61,Paid,0
STA-R14562,STA-O12924,03-11-2023,5.7,Paid,0
STA-R16740,STA-O11254,24-10-2023,0,Paid,0
STA-R9946,STA-O9053,05-04-2023,7.88,Paid,0
STA-R13834,STA-O7928,16-11-2025,18.51,Paid,0
STA-R14548,STA-O6055,06-04-2025,9.87,Paid,0
STA-R17982,STA-O7516,20-10-2024,0,Paid,0
STA-R14928,STA-O14772,16-05-2025,12.96,Refunded,0
STA-R16851,STA-O5736,26-02-2023,0,Paid,0
STA-R13560,STA-O12422,12-04-2025,36.4,Paid,36.4
STA-R14040,STA-O5416,25-02-2025,18.96,Paid,0
STA-R15266,STA-O8887,13-03-2025,27.84,Refunded,0
STA-R14641,STA-O11187,01-10-2025,12.5,Pending,0
STA-R11321,STA-O10253,17-08-2023,57.1,Paid,0
STA-R16515,STA-O13326,02-11-2023,25.95,Pending,0
STA-R10465,STA-O9246,31-12-2025,8.54,Paid,0
STA-R18231,STA-O6487,27-02-2023,55.35,Paid,0
STA-R17086,STA-O13960,02-08-2025,36.8,Paid,36.8
STA-R11894,STA-O8666,25-01-2025,5.63,Paid,5.63
STA-R14804,STA-O8080,20-07-2023,47.7,Paid,0
STA-R9394,STA-O9136,17-02-2023,0,Paid,16.24
STA-R9532,STA-O12965,06-12-2024,15.02,Paid,0
STA-R13593,STA-O12609,01-12-2024,23.95,Paid,0
STA-R18071,STA-O13881,09-11-2025,6.39,Refunded,0
STA-R11824,STA-O13332,29-05-2025,20.16,Paid,20.16
STA-R15302,STA-O7521,10-08-2023,12.78,Pending,0
STA-R10224,STA-O11261,27-02-2025,10.66,Pending,0
STA-R14445,STA-O10401,19-02-2023,27.3,Paid,0
STA-R14905,STA-O12205,10-03-2024,107.1,Paid,0
STA-R9115,STA-O13705,21-10-2025,15.04,Paid,0
STA-R14567,STA-O5091,30-07-2025,16.8,Paid,0
STA-R16824,STA-O7284,14-09-2023,27.45,Paid,0
STA-R16326,STA-O13597,11-03-2025,17.02,Refunded,0
STA-R14425,STA-O11736,30-05-2023,29.66,Paid,29.66
STA-R11332,STA-O7392,11-10-2023,17.4,Paid,0
STA-R15081,STA-O11398,12-02-2024,7.67,Paid,0
STA-R13908,STA-O6689,04-05-2023,32.5,Paid,0
STA-R12216,STA-O9481,14-05-2023,6.19,Paid,1.17
STA-R11592,STA-O11701,04-11-2023,12.75,Paid,0
STA-R17669,STA-O7125,12-12-2024,0,Paid,0
STA-R9312,STA-O7441,30-07-2025,34.56,Paid,0
STA-R11252,STA-O10335,06-02-2023,20.56,Paid,0
STA-R15673,STA-O5923,14-06-2024,14.55,Paid,0
STA-R15012,STA-O5138,23-04-2024,16.2,Pending,0
STA-R16863,STA-O13557,12-12-2023,22.86,Paid,0
STA-R12534,STA-O10222,03-09-2025,23.5,Refunded,0
STA-R13430,STA-O8113,04-05-2025,17.7,Refunded,0
STA-R9273,STA-O8427,08-09-2023,32.12,Paid,0
STA-R15863,STA-O11234,07-04-2024,51.44,Paid,0
STA-R18512,STA-O11824,08-04-2024,81.8,Paid,0
STA-R11122,STA-O12329,29-01-2025,16.59,Paid,0
STA-R12933,STA-O10334,10-02-2025,8.46,Pending,0
STA-R9942,STA-O10709,06-05-2023,33.36,Paid,0
STA-R17518,STA-O12132,20-06-2024,12.04,Paid,0
STA-R16599,STA-O13463,20-11-2023,23.92,Paid,0
STA-R9906,STA-O12952,12-11-2023,19.52,Paid,0
STA-R15016,STA-O12125,03-04-2023,31.08,Refunded,0
STA-R10839,STA-O7798,19-03-2023,25.4,Refunded,0
STA-R12407,STA-O13561,02-03-2024,13.05,Paid,13.05
STA-R12833,STA-O12071,10-03-2023,28,Paid,0
STA-R9426,STA-O12988,30-09-2023,48.56,Pending,0
STA-R10675,STA-O9445,11-09-2024,5.89,Paid,0
STA-R11485,STA-O13063,06-10-2023,8.34,Paid,0
STA-R12067,STA-O10574,14-06-2024,12.14,Paid,0
STA-R13785,STA-O12055,22-06-2023,26.55,Paid,0
STA-R12106,STA-O7938,16-01-2023,6.22,Paid,6.22
STA-R10520,STA-O6196,17-02-2023,41.7,Paid,0
STA-R14910,STA-O11180,25-09-2023,16.47,Paid,16.47
STA-R9063,STA-O14638,31-10-2023,15.57,Refunded,0
STA-R11185,STA-O11184,15-05-2024,7.38,Paid,0
STA-R13141,STA-O5542,26-05-2023,26.7,Paid,0
STA-R10022,STA-O14916,24-07-2025,6.83,Pending,0
STA-R16322,STA-O12196,06-02-2025,3.36,Paid,0
STA-R16025,STA-O8991,25-12-2024,7.33,Refunded,0
STA-R12128,STA-O12943,17-03-2024,22,Refunded,0
STA-R10213,STA-O7145,26-06-2025,16.46,Refunded,0
STA-R11630,STA-O5432,11-02-2024,82.85,Paid,0
STA-R17132,STA-O11410,05-02-2023,23.54,Paid,0
STA-R16563,STA-O10388,28-05-2025,46.48,Pending,0
STA-R17516,STA-O14635,26-06-2023,5.18,Paid,0
STA-R15906,STA-O8564,26-12-2024,13.42,Paid,0
STA-R14448,STA-O7698,14-07-2023,23.24,Paid,0
STA-R14060,STA-O12108,17-01-2024,9.99,Paid,3.32
STA-R15144,STA-O10559,06-10-2024,19,Paid,0
STA-R11096,STA-O6500,14-02-2024,12.9,Paid,3.34
STA-R14874,STA-O13540,04-08-2025,15.03,Paid,0
STA-R18132,STA-O6491,11-09-2023,11.29,Paid,0
STA-R9215,STA-O6499,19-09-2024,8.96,Paid,0
STA-R9194,STA-O8873,15-12-2025,11.44,Paid,0
STA-R18416,STA-O11774,07-06-2023,12.08,Paid,0
STA-R17917,STA-O12001,06-02-2025,6.54,Paid,6.54
STA-R12034,STA-O6200,17-07-2024,6.06,Paid,0
STA-R13708,STA-O8987,07-03-2024,23.56,Refunded,0
STA-R17272,STA-O9756,16-01-2025,26.75,Paid,0
STA-R17700,STA-O11298,24-01-2024,11.73,Paid,11.73
STA-R9613,STA-O14263,13-10-2023,71.64,Paid,0
STA-R12704,STA-O10515,17-04-2023,22.6,Refunded,0
STA-R17432,STA-O13738,23-01-2023,18.3,Pending,0
STA-R18395,STA-O12019,24-04-2025,0,Refunded,4.89
STA-R16286,STA-O11857,16-10-2023,6.02,Refunded,0
STA-R13293,STA-O14945,18-06-2025,14.5,Pending,0
STA-R13454,STA-O12625,10-02-2023,5.36,Paid,0
STA-R12768,STA-O13581,19-12-2024,14.16,Paid,0
STA-R10504,STA-O5241,27-02-2025,8.06,Paid,8.06
STA-R10093,STA-O7863,25-04-2024,12.1,Paid,0
STA-R9309,STA-O12379,18-05-2025,6.9,Refunded,0
STA-R10127,STA-O9396,04-12-2025,24.55,Paid,0
STA-R17877,STA-O10612,29-06-2024,26.36,Paid,0
STA-R17403,STA-O12575,21-09-2025,35.73,Refunded,0
STA-R14424,STA-O11559,14-08-2023,16.07,Paid,0
STA-R13022,STA-O14503,30-10-2025,32.44,Paid,32.44
STA-R15218,STA-O13404,30-01-2023,49.14,Paid,49.14
STA-R11529,STA-O10815,30-06-2024,4.65,Refunded,0.76
STA-R13202,STA-O7821,29-02-2024,29.6,Paid,0
STA-R15224,STA-O5360,09-02-2023,76.3,Paid,0
STA-R11809,STA-O12981,21-06-2025,5.95,Refunded,0
STA-R17201,STA-O13727,20-06-2025,7.33,Paid,7.33
STA-R9949,STA-O9043,29-10-2025,24.21,Paid,0
STA-R17068,STA-O11041,15-08-2024,7.44,Paid,7.44
STA-R18643,STA-O8209,04-07-2024,32.1,Paid,0
STA-R12894,STA-O8197,25-11-2023,18.08,Paid,0
STA-R12564,STA-O8947,16-04-2024,2.45,Paid,0
STA-R11229,STA-O14366,04-02-2025,28.5,Paid,0
STA-R11704,STA-O10789,31-10-2023,5.56,Paid,5.56
STA-R15344,STA-O8114,08-01-2023,43.16,Paid,0
STA-R14730,STA-O14424,19-08-2023,28.45,Paid,28.45
STA-R14241,STA-O7894,25-07-2025,3.83,Paid,0
STA-R16128,STA-O8745,02-07-2025,35.8,Paid,0
STA-R14215,STA-O8408,21-03-2023,51.76,Paid,51.76
STA-R9168,STA-O11005,24-09-2024,10.28,Paid,0
STA-R12644,STA-O14363,13-02-2024,19.05,Paid,0
STA-R9208,STA-O6380,15-12-2024,22.64,Paid,0
STA-R15682,STA-O6890,11-01-2023,7.16,Refunded,0
STA-R17200,STA-O10330,22-11-2025,27.52,Paid,0
STA-R18559,STA-O7585,30-05-2025,9.9,Paid,0
STA-R12377,STA-O13252,09-02-2024,16.92,Paid,0
STA-R17304,STA-O14258,29-01-2024,5.9,Paid,0
STA-R14319,STA-O13073,28-08-2024,17.3,Paid,0
STA-R11254,STA-O7794,31-07-2023,20.25,Paid,0
STA-R12497,STA-O7178,13-10-2025,34.28,Paid,34.28
STA-R17419,STA-O6851,04-07-2025,82.1,Refunded,0
STA-R14822,STA-O9071,13-05-2023,36.55,Paid,0
STA-R14232,STA-O5987,27-10-2025,8.52,Paid,0
STA-R16219,STA-O14209,20-06-2023,0,Paid,6.68
STA-R11399,STA-O12080,16-08-2024,24.9,Paid,0
STA-R16882,STA-O7385,09-06-2023,6.13,Pending,0
STA-R9779,STA-O6777,08-05-2023,3.12,Paid,0
STA-R13696,STA-O11240,16-05-2023,28.04,Paid,0
STA-R17726,STA-O9927,07-01-2023,5.25,Paid,0
STA-R9687,STA-O11246,25-03-2023,29.2,Paid,0
STA-R15652,STA-O14692,14-06-2025,70.92,Paid,0
STA-R15888,STA-O6294,21-04-2025,10.52,Refunded,0
STA-R12998,STA-O13683,23-12-2024,21.45,Paid,0
STA-R17734,STA-O10637,20-01-2025,106.8,Paid,0
STA-R12432,STA-O6976,05-02-2025,7.82,Pending,0
STA-R11577,STA-O10290,13-10-2023,89.25,Paid,0
STA-R15203,STA-O12393,04-04-2024,83.4,Paid,0
STA-R16346,STA-O14780,11-06-2025,41.7,Paid,0
STA-R11396,STA-O14347,25-11-2025,20.2,Paid,20.2
STA-R15544,STA-O7971,06-11-2023,3.88,Paid,0
STA-R11985,STA-O8296,15-08-2024,6,Paid,6
STA-R11706,STA-O7329,17-10-2025,8.66,Paid,0
STA-R18044,STA-O6999,19-06-2025,28.4,Paid,0
STA-R12860,STA-O10647,28-11-2024,10.65,Refunded,0
STA-R15049,STA-O9312,16-06-2024,16.16,Paid,0
STA-R13337,STA-O5984,15-11-2023,5.31,Refunded,0
STA-R9675,STA-O13045,10-02-2024,9.66,Paid,0
STA-R14619,STA-O13902,17-02-2023,31.96,Refunded,0
STA-R15851,STA-O10701,23-07-2025,14.25,Paid,0
STA-R11046,STA-O14711,07-06-2025,36.44,Paid,0
STA-R13692,STA-O9253,26-01-2023,16.66,Paid,0
STA-R18114,STA-O5336,11-12-2025,30.92,Paid,0
STA-R17682,STA-O11162,06-04-2024,23.19,Paid,0
STA-R15929,STA-O7243,12-07-2025,27.75,Refunded,0
STA-R12487,STA-O5565,10-12-2025,12.81,Pending,0
STA-R12679,STA-O12713,28-02-2024,15.35,Paid,0
STA-R9516,STA-O11685,24-12-2025,14.24,Paid,0
STA-R16105,STA-O11632,08-07-2025,13.62,Paid,0
STA-R17344,STA-O13589,08-03-2025,41.6,Paid,41.6
STA-R12017,STA-O10435,26-03-2023,0,Pending,0
STA-R10368,STA-O5725,28-12-2025,20.25,Paid,0
STA-R16691,STA-O6538,24-10-2024,7.2,Paid,0
STA-R10617,STA-O6175,23-08-2024,16.2,Paid,16.2
STA-R16192,STA-O8232,01-06-2024,48.44,Paid,0
STA-R16269,STA-O12755,23-12-2025,145.6,Paid,145.6
STA-R14566,STA-O6462,22-06-2023,0,Paid,128.72
STA-R11198,STA-O7559,01-06-2023,9.24,Refunded,0
STA-R10706,STA-O11370,10-10-2025,4.71,Refunded,0
STA-R16440,STA-O12134,07-04-2023,12.16,Paid,0
STA-R15980,STA-O5294,04-04-2024,4.9,Paid,0
STA-R9336,STA-O12489,07-03-2025,18.6,Paid,0
STA-R10412,STA-O14110,21-06-2025,34,Paid,0
STA-R10721,STA-O13645,31-10-2025,32.1,Paid,0
STA-R9784,STA-O7696,08-11-2023,20.4,Paid,0
STA-R13123,STA-O10628,02-04-2023,4.57,Paid,0
STA-R11240,STA-O12054,21-02-2023,0,Paid,0
STA-R9118,STA-O13189,26-04-2025,0,Paid,20.97
STA-R15265,STA-O10884,23-02-2023,31.56,Paid,0
STA-R11542,STA-O7450,13-06-2024,26.15,Paid,0
STA-R9548,STA-O5059,10-10-2023,29.84,Paid,0
STA-R12603,STA-O14403,03-10-2024,66.6,Refunded,0
STA-R16014,STA-O9058,18-02-2023,25.05,Paid,3.41
STA-R13521,STA-O6990,29-11-2023,25.76,Paid,0
STA-R11216,STA-O5039,20-04-2024,11.76,Refunded,0
STA-R12711,STA-O6933,14-11-2024,5.82,Paid,0
STA-R17087,STA-O8041,05-12-2024,6.51,Paid,0
STA-R16169,STA-O6636,17-02-2024,12.78,Paid,12.78
STA-R11584,STA-O9978,08-07-2023,38.9,Paid,38.9
STA-R12736,STA-O8032,19-07-2024,21.5,Paid,0
STA-R15000,STA-O5702,17-10-2023,32.7,Paid,0
STA-R9437,STA-O6332,25-09-2024,64.85,Paid,0
STA-R9304,STA-O10741,01-08-2023,33.08,Paid,0
STA-R9670,STA-O7579,25-05-2024,0,Paid,0
STA-R16619,STA-O8487,17-11-2023,16.14,Paid,0
STA-R13601,STA-O13250,27-12-2025,39.18,Paid,0
STA-R15532,STA-O7510,01-12-2024,7.42,Paid,0
STA-R12856,STA-O6104,19-11-2025,5.31,Paid,0
STA-R12341,STA-O9912,03-09-2023,67.24,Pending,0
STA-R17477,STA-O11235,24-12-2025,115.1,Paid,0
STA-R9320,STA-O11745,07-05-2023,0,Paid,0
STA-R16638,STA-O14669,24-12-2024,18.64,Paid,18.64
STA-R18337,STA-O13376,31-10-2024,7.72,Paid,7.72
STA-R16961,STA-O6595,13-09-2024,22.76,Pending,0
STA-R13014,STA-O9684,15-11-2023,12.72,Paid,0
STA-R9107,STA-O11227,09-07-2023,155.1,Paid,155.1
STA-R17536,STA-O8130,20-12-2025,0,Paid,0
STA-R14196,STA-O10002,14-12-2024,20.76,Refunded,0
STA-R9012,STA-O6509,30-08-2023,65.76,Paid,0
STA-R14560,STA-O6167,24-01-2023,14.16,Paid,0
STA-R15206,STA-O10209,19-12-2023,18.67,Paid,0
STA-R15986,STA-O11123,06-05-2024,135.2,Paid,135.2
STA-R18376,STA-O6121,08-05-2024,11.46,Refunded,0
STA-R14459,STA-O5196,10-07-2024,16.12,Paid,0
STA-R10929,STA-O10875,31-12-2023,5.2,Paid,0
STA-R11616,STA-O7287,03-01-2023,5.61,Paid,0
STA-R16053,STA-O14070,29-10-2023,199.5,Paid,0
STA-R15366,STA-O13718,07-11-2023,9.92,Paid,0
STA-R11115,STA-O12298,26-05-2024,21.96,Paid,21.96
STA-R9032,STA-O14912,02-08-2024,5.24,Refunded,0
STA-R16059,STA-O8780,14-06-2025,108.55,Refunded,0
STA-R12025,STA-O5551,07-05-2025,29.8,Paid,0
STA-R14929,STA-O14345,07-03-2025,26.3,Paid,0
STA-R9120,STA-O8558,21-06-2024,24.1,Paid,0
STA-R12137,STA-O13302,20-02-2023,29.25,Paid,0
STA-R16441,STA-O14991,23-01-2024,58.62,Paid,0
STA-R17033,STA-O9201,17-11-2023,7.08,Paid,0
STA-R9241,STA-O14453,16-04-2023,31.3,Paid,0
STA-R11745,STA-O6492,10-08-2025,3.05,Paid,0
STA-R16459,STA-O12384,09-11-2024,11.1,Paid,0
STA-R9686,STA-O9765,07-09-2025,0,Paid,0
STA-R11687,STA-O14828,16-08-2023,21.33,Paid,0
STA-R11750,STA-O14484,28-02-2024,13.7,Paid,13.7
STA-R17612,STA-O13024,22-11-2025,35.1,Paid,35.1
STA-R15977,STA-O12848,14-04-2025,15.24,Refunded,0
STA-R9270,STA-O14707,21-09-2024,28,Paid,0
STA-R16237,STA-O8140,24-11-2025,36.8,Paid,0
STA-R11367,STA-O6743,16-04-2024,13.23,Paid,0
STA-R13527,STA-O12026,07-04-2023,44.6,Paid,0
STA-R18508,STA-O10055,09-09-2024,26.56,Paid,0
STA-R18648,STA-O9999,14-03-2024,407.67,Paid,0
STA-R18112,STA-O11026,07-05-2025,27.75,Paid,27.75
STA-R12514,STA-O8727,17-11-2024,18.9,Paid,0
STA-R12414,STA-O11657,17-12-2025,99.06,Pending,0
STA-R12164,STA-O11344,18-07-2024,6.16,Paid,0
STA-R15053,STA-O9078,10-07-2024,5.74,Refunded,0
STA-R17053,STA-O7276,11-12-2024,7.88,Refunded,0
STA-R18621,STA-O5104,14-03-2025,24.63,Paid,2.75
STA-R17640,STA-O8915,20-05-2025,16.76,Paid,0
STA-R18113,STA-O5829,22-08-2023,5.12,Paid,0
STA-R16903,STA-O6738,30-04-2023,42.28,Paid,42.28
STA-R15939,STA-O5356,18-03-2025,15.05,Paid,0
STA-R15809,STA-O7393,10-02-2023,11.88,Paid,0
STA-R16198,STA-O12483,30-01-2025,16.08,Paid,0
STA-R17560,STA-O13559,12-11-2023,19.15,Paid,0
STA-R13441,STA-O7926,04-02-2023,6.46,Paid,0
STA-R15034,STA-O13029,11-08-2023,6.24,Paid,0
STA-R18381,STA-O13819,18-01-2024,157.65,Paid,0
STA-R15842,STA-O8252,17-09-2025,7.67,Paid,0
STA-R9297,STA-O5723,02-07-2024,5.8,Paid,0
STA-R12254,STA-O12633,21-02-2024,14.3,Paid,0
STA-R14150,STA-O13937,01-02-2024,19.96,Paid,0
STA-R14677,STA-O9270,07-06-2023,16,Paid,0
STA-R9251,STA-O6460,02-07-2023,3.08,Paid,0
STA-R15323,STA-O6649,16-06-2023,23.67,Pending,0
STA-R13894,STA-O6135,10-10-2024,76.84,Paid,0
STA-R13877,STA-O5182,11-01-2023,38.15,Pending,17.21
STA-R10068,STA-O7761,29-06-2025,74.37,Paid,0
STA-R16241,STA-O7624,20-06-2024,31.4,Refunded,0
STA-R13289,STA-O7843,05-01-2023,76.44,Paid,0
STA-R13136,STA-O10787,10-09-2024,10.98,Paid,0
STA-R18148,STA-O9892,30-11-2023,62.56,Paid,0
STA-R9348,STA-O11963,26-08-2025,12.18,Paid,0
STA-R9872,STA-O10848,22-11-2023,0,Paid,0
STA-R14285,STA-O13646,13-02-2025,24.7,Paid,0
STA-R13333,STA-O6532,21-04-2025,7.05,Paid,0
STA-R14536,STA-O8240,25-04-2024,11.56,Paid,0
STA-R13701,STA-O14216,30-07-2023,3.15,Paid,3.15
STA-R13199,STA-O13750,09-11-2025,15.54,Paid,0
STA-R17712,STA-O14251,12-02-2024,25.55,Paid,0
STA-R18372,STA-O11210,08-12-2025,19.08,Paid,0
STA-R15763,STA-O6331,09-03-2023,16.53,Refunded,0
STA-R12039,STA-O9082,14-11-2025,4.01,Paid,0
STA-R15131,STA-O7057,09-01-2024,38.9,Paid,0
STA-R16474,STA-O14393,11-06-2025,19.76,Paid,0
STA-R16707,STA-O11850,23-10-2024,14.8,Paid,0
STA-R17859,STA-O7845,22-06-2023,4.58,Refunded,0
STA-R14709,STA-O11340,10-11-2023,12.88,Paid,0
STA-R14958,STA-O14693,02-11-2025,24.54,Paid,24.54
STA-R16046,STA-O14402,25-07-2023,21,Paid,21
STA-R13725,STA-O9546,17-10-2025,52.16,Paid,52.16
STA-R13331,STA-O5643,11-02-2025,25.7,Paid,0
STA-R14295,STA-O6887,03-03-2025,14.82,Refunded,0
STA-R10811,STA-O5814,10-11-2025,20.15,Paid,20.15
STA-R13550,STA-O6930,30-04-2025,7.45,Paid,0
STA-R15399,STA-O7080,10-08-2023,185.9,Paid,0
STA-R18242,STA-O6674,05-01-2023,15.82,Paid,0
STA-R11930,STA-O8356,30-12-2025,66.4,Paid,0
STA-R14520,STA-O14407,19-02-2025,22.92,Paid,0
STA-R12082,STA-O8731,10-03-2023,19.04,Paid,19.04
STA-R10679,STA-O6969,30-05-2023,17.36,Refunded,0
STA-R14004,STA-O9675,07-05-2025,150.2,Paid,0
STA-R11525,STA-O11524,11-05-2025,23.55,Paid,0
STA-R14833,STA-O14928,31-12-2025,16.26,Paid,0
STA-R13572,STA-O12454,16-10-2023,6.37,Paid,0
STA-R12943,STA-O8372,27-08-2025,4.33,Refunded,0
STA-R14395,STA-O12284,01-10-2023,15.87,Paid,0
STA-R13206,STA-O11241,29-07-2025,5.35,Refunded,0
STA-R13697,STA-O10742,15-10-2025,16.65,Paid,16.65
STA-R13288,STA-O11577,29-11-2025,10.28,Paid,0
STA-R9300,STA-O6924,31-10-2024,27.2,Paid,0
STA-R14268,STA-O14279,15-07-2023,0,Paid,0
STA-R12127,STA-O9784,07-07-2024,8.51,Paid,0
STA-R17064,STA-O11411,19-09-2024,30.05,Paid,0
STA-R11934,STA-O11684,28-08-2025,18.93,Refunded,0
STA-R13752,STA-O14664,28-11-2025,18.42,Paid,18.42
STA-R14296,STA-O13640,02-11-2025,20.98,Paid,0
STA-R9388,STA-O11948,01-07-2023,22.96,Paid,0
STA-R15778,STA-O7643,27-06-2023,35.93,Paid,0
STA-R9697,STA-O12179,01-09-2025,6.51,Paid,0
STA-R9803,STA-O10451,12-01-2024,0,Paid,16.95
STA-R10486,STA-O8138,13-10-2023,27.21,Paid,0
STA-R11356,STA-O11981,22-09-2025,14.28,Paid,0
STA-R10322,STA-O13797,28-10-2023,7.34,Paid,0
STA-R12422,STA-O12883,04-03-2023,17.25,Paid,0
STA-R11395,STA-O6944,07-06-2024,6.9,Refunded,0
STA-R14654,STA-O8135,14-05-2024,33.65,Paid,0
STA-R15261,STA-O7292,04-06-2023,5.86,Paid,5.86
STA-R15234,STA-O14106,05-01-2025,10.9,Pending,0
STA-R14846,STA-O9731,15-08-2023,32.2,Paid,32.2
STA-R15138,STA-O5003,04-05-2024,8.51,Paid,1.36
STA-R11874,STA-O14168,10-11-2023,29.2,Pending,0
STA-R10867,STA-O11027,13-05-2025,64.5,Paid,0
STA-R9180,STA-O13421,27-10-2024,14.13,Paid,0
STA-R10238,STA-O8735,23-04-2024,4.07,Refunded,0
STA-R13436,STA-O6960,11-10-2025,19.17,Paid,0
STA-R17702,STA-O11925,20-03-2025,99.92,Paid,0
STA-R14305,STA-O13680,20-05-2025,17.31,Refunded,0
STA-R10395,STA-O5743,20-04-2024,18.06,Refunded,0
STA-R13060,STA-O13726,03-06-2024,11.9,Paid,0
STA-R15494,STA-O14271,22-01-2024,5.53,Paid,0
STA-R16029,STA-O10385,19-04-2025,16.75,Paid,16.75
STA-R11611,STA-O9426,29-09-2024,26.55,Paid,0
STA-R16542,STA-O9099,13-10-2023,26.9,Paid,0
STA-R9072,STA-O10942,02-01-2025,0,Paid,0
STA-R18516,STA-O14467,30-10-2023,35.7,Paid,35.7
STA-R18098,STA-O5777,07-05-2023,12.87,Paid,12.87
STA-R14175,STA-O5484,02-02-2024,46.32,Paid,0
STA-R18005,STA-O7647,15-08-2023,26.04,Refunded,0
STA-R12187,STA-O9522,13-11-2023,11.82,Refunded,0
STA-R15639,STA-O9412,16-09-2024,36.5,Paid,0
STA-R17051,STA-O13911,16-03-2025,13.28,Paid,0
STA-R16317,STA-O12639,20-01-2025,5.52,Paid,0
STA-R9657,STA-O11474,07-09-2023,100.6,Paid,0
STA-R12020,STA-O13378,12-06-2024,21.05,Paid,0
STA-R15824,STA-O9186,22-08-2025,19.8,Paid,0
STA-R16280,STA-O11807,03-07-2024,3.52,Pending,0
STA-R12701,STA-O11913,01-08-2024,5.2,Paid,0
STA-R11411,STA-O10828,25-05-2025,30.45,Paid,0
STA-R16762,STA-O5466,25-12-2024,12.45,Paid,12.45
STA-R12887,STA-O7037,09-11-2024,8.08,Paid,0
STA-R12352,STA-O11259,31-08-2025,24.24,Refunded,0
STA-R14894,STA-O14254,10-05-2024,11.13,Paid,0
STA-R11901,STA-O12219,22-05-2025,26.4,Paid,0
STA-R12910,STA-O9389,07-07-2024,30.84,Paid,0
STA-R11290,STA-O8563,21-08-2023,28.6,Paid,0
STA-R12244,STA-O6831,25-08-2024,12.6,Paid,0
STA-R18356,STA-O7487,18-02-2024,23.19,Pending,0
STA-R13007,STA-O13518,15-09-2023,15.36,Paid,0
STA-R15258,STA-O9527,13-09-2025,19.36,Paid,0
STA-R12674,STA-O12090,03-09-2025,20.28,Paid,0
STA-R18626,STA-O13020,04-04-2024,20.35,Paid,0
STA-R12927,STA-O8825,26-08-2023,22.32,Paid,0
STA-R11199,STA-O6397,15-01-2023,46.26,Paid,0
STA-R16880,STA-O14161,23-10-2024,38.52,Paid,0
STA-R17254,STA-O10357,21-03-2024,42.05,Paid,0
STA-R10494,STA-O14641,06-07-2024,129.6,Paid,0
STA-R17242,STA-O14659,20-07-2023,0,Paid,0
STA-R16315,STA-O12022,19-02-2024,21.78,Paid,0
STA-R13764,STA-O13783,18-12-2025,20.08,Paid,0
STA-R18533,STA-O6211,15-07-2023,31.88,Refunded,0
STA-R15368,STA-O12941,04-07-2024,21.48,Pending,0
STA-R14330,STA-O9640,14-02-2025,0,Paid,0
STA-R14265,STA-O11014,15-05-2025,27.6,Paid,27.6
STA-R13769,STA-O8822,26-01-2025,0,Paid,0
STA-R11208,STA-O6239,23-07-2025,15.36,Refunded,0
STA-R12344,STA-O14305,27-02-2023,0,Refunded,0
STA-R14624,STA-O13769,13-04-2024,15.9,Paid,0
STA-R12552,STA-O12140,15-07-2024,30.36,Paid,30.36
STA-R14440,STA-O13279,17-05-2023,4.74,Paid,0
STA-R17372,STA-O13775,11-12-2024,27.9,Pending,0
STA-R10698,STA-O11430,19-02-2025,7.52,Paid,0
STA-R10163,STA-O14745,10-03-2025,24,Paid,24
STA-R10696,STA-O14152,23-03-2025,129.25,Paid,0
STA-R11148,STA-O8291,02-12-2025,27.9,Paid,27.9
STA-R14102,STA-O14937,10-04-2024,41.4,Paid,0
STA-R12387,STA-O12168,22-02-2025,31.9,Paid,0
STA-R10380,STA-O6934,02-01-2024,0,Paid,40.62
STA-R15414,STA-O8957,13-10-2024,24.33,Paid,0
STA-R11245,STA-O11316,01-02-2023,11.76,Paid,11.76
STA-R11641,STA-O14228,06-11-2024,15.36,Refunded,0
STA-R12509,STA-O5578,29-09-2023,14.6,Paid,0
STA-R15871,STA-O6253,12-11-2024,48.04,Refunded,0
STA-R15403,STA-O6704,19-11-2024,28.56,Paid,28.56
STA-R12005,STA-O10919,17-10-2024,15.7,Paid,0
STA-R14502,STA-O12715,04-07-2025,98.15,Paid,0
STA-R9877,STA-O8773,20-04-2024,93.35,Paid,0
STA-R15981,STA-O13272,28-07-2023,39.1,Paid,0
STA-R18191,STA-O12217,04-08-2023,21.25,Pending,0
STA-R10449,STA-O8164,14-11-2025,8.26,Paid,0
STA-R17221,STA-O13607,27-06-2025,8.79,Paid,0
STA-R16285,STA-O14343,10-05-2025,146.3,Paid,0
STA-R13196,STA-O5333,16-09-2024,115.65,Pending,0
STA-R14125,STA-O13179,08-07-2025,12.09,Refunded,0
STA-R17581,STA-O13176,06-03-2024,34.85,Paid,0
STA-R11049,STA-O8473,10-12-2024,16.48,Paid,16.48
STA-R11569,STA-O8235,25-02-2024,14.94,Paid,14.94
STA-R13186,STA-O9959,10-11-2023,6.21,Paid,0
STA-R14324,STA-O11552,17-09-2023,16.9,Paid,0
STA-R16970,STA-O7304,03-01-2025,93.92,Pending,0
STA-R14514,STA-O6591,29-10-2025,47.28,Paid,0
STA-R9276,STA-O6832,16-10-2025,13.84,Paid,0
STA-R17844,STA-O12852,16-12-2023,5.04,Paid,5.04
STA-R10167,STA-O9741,27-05-2023,21.09,Pending,0
STA-R18110,STA-O12036,28-03-2025,20.67,Paid,0
STA-R13656,STA-O7390,24-02-2024,16.11,Refunded,0
STA-R11920,STA-O11002,16-01-2023,21.78,Paid,0
STA-R17914,STA-O9729,07-06-2025,5.53,Paid,0
STA-R12932,STA-O10589,21-08-2025,28.9,Paid,0
STA-R16353,STA-O7763,13-12-2025,19.89,Paid,0
STA-R10157,STA-O8434,11-05-2025,27.92,Paid,0
STA-R16374,STA-O5502,09-12-2025,14.08,Paid,0
STA-R11447,STA-O10695,26-08-2024,17.34,Paid,0
STA-R16784,STA-O10465,30-01-2025,9,Paid,0
STA-R13366,STA-O9105,17-01-2023,26.08,Refunded,0
STA-R17952,STA-O6086,03-06-2024,9.92,Paid,0
STA-R16611,STA-O10275,20-10-2024,23.44,Paid,0
STA-R10635,STA-O10159,15-12-2024,6.58,Paid,6.58
STA-R13404,STA-O10737,12-08-2024,74.72,Pending,0
STA-R18604,STA-O5292,26-11-2024,29.72,Paid,29.72
STA-R14076,STA-O13190,16-09-2023,15.7,Paid,0
STA-R12322,STA-O6208,10-07-2025,45.9,Refunded,0
STA-R15402,STA-O6486,18-09-2023,0,Paid,0
STA-R9926,STA-O14686,08-07-2023,0,Paid,7.46
STA-R13406,STA-O10555,15-02-2025,6.2,Refunded,0
STA-R17184,STA-O8583,15-07-2023,0,Paid,0
STA-R12630,STA-O14778,13-06-2023,7.45,Paid,7.45
STA-R14788,STA-O14273,11-04-2023,34.16,Refunded,0
STA-R14112,STA-O12103,14-06-2024,0,Refunded,0
STA-R10400,STA-O14375,19-06-2023,29.04,Paid,0
STA-R15429,STA-O9701,29-05-2024,12.72,Paid,0
STA-R13549,STA-O7784,12-06-2024,21.66,Paid,0
STA-R13580,STA-O11547,03-04-2025,26.95,Paid,26.95
STA-R13030,STA-O8157,20-10-2023,34.7,Paid,34.7
STA-R13622,STA-O9351,01-01-2024,17.7,Paid,5.78
STA-R12879,STA-O6686,12-04-2023,42.98,Refunded,0
STA-R13837,STA-O6962,24-02-2024,21.21,Paid,0
STA-R15480,STA-O5547,12-11-2025,21.37,Paid,0
STA-R18589,STA-O6235,07-04-2023,23.01,Paid,0
STA-R16177,STA-O12541,27-09-2025,5.71,Paid,0
STA-R10329,STA-O13515,08-06-2025,29.05,Refunded,0
STA-R9082,STA-O11962,29-04-2025,17.85,Paid,0
STA-R16210,STA-O6923,10-03-2023,196,Paid,0
STA-R17840,STA-O9306,29-04-2023,15.42,Paid,0
STA-R14544,STA-O12281,01-12-2024,162.9,Paid,0
STA-R11938,STA-O9464,03-02-2023,22.24,Paid,22.24
STA-R13318,STA-O5653,03-12-2023,12.14,Paid,0
STA-R17325,STA-O7883,29-10-2024,12.19,Paid,0
STA-R11159,STA-O13202,15-07-2024,57.55,Paid,7.84
STA-R10010,STA-O7211,12-04-2025,29.9,Paid,0
STA-R14123,STA-O6729,08-05-2023,0,Paid,0
STA-R15699,STA-O12912,18-09-2023,26.88,Paid,0
STA-R16132,STA-O8239,04-11-2025,17.13,Paid,3.01
STA-R11868,STA-O9647,19-07-2023,31.3,Paid,15.43
STA-R15611,STA-O11425,07-01-2025,28.65,Paid,0
STA-R17276,STA-O14966,31-08-2023,0,Paid,0
STA-R10880,STA-O12857,20-02-2024,20.64,Paid,0
STA-R11867,STA-O7786,29-07-2025,120.9,Paid,0
STA-R18365,STA-O11295,08-07-2025,39.6,Paid,0
STA-R15786,STA-O6096,06-09-2024,5.12,Paid,0
STA-R9634,STA-O11560,18-01-2023,3.15,Paid,0
STA-R9630,STA-O8712,05-06-2024,28.9,Refunded,0
STA-R9703,STA-O10905,26-10-2025,0,Paid,0
STA-R17566,STA-O12843,14-10-2024,3.13,Pending,0
STA-R12053,STA-O6276,13-02-2025,32.65,Paid,0
STA-R17613,STA-O12567,24-02-2025,8.94,Paid,0
STA-R17224,STA-O7134,25-01-2024,17.04,Paid,0
STA-R11455,STA-O8601,07-11-2025,6.56,Refunded,0
STA-R18579,STA-O5540,28-07-2025,8.16,Refunded,0
STA-R9040,STA-O10124,22-12-2025,18.96,Paid,0
STA-R12688,STA-O14814,21-04-2024,8,Paid,0
STA-R10291,STA-O12025,06-04-2024,19.52,Pending,0
STA-R11817,STA-O6826,16-03-2025,46.48,Refunded,0
STA-R17904,STA-O14720,04-11-2024,6.29,Paid,0
STA-R12070,STA-O13474,14-08-2025,24.24,Refunded,0
STA-R16131,STA-O12267,04-07-2024,10.88,Paid,0
STA-R10420,STA-O11495,30-09-2023,4.84,Paid,0
STA-R12257,STA-O7732,11-08-2025,24.12,Paid,0
STA-R13724,STA-O13885,27-01-2024,0,Paid,0
STA-R10427,STA-O12833,10-05-2024,30.9,Paid,30.9
STA-R9234,STA-O14064,18-01-2023,12.14,Paid,0
STA-R15528,STA-O10189,05-03-2024,5.15,Paid,0
STA-R13762,STA-O9079,06-01-2024,19.7,Refunded,0
STA-R13741,STA-O6983,30-09-2025,24.36,Refunded,0
STA-R16520,STA-O13357,08-01-2023,0,Paid,17.49
STA-R11144,STA-O11739,22-12-2023,21.8,Paid,21.8
STA-R13266,STA-O9424,26-11-2025,5.25,Paid,0
STA-R12791,STA-O12759,25-04-2025,22.86,Paid,0
STA-R13523,STA-O6993,15-11-2023,32.6,Paid,0
STA-R10856,STA-O5314,20-05-2023,19.16,Paid,0
STA-R16602,STA-O11068,06-01-2024,25.17,Refunded,0
STA-R11645,STA-O10378,21-03-2024,26.56,Paid,0
STA-R10536,STA-O8019,29-02-2024,24.68,Paid,24.68
STA-R10236,STA-O13736,18-08-2024,5.8,Paid,0
STA-R15296,STA-O5199,26-12-2024,0,Paid,7.43
STA-R16019,STA-O10667,13-07-2023,4.19,Pending,0
STA-R11392,STA-O14859,24-07-2024,26.73,Paid,0
STA-R17259,STA-O13174,13-12-2024,23.52,Pending,0
STA-R18311,STA-O11536,17-01-2023,5.6,Paid,0
STA-R12889,STA-O8158,01-08-2024,29.76,Paid,0
STA-R11098,STA-O14177,14-10-2024,25.85,Paid,0
STA-R10063,STA-O14872,29-01-2024,4.93,Paid,4.93
STA-R15204,STA-O8515,24-06-2023,33.08,Paid,0
STA-R12672,STA-O5727,24-08-2025,32.12,Paid,32.12
STA-R12229,STA-O14921,18-08-2024,19.7,Refunded,0
STA-R16398,STA-O9628,27-01-2023,28,Pending,0
STA-R10570,STA-O13541,15-03-2025,3.96,Paid,3.96
STA-R11992,STA-O10763,04-03-2023,0,Paid,0
STA-R9886,STA-O10918,21-07-2023,22.44,Refunded,0
STA-R12258,STA-O9492,20-04-2023,25.1,Pending,0
STA-R12291,STA-O12344,02-07-2023,19.52,Pending,0
STA-R10917,STA-O11986,30-10-2023,9.62,Paid,4.15
STA-R11073,STA-O12312,19-12-2024,4.99,Refunded,0
STA-R17437,STA-O10986,20-01-2024,28.24,Paid,0
STA-R14593,STA-O13145,15-02-2024,0,Paid,0
STA-R14896,STA-O10211,03-09-2024,8.36,Pending,0
STA-R10851,STA-O13844,10-11-2025,24.45,Paid,0
STA-R13277,STA-O11490,15-01-2023,28.06,Paid,0
STA-R13326,STA-O5686,27-03-2023,11.66,Paid,0
STA-R14837,STA-O6161,12-10-2025,16.18,Paid,16.18
STA-R9538,STA-O7931,18-03-2025,6.06,Paid,0
STA-R17211,STA-O8549,24-11-2023,8.05,Pending,0
STA-R14101,STA-O12403,08-11-2025,59.13,Paid,0
STA-R14914,STA-O12366,01-09-2023,42.56,Pending,0
STA-R16124,STA-O6348,12-05-2025,39.51,Refunded,0
STA-R14850,STA-O7214,29-07-2024,21.25,Paid,0
STA-R12722,STA-O13793,20-10-2023,16.02,Paid,0
STA-R9444,STA-O11191,30-08-2024,39.25,Paid,0
STA-R13496,STA-O8060,09-07-2024,10.04,Paid,0
STA-R11859,STA-O6713,19-11-2023,0,Paid,31.76
STA-R13664,STA-O6385,15-10-2025,25.75,Paid,0
STA-R9578,STA-O11442,03-01-2023,19.85,Paid,0
STA-R13920,STA-O8488,26-09-2023,132.24,Paid,0
STA-R9891,STA-O9011,21-11-2024,20.08,Pending,0
STA-R15792,STA-O14329,02-05-2025,7.46,Paid,0
STA-R12481,STA-O6796,02-09-2025,19.26,Paid,19.26
STA-R16344,STA-O7749,27-05-2023,3.24,Pending,0
STA-R14450,STA-O7530,19-04-2024,7.09,Pending,0
STA-R10551,STA-O11555,03-11-2023,4.28,Pending,0
STA-R9804,STA-O13884,11-09-2024,8.8,Paid,0
STA-R14658,STA-O9118,19-02-2025,9.04,Refunded,0
STA-R15251,STA-O14889,10-03-2024,7.56,Paid,0
STA-R12718,STA-O12957,13-12-2025,20.33,Paid,0
STA-R14655,STA-O7207,03-05-2023,5.41,Paid,0
STA-R13143,STA-O12111,16-01-2023,21.05,Paid,0
STA-R15577,STA-O5596,27-09-2023,9.44,Refunded,0
STA-R15999,STA-O14731,15-06-2024,79.98,Paid,79.98
STA-R16559,STA-O5173,26-03-2024,5.54,Paid,0
STA-R15139,STA-O6129,11-08-2023,8.2,Paid,0
STA-R9205,STA-O9585,27-11-2024,44.95,Paid,44.95
STA-R11624,STA-O9261,27-03-2023,10.2,Paid,10.2
STA-R17979,STA-O12698,01-01-2025,17.25,Paid,0
STA-R9676,STA-O6953,31-08-2025,6.82,Paid,0
STA-R13069,STA-O9293,08-06-2024,10.64,Paid,0
STA-R11701,STA-O8769,03-09-2023,5.25,Paid,0
STA-R17876,STA-O10432,13-11-2023,17.24,Paid,0
STA-R14021,STA-O10960,07-08-2025,5.01,Paid,0
STA-R13808,STA-O14298,23-06-2025,29.96,Paid,0
STA-R10716,STA-O6367,06-09-2025,16.1,Paid,16.1
STA-R11906,STA-O12510,18-07-2025,9.98,Paid,2.77
STA-R12820,STA-O13182,02-04-2025,15.7,Paid,0
STA-R14067,STA-O8391,22-03-2023,55.88,Refunded,0
STA-R18505,STA-O9383,29-08-2023,0,Paid,13.44
STA-R10566,STA-O6690,18-01-2024,16.58,Paid,0
STA-R10316,STA-O9562,05-01-2024,4.51,Paid,0
STA-R13605,STA-O8984,20-09-2025,17.67,Paid,0
STA-R15141,STA-O8599,29-05-2023,36.45,Paid,36.45
STA-R15208,STA-O5875,16-04-2025,16.56,Paid,0
STA-R11346,STA-O9410,09-03-2025,27.75,Paid,0
STA-R15820,STA-O8889,01-01-2023,21.38,Paid,0
STA-R16524,STA-O12395,25-02-2023,37.18,Paid,0
STA-R9339,STA-O13958,15-02-2023,53.9,Paid,0
STA-R13955,STA-O8744,12-11-2023,43.4,Paid,0
STA-R15346,STA-O14643,24-04-2024,22.56,Paid,0
STA-R12272,STA-O12101,05-05-2025,18.57,Refunded,0
STA-R12960,STA-O7489,14-12-2024,23.52,Paid,0
STA-R13111,STA-O9615,31-07-2025,21.1,Paid,0
STA-R11119,STA-O7185,11-08-2023,16.32,Paid,0
STA-R18271,STA-O14541,20-07-2025,29.1,Paid,0
STA-R9727,STA-O5675,27-04-2025,9.94,Paid,9.94
STA-R18431,STA-O13955,11-01-2023,3.94,Paid,0
STA-R10875,STA-O12291,05-03-2023,11.12,Pending,0
STA-R10024,STA-O14587,13-02-2025,0,Paid,0
STA-R14495,STA-O14909,22-10-2025,13.42,Paid,0
STA-R17307,STA-O6681,20-12-2025,17.7,Paid,0
STA-R9791,STA-O8847,01-01-2025,9.68,Paid,0
STA-R9071,STA-O7393,10-02-2023,11.88,Paid,0
STA-R14044,STA-O6484,23-05-2025,0,Paid,0
STA-R11220,STA-O12910,14-05-2024,36.6,Paid,0
STA-R10079,STA-O11449,18-08-2023,39.68,Paid,0
STA-R16180,STA-O8346,12-10-2023,114.64,Paid,0
STA-R9832,STA-O12271,04-10-2024,24.96,Paid,0
STA-R14247,STA-O12895,01-07-2023,3.53,Paid,0
STA-R15285,STA-O7924,15-03-2023,8.28,Paid,8.28
STA-R15543,STA-O13052,21-11-2024,16.85,Paid,0
STA-R16476,STA-O13026,13-02-2023,60.9,Paid,60.9
STA-R18188,STA-O12920,21-01-2025,13.88,Paid,0
STA-R17094,STA-O7332,15-11-2025,21.24,Paid,0
STA-R13465,STA-O14114,20-11-2025,11.06,Paid,0
STA-R17032,STA-O11013,13-05-2023,32.68,Paid,0
STA-R15392,STA-O11239,01-01-2024,12.6,Paid,0
STA-R16526,STA-O12461,09-10-2023,114.1,Paid,0
STA-R18455,STA-O10121,25-07-2023,10.9,Refunded,0
STA-R18380,STA-O10512,18-10-2024,53.13,Paid,0
STA-R16798,STA-O7023,27-04-2023,25.92,Paid,0
STA-R11657,STA-O6089,09-06-2023,22.77,Paid,22.77
STA-R10141,STA-O13753,26-10-2024,16,Paid,0
STA-R15705,STA-O9146,03-08-2023,15.2,Paid,0
STA-R9013,STA-O9232,23-02-2023,43.62,Paid,0
STA-R10673,STA-O12322,21-09-2024,38.5,Refunded,0
STA-R18008,STA-O5066,13-04-2025,39.2,Paid,39.2
STA-R14951,STA-O12763,18-11-2024,90.42,Paid,0
STA-R15153,STA-O14162,24-09-2025,23.45,Paid,0
STA-R9812,STA-O6731,12-06-2024,0,Paid,0
STA-R18208,STA-O7022,30-04-2023,34.59,Paid,0
STA-R12425,STA-O9294,03-06-2023,15.75,Paid,0
STA-R15653,STA-O8725,21-10-2024,10.97,Paid,0
STA-R12917,STA-O5454,08-11-2023,0,Pending,0
STA-R16361,STA-O13226,16-03-2023,6.23,Paid,0
STA-R9459,STA-O12729,06-12-2024,15.9,Paid,0
STA-R9711,STA-O12229,29-08-2023,0,Paid,0
STA-R14041,STA-O10794,15-04-2024,19.44,Paid,0
STA-R18247,STA-O7598,23-01-2023,21.76,Paid,21.76
STA-R12621,STA-O7535,29-04-2024,5.71,Paid,0
STA-R11788,STA-O5280,21-01-2023,64.92,Paid,0
STA-R15379,STA-O12206,04-08-2025,50.07,Refunded,0
STA-R18082,STA-O10214,01-04-2023,13.2,Refunded,0
STA-R14570,STA-O8379,02-11-2025,78.2,Paid,78.2
STA-R14167,STA-O8364,12-03-2024,13.52,Pending,0
STA-R16312,STA-O14962,07-04-2024,41.8,Pending,0
STA-R14046,STA-O8300,06-10-2024,9.04,Paid,0
STA-R9029,STA-O11275,06-05-2023,5.39,Paid,5.39
STA-R11469,STA-O12484,24-11-2023,6.1,Paid,1.45
STA-R11631,STA-O6455,08-09-2024,5.43,Refunded,0
STA-R13492,STA-O12893,22-05-2025,99.05,Paid,0
STA-R16159,STA-O7313,07-06-2023,28.66,Paid,0
STA-R17717,STA-O11345,17-12-2024,11.34,Paid,0
STA-R9256,STA-O7876,05-06-2024,13.04,Paid,0
STA-R16345,STA-O11649,15-02-2023,54.56,Paid,54.56
STA-R11450,STA-O11424,18-09-2025,3.36,Paid,0
STA-R9349,STA-O12820,25-06-2023,9.81,Paid,0
STA-R17002,STA-O11479,25-05-2024,49.17,Refunded,0
STA-R16058,STA-O9963,15-01-2025,8.24,Paid,0
STA-R14032,STA-O6312,27-08-2024,25.04,Paid,0
STA-R18603,STA-O8024,01-09-2025,6.15,Paid,0
STA-R14249,STA-O12166,03-07-2023,25.38,Paid,0
STA-R16283,STA-O8390,22-05-2023,11.72,Paid,0
STA-R10571,STA-O13546,27-07-2025,0,Paid,0
STA-R16816,STA-O7560,07-08-2024,40.56,Paid,0
STA-R13589,STA-O12059,21-08-2023,15.3,Refunded,0
STA-R16962,STA-O5404,24-01-2025,22.72,Paid,0
STA-R13626,STA-O6068,11-06-2024,7.81,Paid,0
STA-R17237,STA-O10520,29-12-2025,6,Paid,0
STA-R18555,STA-O7537,20-07-2024,26.13,Refunded,0
STA-R13066,STA-O13253,03-07-2024,3.54,Refunded,0
STA-R15237,STA-O8123,30-11-2023,52.2,Paid,0
STA-R16468,STA-O11989,21-11-2023,3.25,Paid,0
STA-R15083,STA-O10951,08-07-2024,11.58,Refunded,0
STA-R12829,STA-O10878,25-09-2025,17.12,Paid,0
STA-R15336,STA-O14730,05-08-2025,6.08,Paid,0
STA-R14775,STA-O9144,19-10-2024,8.07,Pending,0
STA-R11045,STA-O14359,19-04-2024,15.18,Paid,0
STA-R15369,STA-O11873,23-02-2025,73.38,Paid,0
STA-R12356,STA-O6147,02-03-2024,33.98,Refunded,0
STA-R9164,STA-O5344,04-11-2024,0,Paid,4.98
STA-R14818,STA-O13041,02-07-2023,4.79,Paid,0
STA-R16390,STA-O11576,16-12-2024,35.76,Paid,0
STA-R17785,STA-O5809,10-08-2025,19.83,Paid,0
STA-R18322,STA-O7081,30-05-2024,17.4,Paid,0
STA-R11994,STA-O7507,07-02-2024,43.28,Pending,0
STA-R14559,STA-O14944,10-11-2024,22.08,Paid,0
STA-R12650,STA-O9523,14-11-2025,42,Paid,0
STA-R11430,STA-O12320,05-05-2025,4.51,Paid,0
STA-R12649,STA-O11433,28-12-2024,44.78,Refunded,0
STA-R16706,STA-O6232,12-09-2025,11,Pending,0
STA-R13631,STA-O7246,21-01-2023,62.79,Refunded,0
STA-R13515,STA-O5752,14-04-2025,9.2,Pending,0
STA-R15554,STA-O6458,18-08-2023,9.52,Paid,9.52
STA-R14113,STA-O10265,22-10-2025,89.58,Paid,0
STA-R12131,STA-O8810,26-04-2024,8.85,Refunded,0
STA-R16822,STA-O8864,05-02-2024,24.09,Refunded,0
STA-R9246,STA-O13079,04-02-2023,33.16,Paid,0
STA-R13547,STA-O8419,03-02-2025,21.12,Refunded,0
STA-R11782,STA-O14796,16-03-2025,105.64,Paid,0
STA-R11193,STA-O5192,06-07-2023,22.47,Paid,22.47
STA-R10975,STA-O8783,03-03-2024,83.04,Paid,0
STA-R12661,STA-O10054,24-05-2025,6,Paid,0
STA-R16070,STA-O8077,27-07-2024,8.04,Refunded,0
STA-R17458,STA-O5006,22-07-2023,6.54,Paid,0
STA-R10334,STA-O5074,26-01-2025,23.12,Paid,23.12
STA-R17601,STA-O10924,03-04-2024,13.11,Paid,0
STA-R13355,STA-O9496,11-03-2024,9.81,Paid,0
STA-R14207,STA-O8992,15-01-2024,5.86,Paid,0
STA-R12553,STA-O11130,29-10-2024,42.32,Paid,0
STA-R11413,STA-O5321,06-07-2025,8.16,Paid,0
STA-R18036,STA-O9309,20-08-2025,16.12,Paid,0
STA-R17281,STA-O10305,19-07-2023,33.25,Paid,33.25
STA-R10649,STA-O8258,20-02-2024,24.25,Paid,24.25
STA-R11650,STA-O14777,30-11-2024,21.24,Paid,0
STA-R13553,STA-O13051,25-12-2024,12.86,Paid,12.86
STA-R14649,STA-O10095,25-01-2024,20.84,Refunded,0
STA-R13219,STA-O11868,11-09-2023,28.84,Paid,0
STA-R15715,STA-O12884,17-05-2025,24.45,Paid,0
STA-R12912,STA-O13094,06-01-2024,19.53,Paid,19.53
STA-R11326,STA-O11293,12-08-2025,12.3,Paid,0
STA-R12542,STA-O11659,21-04-2024,15.58,Refunded,0
STA-R11221,STA-O6669,26-07-2023,17.68,Paid,0
STA-R13946,STA-O14105,19-11-2024,38.95,Pending,0
STA-R16164,STA-O6209,16-05-2023,0,Paid,0
STA-R12354,STA-O11885,24-12-2024,7,Paid,0
STA-R18385,STA-O12376,02-01-2023,9.56,Paid,0
STA-R17950,STA-O9795,09-09-2025,42.24,Refunded,0
STA-R11854,STA-O11826,19-04-2025,8.9,Paid,0
STA-R10448,STA-O9793,25-08-2023,14.67,Paid,0
STA-R18642,STA-O13615,29-05-2024,6.44,Paid,0
STA-R16516,STA-O9087,02-06-2025,5.31,Refunded,0
STA-R12624,STA-O14595,24-04-2024,27.68,Paid,0
STA-R14039,STA-O11107,17-03-2023,12.24,Refunded,0
STA-R17578,STA-O12220,29-10-2023,4.47,Paid,0
STA-R17478,STA-O14833,17-06-2025,4.96,Paid,0
STA-R16977,STA-O9461,18-04-2024,52.5,Refunded,0
STA-R17090,STA-O12324,18-07-2025,12.96,Refunded,0
STA-R9616,STA-O8530,05-12-2023,25.05,Paid,0
STA-R10836,STA-O5101,03-06-2024,6.32,Paid,0
STA-R12022,STA-O14656,30-05-2024,8.36,Paid,0
STA-R18288,STA-O7675,20-05-2025,0,Refunded,0
STA-R12456,STA-O7834,15-06-2023,12.06,Paid,0
STA-R16158,STA-O8632,31-10-2025,124.96,Paid,0
STA-R14019,STA-O9785,24-10-2023,124.85,Paid,0
STA-R15697,STA-O10662,04-08-2025,4.77,Paid,0
STA-R12201,STA-O11564,10-01-2024,5.25,Refunded,0
STA-R11040,STA-O9023,28-11-2024,81.68,Paid,0
STA-R13811,STA-O8963,19-05-2023,68.7,Paid,0
STA-R10998,STA-O13857,01-02-2024,38.73,Refunded,0
STA-R13733,STA-O7855,24-09-2025,39.8,Paid,0
STA-R14597,STA-O7182,13-11-2025,4.7,Paid,4.7
STA-R11377,STA-O9708,26-03-2025,10.5,Paid,0
STA-R17680,STA-O10571,13-07-2023,16.68,Pending,0
STA-R13950,STA-O6583,22-05-2025,29.1,Paid,0
STA-R12611,STA-O14192,04-08-2024,30.96,Paid,30.96
STA-R17739,STA-O10490,05-06-2025,28.15,Paid,0
STA-R10953,STA-O12268,30-05-2025,12.36,Paid,0
STA-R15610,STA-O14547,10-04-2023,0,Paid,15.92
STA-R16960,STA-O10945,03-10-2024,21.65,Refunded,0
STA-R10185,STA-O8519,05-07-2024,0,Paid,18.78
STA-R11466,STA-O12129,16-10-2023,24.72,Paid,0
STA-R13937,STA-O6197,10-02-2024,49.16,Paid,0
STA-R10633,STA-O5396,29-07-2024,13.17,Pending,0
STA-R13009,STA-O14038,22-07-2025,27.85,Paid,27.85
STA-R9165,STA-O8374,29-01-2024,6.84,Paid,6.84
STA-R18154,STA-O8719,19-07-2024,15.52,Paid,0
STA-R11099,STA-O12192,13-03-2025,19.11,Paid,19.11
STA-R9187,STA-O14710,31-08-2023,35.1,Refunded,0
STA-R15974,STA-O11332,19-11-2025,31.55,Paid,0
STA-R16985,STA-O11150,28-04-2023,89.2,Refunded,0
STA-R16199,STA-O14726,06-05-2023,9.5,Paid,0
STA-R11405,STA-O11182,01-02-2024,7.83,Paid,0
STA-R12100,STA-O5694,05-10-2024,7.49,Paid,0
STA-R14734,STA-O6982,12-09-2024,0,Paid,0
STA-R14814,STA-O6258,12-03-2024,25.3,Paid,0
STA-R16592,STA-O8242,02-01-2023,2.3,Paid,0
STA-R18067,STA-O13060,08-12-2024,36.6,Paid,0
STA-R12780,STA-O12704,30-03-2023,23.22,Paid,0
STA-R10158,STA-O11166,19-08-2024,0,Paid,0
STA-R10072,STA-O12306,08-06-2025,12.48,Paid,0
STA-R17611,STA-O5430,18-02-2024,17.96,Paid,0
STA-R15432,STA-O13605,20-07-2025,13.92,Paid,0
STA-R17647,STA-O10641,30-04-2025,20.96,Paid,0
STA-R10606,STA-O8093,24-09-2023,46,Paid,0
STA-R13952,STA-O9093,09-04-2024,76.62,Refunded,0
STA-R12507,STA-O11549,28-12-2024,22.51,Paid,0
STA-R15919,STA-O7054,19-12-2023,6.46,Refunded,0
STA-R9867,STA-O13976,27-06-2025,25.47,Paid,0
STA-R10387,STA-O5062,29-07-2023,17.38,Refunded,0
STA-R18561,STA-O13893,29-01-2025,16.36,Paid,16.36
STA-R9195,STA-O10707,05-12-2025,9.66,Pending,0
STA-R16537,STA-O10042,04-06-2023,15.09,Paid,0
STA-R17625,STA-O8437,18-06-2024,18.3,Paid,0
STA-R15925,STA-O11781,23-09-2025,31.15,Paid,31.15
STA-R12706,STA-O6708,26-09-2025,31.5,Paid,0
STA-R12277,STA-O8932,09-04-2025,4.29,Paid,0
STA-R14194,STA-O9771,02-02-2024,23.8,Paid,0
STA-R17542,STA-O7672,22-09-2023,67.82,Paid,0
STA-R17040,STA-O10411,09-12-2023,27.15,Paid,0
STA-R15525,STA-O8736,06-06-2024,0,Paid,0
STA-R15005,STA-O5120,21-07-2025,12.96,Paid,12.96
STA-R18255,STA-O9096,29-03-2024,67.8,Paid,0
STA-R10089,STA-O8010,15-04-2024,63.93,Paid,0
STA-R9707,STA-O7249,14-05-2023,20.35,Paid,0
STA-R12450,STA-O6938,15-01-2023,3.38,Pending,0
STA-R17189,STA-O14464,09-05-2024,43.2,Paid,0
STA-R14527,STA-O13707,13-02-2025,14.31,Paid,4.66
STA-R11719,STA-O6815,04-09-2024,178.1,Refunded,0
STA-R9629,STA-O8214,27-02-2025,0,Paid,0
STA-R17476,STA-O11639,12-05-2025,17.85,Paid,0
STA-R14392,STA-O5826,21-06-2023,12.86,Paid,0
STA-R12748,STA-O10476,04-06-2023,4.18,Paid,0
STA-R15717,STA-O12953,22-11-2025,27.5,Paid,27.5
STA-R11174,STA-O5056,09-11-2025,14.91,Paid,0
STA-R17842,STA-O14230,25-11-2025,8.08,Paid,0
STA-R14911,STA-O9318,21-05-2024,77.04,Paid,0
STA-R16220,STA-O14961,18-11-2024,99.15,Paid,0
STA-R11836,STA-O7369,22-08-2024,24.99,Paid,0
STA-R11541,STA-O12764,04-07-2024,36.42,Paid,0
STA-R10389,STA-O8693,20-07-2025,24.05,Paid,0
STA-R10695,STA-O7663,25-07-2025,60.68,Pending,0
STA-R10749,STA-O9900,08-12-2025,16.7,Paid,16.7
STA-R11780,STA-O7694,15-09-2024,26.8,Paid,0
STA-R11831,STA-O14698,09-01-2023,22.46,Paid,0
STA-R17290,STA-O8066,25-02-2025,22.4,Pending,0
STA-R13298,STA-O13625,06-11-2024,40.11,Refunded,0
STA-R13854,STA-O12374,21-04-2025,13.1,Paid,0
STA-R15996,STA-O12338,08-10-2024,69.51,Paid,0
STA-R10379,STA-O10902,13-03-2024,15.57,Paid,0
STA-R14489,STA-O6530,04-01-2023,23.05,Paid,0
STA-R11488,STA-O11977,12-04-2025,18.05,Refunded,0
STA-R17043,STA-O9505,08-09-2024,10.88,Paid,0
STA-R18270,STA-O10302,02-08-2023,27.88,Refunded,0
STA-R13609,STA-O14031,09-01-2025,10.42,Paid,0
STA-R11154,STA-O11156,29-09-2025,8.18,Paid,0
STA-R9274,STA-O11956,05-04-2025,15.88,Paid,0
STA-R10501,STA-O14292,09-09-2023,142.2,Paid,0
STA-R11709,STA-O11844,12-11-2023,7.06,Paid,0
STA-R12371,STA-O13520,06-05-2025,6.81,Paid,0
STA-R17676,STA-O12756,25-09-2024,18.45,Paid,18.45
STA-R17531,STA-O9807,22-10-2023,0,Pending,0
STA-R16419,STA-O8480,07-07-2024,0,Paid,0
STA-R15625,STA-O8015,09-10-2024,15.93,Paid,0
STA-R13270,STA-O12743,02-12-2024,4.3,Refunded,0
STA-R16802,STA-O14614,30-10-2024,40.05,Paid,0
STA-R10625,STA-O8046,28-11-2025,13.22,Paid,0
STA-R10405,STA-O10227,11-09-2024,25.14,Refunded,0
STA-R16039,STA-O6783,19-05-2024,12.76,Paid,0
STA-R10751,STA-O8198,03-02-2023,4.33,Paid,0
STA-R16089,STA-O11740,09-02-2024,8.94,Paid,0
STA-R14132,STA-O13294,20-12-2024,3.19,Paid,0
STA-R15931,STA-O11608,29-11-2025,15.57,Paid,15.57
STA-R17636,STA-O9272,14-06-2023,12.1,Paid,0
STA-R9894,STA-O5118,05-06-2025,15.64,Pending,0
STA-R14193,STA-O10022,28-04-2025,11.9,Paid,0
STA-R17471,STA-O8148,10-01-2024,22.92,Paid,0
STA-R10148,STA-O5431,24-12-2025,88.86,Paid,0
STA-R16296,STA-O13168,30-06-2025,6.3,Paid,0
STA-R12986,STA-O7539,08-10-2023,28.85,Paid,28.85
STA-R9990,STA-O8726,14-05-2025,26.68,Refunded,0
STA-R10825,STA-O6226,27-02-2023,11.72,Paid,11.72
STA-R17819,STA-O9964,22-03-2023,20.88,Paid,0
STA-R12689,STA-O7421,03-11-2024,6.92,Refunded,0
STA-R9809,STA-O10698,15-10-2025,64.29,Paid,0
STA-R13901,STA-O12550,26-09-2024,17.22,Paid,0
STA-R10511,STA-O10808,18-12-2024,22.96,Paid,0
STA-R16664,STA-O9001,19-03-2024,10.76,Paid,0
STA-R17727,STA-O5213,02-01-2023,10.2,Paid,0
STA-R11095,STA-O14268,31-03-2024,24.05,Paid,24.05
STA-R9551,STA-O6085,30-11-2024,30.4,Paid,0
STA-R10775,STA-O13134,13-02-2023,7.14,Paid,0
STA-R13743,STA-O10217,29-04-2023,0,Paid,0
STA-R17347,STA-O8980,05-03-2024,8.86,Paid,0
STA-R9591,STA-O9736,19-03-2024,14.56,Paid,0
STA-R16265,STA-O9250,29-07-2025,31.18,Paid,31.18
STA-R12107,STA-O8445,13-01-2025,15.93,Paid,5.53
STA-R10076,STA-O8037,21-03-2025,4.71,Paid,0
STA-R13727,STA-O8944,26-10-2025,10.32,Paid,0
STA-R15901,STA-O5771,10-06-2025,98.48,Paid,0
STA-R13583,STA-O12028,30-07-2025,13.16,Paid,0
STA-R9247,STA-O14442,13-11-2023,0,Paid,0
STA-R15436,STA-O12716,28-08-2023,3.41,Paid,0
STA-R16814,STA-O14371,12-12-2023,110.25,Paid,0
STA-R16726,STA-O14931,15-10-2025,71.7,Refunded,0
STA-R17607,STA-O13724,14-07-2024,7.5,Refunded,0
STA-R15320,STA-O10155,11-10-2025,16.12,Paid,0
STA-R14370,STA-O8596,13-06-2024,4.13,Paid,0
STA-R17028,STA-O8160,16-05-2024,64.46,Paid,0
STA-R16996,STA-O5262,01-06-2023,0,Paid,0
STA-R14290,STA-O6863,05-11-2025,5.55,Paid,0
STA-R14831,STA-O5435,30-10-2023,5.41,Paid,0
STA-R9643,STA-O14517,18-07-2025,10.44,Paid,10.44
STA-R11791,STA-O12807,31-12-2025,20.37,Paid,0
STA-R17026,STA-O14509,20-03-2023,6.67,Paid,0
STA-R9404,STA-O13030,18-03-2024,0,Paid,0
STA-R14314,STA-O7587,04-02-2023,61.6,Paid,0
STA-R14466,STA-O5652,12-02-2023,0,Paid,17.46
STA-R11013,STA-O8940,01-10-2023,6.14,Refunded,0
STA-R15036,STA-O13447,23-08-2025,28.24,Paid,28.24
STA-R10285,STA-O5613,26-08-2025,5.71,Paid,5.71
STA-R9085,STA-O13049,17-06-2024,12.42,Paid,0
STA-R16771,STA-O8730,17-07-2023,15.18,Paid,0
STA-R9729,STA-O9732,02-04-2024,21.38,Paid,21.38
STA-R14158,STA-O13562,09-05-2024,9.02,Paid,0
STA-R14248,STA-O14339,16-12-2023,11.49,Paid,0
STA-R11725,STA-O7225,15-03-2023,17.67,Paid,0
STA-R13924,STA-O10403,13-07-2025,4.32,Paid,0
STA-R12561,STA-O5410,06-07-2024,21.94,Paid,0
STA-R17449,STA-O11575,26-09-2023,15.15,Refunded,0
STA-R14636,STA-O5906,08-12-2025,2.26,Paid,2.26
STA-R13770,STA-O6878,06-11-2023,6.32,Paid,6.32
STA-R13516,STA-O9227,03-06-2024,4.07,Paid,4.07
STA-R18529,STA-O13014,02-12-2024,26.73,Paid,0
STA-R18359,STA-O14871,21-11-2023,11.36,Paid,0
STA-R18629,STA-O12455,10-03-2025,21.12,Paid,0
STA-R15098,STA-O12485,26-06-2024,19.95,Pending,0
STA-R9427,STA-O5303,13-04-2023,8.99,Paid,8.99
STA-R14612,STA-O8692,22-02-2023,30,Paid,30
STA-R9066,STA-O14415,26-06-2023,12.56,Paid,12.56
STA-R17692,STA-O6145,05-04-2025,5.54,Paid,0
STA-R16523,STA-O13000,23-08-2025,96.92,Pending,0
STA-R12355,STA-O12082,11-09-2023,26.88,Paid,0
STA-R17280,STA-O7117,07-09-2025,11.78,Paid,0
STA-R11685,STA-O6707,23-04-2024,53.2,Paid,0
STA-R13131,STA-O14869,20-05-2023,31.65,Paid,0
STA-R18025,STA-O8821,17-06-2025,18.63,Paid,0
STA-R15870,STA-O6278,24-07-2023,17.13,Pending,0
STA-R16541,STA-O8747,02-12-2023,6.62,Paid,6.62
STA-R9188,STA-O12425,12-04-2025,5.1,Paid,0
STA-R15735,STA-O12889,08-07-2023,33,Paid,0
STA-R12482,STA-O13359,03-07-2024,33.72,Paid,0
STA-R10121,STA-O5892,18-04-2025,19.83,Paid,19.83
STA-R18075,STA-O14087,25-10-2025,45.22,Paid,45.22
STA-R11124,STA-O11696,14-12-2025,6.38,Pending,0
STA-R17884,STA-O7360,21-11-2024,16.65,Paid,0
STA-R14257,STA-O9543,28-05-2025,8.51,Paid,8.51
STA-R17688,STA-O5511,28-09-2024,4.19,Paid,0
STA-R15377,STA-O11291,13-02-2025,14.6,Paid,14.6
STA-R10266,STA-O9960,26-08-2023,7.7,Paid,7.7
STA-R11609,STA-O7657,25-05-2023,10.4,Refunded,0
STA-R9583,STA-O11305,11-07-2025,47.28,Refunded,0
STA-R11832,STA-O9863,01-05-2024,12.93,Paid,0
STA-R13209,STA-O9581,19-07-2024,16.56,Paid,0
STA-R14644,STA-O9296,04-06-2023,14.8,Paid,0
STA-R18198,STA-O8913,18-02-2023,9.48,Paid,0
STA-R12770,STA-O8302,08-11-2024,8.18,Paid,0
STA-R17602,STA-O10497,28-10-2023,59.96,Paid,0
STA-R9594,STA-O12201,11-09-2024,17.22,Paid,0
STA-R15802,STA-O6774,06-10-2024,6.84,Paid,0
STA-R12349,STA-O7915,15-08-2024,5.14,Refunded,0
STA-R16909,STA-O14068,27-01-2024,5.02,Paid,0
STA-R15424,STA-O9151,11-10-2023,19.71,Paid,0
STA-R15659,STA-O8412,08-09-2024,38.7,Refunded,0
STA-R18386,STA-O14094,02-08-2025,0,Paid,0
STA-R16464,STA-O14749,30-07-2025,36.54,Paid,0
STA-R18433,STA-O7193,20-04-2023,114.87,Paid,0
STA-R9607,STA-O8078,01-01-2023,31.88,Paid,0
STA-R10884,STA-O11934,15-02-2023,12.54,Paid,12.54
STA-R17684,STA-O9218,11-03-2025,9,Paid,0
STA-R18275,STA-O9956,14-03-2024,22.08,Paid,0
STA-R11536,STA-O7289,20-06-2024,29.21,Paid,0
STA-R13530,STA-O6858,19-04-2024,3.4,Paid,0
STA-R13296,STA-O7209,29-01-2023,6.9,Paid,0
STA-R12876,STA-O5549,27-03-2025,60.88,Paid,0
STA-R9254,STA-O10860,11-12-2025,35.96,Paid,0
STA-R12146,STA-O5746,26-02-2024,24.75,Paid,0
STA-R10468,STA-O9453,01-11-2023,14.8,Paid,0
STA-R13250,STA-O5577,25-04-2025,36.05,Paid,0
STA-R12735,STA-O6192,15-05-2024,44.3,Paid,0
STA-R12111,STA-O8518,28-05-2025,191.5,Pending,0
STA-R12789,STA-O5720,19-06-2025,11.98,Paid,0
STA-R12865,STA-O7673,07-06-2024,19.92,Paid,19.92
STA-R10426,STA-O10150,05-07-2025,29.65,Paid,0
STA-R17312,STA-O5008,26-02-2023,85.2,Paid,85.2
STA-R11110,STA-O7758,15-06-2023,6.44,Paid,0
STA-R16510,STA-O9366,19-07-2025,13.26,Paid,0
STA-R9513,STA-O13742,04-07-2024,48.4,Paid,0
STA-R9204,STA-O7719,01-07-2025,10.22,Paid,10.22
STA-R10188,STA-O9237,19-09-2025,25.79,Paid,0
STA-R17212,STA-O10586,31-07-2025,33.12,Paid,0
STA-R15244,STA-O5687,13-06-2025,73.02,Refunded,0
STA-R9221,STA-O8728,23-09-2024,0,Refunded,0
STA-R12340,STA-O8938,30-06-2025,11.22,Paid,11.22
STA-R12135,STA-O12061,30-07-2024,14.73,Paid,0
STA-R15538,STA-O11082,09-11-2025,58.65,Paid,0
STA-R15007,STA-O7731,03-10-2025,26.4,Paid,0
STA-R15898,STA-O9224,02-06-2025,6.04,Paid,0
STA-R14995,STA-O5954,28-04-2023,38.8,Paid,0
STA-R17050,STA-O7133,06-08-2024,15.54,Paid,0
STA-R14108,STA-O8126,21-11-2025,16.32,Paid,0
STA-R10353,STA-O5673,03-03-2025,5.47,Paid,0
STA-R15438,STA-O10020,14-07-2025,35.95,Paid,0
STA-R14355,STA-O9776,31-08-2024,36.25,Paid,0
STA-R14028,STA-O6529,02-09-2025,78.6,Paid,0
STA-R10725,STA-O11112,19-05-2025,9.69,Paid,0
STA-R9132,STA-O5975,09-11-2023,14.24,Paid,0
STA-R18256,STA-O11253,22-07-2024,20.13,Paid,0
STA-R16201,STA-O14005,12-09-2025,12.84,Paid,0
STA-R13028,STA-O10108,31-01-2024,6.3,Paid,0
STA-R15143,STA-O8950,26-10-2023,7.11,Paid,0
STA-R15188,STA-O11566,19-10-2023,24.42,Pending,0
STA-R15433,STA-O12774,04-07-2025,12.8,Paid,0
STA-R11132,STA-O6555,08-07-2025,34.8,Paid,0
STA-R17164,STA-O6931,20-05-2024,15.88,Paid,0
STA-R17974,STA-O7038,09-01-2024,4.09,Pending,0
STA-R14799,STA-O14310,06-07-2024,9.64,Refunded,0
STA-R12433,STA-O14032,07-12-2024,74.2,Paid,0
STA-R14374,STA-O12618,21-02-2025,46.76,Paid,0
STA-R13379,STA-O11574,19-02-2024,15.3,Paid,0
STA-R17279,STA-O10292,13-08-2024,22.4,Paid,0
STA-R16257,STA-O8179,02-01-2024,18.04,Paid,0
STA-R13944,STA-O6328,04-05-2024,20.52,Paid,0
STA-R9143,STA-O6467,05-04-2024,6.23,Paid,6.23
STA-R17442,STA-O11895,13-04-2023,24,Paid,24
STA-R16005,STA-O7870,10-11-2023,60.51,Refunded,0
STA-R16670,STA-O5193,27-10-2025,60.08,Paid,60.08
STA-R14357,STA-O8074,11-10-2023,96.56,Paid,0
STA-R15058,STA-O6428,06-04-2025,53.31,Refunded,0
STA-R10965,STA-O6785,20-06-2023,24,Refunded,0
STA-R14339,STA-O9321,12-08-2023,44.45,Paid,0
STA-R9248,STA-O5048,17-02-2025,19.45,Paid,0
STA-R18403,STA-O12614,01-08-2023,7.54,Refunded,0
STA-R14982,STA-O8603,07-11-2023,39.54,Paid,39.54
STA-R14684,STA-O7388,23-04-2025,73.53,Paid,0
STA-R12228,STA-O8671,11-11-2025,26.8,Paid,26.8
STA-R9412,STA-O9621,03-10-2023,56.88,Paid,0
STA-R16023,STA-O8839,20-03-2024,25.76,Paid,0
STA-R14464,STA-O14364,03-10-2024,23.96,Paid,0
STA-R12871,STA-O14839,04-04-2024,155.7,Paid,0
STA-R9971,STA-O10892,27-04-2023,61.58,Paid,0
STA-R14304,STA-O11785,09-01-2025,19.23,Refunded,0
STA-R16753,STA-O8136,06-12-2025,7.98,Paid,0
STA-R16935,STA-O11381,06-03-2024,39.56,Paid,0
STA-R15128,STA-O11804,02-02-2025,12.32,Paid,12.32
STA-R15074,STA-O6730,15-08-2025,17.16,Paid,0
STA-R11775,STA-O6722,01-10-2024,10.76,Paid,0
STA-R14048,STA-O14047,09-08-2024,5.66,Paid,0
STA-R18531,STA-O9876,21-12-2025,31.24,Paid,0
STA-R11883,STA-O6151,13-01-2024,81.32,Paid,0
STA-R9103,STA-O13354,20-05-2023,21.34,Paid,0
STA-R10728,STA-O5379,07-08-2023,11.85,Paid,0
STA-R12648,STA-O12463,17-11-2024,10.98,Paid,0
STA-R11954,STA-O8738,17-12-2025,14.06,Paid,14.06
STA-R12659,STA-O13745,09-04-2023,15.98,Paid,15.98
STA-R14462,STA-O10363,09-07-2025,117.45,Paid,117.45
STA-R13604,STA-O11155,02-06-2024,16.4,Refunded,0
STA-R13253,STA-O6503,30-10-2024,36.36,Paid,0
STA-R14703,STA-O7520,19-01-2025,191.45,Refunded,89.17
STA-R15993,STA-O7645,05-09-2024,16.3,Paid,0
STA-R17024,STA-O12516,30-09-2023,6.97,Pending,0
STA-R9821,STA-O7554,21-03-2023,12.29,Pending,0
STA-R9562,STA-O14137,22-05-2024,46.42,Paid,0
STA-R17643,STA-O13837,07-12-2024,32.96,Paid,10.08
STA-R13265,STA-O6070,25-09-2024,14,Refunded,0
STA-R13543,STA-O6677,29-12-2023,29.7,Paid,0
STA-R18282,STA-O5835,25-12-2024,34.7,Pending,0
STA-R14792,STA-O10126,01-01-2025,11.52,Paid,11.52
STA-R13245,STA-O12355,17-08-2024,0,Pending,0
STA-R9233,STA-O8025,04-09-2024,61.02,Paid,0
STA-R18173,STA-O13888,05-05-2024,7.93,Paid,2.38
STA-R14205,STA-O10164,30-11-2023,35.4,Pending,0
STA-R14233,STA-O14237,26-01-2024,36.55,Paid,0
STA-R13113,STA-O10744,24-07-2025,23.72,Paid,0
STA-R9895,STA-O14213,13-12-2024,10.04,Paid,10.04
STA-R14469,STA-O13265,20-05-2023,0,Refunded,0
STA-R15533,STA-O6188,17-08-2025,45.96,Paid,0
STA-R18294,STA-O9379,19-12-2024,7.48,Paid,0
STA-R16668,STA-O10433,14-09-2023,15.27,Paid,0
STA-R17935,STA-O13164,17-03-2023,5.84,Paid,0
STA-R9327,STA-O7760,14-06-2024,12.42,Paid,0
STA-R18039,STA-O8039,24-07-2023,10.65,Paid,0
STA-R17892,STA-O11089,07-06-2025,10.22,Paid,0
STA-R10762,STA-O10673,28-05-2024,22.62,Paid,0
STA-R18620,STA-O6797,06-07-2024,20.95,Paid,20.95
STA-R11845,STA-O13822,27-02-2025,40.55,Paid,40.55
STA-R11140,STA-O12955,05-11-2025,89.43,Paid,0
STA-R13970,STA-O11080,15-04-2023,17.14,Paid,0
STA-R13254,STA-O14764,12-01-2025,12.72,Refunded,0
STA-R10643,STA-O11669,16-05-2024,0,Paid,0
STA-R15605,STA-O11966,20-04-2023,78.28,Paid,0
STA-R15590,STA-O12200,20-09-2023,35.22,Paid,0
STA-R15812,STA-O11973,20-12-2025,93.04,Refunded,0
STA-R16067,STA-O13487,22-06-2024,110.55,Paid,0
STA-R13335,STA-O14684,16-02-2023,16.02,Paid,0
STA-R18120,STA-O7744,13-08-2023,17.94,Paid,0
STA-R12469,STA-O5243,21-02-2025,12.34,Paid,12.34
STA-R16461,STA-O8117,04-02-2024,17.49,Refunded,0
STA-R10681,STA-O14987,08-10-2024,86.48,Refunded,0
STA-R15840,STA-O5685,11-02-2023,15.81,Refunded,0
STA-R11563,STA-O14413,13-06-2024,46.68,Paid,0
STA-R18465,STA-O9068,29-06-2024,6.22,Pending,0
STA-R15274,STA-O14431,17-04-2024,103.44,Paid,0
STA-R17637,STA-O11071,26-04-2023,52.55,Paid,52.55
STA-R12134,STA-O8800,10-04-2025,64.26,Refunded,0
STA-R18453,STA-O14219,27-03-2023,16.99,Paid,0
STA-R16904,STA-O12331,08-09-2025,87.1,Paid,0
STA-R15831,STA-O7449,20-01-2024,11.8,Refunded,0
STA-R15373,STA-O13442,12-02-2025,23.76,Paid,0
STA-R11106,STA-O7542,13-10-2023,16.77,Paid,0
STA-R11061,STA-O13016,17-10-2023,31.24,Paid,31.24
STA-R9203,STA-O10772,23-11-2023,5.08,Paid,5.08
STA-R17039,STA-O11454,15-01-2024,12.93,Paid,0
STA-R9150,STA-O14395,30-03-2023,3.07,Paid,0
STA-R9514,STA-O8970,24-03-2023,0,Paid,0
STA-R9622,STA-O5933,05-05-2025,22.44,Paid,0
STA-R14486,STA-O6299,11-08-2025,92.35,Paid,0
STA-R17725,STA-O8905,02-10-2023,72.21,Refunded,0
STA-R17457,STA-O10834,19-01-2025,60.81,Paid,60.81
STA-R11539,STA-O14708,24-09-2025,59.76,Paid,59.76
STA-R14078,STA-O8004,28-06-2023,34.08,Refunded,0
STA-R10680,STA-O6382,11-04-2025,4.15,Refunded,0
STA-R13579,STA-O6862,30-05-2024,17.3,Paid,17.3
STA-R13138,STA-O14227,14-03-2023,10.88,Paid,0
STA-R13699,STA-O10011,22-06-2025,10.62,Paid,10.62
STA-R9796,STA-O7106,17-09-2025,129.25,Paid,129.25
STA-R14385,STA-O8608,24-06-2025,10.26,Paid,0
STA-R10530,STA-O12464,26-03-2025,20.13,Paid,0
STA-R14329,STA-O5779,24-08-2023,12.68,Paid,12.68
STA-R12671,STA-O7201,22-10-2023,7.14,Refunded,1.36
STA-R16910,STA-O9419,24-05-2023,12.24,Paid,0
STA-R14057,STA-O7361,27-12-2023,24.66,Paid,0
STA-R15864,STA-O12868,15-08-2023,10.5,Paid,0
STA-R17127,STA-O12711,09-02-2025,0,Refunded,0
STA-R11828,STA-O10185,08-08-2025,0,Refunded,0
STA-R13344,STA-O10346,08-12-2024,0,Paid,0
STA-R14980,STA-O8672,14-07-2023,34.75,Paid,0
STA-R15750,STA-O6650,09-01-2023,102.08,Paid,102.08
STA-R16704,STA-O13821,25-09-2024,53.44,Paid,0
STA-R9777,STA-O5195,19-06-2024,36.65,Paid,0
STA-R17826,STA-O9717,23-03-2024,46,Refunded,0
STA-R18143,STA-O12202,12-08-2025,100.5,Paid,0
STA-R15178,STA-O11366,06-01-2023,56.36,Paid,56.36
STA-R17155,STA-O9069,04-08-2023,113.95,Refunded,0
STA-R15125,STA-O5872,19-04-2025,41.35,Paid,0
STA-R14351,STA-O7076,28-09-2024,5.08,Paid,0
STA-R15145,STA-O12293,29-05-2024,19.77,Paid,0
STA-R16842,STA-O13686,02-12-2023,35.36,Paid,0
STA-R14589,STA-O5412,28-07-2024,14.64,Paid,0
STA-R13388,STA-O7910,25-04-2025,37.66,Paid,0
STA-R15304,STA-O10243,28-05-2024,0,Paid,15.2
STA-R14453,STA-O11617,28-01-2024,18.24,Paid,2.65
STA-R15293,STA-O11417,10-04-2024,27.2,Paid,27.2
STA-R17387,STA-O8067,03-01-2024,26.6,Paid,0
STA-R9430,STA-O14910,29-03-2024,25.95,Refunded,0
STA-R9734,STA-O12481,27-08-2025,140.95,Paid,140.95
STA-R16662,STA-O14400,05-01-2023,24,Refunded,0
STA-R17742,STA-O13501,18-04-2023,2.14,Paid,0
STA-R16372,STA-O6174,04-07-2024,20.01,Paid,20.01
STA-R16294,STA-O7285,12-02-2024,4.62,Paid,0
STA-R12769,STA-O11445,30-10-2024,35.28,Paid,0
STA-R12311,STA-O6813,05-12-2025,18.05,Paid,0
STA-R17944,STA-O5581,20-07-2023,24.15,Paid,0
STA-R13459,STA-O14062,25-09-2024,17.37,Paid,0
STA-R13498,STA-O7436,26-04-2024,9.36,Refunded,0
STA-R12869,STA-O8598,21-09-2024,12.15,Paid,0
STA-R9190,STA-O9494,12-04-2023,10.06,Pending,0
STA-R14379,STA-O7584,25-09-2025,61.8,Paid,61.8
STA-R11911,STA-O6270,04-01-2025,85.35,Paid,0
STA-R10861,STA-O12413,16-07-2025,9.62,Paid,0
STA-R12149,STA-O9368,13-12-2025,7.26,Paid,0
STA-R11461,STA-O5671,31-08-2023,4.41,Paid,4.41
STA-R12903,STA-O13349,30-11-2024,3.35,Paid,3.35
STA-R10260,STA-O13894,18-07-2023,34.85,Paid,0
STA-R11076,STA-O9712,10-02-2025,7.04,Paid,0
STA-R13677,STA-O6190,25-06-2023,91.96,Paid,0
STA-R17557,STA-O8969,15-05-2024,12.7,Paid,0
STA-R11312,STA-O9206,30-12-2024,23.28,Paid,0
STA-R13256,STA-O10078,29-08-2023,25.45,Refunded,0
STA-R15268,STA-O7621,08-07-2025,27.68,Paid,0
STA-R14030,STA-O7120,30-08-2024,74.56,Paid,0
STA-R9441,STA-O12208,28-06-2025,20.5,Paid,20.5
STA-R16073,STA-O12171,22-03-2024,116.25,Paid,0
STA-R16558,STA-O6845,16-07-2023,19.1,Paid,0
STA-R13499,STA-O12153,14-12-2023,11.46,Refunded,0
STA-R15908,STA-O5560,20-06-2025,0,Pending,0
STA-R9260,STA-O8496,13-12-2023,45.78,Paid,0
STA-R15884,STA-O6557,07-07-2025,4.51,Paid,0
STA-R13562,STA-O9998,19-02-2024,38.77,Refunded,0
STA-R13083,STA-O13740,06-03-2025,7.48,Pending,0
STA-R11851,STA-O8213,01-08-2025,35.9,Paid,0
STA-R11231,STA-O10666,05-10-2025,10.46,Pending,0
STA-R10139,STA-O13810,06-03-2023,35.8,Paid,0
STA-R12350,STA-O13017,23-08-2025,60.36,Paid,60.36
STA-R13505,STA-O10419,25-11-2024,0,Paid,0
STA-R13681,STA-O11447,08-06-2025,38.15,Refunded,0
STA-R9685,STA-O8841,29-10-2025,9.56,Paid,0
STA-R13325,STA-O8531,08-04-2024,9.16,Paid,0
STA-R12209,STA-O14472,07-06-2024,16.86,Paid,0
STA-R16238,STA-O7837,03-12-2024,16.05,Paid,0
STA-R12179,STA-O14823,29-09-2025,8.17,Paid,0
STA-R12071,STA-O14851,07-05-2023,8.78,Paid,0
STA-R12104,STA-O12482,21-03-2024,119.8,Paid,0
STA-R10431,STA-O9578,13-05-2024,7.3,Paid,0
STA-R13152,STA-O6829,22-03-2025,23.25,Pending,0
STA-R10312,STA-O10129,04-02-2023,0,Refunded,0
STA-R16250,STA-O5222,14-10-2025,9.78,Paid,0
STA-R15061,STA-O7960,13-04-2025,26.65,Paid,26.65
STA-R11937,STA-O14546,13-03-2024,22.8,Paid,0
STA-R12144,STA-O10471,25-06-2025,12.6,Refunded,0
STA-R11500,STA-O14394,22-09-2025,0,Pending,0
STA-R17407,STA-O13862,23-05-2025,21.15,Refunded,0
STA-R12000,STA-O7697,13-12-2023,6.43,Paid,0
STA-R12040,STA-O9195,12-11-2023,23.16,Pending,0
STA-R9455,STA-O6387,12-05-2023,5.44,Paid,5.44
STA-R17052,STA-O13772,04-06-2025,97.1,Paid,0
STA-R9218,STA-O7737,23-04-2023,8.48,Paid,8.48
STA-R12745,STA-O7755,08-05-2025,21.75,Paid,0
STA-R10831,STA-O10317,18-07-2025,59.07,Refunded,0
STA-R18382,STA-O7398,07-06-2025,120.45,Pending,0
STA-R11977,STA-O11606,25-09-2024,47.44,Refunded,0
STA-R17828,STA-O14622,31-07-2024,9.16,Paid,0
STA-R13241,STA-O8054,25-01-2025,11.5,Paid,0
STA-R14863,STA-O13522,14-04-2023,5,Paid,0
STA-R10385,STA-O6700,29-03-2023,14.97,Paid,2.66
STA-R10732,STA-O13639,13-05-2023,5.03,Paid,0
STA-R14266,STA-O8866,05-05-2023,7.84,Paid,0
STA-R17171,STA-O5733,22-07-2024,25.35,Refunded,0
STA-R15679,STA-O6754,12-01-2023,6.94,Paid,0
STA-R17009,STA-O6027,03-05-2025,35.32,Paid,0
STA-R15314,STA-O6292,13-03-2025,24.05,Pending,0
STA-R9839,STA-O6806,27-02-2024,16.9,Paid,0
STA-R12687,STA-O7604,02-07-2023,35.04,Paid,35.04
STA-R11833,STA-O8857,13-01-2023,4.42,Paid,0
STA-R17863,STA-O8545,23-08-2023,9.78,Paid,9.78
STA-R18565,STA-O11170,06-02-2024,20.86,Paid,0
STA-R12774,STA-O11728,18-06-2023,14.2,Paid,0
STA-R12182,STA-O13823,01-02-2025,20.76,Paid,20.76
STA-R14121,STA-O12282,21-02-2023,17.86,Paid,0
STA-R18151,STA-O6408,04-10-2025,43.24,Paid,0
STA-R12241,STA-O6505,24-03-2024,11,Paid,0
STA-R12607,STA-O13973,06-05-2023,7.43,Paid,0
STA-R11734,STA-O6272,27-01-2023,24.72,Paid,0
STA-R12886,STA-O7852,20-03-2025,46.72,Refunded,0
STA-R13621,STA-O10832,19-02-2023,32.55,Refunded,0
STA-R11310,STA-O9789,01-08-2024,17.6,Refunded,0
STA-R10286,STA-O9304,22-10-2024,15.77,Paid,0
STA-R12465,STA-O14709,22-11-2024,10.26,Paid,0
STA-R18427,STA-O11777,07-03-2024,22.2,Refunded,0
STA-R18286,STA-O11599,28-06-2023,8.77,Paid,0
STA-R12515,STA-O8327,14-01-2025,39.4,Paid,0
STA-R10976,STA-O12901,18-06-2024,10.49,Paid,0
STA-R10475,STA-O13138,05-09-2025,23.91,Pending,0
STA-R12838,STA-O14194,15-11-2025,14.88,Paid,14.88
STA-R16484,STA-O10786,06-08-2025,5.53,Paid,0
STA-R16721,STA-O6039,30-04-2024,19.32,Paid,0
STA-R15895,STA-O12870,07-05-2023,52.56,Paid,0
STA-R17133,STA-O10613,21-05-2025,16.28,Paid,0
STA-R13520,STA-O10479,12-08-2025,135.28,Paid,135.28
STA-R17100,STA-O8554,09-12-2025,98.65,Pending,0
STA-R14348,STA-O9448,24-09-2023,51.28,Pending,0
STA-R15448,STA-O5057,30-10-2025,6.36,Paid,6.36
STA-R16112,STA-O11421,10-12-2023,57.64,Refunded,0
STA-R11142,STA-O6660,08-02-2024,30.68,Refunded,0
STA-R17893,STA-O14842,21-08-2023,108.8,Paid,0
STA-R12286,STA-O12232,17-09-2023,0,Paid,0
STA-R15774,STA-O13774,11-11-2025,3.43,Paid,0
STA-R14065,STA-O7807,21-10-2024,10.58,Pending,0
STA-R9122,STA-O13670,18-07-2025,17.8,Paid,0
STA-R17621,STA-O9773,07-01-2023,8.04,Paid,0
STA-R10451,STA-O5619,19-02-2023,21.08,Paid,0
STA-R17899,STA-O5099,11-10-2025,15.9,Paid,0
STA-R17392,STA-O5071,05-12-2025,20.13,Refunded,0
STA-R18409,STA-O7812,13-11-2024,15.88,Paid,0
STA-R14161,STA-O14902,07-05-2023,135.8,Paid,0
STA-R11691,STA-O13938,13-03-2023,15.85,Paid,0
STA-R16466,STA-O6341,10-11-2023,23.6,Paid,7.72
STA-R14726,STA-O13712,18-04-2024,19.77,Paid,0
STA-R13640,STA-O11379,07-11-2023,0,Paid,4.66
STA-R15501,STA-O5478,21-03-2025,57.05,Paid,0
STA-R13428,STA-O7208,17-01-2023,15.9,Pending,0
STA-R14993,STA-O12380,21-05-2024,59.6,Paid,0
STA-R15466,STA-O7162,31-03-2024,31.05,Paid,0
STA-R17973,STA-O13113,07-05-2024,14.07,Paid,14.07
STA-R12130,STA-O6389,22-10-2023,19.36,Paid,0
STA-R13247,STA-O14800,06-02-2025,24.6,Paid,0
STA-R10738,STA-O14374,24-07-2024,2.62,Paid,0
STA-R14564,STA-O7750,21-03-2024,4.26,Paid,0
STA-R14181,STA-O7626,25-11-2024,10.96,Refunded,0
STA-R18469,STA-O12114,22-12-2024,23.16,Paid,0
STA-R12124,STA-O10870,26-06-2025,5.76,Paid,0
STA-R9999,STA-O7443,15-01-2024,17.34,Paid,17.34
STA-R12255,STA-O12566,05-01-2023,0,Paid,0
STA-R16027,STA-O10298,19-09-2025,13.35,Paid,0
STA-R13374,STA-O8683,07-02-2025,9.87,Paid,1.8
STA-R17722,STA-O12470,19-03-2025,8.42,Paid,8.42
STA-R16161,STA-O8832,22-08-2025,23.1,Paid,0
STA-R12547,STA-O5463,06-11-2025,18.03,Paid,18.03
STA-R12523,STA-O11952,07-02-2024,3.98,Paid,0
STA-R17178,STA-O13545,17-05-2025,8.4,Refunded,0
STA-R16544,STA-O14852,04-04-2023,41.3,Paid,16.98
STA-R13740,STA-O7918,21-05-2024,57.9,Paid,0
STA-R17085,STA-O5654,21-01-2025,7.65,Paid,0
STA-R12985,STA-O11782,29-11-2025,4.28,Pending,0
STA-R16011,STA-O6115,03-01-2025,0,Paid,11.58
STA-R17553,STA-O6811,06-01-2023,6.83,Paid,0
STA-R9159,STA-O10801,30-01-2024,7.42,Paid,0
STA-R11228,STA-O14103,06-01-2023,2.57,Pending,0
STA-R17824,STA-O8265,18-04-2025,47.94,Paid,0
STA-R17328,STA-O14958,13-09-2024,27.6,Paid,0
STA-R17044,STA-O11228,31-12-2025,6.4,Paid,6.4
STA-R16263,STA-O11310,17-06-2023,28.96,Paid,0
STA-R16428,STA-O12779,02-06-2025,30.2,Paid,0
STA-R13180,STA-O5900,21-07-2025,49.94,Paid,0
STA-R15596,STA-O13084,30-07-2025,13.64,Paid,0
STA-R12915,STA-O13495,14-01-2023,17.49,Refunded,0
STA-R17873,STA-O7355,04-01-2023,11.31,Paid,0
STA-R13167,STA-O11139,07-10-2024,125.88,Refunded,0
STA-R14661,STA-O5934,05-11-2024,38.85,Paid,0
STA-R12486,STA-O14377,20-06-2024,32.45,Paid,32.45
STA-R9845,STA-O8493,04-02-2024,14.55,Paid,0
STA-R11810,STA-O13974,29-12-2023,20.84,Paid,0
STA-R18489,STA-O9044,23-07-2025,25.41,Paid,25.41
STA-R17980,STA-O5874,03-05-2023,8.26,Paid,0
STA-R13726,STA-O6431,28-11-2023,0,Paid,0
STA-R12077,STA-O13290,17-04-2025,39.9,Refunded,0
STA-R10175,STA-O14812,08-05-2024,46.86,Paid,46.86
STA-R17491,STA-O8042,19-10-2023,6.38,Paid,6.38
STA-R18574,STA-O11558,12-05-2024,159.92,Paid,0
STA-R12078,STA-O13952,22-08-2025,17.32,Paid,0
STA-R13578,STA-O13067,18-07-2023,12.06,Paid,12.06
STA-R10657,STA-O13368,01-10-2024,97.72,Paid,0
STA-R12099,STA-O5587,20-06-2023,29.95,Pending,0
STA-R9783,STA-O5645,03-05-2024,6.17,Refunded,0
STA-R16417,STA-O7959,15-11-2024,27.6,Paid,0
STA-R18406,STA-O11678,20-08-2023,23.9,Paid,0
STA-R16853,STA-O11835,08-01-2023,41.8,Paid,0
STA-R9755,STA-O12230,04-11-2023,14.8,Pending,0
STA-R15937,STA-O9034,03-09-2023,16.6,Paid,0
STA-R10750,STA-O5106,08-05-2024,14.54,Paid,0
STA-R11086,STA-O5437,21-08-2023,18.03,Paid,0
STA-R17770,STA-O14662,23-10-2023,6.22,Refunded,0
STA-R11702,STA-O7677,19-12-2024,76.44,Paid,0
STA-R12721,STA-O5500,02-04-2024,23.95,Refunded,0
STA-R15961,STA-O10487,26-03-2024,21.32,Paid,21.32
STA-R14968,STA-O12146,21-02-2025,64.56,Refunded,0
STA-R15665,STA-O11840,24-12-2024,118.92,Refunded,0
STA-R17599,STA-O8814,10-10-2025,22.7,Paid,0
STA-R17627,STA-O10981,22-04-2024,15.82,Pending,0
STA-R16037,STA-O8664,12-07-2023,0,Paid,0
STA-R16729,STA-O7609,02-05-2024,17.67,Paid,0
STA-R10452,STA-O9434,15-04-2023,17.64,Paid,0
STA-R9824,STA-O12051,16-03-2024,15.18,Paid,0
STA-R18023,STA-O9946,09-08-2025,15.45,Paid,0
STA-R14264,STA-O6897,17-02-2025,15.39,Paid,15.39
STA-R13308,STA-O12077,16-10-2023,12.88,Pending,0
STA-R14524,STA-O11521,17-12-2024,38.91,Paid,0
STA-R14346,STA-O10035,04-07-2024,0,Pending,0
STA-R18165,STA-O6577,13-10-2024,0,Paid,61.2
STA-R14457,STA-O8378,12-08-2025,31.24,Refunded,8.01
STA-R17473,STA-O12986,09-01-2025,18.03,Refunded,0
STA-R13993,STA-O6882,05-07-2024,10.08,Paid,0
STA-R14456,STA-O7426,09-02-2025,36.8,Paid,0
STA-R17704,STA-O11516,25-08-2023,4.23,Paid,0
STA-R15561,STA-O14755,07-01-2024,13.9,Paid,13.9
STA-R18571,STA-O13739,19-01-2023,116.16,Paid,0
STA-R16844,STA-O11570,29-07-2023,17.16,Paid,0
STA-R12581,STA-O8435,17-02-2024,26.2,Paid,0
STA-R16997,STA-O10135,13-06-2024,4.93,Paid,0
STA-R12379,STA-O5049,02-02-2024,65.64,Paid,0
STA-R9333,STA-O7557,04-03-2025,29.38,Pending,0
STA-R17943,STA-O12172,18-05-2023,28.5,Refunded,0
STA-R18336,STA-O9245,05-03-2023,19.29,Pending,0
STA-R16223,STA-O12788,10-08-2024,8.63,Paid,0
STA-R12660,STA-O13799,09-02-2024,14.28,Paid,0
STA-R11516,STA-O13171,31-05-2023,39.05,Refunded,0
STA-R15905,STA-O5986,24-02-2023,25.1,Paid,25.1
STA-R14015,STA-O5293,29-09-2024,9.52,Paid,0
STA-R12314,STA-O11267,01-11-2025,10.32,Paid,0
STA-R14350,STA-O13878,13-12-2025,43.34,Paid,0
STA-R13921,STA-O7317,01-06-2023,43.36,Paid,43.36
STA-R18196,STA-O9288,22-02-2025,28.36,Paid,0
STA-R12531,STA-O7666,06-03-2025,10.98,Paid,10.98
STA-R14647,STA-O10193,05-09-2025,19.4,Paid,0
STA-R14195,STA-O6525,15-10-2025,13.26,Paid,0
STA-R13502,STA-O14577,03-08-2023,63.48,Paid,0
STA-R16714,STA-O7540,21-06-2024,0,Paid,0
STA-R11877,STA-O14249,22-09-2025,0,Paid,0
STA-R11143,STA-O10117,25-01-2024,16.62,Paid,0
STA-R18429,STA-O13064,28-06-2023,14.14,Paid,0
STA-R15456,STA-O13626,03-12-2023,32.78,Paid,0
STA-R10814,STA-O7701,29-01-2023,12.36,Refunded,0
STA-R16133,STA-O14327,14-07-2025,0,Paid,0
STA-R10904,STA-O14768,11-05-2023,24,Pending,0
STA-R18202,STA-O10868,04-06-2024,5.34,Paid,5.34
STA-R14777,STA-O13316,11-02-2025,11.55,Refunded,0
STA-R12556,STA-O14025,15-02-2023,8.02,Paid,8.02
STA-R18527,STA-O11975,19-10-2024,5.07,Paid,5.07
STA-R11673,STA-O12368,25-08-2024,3.62,Paid,0
STA-R14092,STA-O7610,01-02-2024,8.87,Refunded,0
STA-R18363,STA-O14356,11-11-2025,13.42,Paid,4.77
STA-R15704,STA-O13315,23-11-2023,5.2,Paid,5.2
STA-R18484,STA-O8225,20-12-2024,21.2,Paid,0
STA-R11420,STA-O10125,01-07-2023,0,Paid,0
STA-R14204,STA-O13934,30-04-2024,6.66,Paid,6.66
STA-R16423,STA-O7937,15-04-2023,0,Paid,0
STA-R14023,STA-O10234,13-03-2023,95.5,Paid,0
STA-R14880,STA-O5492,06-01-2023,34.12,Paid,0
STA-R17579,STA-O14312,18-09-2024,11.33,Paid,0
STA-R16925,STA-O11879,29-08-2023,24.3,Paid,0
STA-R15079,STA-O13698,22-03-2025,13.94,Paid,0
STA-R13537,STA-O13883,11-11-2024,15.16,Paid,0
STA-R9641,STA-O13720,17-02-2023,16.76,Paid,16.76
STA-R9311,STA-O6675,26-02-2024,16.88,Refunded,0
STA-R9544,STA-O6322,19-07-2025,7.48,Paid,0
STA-R9584,STA-O12584,30-06-2023,23.08,Refunded,0
STA-R14870,STA-O13909,20-11-2025,34.55,Paid,0
STA-R17906,STA-O12914,02-05-2024,131.65,Pending,0
STA-R16705,STA-O12915,05-12-2024,87.99,Paid,0
STA-R17007,STA-O10622,28-11-2024,37.53,Paid,0
STA-R13522,STA-O10669,18-03-2025,74.24,Paid,0
STA-R15571,STA-O13142,27-10-2025,0,Paid,0
STA-R11907,STA-O9393,30-07-2023,16.2,Refunded,0
STA-R10290,STA-O9113,19-11-2025,44.2,Paid,0
STA-R12090,STA-O14335,07-03-2025,51.76,Paid,0
STA-R16006,STA-O10288,10-10-2024,71.68,Paid,0
STA-R16576,STA-O7678,04-06-2024,26.13,Paid,0
STA-R17953,STA-O11101,05-01-2023,0,Paid,0
STA-R11978,STA-O14014,13-02-2024,19.59,Paid,19.59
STA-R17223,STA-O8690,13-11-2023,79.47,Paid,79.47
STA-R14733,STA-O6295,16-12-2025,10.28,Paid,0
STA-R15163,STA-O6101,09-11-2023,15.51,Paid,0
STA-R15918,STA-O12810,03-07-2024,59.37,Paid,0
STA-R12278,STA-O10895,12-08-2025,0,Paid,0
STA-R10085,STA-O5377,11-01-2023,5.61,Paid,5.61
STA-R15969,STA-O13223,08-04-2024,122.85,Refunded,0
STA-R17113,STA-O14382,02-10-2025,18.87,Paid,0
STA-R10809,STA-O6329,05-10-2023,14.96,Paid,0
STA-R11393,STA-O7085,17-05-2024,41.35,Paid,0
STA-R18641,STA-O12849,06-04-2023,27.3,Paid,0
STA-R17170,STA-O10899,27-06-2025,97.05,Paid,0
STA-R11042,STA-O10582,15-04-2024,26.65,Refunded,0
STA-R18016,STA-O13254,23-12-2025,16.6,Paid,0
STA-R13602,STA-O14917,17-10-2023,6.19,Paid,0
STA-R15640,STA-O6193,15-05-2024,12.78,Paid,0
STA-R18609,STA-O9958,05-10-2023,20.8,Paid,0
STA-R16321,STA-O9236,29-01-2025,15.96,Paid,0
STA-R16949,STA-O7864,23-08-2025,28.4,Paid,6.82
STA-R14512,STA-O14965,28-08-2024,16.88,Refunded,0
STA-R18340,STA-O7432,29-05-2023,149.75,Paid,0
STA-R12765,STA-O14079,03-01-2025,21.72,Pending,5.66
STA-R16725,STA-O6876,30-01-2024,19.71,Refunded,0
STA-R15519,STA-O11712,12-04-2025,18.35,Paid,0
STA-R11018,STA-O13140,05-04-2025,47,Paid,0
STA-R18248,STA-O10736,13-07-2025,66.32,Paid,0
STA-R13814,STA-O13242,25-01-2025,18,Paid,18
STA-R13389,STA-O13624,22-01-2025,13.86,Paid,5.8
STA-R13551,STA-O11003,08-10-2024,10.83,Paid,0
STA-R16020,STA-O11076,23-02-2025,10.12,Pending,0
STA-R15828,STA-O7063,16-04-2024,15.75,Paid,15.75
STA-R15804,STA-O6281,28-08-2023,4.3,Refunded,0
STA-R10600,STA-O9888,22-09-2023,34.6,Paid,34.6
STA-R16415,STA-O11581,21-10-2023,4.45,Paid,0
STA-R17368,STA-O7252,08-08-2023,21.72,Paid,21.72
STA-R15075,STA-O11919,26-02-2024,6.72,Pending,0
STA-R10754,STA-O13618,19-10-2025,20.65,Paid,0
STA-R11054,STA-O7220,13-01-2025,37.55,Refunded,0
STA-R10226,STA-O11145,18-02-2023,16.84,Paid,0
STA-R16146,STA-O8521,30-06-2023,20.6,Paid,0
STA-R11963,STA-O9587,03-04-2024,17.08,Paid,0
STA-R14480,STA-O7118,12-05-2024,21.12,Paid,0
STA-R12331,STA-O9952,17-11-2023,17.17,Pending,0
STA-R12221,STA-O10615,08-04-2025,4.34,Paid,4.34
STA-R14681,STA-O5580,13-09-2024,193.95,Paid,0
STA-R14994,STA-O11355,09-06-2024,6.9,Paid,0
STA-R10243,STA-O7318,10-10-2024,27.45,Paid,0
STA-R9479,STA-O9381,25-10-2024,6.24,Paid,0
STA-R9080,STA-O6474,10-11-2024,0,Paid,9.97
STA-R10409,STA-O6617,06-04-2023,12.36,Paid,0
STA-R10655,STA-O14325,28-02-2025,0,Paid,0
STA-R18577,STA-O10301,22-03-2025,10.39,Refunded,0
STA-R11051,STA-O9051,06-12-2023,96.44,Paid,96.44
STA-R16820,STA-O14591,21-02-2023,38.2,Paid,0
STA-R12400,STA-O11905,22-12-2023,26.5,Pending,0
STA-R9127,STA-O14775,08-03-2024,51.04,Paid,51.04
STA-R16397,STA-O12570,22-03-2025,52.3,Paid,52.3
STA-R9830,STA-O9054,24-01-2023,16.72,Paid,0
STA-R11999,STA-O13337,15-10-2023,16.08,Paid,0
STA-R11048,STA-O14619,14-08-2025,23,Paid,23
STA-R16859,STA-O9353,16-07-2025,0,Paid,0
STA-R14139,STA-O7704,24-09-2024,21.87,Paid,0
STA-R12923,STA-O10617,23-05-2025,119.34,Paid,0
STA-R14571,STA-O14586,08-02-2025,169.45,Paid,169.45
STA-R10038,STA-O12226,14-08-2025,14.73,Pending,0
STA-R11632,STA-O5166,14-02-2023,23.08,Refunded,0
STA-R9470,STA-O13655,14-01-2024,35.76,Paid,0
STA-R9448,STA-O13995,07-04-2024,22.48,Paid,0
STA-R10228,STA-O10440,28-02-2025,10.5,Paid,0
STA-R13882,STA-O9167,13-08-2024,62.19,Refunded,0
STA-R17690,STA-O13475,17-05-2024,13.59,Refunded,0
STA-R17330,STA-O13327,05-05-2024,5.39,Refunded,0
STA-R13850,STA-O6090,25-09-2024,7.2,Paid,0
STA-R13041,STA-O14451,29-06-2024,17.55,Paid,0
STA-R17349,STA-O6788,02-03-2025,3.59,Refunded,0
STA-R16805,STA-O6440,09-12-2025,20.76,Paid,20.76
STA-R10239,STA-O6552,15-06-2023,23.13,Paid,0
STA-R16491,STA-O7309,18-07-2025,16.44,Paid,16.44
STA-R16266,STA-O5620,01-07-2025,16.65,Paid,0
STA-R13995,STA-O8047,11-12-2023,11.91,Paid,11.91
STA-R14947,STA-O8787,03-12-2024,15.54,Paid,0
STA-R16123,STA-O11125,01-04-2024,0,Paid,0
STA-R15889,STA-O5366,24-02-2024,37.41,Paid,0
STA-R15620,STA-O9735,12-02-2024,89.76,Paid,0
STA-R15658,STA-O8133,05-03-2023,25.28,Paid,0
STA-R10766,STA-O13151,06-05-2023,56.67,Paid,0
STA-R14393,STA-O13701,12-12-2024,71.76,Paid,0
STA-R17057,STA-O10312,24-07-2025,0,Paid,0
STA-R14127,STA-O14003,29-12-2024,14.28,Paid,0
STA-R15521,STA-O7496,11-02-2025,33.85,Paid,33.85
STA-R14872,STA-O14580,12-03-2025,0,Paid,0
STA-R15934,STA-O10594,20-09-2023,3.17,Paid,3.17
STA-R12792,STA-O7713,08-02-2023,74.19,Paid,0
STA-R9986,STA-O14630,02-11-2024,47.16,Paid,0
STA-R16981,STA-O9572,17-03-2025,7.84,Paid,0
STA-R14454,STA-O11115,02-07-2025,28.4,Paid,0
STA-R15793,STA-O13824,05-12-2025,5.86,Paid,0
STA-R17194,STA-O14898,17-04-2023,34.67,Paid,0
STA-R13896,STA-O13004,04-05-2024,29.6,Paid,0
STA-R15039,STA-O12568,07-10-2025,17.48,Paid,0
STA-R15559,STA-O11699,30-12-2025,9.92,Paid,0
STA-R12612,STA-O8653,30-06-2023,30.52,Pending,0
STA-R16453,STA-O7316,18-03-2024,24.9,Paid,0
STA-R9805,STA-O10408,07-06-2023,0,Paid,0
STA-R10748,STA-O13632,10-03-2024,5.11,Paid,5.11
STA-R14301,STA-O14156,26-06-2023,12.2,Paid,0
STA-R9076,STA-O13114,05-01-2025,7.47,Refunded,0
STA-R17864,STA-O9003,30-12-2023,20.56,Paid,0
STA-R18445,STA-O11556,23-07-2025,8.48,Refunded,0
STA-R15693,STA-O10781,29-09-2023,33.95,Paid,0
STA-R16224,STA-O7129,26-10-2025,21.71,Refunded,7.53
STA-R14704,STA-O12878,27-03-2023,5.36,Refunded,0
STA-R14452,STA-O13770,10-04-2025,7.14,Paid,0
STA-R9223,STA-O6548,03-02-2025,41.04,Paid,0
STA-R9299,STA-O7255,19-09-2024,70.05,Paid,0
STA-R16648,STA-O10541,24-03-2025,48.24,Paid,0
STA-R12698,STA-O7651,09-06-2025,48.66,Paid,48.66
STA-R9902,STA-O11797,09-11-2023,40.52,Paid,0
STA-R14738,STA-O11038,21-11-2023,6.18,Refunded,0
STA-R18354,STA-O7224,12-02-2023,105.88,Paid,0
STA-R11446,STA-O11786,05-11-2024,6.53,Paid,0
STA-R12319,STA-O14462,25-11-2025,88.25,Paid,0
STA-R15702,STA-O6996,03-12-2024,40.8,Paid,0
STA-R12685,STA-O7715,15-12-2024,9.98,Paid,0
STA-R15212,STA-O9872,28-01-2024,16.08,Paid,0
STA-R12568,STA-O6600,12-09-2024,43.75,Paid,0
STA-R16298,STA-O10434,07-04-2023,45,Refunded,0
STA-R15557,STA-O6594,26-11-2024,146.16,Paid,0
STA-R10609,STA-O12493,01-11-2025,69.75,Paid,0
STA-R15280,STA-O14135,10-12-2024,26.24,Paid,0
STA-R18330,STA-O11725,14-09-2025,18.92,Paid,0
STA-R12779,STA-O14505,25-02-2025,16,Paid,0
STA-R9450,STA-O7116,07-08-2024,8.87,Paid,0
STA-R13775,STA-O6576,24-02-2025,38.8,Paid,0
STA-R14209,STA-O9387,27-01-2023,68.5,Refunded,0
STA-R13793,STA-O13080,26-09-2024,11.73,Paid,0
STA-R17365,STA-O5172,11-04-2024,27.64,Paid,0
STA-R10708,STA-O14510,11-02-2023,25.21,Paid,0
STA-R15382,STA-O6561,13-10-2023,24.44,Paid,0
STA-R11785,STA-O8971,15-03-2023,5.53,Refunded,0
STA-R9941,STA-O14600,14-12-2024,35.76,Paid,0
STA-R9772,STA-O8468,05-09-2025,11.88,Paid,4.41
STA-R15176,STA-O10982,13-02-2024,35,Paid,0
STA-R9987,STA-O14196,11-06-2024,0,Paid,0
STA-R14590,STA-O8626,13-06-2023,18.3,Paid,18.3
STA-R9044,STA-O11904,11-01-2024,17.35,Paid,0
STA-R12700,STA-O10372,01-07-2024,117.36,Paid,0
STA-R17110,STA-O11140,12-03-2024,0,Pending,0
STA-R18480,STA-O11761,30-01-2025,15.72,Paid,0
STA-R9760,STA-O13903,22-02-2024,18.72,Paid,0
STA-R18511,STA-O6429,08-09-2025,20.68,Paid,0
STA-R13426,STA-O7229,01-01-2025,32.95,Paid,0
STA-R14159,STA-O14748,15-10-2024,12.76,Paid,0
STA-R14707,STA-O14427,20-04-2024,35.08,Refunded,0
STA-R10107,STA-O14340,25-04-2024,38.18,Paid,0
STA-R13922,STA-O10740,27-03-2023,14.2,Paid,0
STA-R17119,STA-O7428,18-08-2025,14.48,Paid,0
STA-R12079,STA-O14056,15-12-2023,33.12,Paid,0
STA-R14666,STA-O8173,08-05-2024,22.88,Paid,0
STA-R17929,STA-O9249,07-04-2025,14.37,Paid,14.37
STA-R11585,STA-O7850,31-05-2024,111.05,Pending,0
STA-R10552,STA-O7887,06-02-2025,6.45,Paid,0
STA-R18323,STA-O14862,15-07-2023,20.76,Paid,0
STA-R17577,STA-O8494,25-01-2023,8.4,Pending,0
STA-R10137,STA-O7838,20-05-2023,53.72,Paid,53.72
STA-R14154,STA-O8520,02-11-2023,43.25,Paid,0
STA-R10891,STA-O7409,21-06-2023,6.5,Paid,0
STA-R15666,STA-O14218,08-08-2023,32.45,Paid,0
STA-R12185,STA-O9749,19-09-2025,54.36,Paid,0
STA-R9385,STA-O6549,27-10-2023,9.5,Paid,0
STA-R16873,STA-O6762,15-03-2023,16.23,Pending,0
STA-R10945,STA-O12049,05-12-2025,19.56,Paid,5.83
STA-R16984,STA-O9125,24-12-2024,17.43,Refunded,0
STA-R14690,STA-O6452,16-04-2024,12.03,Paid,0
STA-R13395,STA-O11248,27-02-2024,72.48,Paid,0
STA-R10653,STA-O13340,13-08-2024,0,Paid,0
STA-R13457,STA-O5514,16-09-2024,10.44,Paid,0
STA-R15839,STA-O9545,23-05-2025,35.4,Paid,0
STA-R12274,STA-O6069,10-10-2023,10.3,Paid,10.3
STA-R10879,STA-O12317,30-06-2023,3.75,Paid,0
STA-R10450,STA-O7775,27-04-2025,14.52,Paid,0
STA-R10843,STA-O8073,30-03-2024,10.68,Refunded,0
STA-R18532,STA-O14974,12-12-2024,10.72,Paid,10.72
STA-R10263,STA-O10141,06-05-2024,15.1,Paid,1.76
STA-R9904,STA-O7853,13-01-2025,18.6,Refunded,4.44
STA-R12971,STA-O10546,22-03-2025,18.66,Paid,0
STA-R15930,STA-O11830,11-08-2024,7.56,Paid,0
STA-R11338,STA-O12365,12-04-2025,18.18,Paid,0
STA-R14938,STA-O6032,02-11-2024,32.9,Paid,0
STA-R18329,STA-O10821,18-10-2023,20.55,Refunded,0
STA-R14949,STA-O7114,24-01-2025,11.52,Pending,0
STA-R13735,STA-O14640,04-02-2024,34.52,Paid,0
STA-R13885,STA-O10005,19-12-2024,26.25,Refunded,0
STA-R14005,STA-O13206,23-03-2023,82.3,Paid,0
STA-R9570,STA-O11910,22-12-2024,32.92,Paid,0
STA-R17288,STA-O8536,20-10-2025,35.89,Pending,0
STA-R17778,STA-O14593,03-01-2023,18.75,Paid,0
STA-R15122,STA-O14066,13-02-2023,140.92,Paid,0
STA-R13802,STA-O10109,04-03-2023,35.42,Paid,0
STA-R10581,STA-O9500,12-10-2024,27.76,Paid,0
STA-R13399,STA-O6465,04-01-2025,22.04,Paid,22.04
STA-R17320,STA-O8038,01-10-2023,11.08,Pending,0
STA-R10777,STA-O12093,27-09-2025,6.29,Paid,6.29
STA-R15132,STA-O5149,31-07-2025,106.5,Paid,0
STA-R12802,STA-O12167,02-08-2025,68.2,Paid,0
STA-R16099,STA-O10467,08-09-2024,23.07,Paid,0
STA-R11617,STA-O10134,16-11-2023,27,Paid,0
STA-R17065,STA-O9271,18-04-2024,35.88,Paid,0
STA-R12771,STA-O6227,30-06-2025,12.88,Paid,0
STA-R14756,STA-O10979,19-01-2025,23.52,Paid,0
STA-R13350,STA-O12995,13-02-2023,17.44,Paid,0
STA-R11914,STA-O14527,04-11-2024,28.8,Paid,0
STA-R17913,STA-O13809,03-09-2024,8.85,Paid,0
STA-R10658,STA-O12440,02-06-2025,0,Paid,16.72
